config,model,calibration,repeat,fold,n_train,n_test,n_features,inner_best_score,screening_threshold,fit_seconds,param_clf__C,param_clf__class_weight,param_clf__max_depth,param_clf__max_features,param_clf__min_samples_leaf,param_clf__gamma,param_clf__colsample_bytree,param_clf__learning_rate,param_clf__reg_lambda,param_clf__subsample
leaky_model,dummy,none,0,0,160,40,28,,0.6333333333333333,0.123,,,,,,,,,,
leaky_model,dummy,none,0,1,160,40,28,,0.6333333333333333,0.062,,,,,,,,,,
leaky_model,dummy,none,0,2,160,40,28,,0.6333333333333333,0.061,,,,,,,,,,
leaky_model,dummy,none,0,3,160,40,28,,0.6416666666666667,0.064,,,,,,,,,,
leaky_model,dummy,none,0,4,160,40,28,,0.6416666666666667,0.07,,,,,,,,,,
leaky_model,dummy,none,1,0,160,40,28,,0.6333333333333333,0.114,,,,,,,,,,
leaky_model,dummy,none,1,1,160,40,28,,0.6333333333333333,0.064,,,,,,,,,,
leaky_model,dummy,none,1,2,160,40,28,,0.6333333333333333,0.059,,,,,,,,,,
leaky_model,dummy,none,1,3,160,40,28,,0.6416666666666667,0.059,,,,,,,,,,
leaky_model,dummy,none,1,4,160,40,28,,0.6416666666666667,0.06,,,,,,,,,,
leaky_model,dummy,none,2,0,160,40,28,,0.6333333333333333,0.108,,,,,,,,,,
leaky_model,dummy,none,2,1,160,40,28,,0.6333333333333333,0.06,,,,,,,,,,
leaky_model,dummy,none,2,2,160,40,28,,0.6333333333333333,0.063,,,,,,,,,,
leaky_model,dummy,none,2,3,160,40,28,,0.6416666666666667,0.067,,,,,,,,,,
leaky_model,dummy,none,2,4,160,40,28,,0.6416666666666667,0.076,,,,,,,,,,
leaky_model,dummy,none,3,0,160,40,28,,0.6333333333333333,0.111,,,,,,,,,,
leaky_model,dummy,none,3,1,160,40,28,,0.6333333333333333,0.069,,,,,,,,,,
leaky_model,dummy,none,3,2,160,40,28,,0.6333333333333333,0.066,,,,,,,,,,
leaky_model,dummy,none,3,3,160,40,28,,0.6416666666666667,0.063,,,,,,,,,,
leaky_model,dummy,none,3,4,160,40,28,,0.6416666666666667,0.066,,,,,,,,,,
leaky_model,dummy,none,4,0,160,40,28,,0.6333333333333333,0.111,,,,,,,,,,
leaky_model,dummy,none,4,1,160,40,28,,0.6333333333333333,0.068,,,,,,,,,,
leaky_model,dummy,none,4,2,160,40,28,,0.6333333333333333,0.071,,,,,,,,,,
leaky_model,dummy,none,4,3,160,40,28,,0.6416666666666667,0.065,,,,,,,,,,
leaky_model,dummy,none,4,4,160,40,28,,0.6416666666666667,0.061,,,,,,,,,,
leaky_model,dummy,sigmoid,0,0,160,40,28,,0.6313797313556672,0.495,,,,,,,,,,
leaky_model,dummy,sigmoid,0,1,160,40,28,,0.6313797313556672,0.41,,,,,,,,,,
leaky_model,dummy,sigmoid,0,2,160,40,28,,0.6313797313556673,0.407,,,,,,,,,,
leaky_model,dummy,sigmoid,0,3,160,40,28,,0.6395701520450653,0.402,,,,,,,,,,
leaky_model,dummy,sigmoid,0,4,160,40,28,,0.6395701520450653,0.4,,,,,,,,,,
leaky_model,dummy,sigmoid,1,0,160,40,28,,0.6313797313556672,0.485,,,,,,,,,,
leaky_model,dummy,sigmoid,1,1,160,40,28,,0.6313797313556672,0.402,,,,,,,,,,
leaky_model,dummy,sigmoid,1,2,160,40,28,,0.6313797313556672,0.398,,,,,,,,,,
leaky_model,dummy,sigmoid,1,3,160,40,28,,0.6395701520450654,0.405,,,,,,,,,,
leaky_model,dummy,sigmoid,1,4,160,40,28,,0.6395701520450654,0.396,,,,,,,,,,
leaky_model,dummy,sigmoid,2,0,160,40,28,,0.6313797313556672,0.505,,,,,,,,,,
leaky_model,dummy,sigmoid,2,1,160,40,28,,0.6313797313556672,0.439,,,,,,,,,,
leaky_model,dummy,sigmoid,2,2,160,40,28,,0.6313797313556672,0.447,,,,,,,,,,
leaky_model,dummy,sigmoid,2,3,160,40,28,,0.6395701520450654,0.473,,,,,,,,,,
leaky_model,dummy,sigmoid,2,4,160,40,28,,0.6395701520450654,0.446,,,,,,,,,,
leaky_model,dummy,sigmoid,3,0,160,40,28,,0.6313797313556672,0.518,,,,,,,,,,
leaky_model,dummy,sigmoid,3,1,160,40,28,,0.6313797313556673,0.446,,,,,,,,,,
leaky_model,dummy,sigmoid,3,2,160,40,28,,0.6313797313556673,0.45,,,,,,,,,,
leaky_model,dummy,sigmoid,3,3,160,40,28,,0.6395701520450654,0.489,,,,,,,,,,
leaky_model,dummy,sigmoid,3,4,160,40,28,,0.6395701520450653,0.451,,,,,,,,,,
leaky_model,dummy,sigmoid,4,0,160,40,28,,0.6313797313556672,0.492,,,,,,,,,,
leaky_model,dummy,sigmoid,4,1,160,40,28,,0.6313797313556672,0.424,,,,,,,,,,
leaky_model,dummy,sigmoid,4,2,160,40,28,,0.6313797313556672,0.555,,,,,,,,,,
leaky_model,dummy,sigmoid,4,3,160,40,28,,0.6395701520450654,0.438,,,,,,,,,,
leaky_model,dummy,sigmoid,4,4,160,40,28,,0.6395701520450653,0.443,,,,,,,,,,
leaky_model,dummy,isotonic,0,0,160,40,28,,0.6333333333333333,0.502,,,,,,,,,,
leaky_model,dummy,isotonic,0,1,160,40,28,,0.6333333333333333,0.414,,,,,,,,,,
leaky_model,dummy,isotonic,0,2,160,40,28,,0.6333333333333333,0.434,,,,,,,,,,
leaky_model,dummy,isotonic,0,3,160,40,28,,0.6416666666666666,0.443,,,,,,,,,,
leaky_model,dummy,isotonic,0,4,160,40,28,,0.6416666666666666,0.498,,,,,,,,,,
leaky_model,dummy,isotonic,1,0,160,40,28,,0.6333333333333333,0.467,,,,,,,,,,
leaky_model,dummy,isotonic,1,1,160,40,28,,0.6333333333333333,0.396,,,,,,,,,,
leaky_model,dummy,isotonic,1,2,160,40,28,,0.6333333333333333,0.397,,,,,,,,,,
leaky_model,dummy,isotonic,1,3,160,40,28,,0.6416666666666666,0.39,,,,,,,,,,
leaky_model,dummy,isotonic,1,4,160,40,28,,0.6416666666666666,0.392,,,,,,,,,,
leaky_model,dummy,isotonic,2,0,160,40,28,,0.6333333333333333,0.447,,,,,,,,,,
leaky_model,dummy,isotonic,2,1,160,40,28,,0.6333333333333333,0.425,,,,,,,,,,
leaky_model,dummy,isotonic,2,2,160,40,28,,0.6333333333333333,0.422,,,,,,,,,,
leaky_model,dummy,isotonic,2,3,160,40,28,,0.6416666666666666,0.489,,,,,,,,,,
leaky_model,dummy,isotonic,2,4,160,40,28,,0.6416666666666666,0.426,,,,,,,,,,
leaky_model,dummy,isotonic,3,0,160,40,28,,0.6333333333333333,0.401,,,,,,,,,,
leaky_model,dummy,isotonic,3,1,160,40,28,,0.6333333333333333,0.396,,,,,,,,,,
leaky_model,dummy,isotonic,3,2,160,40,28,,0.6333333333333333,0.392,,,,,,,,,,
leaky_model,dummy,isotonic,3,3,160,40,28,,0.6416666666666666,0.399,,,,,,,,,,
leaky_model,dummy,isotonic,3,4,160,40,28,,0.6416666666666666,0.388,,,,,,,,,,
leaky_model,dummy,isotonic,4,0,160,40,28,,0.6333333333333333,0.473,,,,,,,,,,
leaky_model,dummy,isotonic,4,1,160,40,28,,0.6333333333333333,0.519,,,,,,,,,,
leaky_model,dummy,isotonic,4,2,160,40,28,,0.6333333333333333,0.43,,,,,,,,,,
leaky_model,dummy,isotonic,4,3,160,40,28,,0.6416666666666666,0.435,,,,,,,,,,
leaky_model,dummy,isotonic,4,4,160,40,28,,0.6416666666666666,0.432,,,,,,,,,,
leaky_model,logreg,none,0,0,160,40,28,1.0,0.5442368064628804,1.136,0.01,None,,,,,,,,
leaky_model,logreg,none,0,1,160,40,28,1.0,0.591570848697455,1.115,0.03,None,,,,,,,,
leaky_model,logreg,none,0,2,160,40,28,1.0,0.5218758859501359,1.065,0.01,None,,,,,,,,
leaky_model,logreg,none,0,3,160,40,28,1.0,0.5022353791121492,1.16,0.01,None,,,,,,,,
leaky_model,logreg,none,0,4,160,40,28,1.0,0.5359105609864091,1.121,0.01,None,,,,,,,,
leaky_model,logreg,none,1,0,160,40,28,1.0,0.5336899795315462,1.227,0.01,None,,,,,,,,
leaky_model,logreg,none,1,1,160,40,28,1.0,0.5380654288281171,1.106,0.01,None,,,,,,,,
leaky_model,logreg,none,1,2,160,40,28,1.0,0.5289750663022347,1.093,0.01,None,,,,,,,,
leaky_model,logreg,none,1,3,160,40,28,1.0,0.5339283085040374,1.163,0.01,None,,,,,,,,
leaky_model,logreg,none,1,4,160,40,28,1.0,0.51446616748449,1.114,0.01,None,,,,,,,,
leaky_model,logreg,none,2,0,160,40,28,1.0,0.5122505664402456,0.992,0.01,None,,,,,,,,
leaky_model,logreg,none,2,1,160,40,28,1.0,0.5097745395661518,1.001,0.01,None,,,,,,,,
leaky_model,logreg,none,2,2,160,40,28,1.0,0.5350770012145725,1.024,0.01,None,,,,,,,,
leaky_model,logreg,none,2,3,160,40,28,1.0,0.6008179004573457,1.004,0.03,None,,,,,,,,
leaky_model,logreg,none,2,4,160,40,28,1.0,0.5302571423903663,1.028,0.01,None,,,,,,,,
leaky_model,logreg,none,3,0,160,40,28,1.0,0.5398125985519274,0.993,0.01,None,,,,,,,,
leaky_model,logreg,none,3,1,160,40,28,1.0,0.6262123345765473,0.987,0.03,None,,,,,,,,
leaky_model,logreg,none,3,2,160,40,28,1.0,0.5166865561949945,1.02,0.01,None,,,,,,,,
leaky_model,logreg,none,3,3,160,40,28,0.9993131868131868,0.6812065717680543,1.025,0.1,balanced,,,,,,,,
leaky_model,logreg,none,3,4,160,40,28,1.0,0.5248035939825262,1.034,0.01,None,,,,,,,,
leaky_model,logreg,none,4,0,160,40,28,1.0,0.539034458801456,0.999,0.01,None,,,,,,,,
leaky_model,logreg,none,4,1,160,40,28,1.0,0.5384659520103996,0.99,0.01,None,,,,,,,,
leaky_model,logreg,none,4,2,160,40,28,1.0,0.5119445292745056,0.991,0.01,None,,,,,,,,
leaky_model,logreg,none,4,3,160,40,28,1.0,0.505339392070006,1.004,0.01,None,,,,,,,,
leaky_model,logreg,none,4,4,160,40,28,1.0,0.5362509334911277,1.044,0.01,None,,,,,,,,
leaky_model,logreg,sigmoid,0,0,160,40,28,1.0,0.8160925698349446,1.594,0.01,None,,,,,,,,
leaky_model,logreg,sigmoid,0,1,160,40,28,1.0,0.8120816061355156,1.603,0.03,None,,,,,,,,
leaky_model,logreg,sigmoid,0,2,160,40,28,1.0,0.7924231306536202,1.581,0.01,None,,,,,,,,
leaky_model,logreg,sigmoid,0,3,160,40,28,1.0,0.766899198051008,1.533,0.01,None,,,,,,,,
leaky_model,logreg,sigmoid,0,4,160,40,28,1.0,0.8058924479910368,1.644,0.01,None,,,,,,,,
leaky_model,logreg,sigmoid,1,0,160,40,28,1.0,0.8024616213382747,1.4,0.01,None,,,,,,,,
leaky_model,logreg,sigmoid,1,1,160,40,28,1.0,0.8016628933997688,1.432,0.01,None,,,,,,,,
leaky_model,logreg,sigmoid,1,2,160,40,28,1.0,0.7893536248697821,1.425,0.01,None,,,,,,,,
leaky_model,logreg,sigmoid,1,3,160,40,28,1.0,0.8114228945745833,1.462,0.01,None,,,,,,,,
leaky_model,logreg,sigmoid,1,4,160,40,28,1.0,0.7868660885257419,1.409,0.01,None,,,,,,,,
leaky_model,logreg,sigmoid,2,0,160,40,28,1.0,0.7806259533864528,1.546,0.01,None,,,,,,,,
leaky_model,logreg,sigmoid,2,1,160,40,28,1.0,0.7633671353411918,1.594,0.01,None,,,,,,,,
leaky_model,logreg,sigmoid,2,2,160,40,28,1.0,0.8004841556258439,1.597,0.01,None,,,,,,,,
leaky_model,logreg,sigmoid,2,3,160,40,28,1.0,0.8161475745539309,1.542,0.03,None,,,,,,,,
leaky_model,logreg,sigmoid,2,4,160,40,28,1.0,0.8108593269918015,1.553,0.01,None,,,,,,,,
leaky_model,logreg,sigmoid,3,0,160,40,28,1.0,0.8138362662118505,1.509,0.01,None,,,,,,,,
leaky_model,logreg,sigmoid,3,1,160,40,28,1.0,0.8276126044449341,1.567,0.03,None,,,,,,,,
leaky_model,logreg,sigmoid,3,2,160,40,28,1.0,0.776432583229252,1.576,0.01,None,,,,,,,,
leaky_model,logreg,sigmoid,3,3,160,40,28,0.9993131868131868,0.827704928947461,1.622,0.1,balanced,,,,,,,,
leaky_model,logreg,sigmoid,3,4,160,40,28,1.0,0.8017839824538192,1.616,0.01,None,,,,,,,,
leaky_model,logreg,sigmoid,4,0,160,40,28,1.0,0.8067759260108485,1.532,0.01,None,,,,,,,,
leaky_model,logreg,sigmoid,4,1,160,40,28,1.0,0.8092847837619616,1.555,0.01,None,,,,,,,,
leaky_model,logreg,sigmoid,4,2,160,40,28,1.0,0.7845354569528022,1.59,0.01,None,,,,,,,,
leaky_model,logreg,sigmoid,4,3,160,40,28,1.0,0.7558602005889792,1.579,0.01,None,,,,,,,,
leaky_model,logreg,sigmoid,4,4,160,40,28,1.0,0.8058033048512299,1.584,0.01,None,,,,,,,,
leaky_model,logreg,isotonic,0,0,160,40,28,1.0,1.0,1.549,0.01,None,,,,,,,,
leaky_model,logreg,isotonic,0,1,160,40,28,1.0,1.0,1.586,0.03,None,,,,,,,,
leaky_model,logreg,isotonic,0,2,160,40,28,1.0,0.954141515192454,1.537,0.01,None,,,,,,,,
leaky_model,logreg,isotonic,0,3,160,40,28,1.0,1.0,1.558,0.01,None,,,,,,,,
leaky_model,logreg,isotonic,0,4,160,40,28,1.0,0.9875425221719145,1.622,0.01,None,,,,,,,,
leaky_model,logreg,isotonic,1,0,160,40,28,1.0,0.9809847561550605,1.554,0.01,None,,,,,,,,
leaky_model,logreg,isotonic,1,1,160,40,28,1.0,1.0,1.583,0.01,None,,,,,,,,
leaky_model,logreg,isotonic,1,2,160,40,28,1.0,1.0,1.568,0.01,None,,,,,,,,
leaky_model,logreg,isotonic,1,3,160,40,28,1.0,1.0,1.562,0.01,None,,,,,,,,
leaky_model,logreg,isotonic,1,4,160,40,28,1.0,0.9767389170409584,1.542,0.01,None,,,,,,,,
leaky_model,logreg,isotonic,2,0,160,40,28,1.0,1.0,1.536,0.01,None,,,,,,,,
leaky_model,logreg,isotonic,2,1,160,40,28,1.0,1.0,1.576,0.01,None,,,,,,,,
leaky_model,logreg,isotonic,2,2,160,40,28,1.0,0.998034732087492,1.563,0.01,None,,,,,,,,
leaky_model,logreg,isotonic,2,3,160,40,28,1.0,0.9767057687950083,1.486,0.03,None,,,,,,,,
leaky_model,logreg,isotonic,2,4,160,40,28,1.0,1.0,1.534,0.01,None,,,,,,,,
leaky_model,logreg,isotonic,3,0,160,40,28,1.0,1.0,1.591,0.01,None,,,,,,,,
leaky_model,logreg,isotonic,3,1,160,40,28,1.0,0.9631261499351317,1.589,0.03,None,,,,,,,,
leaky_model,logreg,isotonic,3,2,160,40,28,1.0,0.9979440937740152,1.536,0.01,None,,,,,,,,
leaky_model,logreg,isotonic,3,3,160,40,28,0.9993131868131868,0.9985098569236445,1.505,0.1,balanced,,,,,,,,
leaky_model,logreg,isotonic,3,4,160,40,28,1.0,0.9961296106107587,1.531,0.01,None,,,,,,,,
leaky_model,logreg,isotonic,4,0,160,40,28,1.0,0.9780830394948988,1.384,0.01,None,,,,,,,,
leaky_model,logreg,isotonic,4,1,160,40,28,1.0,0.9913571022419163,1.394,0.01,None,,,,,,,,
leaky_model,logreg,isotonic,4,2,160,40,28,1.0,1.0,1.374,0.01,None,,,,,,,,
leaky_model,logreg,isotonic,4,3,160,40,28,1.0,1.0,1.354,0.01,None,,,,,,,,
leaky_model,logreg,isotonic,4,4,160,40,28,1.0,0.9796173305539525,1.42,0.01,None,,,,,,,,
leaky_model,random_forest,none,0,0,160,40,28,1.0,0.873967626162523,23.293,,None,3,sqrt,1,,,,,
leaky_model,random_forest,none,0,1,160,40,28,1.0,0.8616897546763488,24.435,,None,3,sqrt,1,,,,,
leaky_model,random_forest,none,0,2,160,40,28,1.0,0.8602006799152546,23.843,,None,3,sqrt,1,,,,,
leaky_model,random_forest,none,0,3,160,40,28,1.0,0.8482122704325303,24.103,,None,3,sqrt,1,,,,,
leaky_model,random_forest,none,0,4,160,40,28,1.0,0.8665889628837871,24.063,,None,3,sqrt,1,,,,,
leaky_model,random_forest,none,1,0,160,40,28,1.0,0.8596902945528765,22.44,,None,3,sqrt,1,,,,,
leaky_model,random_forest,none,1,1,160,40,28,1.0,0.8606152412952647,22.437,,None,3,sqrt,1,,,,,
leaky_model,random_forest,none,1,2,160,40,28,1.0,0.8688719950441863,22.203,,None,3,sqrt,1,,,,,
leaky_model,random_forest,none,1,3,160,40,28,1.0,0.872626886520822,22.132,,None,3,sqrt,1,,,,,
leaky_model,random_forest,none,1,4,160,40,28,1.0,0.8444216242344211,24.072,,None,3,sqrt,1,,,,,
leaky_model,random_forest,none,2,0,160,40,28,1.0,0.8752692884816321,24.066,,None,3,sqrt,1,,,,,
leaky_model,random_forest,none,2,1,160,40,28,1.0,0.8664574446992405,22.766,,None,3,sqrt,1,,,,,
leaky_model,random_forest,none,2,2,160,40,28,1.0,0.8753414023124805,22.149,,None,3,sqrt,1,,,,,
leaky_model,random_forest,none,2,3,160,40,28,1.0,0.8453268581878585,23.168,,None,3,sqrt,1,,,,,
leaky_model,random_forest,none,2,4,160,40,28,1.0,0.8293319168024541,22.168,,None,3,sqrt,1,,,,,
leaky_model,random_forest,none,3,0,160,40,28,1.0,0.8395718084586231,24.347,,None,3,sqrt,1,,,,,
leaky_model,random_forest,none,3,1,160,40,28,1.0,0.8638182222712135,24.301,,None,3,sqrt,1,,,,,
leaky_model,random_forest,none,3,2,160,40,28,1.0,0.8451211819227592,23.861,,None,3,sqrt,1,,,,,
leaky_model,random_forest,none,3,3,160,40,28,1.0,0.8462710121728793,24.199,,None,3,sqrt,1,,,,,
leaky_model,random_forest,none,3,4,160,40,28,1.0,0.8496847153440178,22.036,,None,3,sqrt,1,,,,,
leaky_model,random_forest,none,4,0,160,40,28,1.0,0.855817423275626,22.369,,None,3,sqrt,1,,,,,
leaky_model,random_forest,none,4,1,160,40,28,1.0,0.8401071662494162,22.427,,None,3,sqrt,1,,,,,
leaky_model,random_forest,none,4,2,160,40,28,1.0,0.8385762537340494,22.043,,None,3,sqrt,1,,,,,
leaky_model,random_forest,none,4,3,160,40,28,1.0,0.8682703775820854,22.195,,None,3,sqrt,1,,,,,
leaky_model,random_forest,none,4,4,160,40,28,1.0,0.855424765736989,23.527,,None,3,sqrt,1,,,,,
leaky_model,random_forest,sigmoid,0,0,160,40,28,1.0,0.9239837038526905,35.551,,None,3,sqrt,1,,,,,
leaky_model,random_forest,sigmoid,0,1,160,40,28,1.0,0.9096856521704263,35.407,,None,3,sqrt,1,,,,,
leaky_model,random_forest,sigmoid,0,2,160,40,28,1.0,0.9032847534967149,35.332,,None,3,sqrt,1,,,,,
leaky_model,random_forest,sigmoid,0,3,160,40,28,1.0,0.9145030058148031,35.911,,None,3,sqrt,1,,,,,
leaky_model,random_forest,sigmoid,0,4,160,40,28,1.0,0.9132097950702086,32.699,,None,3,sqrt,1,,,,,
leaky_model,random_forest,sigmoid,1,0,160,40,28,1.0,0.9167344313363598,33.247,,None,3,sqrt,1,,,,,
leaky_model,random_forest,sigmoid,1,1,160,40,28,1.0,0.9176908502987732,32.762,,None,3,sqrt,1,,,,,
leaky_model,random_forest,sigmoid,1,2,160,40,28,1.0,0.9077822432575797,35.088,,None,3,sqrt,1,,,,,
leaky_model,random_forest,sigmoid,1,3,160,40,28,1.0,0.921760592477359,35.342,,None,3,sqrt,1,,,,,
leaky_model,random_forest,sigmoid,1,4,160,40,28,1.0,0.911717771292755,35.708,,None,3,sqrt,1,,,,,
leaky_model,random_forest,sigmoid,2,0,160,40,28,1.0,0.9182470329586253,33.136,,None,3,sqrt,1,,,,,
leaky_model,random_forest,sigmoid,2,1,160,40,28,1.0,0.9206301225661058,34.841,,None,3,sqrt,1,,,,,
leaky_model,random_forest,sigmoid,2,2,160,40,28,1.0,0.9251201869206287,33.613,,None,3,sqrt,1,,,,,
leaky_model,random_forest,sigmoid,2,3,160,40,28,1.0,0.9093365416480336,35.732,,None,3,sqrt,1,,,,,
leaky_model,random_forest,sigmoid,2,4,160,40,28,1.0,0.898918357335849,35.498,,None,3,sqrt,1,,,,,
leaky_model,random_forest,sigmoid,3,0,160,40,28,1.0,0.9052557890329114,35.397,,None,3,sqrt,1,,,,,
leaky_model,random_forest,sigmoid,3,1,160,40,28,1.0,0.9057940490460523,35.344,,None,3,sqrt,1,,,,,
leaky_model,random_forest,sigmoid,3,2,160,40,28,1.0,0.9109082332262288,35.277,,None,3,sqrt,1,,,,,
leaky_model,random_forest,sigmoid,3,3,160,40,28,1.0,0.9060069350749729,35.533,,None,3,sqrt,1,,,,,
leaky_model,random_forest,sigmoid,3,4,160,40,28,1.0,0.9061572245335408,35.536,,None,3,sqrt,1,,,,,
leaky_model,random_forest,sigmoid,4,0,160,40,28,1.0,0.9192142191041826,35.689,,None,3,sqrt,1,,,,,
leaky_model,random_forest,sigmoid,4,1,160,40,28,1.0,0.8984515661398607,34.991,,None,3,sqrt,1,,,,,
leaky_model,random_forest,sigmoid,4,2,160,40,28,1.0,0.9035110412174113,32.653,,None,3,sqrt,1,,,,,
leaky_model,random_forest,sigmoid,4,3,160,40,28,1.0,0.9136850852693525,32.53,,None,3,sqrt,1,,,,,
leaky_model,random_forest,sigmoid,4,4,160,40,28,1.0,0.9145780847284641,34.839,,None,3,sqrt,1,,,,,
leaky_model,random_forest,isotonic,0,0,160,40,28,1.0,0.996838087104087,35.865,,None,3,sqrt,1,,,,,
leaky_model,random_forest,isotonic,0,1,160,40,28,1.0,1.0,35.25,,None,3,sqrt,1,,,,,
leaky_model,random_forest,isotonic,0,2,160,40,28,1.0,0.9990552101815919,34.488,,None,3,sqrt,1,,,,,
leaky_model,random_forest,isotonic,0,3,160,40,28,1.0,0.9942009628304018,36.261,,None,3,sqrt,1,,,,,
leaky_model,random_forest,isotonic,0,4,160,40,28,1.0,0.9920545201427847,35.852,,None,3,sqrt,1,,,,,
leaky_model,random_forest,isotonic,1,0,160,40,28,1.0,0.9972971358226823,35.617,,None,3,sqrt,1,,,,,
leaky_model,random_forest,isotonic,1,1,160,40,28,1.0,0.9952467347053866,35.123,,None,3,sqrt,1,,,,,
leaky_model,random_forest,isotonic,1,2,160,40,28,1.0,0.9888232544525108,34.492,,None,3,sqrt,1,,,,,
leaky_model,random_forest,isotonic,1,3,160,40,28,1.0,1.0,32.272,,None,3,sqrt,1,,,,,
leaky_model,random_forest,isotonic,1,4,160,40,28,1.0,0.963308319035282,32.375,,None,3,sqrt,1,,,,,
leaky_model,random_forest,isotonic,2,0,160,40,28,1.0,0.9824675141073285,35.517,,None,3,sqrt,1,,,,,
leaky_model,random_forest,isotonic,2,1,160,40,28,1.0,1.0,34.289,,None,3,sqrt,1,,,,,
leaky_model,random_forest,isotonic,2,2,160,40,28,1.0,1.0,33.495,,None,3,sqrt,1,,,,,
leaky_model,random_forest,isotonic,2,3,160,40,28,1.0,0.9904342815880743,36.538,,None,3,sqrt,1,,,,,
leaky_model,random_forest,isotonic,2,4,160,40,28,1.0,1.0,33.359,,None,3,sqrt,1,,,,,
leaky_model,random_forest,isotonic,3,0,160,40,28,1.0,0.9908013697513254,36.045,,None,3,sqrt,1,,,,,
leaky_model,random_forest,isotonic,3,1,160,40,28,1.0,0.9866648370512493,35.168,,None,3,sqrt,1,,,,,
leaky_model,random_forest,isotonic,3,2,160,40,28,1.0,0.9907070834414828,33.675,,None,3,sqrt,1,,,,,
leaky_model,random_forest,isotonic,3,3,160,40,28,1.0,0.976071211796979,35.652,,None,3,sqrt,1,,,,,
leaky_model,random_forest,isotonic,3,4,160,40,28,1.0,1.0,33.324,,None,3,sqrt,1,,,,,
leaky_model,random_forest,isotonic,4,0,160,40,28,1.0,0.9835012477010886,32.401,,None,3,sqrt,1,,,,,
leaky_model,random_forest,isotonic,4,1,160,40,28,1.0,0.9904711021764341,32.908,,None,3,sqrt,1,,,,,
leaky_model,random_forest,isotonic,4,2,160,40,28,1.0,1.0,33.809,,None,3,sqrt,1,,,,,
leaky_model,random_forest,isotonic,4,3,160,40,28,1.0,1.0,36.674,,None,3,sqrt,1,,,,,
leaky_model,random_forest,isotonic,4,4,160,40,28,1.0,1.0,37.2,,None,3,sqrt,1,,,,,
leaky_model,svm,none,0,0,160,40,28,1.0,0.9727221654999799,1.291,0.1,None,,,,scale,,,,
leaky_model,svm,none,0,1,160,40,28,1.0,0.9699216356188858,1.314,0.1,None,,,,scale,,,,
leaky_model,svm,none,0,2,160,40,28,1.0,0.9634539599266836,1.298,0.1,None,,,,scale,,,,
leaky_model,svm,none,0,3,160,40,28,1.0,0.9502014142734169,1.278,0.1,None,,,,scale,,,,
leaky_model,svm,none,0,4,160,40,28,1.0,0.9655528956438447,1.276,0.1,None,,,,scale,,,,
leaky_model,svm,none,1,0,160,40,28,1.0,0.966549863452565,1.175,0.1,None,,,,scale,,,,
leaky_model,svm,none,1,1,160,40,28,1.0,0.9692715013529044,1.162,0.1,None,,,,scale,,,,
leaky_model,svm,none,1,2,160,40,28,1.0,0.9624592174711657,1.167,0.1,None,,,,scale,,,,
leaky_model,svm,none,1,3,160,40,28,1.0,0.9605193770732731,1.176,0.1,None,,,,scale,,,,
leaky_model,svm,none,1,4,160,40,28,1.0,0.9512399518368321,1.175,0.1,None,,,,scale,,,,
leaky_model,svm,none,2,0,160,40,28,1.0,0.9503395592426535,1.276,0.1,None,,,,scale,,,,
leaky_model,svm,none,2,1,160,40,28,1.0,0.9641550880702956,1.301,0.1,None,,,,scale,,,,
leaky_model,svm,none,2,2,160,40,28,1.0,0.9628904911371698,1.324,0.1,None,,,,scale,,,,
leaky_model,svm,none,2,3,160,40,28,1.0,0.9644333963417663,1.3,0.1,None,,,,scale,,,,
leaky_model,svm,none,2,4,160,40,28,1.0,0.9775638341548654,1.281,0.1,None,,,,scale,,,,
leaky_model,svm,none,3,0,160,40,28,1.0,0.9690432159756625,1.176,0.1,None,,,,scale,,,,
leaky_model,svm,none,3,1,160,40,28,1.0,0.9567796958721626,1.166,0.1,None,,,,scale,,,,
leaky_model,svm,none,3,2,160,40,28,1.0,0.9552347010805389,1.185,0.1,None,,,,scale,,,,
leaky_model,svm,none,3,3,160,40,28,1.0,0.9689730139654689,1.184,0.1,None,,,,scale,,,,
leaky_model,svm,none,3,4,160,40,28,1.0,0.959551201060488,1.172,0.1,None,,,,scale,,,,
leaky_model,svm,none,4,0,160,40,28,1.0,0.960477803712007,1.257,0.1,None,,,,scale,,,,
leaky_model,svm,none,4,1,160,40,28,1.0,0.9651585441856246,1.241,0.1,None,,,,scale,,,,
leaky_model,svm,none,4,2,160,40,28,1.0,0.9587229933364878,1.266,0.1,None,,,,scale,,,,
leaky_model,svm,none,4,3,160,40,28,1.0,0.9587318579822781,1.266,0.1,None,,,,scale,,,,
leaky_model,svm,none,4,4,160,40,28,1.0,0.9702150641525752,1.206,0.1,None,,,,scale,,,,
leaky_model,svm,sigmoid,0,0,160,40,28,1.0,0.9060295051352258,1.642,0.1,None,,,,scale,,,,
leaky_model,svm,sigmoid,0,1,160,40,28,1.0,0.8958569716129359,1.631,0.1,None,,,,scale,,,,
leaky_model,svm,sigmoid,0,2,160,40,28,1.0,0.8893529402786975,1.629,0.1,None,,,,scale,,,,
leaky_model,svm,sigmoid,0,3,160,40,28,1.0,0.8676589153823355,1.613,0.1,None,,,,scale,,,,
leaky_model,svm,sigmoid,0,4,160,40,28,1.0,0.898705058328445,1.686,0.1,None,,,,scale,,,,
leaky_model,svm,sigmoid,1,0,160,40,28,1.0,0.8896015679095067,1.808,0.1,None,,,,scale,,,,
leaky_model,svm,sigmoid,1,1,160,40,28,1.0,0.8975188117021805,1.856,0.1,None,,,,scale,,,,
leaky_model,svm,sigmoid,1,2,160,40,28,1.0,0.8853841506757136,1.826,0.1,None,,,,scale,,,,
leaky_model,svm,sigmoid,1,3,160,40,28,1.0,0.899685341643286,1.837,0.1,None,,,,scale,,,,
leaky_model,svm,sigmoid,1,4,160,40,28,1.0,0.8729798946288925,1.795,0.1,None,,,,scale,,,,
leaky_model,svm,sigmoid,2,0,160,40,28,1.0,0.8765632015906004,1.641,0.1,None,,,,scale,,,,
leaky_model,svm,sigmoid,2,1,160,40,28,1.0,0.8943706525179401,1.635,0.1,None,,,,scale,,,,
leaky_model,svm,sigmoid,2,2,160,40,28,1.0,0.8840095447015589,1.616,0.1,None,,,,scale,,,,
leaky_model,svm,sigmoid,2,3,160,40,28,1.0,0.894248213494601,1.695,0.1,None,,,,scale,,,,
leaky_model,svm,sigmoid,2,4,160,40,28,1.0,0.9068742602583377,1.79,0.1,None,,,,scale,,,,
leaky_model,svm,sigmoid,3,0,160,40,28,1.0,0.9033590167145048,1.734,0.1,None,,,,scale,,,,
leaky_model,svm,sigmoid,3,1,160,40,28,1.0,0.8866268984975356,1.814,0.1,None,,,,scale,,,,
leaky_model,svm,sigmoid,3,2,160,40,28,1.0,0.8839682918114924,1.806,0.1,None,,,,scale,,,,
leaky_model,svm,sigmoid,3,3,160,40,28,1.0,0.8998552915047561,1.76,0.1,None,,,,scale,,,,
leaky_model,svm,sigmoid,3,4,160,40,28,1.0,0.888886444655632,1.709,0.1,None,,,,scale,,,,
leaky_model,svm,sigmoid,4,0,160,40,28,1.0,0.8953944811848845,1.862,0.1,None,,,,scale,,,,
leaky_model,svm,sigmoid,4,1,160,40,28,1.0,0.8897247567790745,1.735,0.1,None,,,,scale,,,,
leaky_model,svm,sigmoid,4,2,160,40,28,1.0,0.8659937754941335,1.751,0.1,None,,,,scale,,,,
leaky_model,svm,sigmoid,4,3,160,40,28,1.0,0.8790873004569468,1.729,0.1,None,,,,scale,,,,
leaky_model,svm,sigmoid,4,4,160,40,28,1.0,0.9006132122621464,1.764,0.1,None,,,,scale,,,,
leaky_model,svm,isotonic,0,0,160,40,28,1.0,0.9893673121528342,1.759,0.1,None,,,,scale,,,,
leaky_model,svm,isotonic,0,1,160,40,28,1.0,1.0,1.782,0.1,None,,,,scale,,,,
leaky_model,svm,isotonic,0,2,160,40,28,1.0,0.9646264002410304,1.857,0.1,None,,,,scale,,,,
leaky_model,svm,isotonic,0,3,160,40,28,1.0,1.0,1.804,0.1,None,,,,scale,,,,
leaky_model,svm,isotonic,0,4,160,40,28,1.0,0.9811463934403616,1.806,0.1,None,,,,scale,,,,
leaky_model,svm,isotonic,1,0,160,40,28,1.0,1.0,1.802,0.1,None,,,,scale,,,,
leaky_model,svm,isotonic,1,1,160,40,28,1.0,0.9980176679661046,1.726,0.1,None,,,,scale,,,,
leaky_model,svm,isotonic,1,2,160,40,28,1.0,1.0,1.597,0.1,None,,,,scale,,,,
leaky_model,svm,isotonic,1,3,160,40,28,1.0,1.0,1.62,0.1,None,,,,scale,,,,
leaky_model,svm,isotonic,1,4,160,40,28,1.0,0.9924155877735308,1.613,0.1,None,,,,scale,,,,
leaky_model,svm,isotonic,2,0,160,40,28,1.0,1.0,1.766,0.1,None,,,,scale,,,,
leaky_model,svm,isotonic,2,1,160,40,28,1.0,1.0,1.731,0.1,None,,,,scale,,,,
leaky_model,svm,isotonic,2,2,160,40,28,1.0,1.0,1.724,0.1,None,,,,scale,,,,
leaky_model,svm,isotonic,2,3,160,40,28,1.0,0.992552267605246,1.746,0.1,None,,,,scale,,,,
leaky_model,svm,isotonic,2,4,160,40,28,1.0,1.0,1.751,0.1,None,,,,scale,,,,
leaky_model,svm,isotonic,3,0,160,40,28,1.0,1.0,1.587,0.1,None,,,,scale,,,,
leaky_model,svm,isotonic,3,1,160,40,28,1.0,0.9751958807623842,1.599,0.1,None,,,,scale,,,,
leaky_model,svm,isotonic,3,2,160,40,28,1.0,0.9972987901843133,1.625,0.1,None,,,,scale,,,,
leaky_model,svm,isotonic,3,3,160,40,28,1.0,1.0,1.599,0.1,None,,,,scale,,,,
leaky_model,svm,isotonic,3,4,160,40,28,1.0,0.9860491713531723,1.634,0.1,None,,,,scale,,,,
leaky_model,svm,isotonic,4,0,160,40,28,1.0,0.9848396076586535,1.744,0.1,None,,,,scale,,,,
leaky_model,svm,isotonic,4,1,160,40,28,1.0,0.9841016433080221,1.735,0.1,None,,,,scale,,,,
leaky_model,svm,isotonic,4,2,160,40,28,1.0,1.0,1.798,0.1,None,,,,scale,,,,
leaky_model,svm,isotonic,4,3,160,40,28,1.0,1.0,1.829,0.1,None,,,,scale,,,,
leaky_model,svm,isotonic,4,4,160,40,28,1.0,0.9888986699267308,1.697,0.1,None,,,,scale,,,,
leaky_model,xgboost,none,0,0,160,40,28,1.0,0.9793954491615295,3.031,,,2,,,,0.8,0.05,1.0,0.8
leaky_model,xgboost,none,0,1,160,40,28,1.0,0.9780011177062988,3.134,,,2,,,,0.8,0.05,1.0,0.8
leaky_model,xgboost,none,0,2,160,40,28,1.0,0.9759644865989685,2.636,,,2,,,,0.8,0.05,1.0,0.8
leaky_model,xgboost,none,0,3,160,40,28,1.0,0.97898268699646,2.612,,,2,,,,0.8,0.05,1.0,0.8
leaky_model,xgboost,none,0,4,160,40,28,1.0,0.977992594242096,2.535,,,2,,,,0.8,0.05,1.0,0.8
leaky_model,xgboost,none,1,0,160,40,28,1.0,0.9781283736228943,3.002,,,2,,,,0.8,0.05,1.0,0.8
leaky_model,xgboost,none,1,1,160,40,28,1.0,0.9763861298561096,3.007,,,2,,,,0.8,0.05,1.0,0.8
leaky_model,xgboost,none,1,2,160,40,28,1.0,0.9821877479553223,2.568,,,2,,,,0.8,0.05,1.0,0.8
leaky_model,xgboost,none,1,3,160,40,28,1.0,0.9783720374107361,2.559,,,2,,,,0.8,0.05,1.0,0.8
leaky_model,xgboost,none,1,4,160,40,28,1.0,0.9762201309204102,2.542,,,2,,,,0.8,0.05,1.0,0.8
leaky_model,xgboost,none,2,0,160,40,28,1.0,0.9742257595062256,2.813,,,2,,,,0.8,0.05,1.0,0.8
leaky_model,xgboost,none,2,1,160,40,28,1.0,0.979195237159729,2.941,,,2,,,,0.8,0.05,1.0,0.8
leaky_model,xgboost,none,2,2,160,40,28,1.0,0.9794546365737915,2.583,,,2,,,,0.8,0.05,1.0,0.8
leaky_model,xgboost,none,2,3,160,40,28,1.0,0.9821588397026062,2.75,,,2,,,,0.8,0.05,1.0,0.8
leaky_model,xgboost,none,2,4,160,40,28,1.0,0.9743465185165405,2.491,,,2,,,,0.8,0.05,1.0,0.8
leaky_model,xgboost,none,3,0,160,40,28,1.0,0.9797404408454895,3.041,,,2,,,,0.8,0.05,1.0,0.8
leaky_model,xgboost,none,3,1,160,40,28,1.0,0.976306140422821,2.826,,,2,,,,0.8,0.05,1.0,0.8
leaky_model,xgboost,none,3,2,160,40,28,1.0,0.9733238220214844,2.733,,,2,,,,0.8,0.05,1.0,0.8
leaky_model,xgboost,none,3,3,160,40,28,1.0,0.9792234897613525,2.581,,,2,,,,0.8,0.05,1.0,0.8
leaky_model,xgboost,none,3,4,160,40,28,1.0,0.9799695611000061,2.51,,,2,,,,0.8,0.05,1.0,0.8
leaky_model,xgboost,none,4,0,160,40,28,1.0,0.9800679087638855,3.104,,,2,,,,0.8,0.05,1.0,0.8
leaky_model,xgboost,none,4,1,160,40,28,1.0,0.9790665507316589,2.82,,,2,,,,0.8,0.05,1.0,0.8
leaky_model,xgboost,none,4,2,160,40,28,1.0,0.9787267446517944,2.695,,,2,,,,0.8,0.05,1.0,0.8
leaky_model,xgboost,none,4,3,160,40,28,1.0,0.9765823483467102,2.535,,,2,,,,0.8,0.05,1.0,0.8
leaky_model,xgboost,none,4,4,160,40,28,1.0,0.9759053587913513,2.549,,,2,,,,0.8,0.05,1.0,0.8
leaky_model,xgboost,sigmoid,0,0,160,40,28,1.0,0.950957971194401,4.455,,,2,,,,0.8,0.05,1.0,0.8
leaky_model,xgboost,sigmoid,0,1,160,40,28,1.0,0.9508665324141868,3.986,,,2,,,,0.8,0.05,1.0,0.8
leaky_model,xgboost,sigmoid,0,2,160,40,28,1.0,0.9508756614637057,3.744,,,2,,,,0.8,0.05,1.0,0.8
leaky_model,xgboost,sigmoid,0,3,160,40,28,1.0,0.9512929532327999,3.839,,,2,,,,0.8,0.05,1.0,0.8
leaky_model,xgboost,sigmoid,0,4,160,40,28,1.0,0.9502815933442945,3.726,,,2,,,,0.8,0.05,1.0,0.8
leaky_model,xgboost,sigmoid,1,0,160,40,28,1.0,0.9506659987837207,4.092,,,2,,,,0.8,0.05,1.0,0.8
leaky_model,xgboost,sigmoid,1,1,160,40,28,1.0,0.9509923350882837,3.896,,,2,,,,0.8,0.05,1.0,0.8
leaky_model,xgboost,sigmoid,1,2,160,40,28,1.0,0.951703750338808,3.831,,,2,,,,0.8,0.05,1.0,0.8
leaky_model,xgboost,sigmoid,1,3,160,40,28,1.0,0.9518035479232592,3.66,,,2,,,,0.8,0.05,1.0,0.8
leaky_model,xgboost,sigmoid,1,4,160,40,28,1.0,0.9497091251131538,3.675,,,2,,,,0.8,0.05,1.0,0.8
leaky_model,xgboost,sigmoid,2,0,160,40,28,1.0,0.9508689967159476,4.018,,,2,,,,0.8,0.05,1.0,0.8
leaky_model,xgboost,sigmoid,2,1,160,40,28,1.0,0.9505773113321119,3.741,,,2,,,,0.8,0.05,1.0,0.8
leaky_model,xgboost,sigmoid,2,2,160,40,28,1.0,0.9511096206320542,3.815,,,2,,,,0.8,0.05,1.0,0.8
leaky_model,xgboost,sigmoid,2,3,160,40,28,1.0,0.9523934832047976,3.715,,,2,,,,0.8,0.05,1.0,0.8
leaky_model,xgboost,sigmoid,2,4,160,40,28,1.0,0.9502569099210048,3.839,,,2,,,,0.8,0.05,1.0,0.8
leaky_model,xgboost,sigmoid,3,0,160,40,28,1.0,0.9499585408758525,4.054,,,2,,,,0.8,0.05,1.0,0.8
leaky_model,xgboost,sigmoid,3,1,160,40,28,1.0,0.9505812157551755,3.831,,,2,,,,0.8,0.05,1.0,0.8
leaky_model,xgboost,sigmoid,3,2,160,40,28,1.0,0.9492674429923796,3.711,,,2,,,,0.8,0.05,1.0,0.8
leaky_model,xgboost,sigmoid,3,3,160,40,28,1.0,0.951244194644763,3.705,,,2,,,,0.8,0.05,1.0,0.8
leaky_model,xgboost,sigmoid,3,4,160,40,28,1.0,0.951572461454335,3.842,,,2,,,,0.8,0.05,1.0,0.8
leaky_model,xgboost,sigmoid,4,0,160,40,28,1.0,0.9517004583540456,3.795,,,2,,,,0.8,0.05,1.0,0.8
leaky_model,xgboost,sigmoid,4,1,160,40,28,1.0,0.9507197305814178,3.672,,,2,,,,0.8,0.05,1.0,0.8
leaky_model,xgboost,sigmoid,4,2,160,40,28,1.0,0.9514172580104878,3.741,,,2,,,,0.8,0.05,1.0,0.8
leaky_model,xgboost,sigmoid,4,3,160,40,28,1.0,0.950331219860158,3.789,,,2,,,,0.8,0.05,1.0,0.8
leaky_model,xgboost,sigmoid,4,4,160,40,28,1.0,0.9498278351262055,3.903,,,2,,,,0.8,0.05,1.0,0.8
leaky_model,xgboost,isotonic,0,0,160,40,28,1.0,1.0,3.761,,,2,,,,0.8,0.05,1.0,0.8
leaky_model,xgboost,isotonic,0,1,160,40,28,1.0,1.0,3.641,,,2,,,,0.8,0.05,1.0,0.8
leaky_model,xgboost,isotonic,0,2,160,40,28,1.0,1.0,3.704,,,2,,,,0.8,0.05,1.0,0.8
leaky_model,xgboost,isotonic,0,3,160,40,28,1.0,1.0,3.832,,,2,,,,0.8,0.05,1.0,0.8
leaky_model,xgboost,isotonic,0,4,160,40,28,1.0,1.0,3.89,,,2,,,,0.8,0.05,1.0,0.8
leaky_model,xgboost,isotonic,1,0,160,40,28,1.0,1.0,3.765,,,2,,,,0.8,0.05,1.0,0.8
leaky_model,xgboost,isotonic,1,1,160,40,28,1.0,1.0,3.738,,,2,,,,0.8,0.05,1.0,0.8
leaky_model,xgboost,isotonic,1,2,160,40,28,1.0,1.0,3.707,,,2,,,,0.8,0.05,1.0,0.8
leaky_model,xgboost,isotonic,1,3,160,40,28,1.0,0.9999731928110123,3.789,,,2,,,,0.8,0.05,1.0,0.8
leaky_model,xgboost,isotonic,1,4,160,40,28,1.0,0.997404471039772,3.867,,,2,,,,0.8,0.05,1.0,0.8
leaky_model,xgboost,isotonic,2,0,160,40,28,1.0,1.0,3.769,,,2,,,,0.8,0.05,1.0,0.8
leaky_model,xgboost,isotonic,2,1,160,40,28,1.0,1.0,3.674,,,2,,,,0.8,0.05,1.0,0.8
leaky_model,xgboost,isotonic,2,2,160,40,28,1.0,1.0,3.722,,,2,,,,0.8,0.05,1.0,0.8
leaky_model,xgboost,isotonic,2,3,160,40,28,1.0,0.9996002018451691,3.864,,,2,,,,0.8,0.05,1.0,0.8
leaky_model,xgboost,isotonic,2,4,160,40,28,1.0,1.0,3.887,,,2,,,,0.8,0.05,1.0,0.8
leaky_model,xgboost,isotonic,3,0,160,40,28,1.0,0.99897500872612,3.762,,,2,,,,0.8,0.05,1.0,0.8
leaky_model,xgboost,isotonic,3,1,160,40,28,1.0,0.9998779743909836,3.685,,,2,,,,0.8,0.05,1.0,0.8
leaky_model,xgboost,isotonic,3,2,160,40,28,1.0,0.9985124319791794,3.764,,,2,,,,0.8,0.05,1.0,0.8
leaky_model,xgboost,isotonic,3,3,160,40,28,1.0,1.0,3.934,,,2,,,,0.8,0.05,1.0,0.8
leaky_model,xgboost,isotonic,3,4,160,40,28,1.0,1.0,3.888,,,2,,,,0.8,0.05,1.0,0.8
leaky_model,xgboost,isotonic,4,0,160,40,28,1.0,1.0,3.758,,,2,,,,0.8,0.05,1.0,0.8
leaky_model,xgboost,isotonic,4,1,160,40,28,1.0,1.0,3.83,,,2,,,,0.8,0.05,1.0,0.8
leaky_model,xgboost,isotonic,4,2,160,40,28,1.0,1.0,3.935,,,2,,,,0.8,0.05,1.0,0.8
leaky_model,xgboost,isotonic,4,3,160,40,28,1.0,1.0,4.564,,,2,,,,0.8,0.05,1.0,0.8
leaky_model,xgboost,isotonic,4,4,160,40,28,1.0,1.0,4.663,,,2,,,,0.8,0.05,1.0,0.8
leaky_model,ebm,none,0,0,160,40,28,1.0,0.9999951429181437,36.318,,,,,,,,0.01,,
leaky_model,ebm,none,0,1,160,40,28,1.0,0.9999951960612592,36.362,,,,,,,,0.01,,
leaky_model,ebm,none,0,2,160,40,28,1.0,0.9999944094522736,41.136,,,,,,,,0.01,,
leaky_model,ebm,none,0,3,160,40,28,1.0,0.9999945760659714,43.079,,,,,,,,0.01,,
leaky_model,ebm,none,0,4,160,40,28,1.0,0.9999950543993098,35.895,,,,,,,,0.01,,
leaky_model,ebm,none,1,0,160,40,28,1.0,0.9999961160521179,40.743,,,,,,,,0.01,,
leaky_model,ebm,none,1,1,160,40,28,1.0,0.9999953537228565,45.122,,,,,,,,0.01,,
leaky_model,ebm,none,1,2,160,40,28,1.0,0.9999948444336579,43.08,,,,,,,,0.01,,
leaky_model,ebm,none,1,3,160,40,28,1.0,0.9999954715770712,42.857,,,,,,,,0.01,,
leaky_model,ebm,none,1,4,160,40,28,1.0,0.9999938062744945,44.455,,,,,,,,0.01,,
leaky_model,ebm,none,2,0,160,40,28,1.0,0.999994798740539,39.65,,,,,,,,0.01,,
leaky_model,ebm,none,2,1,160,40,28,1.0,0.9999951767956187,44.477,,,,,,,,0.01,,
leaky_model,ebm,none,2,2,160,40,28,1.0,0.9999960652900932,36.748,,,,,,,,0.01,,
leaky_model,ebm,none,2,3,160,40,28,1.0,0.9999952633152874,35.818,,,,,,,,0.01,,
leaky_model,ebm,none,2,4,160,40,28,1.0,0.9999958078946111,39.266,,,,,,,,0.01,,
leaky_model,ebm,none,3,0,160,40,28,1.0,0.9999960414800575,48.228,,,,,,,,0.01,,
leaky_model,ebm,none,3,1,160,40,28,1.0,0.9999954468886915,46.781,,,,,,,,0.01,,
leaky_model,ebm,none,3,2,160,40,28,1.0,0.9999956178848534,41.537,,,,,,,,0.01,,
leaky_model,ebm,none,3,3,160,40,28,1.0,0.9999955822158755,45.412,,,,,,,,0.01,,
leaky_model,ebm,none,3,4,160,40,28,1.0,0.9999948786989603,43.503,,,,,,,,0.01,,
leaky_model,ebm,none,4,0,160,40,28,1.0,0.9999958684222607,35.877,,,,,,,,0.01,,
leaky_model,ebm,none,4,1,160,40,28,1.0,0.9999952823486598,36.886,,,,,,,,0.01,,
leaky_model,ebm,none,4,2,160,40,28,1.0,0.9999940181213908,43.763,,,,,,,,0.01,,
leaky_model,ebm,none,4,3,160,40,28,1.0,0.9999929176786558,35.066,,,,,,,,0.01,,
leaky_model,ebm,none,4,4,160,40,28,1.0,0.9999961820911663,38.33,,,,,,,,0.01,,
leaky_model,ebm,sigmoid,0,0,160,40,28,1.0,0.9140489257673081,100.59,,,,,,,,0.01,,
leaky_model,ebm,sigmoid,0,1,160,40,28,1.0,0.9129723276604584,131.654,,,,,,,,0.01,,
leaky_model,ebm,sigmoid,0,2,160,40,28,1.0,0.9081693308639835,102.299,,,,,,,,0.01,,
leaky_model,ebm,sigmoid,0,3,160,40,28,1.0,0.9105015939562211,117.041,,,,,,,,0.01,,
leaky_model,ebm,sigmoid,0,4,160,40,28,1.0,0.9133998689455715,89.178,,,,,,,,0.01,,
leaky_model,ebm,sigmoid,1,0,160,40,28,1.0,0.9128923642478547,93.64,,,,,,,,0.01,,
leaky_model,ebm,sigmoid,1,1,160,40,28,1.0,0.9119247790451182,121.866,,,,,,,,0.01,,
leaky_model,ebm,sigmoid,1,2,160,40,28,1.0,0.9104723111621019,111.963,,,,,,,,0.01,,
leaky_model,ebm,sigmoid,1,3,160,40,28,1.0,0.9164367977041128,116.957,,,,,,,,0.01,,
leaky_model,ebm,sigmoid,1,4,160,40,28,1.0,0.9075633984755671,116.008,,,,,,,,0.01,,
leaky_model,ebm,sigmoid,2,0,160,40,28,1.0,0.9110197513442679,105.289,,,,,,,,0.01,,
leaky_model,ebm,sigmoid,2,1,160,40,28,1.0,0.9123319330001085,118.553,,,,,,,,0.01,,
leaky_model,ebm,sigmoid,2,2,160,40,28,1.0,0.9152244136426508,111.39,,,,,,,,0.01,,
leaky_model,ebm,sigmoid,2,3,160,40,28,1.0,0.9140041162011047,88.397,,,,,,,,0.01,,
leaky_model,ebm,sigmoid,2,4,160,40,28,1.0,0.9156681794723757,114.221,,,,,,,,0.01,,
leaky_model,ebm,sigmoid,3,0,160,40,28,1.0,0.9163678270508674,118.982,,,,,,,,0.01,,
leaky_model,ebm,sigmoid,3,1,160,40,28,1.0,0.9139286662366508,138.275,,,,,,,,0.01,,
leaky_model,ebm,sigmoid,3,2,160,40,28,1.0,0.912883918900282,108.55,,,,,,,,0.01,,
leaky_model,ebm,sigmoid,3,3,160,40,28,1.0,0.9133256480335478,98.839,,,,,,,,0.01,,
leaky_model,ebm,sigmoid,3,4,160,40,28,1.0,0.9122852270659447,89.424,,,,,,,,0.01,,
leaky_model,ebm,sigmoid,4,0,160,40,28,1.0,0.9164397856048294,96.69,,,,,,,,0.01,,
leaky_model,ebm,sigmoid,4,1,160,40,28,1.0,0.9110011764983518,103.293,,,,,,,,0.01,,
leaky_model,ebm,sigmoid,4,2,160,40,28,1.0,0.9096066634087945,109.616,,,,,,,,0.01,,
leaky_model,ebm,sigmoid,4,3,160,40,28,1.0,0.9084307978083265,83.794,,,,,,,,0.01,,
leaky_model,ebm,sigmoid,4,4,160,40,28,1.0,0.9132123427825378,100.951,,,,,,,,0.01,,
leaky_model,ebm,isotonic,0,0,160,40,28,1.0,0.9962581720942996,95.211,,,,,,,,0.01,,
leaky_model,ebm,isotonic,0,1,160,40,28,1.0,0.9998904511962308,119.966,,,,,,,,0.01,,
leaky_model,ebm,isotonic,0,2,160,40,28,1.0,0.9982695160416092,96.171,,,,,,,,0.01,,
leaky_model,ebm,isotonic,0,3,160,40,28,1.0,1.0,118.466,,,,,,,,0.01,,
leaky_model,ebm,isotonic,0,4,160,40,28,1.0,0.9901419143679964,98.004,,,,,,,,0.01,,
leaky_model,ebm,isotonic,1,0,160,40,28,1.0,0.9997584859946748,104.036,,,,,,,,0.01,,
leaky_model,ebm,isotonic,1,1,160,40,28,1.0,0.9956282595641992,120.228,,,,,,,,0.01,,
leaky_model,ebm,isotonic,1,2,160,40,28,1.0,1.0,106.119,,,,,,,,0.01,,
leaky_model,ebm,isotonic,1,3,160,40,28,1.0,0.9972226425946547,107.873,,,,,,,,0.01,,
leaky_model,ebm,isotonic,1,4,160,40,28,1.0,0.9973843218548408,105.355,,,,,,,,0.01,,
leaky_model,ebm,isotonic,2,0,160,40,28,1.0,1.0,100.645,,,,,,,,0.01,,
leaky_model,ebm,isotonic,2,1,160,40,28,1.0,0.9984587830741032,110.184,,,,,,,,0.01,,
leaky_model,ebm,isotonic,2,2,160,40,28,1.0,1.0,113.332,,,,,,,,0.01,,
leaky_model,ebm,isotonic,2,3,160,40,28,1.0,0.9968235242770572,88.019,,,,,,,,0.01,,
leaky_model,ebm,isotonic,2,4,160,40,28,1.0,0.9968958083209026,102.413,,,,,,,,0.01,,
leaky_model,ebm,isotonic,3,0,160,40,28,1.0,0.9961963094128955,110.77,,,,,,,,0.01,,
leaky_model,ebm,isotonic,3,1,160,40,28,1.0,0.9924426751555897,128.923,,,,,,,,0.01,,
leaky_model,ebm,isotonic,3,2,160,40,28,1.0,1.0,102.524,,,,,,,,0.01,,
leaky_model,ebm,isotonic,3,3,160,40,28,1.0,1.0,92.311,,,,,,,,0.01,,
leaky_model,ebm,isotonic,3,4,160,40,28,1.0,1.0,79.56,,,,,,,,0.01,,
leaky_model,ebm,isotonic,4,0,160,40,28,1.0,1.0,95.177,,,,,,,,0.01,,
leaky_model,ebm,isotonic,4,1,160,40,28,1.0,1.0,102.069,,,,,,,,0.01,,
leaky_model,ebm,isotonic,4,2,160,40,28,1.0,1.0,124.343,,,,,,,,0.01,,
leaky_model,ebm,isotonic,4,3,160,40,28,1.0,1.0,97.371,,,,,,,,0.01,,
leaky_model,ebm,isotonic,4,4,160,40,28,1.0,0.994807666423003,94.734,,,,,,,,0.01,,
full_valid_model,dummy,none,0,0,160,40,25,,0.6333333333333333,0.063,,,,,,,,,,
full_valid_model,dummy,none,0,1,160,40,25,,0.6333333333333333,0.061,,,,,,,,,,
full_valid_model,dummy,none,0,2,160,40,25,,0.6333333333333333,0.057,,,,,,,,,,
full_valid_model,dummy,none,0,3,160,40,25,,0.6416666666666667,0.069,,,,,,,,,,
full_valid_model,dummy,none,0,4,160,40,25,,0.6416666666666667,0.066,,,,,,,,,,
full_valid_model,dummy,none,1,0,160,40,25,,0.6333333333333333,0.058,,,,,,,,,,
full_valid_model,dummy,none,1,1,160,40,25,,0.6333333333333333,0.095,,,,,,,,,,
full_valid_model,dummy,none,1,2,160,40,25,,0.6333333333333333,0.062,,,,,,,,,,
full_valid_model,dummy,none,1,3,160,40,25,,0.6416666666666667,0.058,,,,,,,,,,
full_valid_model,dummy,none,1,4,160,40,25,,0.6416666666666667,0.064,,,,,,,,,,
full_valid_model,dummy,none,2,0,160,40,25,,0.6333333333333333,0.06,,,,,,,,,,
full_valid_model,dummy,none,2,1,160,40,25,,0.6333333333333333,0.062,,,,,,,,,,
full_valid_model,dummy,none,2,2,160,40,25,,0.6333333333333333,0.061,,,,,,,,,,
full_valid_model,dummy,none,2,3,160,40,25,,0.6416666666666667,0.067,,,,,,,,,,
full_valid_model,dummy,none,2,4,160,40,25,,0.6416666666666667,0.067,,,,,,,,,,
full_valid_model,dummy,none,3,0,160,40,25,,0.6333333333333333,0.061,,,,,,,,,,
full_valid_model,dummy,none,3,1,160,40,25,,0.6333333333333333,0.064,,,,,,,,,,
full_valid_model,dummy,none,3,2,160,40,25,,0.6333333333333333,0.066,,,,,,,,,,
full_valid_model,dummy,none,3,3,160,40,25,,0.6416666666666667,0.066,,,,,,,,,,
full_valid_model,dummy,none,3,4,160,40,25,,0.6416666666666667,0.065,,,,,,,,,,
full_valid_model,dummy,none,4,0,160,40,25,,0.6333333333333333,0.063,,,,,,,,,,
full_valid_model,dummy,none,4,1,160,40,25,,0.6333333333333333,0.063,,,,,,,,,,
full_valid_model,dummy,none,4,2,160,40,25,,0.6333333333333333,0.064,,,,,,,,,,
full_valid_model,dummy,none,4,3,160,40,25,,0.6416666666666667,0.064,,,,,,,,,,
full_valid_model,dummy,none,4,4,160,40,25,,0.6416666666666667,0.066,,,,,,,,,,
full_valid_model,dummy,sigmoid,0,0,160,40,25,,0.6313797313556672,0.432,,,,,,,,,,
full_valid_model,dummy,sigmoid,0,1,160,40,25,,0.6313797313556672,0.442,,,,,,,,,,
full_valid_model,dummy,sigmoid,0,2,160,40,25,,0.6313797313556673,0.436,,,,,,,,,,
full_valid_model,dummy,sigmoid,0,3,160,40,25,,0.6395701520450653,0.435,,,,,,,,,,
full_valid_model,dummy,sigmoid,0,4,160,40,25,,0.6395701520450653,0.435,,,,,,,,,,
full_valid_model,dummy,sigmoid,1,0,160,40,25,,0.6313797313556672,0.434,,,,,,,,,,
full_valid_model,dummy,sigmoid,1,1,160,40,25,,0.6313797313556672,0.431,,,,,,,,,,
full_valid_model,dummy,sigmoid,1,2,160,40,25,,0.6313797313556672,0.431,,,,,,,,,,
full_valid_model,dummy,sigmoid,1,3,160,40,25,,0.6395701520450654,0.439,,,,,,,,,,
full_valid_model,dummy,sigmoid,1,4,160,40,25,,0.6395701520450654,0.425,,,,,,,,,,
full_valid_model,dummy,sigmoid,2,0,160,40,25,,0.6313797313556672,0.426,,,,,,,,,,
full_valid_model,dummy,sigmoid,2,1,160,40,25,,0.6313797313556672,0.428,,,,,,,,,,
full_valid_model,dummy,sigmoid,2,2,160,40,25,,0.6313797313556672,0.447,,,,,,,,,,
full_valid_model,dummy,sigmoid,2,3,160,40,25,,0.6395701520450654,0.444,,,,,,,,,,
full_valid_model,dummy,sigmoid,2,4,160,40,25,,0.6395701520450654,0.427,,,,,,,,,,
full_valid_model,dummy,sigmoid,3,0,160,40,25,,0.6313797313556672,0.44,,,,,,,,,,
full_valid_model,dummy,sigmoid,3,1,160,40,25,,0.6313797313556673,0.485,,,,,,,,,,
full_valid_model,dummy,sigmoid,3,2,160,40,25,,0.6313797313556673,0.416,,,,,,,,,,
full_valid_model,dummy,sigmoid,3,3,160,40,25,,0.6395701520450654,0.421,,,,,,,,,,
full_valid_model,dummy,sigmoid,3,4,160,40,25,,0.6395701520450653,0.415,,,,,,,,,,
full_valid_model,dummy,sigmoid,4,0,160,40,25,,0.6313797313556672,0.404,,,,,,,,,,
full_valid_model,dummy,sigmoid,4,1,160,40,25,,0.6313797313556672,0.419,,,,,,,,,,
full_valid_model,dummy,sigmoid,4,2,160,40,25,,0.6313797313556672,0.404,,,,,,,,,,
full_valid_model,dummy,sigmoid,4,3,160,40,25,,0.6395701520450654,0.412,,,,,,,,,,
full_valid_model,dummy,sigmoid,4,4,160,40,25,,0.6395701520450653,0.408,,,,,,,,,,
full_valid_model,dummy,isotonic,0,0,160,40,25,,0.6333333333333333,0.39,,,,,,,,,,
full_valid_model,dummy,isotonic,0,1,160,40,25,,0.6333333333333333,0.41,,,,,,,,,,
full_valid_model,dummy,isotonic,0,2,160,40,25,,0.6333333333333333,0.431,,,,,,,,,,
full_valid_model,dummy,isotonic,0,3,160,40,25,,0.6416666666666666,0.43,,,,,,,,,,
full_valid_model,dummy,isotonic,0,4,160,40,25,,0.6416666666666666,0.424,,,,,,,,,,
full_valid_model,dummy,isotonic,1,0,160,40,25,,0.6333333333333333,0.419,,,,,,,,,,
full_valid_model,dummy,isotonic,1,1,160,40,25,,0.6333333333333333,0.422,,,,,,,,,,
full_valid_model,dummy,isotonic,1,2,160,40,25,,0.6333333333333333,0.423,,,,,,,,,,
full_valid_model,dummy,isotonic,1,3,160,40,25,,0.6416666666666666,0.423,,,,,,,,,,
full_valid_model,dummy,isotonic,1,4,160,40,25,,0.6416666666666666,0.448,,,,,,,,,,
full_valid_model,dummy,isotonic,2,0,160,40,25,,0.6333333333333333,0.429,,,,,,,,,,
full_valid_model,dummy,isotonic,2,1,160,40,25,,0.6333333333333333,0.413,,,,,,,,,,
full_valid_model,dummy,isotonic,2,2,160,40,25,,0.6333333333333333,0.424,,,,,,,,,,
full_valid_model,dummy,isotonic,2,3,160,40,25,,0.6416666666666666,0.423,,,,,,,,,,
full_valid_model,dummy,isotonic,2,4,160,40,25,,0.6416666666666666,0.468,,,,,,,,,,
full_valid_model,dummy,isotonic,3,0,160,40,25,,0.6333333333333333,0.446,,,,,,,,,,
full_valid_model,dummy,isotonic,3,1,160,40,25,,0.6333333333333333,0.412,,,,,,,,,,
full_valid_model,dummy,isotonic,3,2,160,40,25,,0.6333333333333333,0.424,,,,,,,,,,
full_valid_model,dummy,isotonic,3,3,160,40,25,,0.6416666666666666,0.416,,,,,,,,,,
full_valid_model,dummy,isotonic,3,4,160,40,25,,0.6416666666666666,0.442,,,,,,,,,,
full_valid_model,dummy,isotonic,4,0,160,40,25,,0.6333333333333333,0.42,,,,,,,,,,
full_valid_model,dummy,isotonic,4,1,160,40,25,,0.6333333333333333,0.429,,,,,,,,,,
full_valid_model,dummy,isotonic,4,2,160,40,25,,0.6333333333333333,0.415,,,,,,,,,,
full_valid_model,dummy,isotonic,4,3,160,40,25,,0.6416666666666666,0.419,,,,,,,,,,
full_valid_model,dummy,isotonic,4,4,160,40,25,,0.6416666666666666,0.423,,,,,,,,,,
full_valid_model,logreg,none,0,0,160,40,25,1.0,0.46486598783558086,1.09,0.01,None,,,,,,,,
full_valid_model,logreg,none,0,1,160,40,25,0.9986666666666667,0.47603531348926165,1.079,0.01,None,,,,,,,,
full_valid_model,logreg,none,0,2,160,40,25,0.9993333333333334,0.4586840559827525,1.027,0.01,None,,,,,,,,
full_valid_model,logreg,none,0,3,160,40,25,1.0,0.4356186480350754,1.026,0.01,None,,,,,,,,
full_valid_model,logreg,none,0,4,160,40,25,1.0,0.45924943791707873,1.05,0.01,None,,,,,,,,
full_valid_model,logreg,none,1,0,160,40,25,1.0,0.4590382291072416,1.073,0.01,None,,,,,,,,
full_valid_model,logreg,none,1,1,160,40,25,1.0,0.4687323345143557,1.092,0.01,None,,,,,,,,
full_valid_model,logreg,none,1,2,160,40,25,1.0,0.4444331449498997,1.043,0.01,None,,,,,,,,
full_valid_model,logreg,none,1,3,160,40,25,1.0,0.46151162075365126,1.01,0.01,None,,,,,,,,
full_valid_model,logreg,none,1,4,160,40,25,1.0,0.4442455182848386,1.041,0.01,None,,,,,,,,
full_valid_model,logreg,none,2,0,160,40,25,0.9993333333333334,0.4471515065242427,1.032,0.01,None,,,,,,,,
full_valid_model,logreg,none,2,1,160,40,25,1.0,0.4960935113876694,1.021,0.03,None,,,,,,,,
full_valid_model,logreg,none,2,2,160,40,25,1.0,0.47290418335993656,1.034,0.01,None,,,,,,,,
full_valid_model,logreg,none,2,3,160,40,25,1.0,0.4594924810746076,1.052,0.01,None,,,,,,,,
full_valid_model,logreg,none,2,4,160,40,25,0.9993131868131868,0.44790799832732514,1.071,0.01,None,,,,,,,,
full_valid_model,logreg,none,3,0,160,40,25,0.9993131868131868,0.47821997813089295,1.028,0.01,None,,,,,,,,
full_valid_model,logreg,none,3,1,160,40,25,0.9993131868131868,0.4540461159920849,1.016,0.01,None,,,,,,,,
full_valid_model,logreg,none,3,2,160,40,25,0.9986666666666667,0.4598016290821352,1.037,0.01,None,,,,,,,,
full_valid_model,logreg,none,3,3,160,40,25,1.0,0.470655684949859,1.08,0.01,None,,,,,,,,
full_valid_model,logreg,none,3,4,160,40,25,1.0,0.45552591645411633,1.065,0.01,None,,,,,,,,
full_valid_model,logreg,none,4,0,160,40,25,1.0,0.4559287825932288,1.113,0.01,None,,,,,,,,
full_valid_model,logreg,none,4,1,160,40,25,1.0,0.4590916248607192,1.091,0.01,None,,,,,,,,
full_valid_model,logreg,none,4,2,160,40,25,1.0,0.4551177840442176,1.074,0.01,None,,,,,,,,
full_valid_model,logreg,none,4,3,160,40,25,1.0,0.44164613415051707,1.076,0.01,None,,,,,,,,
full_valid_model,logreg,none,4,4,160,40,25,0.9993131868131868,0.473392382767278,1.112,0.01,None,,,,,,,,
full_valid_model,logreg,sigmoid,0,0,160,40,25,1.0,0.7212034125098893,1.574,0.01,None,,,,,,,,
full_valid_model,logreg,sigmoid,0,1,160,40,25,0.9986666666666667,0.7148242578247392,1.533,0.01,None,,,,,,,,
full_valid_model,logreg,sigmoid,0,2,160,40,25,0.9993333333333334,0.704724078214906,1.534,0.01,None,,,,,,,,
full_valid_model,logreg,sigmoid,0,3,160,40,25,1.0,0.6610828833856183,1.53,0.01,None,,,,,,,,
full_valid_model,logreg,sigmoid,0,4,160,40,25,1.0,0.7043385446539676,1.499,0.01,None,,,,,,,,
full_valid_model,logreg,sigmoid,1,0,160,40,25,1.0,0.6915110418082557,1.509,0.01,None,,,,,,,,
full_valid_model,logreg,sigmoid,1,1,160,40,25,1.0,0.7274423393192903,1.506,0.01,None,,,,,,,,
full_valid_model,logreg,sigmoid,1,2,160,40,25,1.0,0.6632926871843512,1.562,0.01,None,,,,,,,,
full_valid_model,logreg,sigmoid,1,3,160,40,25,1.0,0.7125794631821105,1.556,0.01,None,,,,,,,,
full_valid_model,logreg,sigmoid,1,4,160,40,25,1.0,0.6804881350063973,1.448,0.01,None,,,,,,,,
full_valid_model,logreg,sigmoid,2,0,160,40,25,0.9993333333333334,0.6761388840829561,1.555,0.01,None,,,,,,,,
full_valid_model,logreg,sigmoid,2,1,160,40,25,1.0,0.7239376945938253,1.518,0.03,None,,,,,,,,
full_valid_model,logreg,sigmoid,2,2,160,40,25,1.0,0.7308778573322787,1.463,0.01,None,,,,,,,,
full_valid_model,logreg,sigmoid,2,3,160,40,25,1.0,0.7079604535012025,1.422,0.01,None,,,,,,,,
full_valid_model,logreg,sigmoid,2,4,160,40,25,0.9993131868131868,0.6892433964056033,1.461,0.01,None,,,,,,,,
full_valid_model,logreg,sigmoid,3,0,160,40,25,0.9993131868131868,0.7305808251610523,1.427,0.01,None,,,,,,,,
full_valid_model,logreg,sigmoid,3,1,160,40,25,0.9993131868131868,0.6805975030932607,1.515,0.01,None,,,,,,,,
full_valid_model,logreg,sigmoid,3,2,160,40,25,0.9986666666666667,0.6854359034150523,1.429,0.01,None,,,,,,,,
full_valid_model,logreg,sigmoid,3,3,160,40,25,1.0,0.740213494697495,1.464,0.01,None,,,,,,,,
full_valid_model,logreg,sigmoid,3,4,160,40,25,1.0,0.6934641631557819,1.625,0.01,None,,,,,,,,
full_valid_model,logreg,sigmoid,4,0,160,40,25,1.0,0.6923720603200589,1.448,0.01,None,,,,,,,,
full_valid_model,logreg,sigmoid,4,1,160,40,25,1.0,0.6959735646563671,1.451,0.01,None,,,,,,,,
full_valid_model,logreg,sigmoid,4,2,160,40,25,1.0,0.6911651002277329,1.464,0.01,None,,,,,,,,
full_valid_model,logreg,sigmoid,4,3,160,40,25,1.0,0.6646856861977426,1.566,0.01,None,,,,,,,,
full_valid_model,logreg,sigmoid,4,4,160,40,25,0.9993131868131868,0.7238336252767298,1.506,0.01,None,,,,,,,,
full_valid_model,logreg,isotonic,0,0,160,40,25,1.0,0.9624323032081772,1.481,0.01,None,,,,,,,,
full_valid_model,logreg,isotonic,0,1,160,40,25,0.9986666666666667,0.9782405486535933,1.486,0.01,None,,,,,,,,
full_valid_model,logreg,isotonic,0,2,160,40,25,0.9993333333333334,0.9788737817770633,1.486,0.01,None,,,,,,,,
full_valid_model,logreg,isotonic,0,3,160,40,25,1.0,1.0,1.448,0.01,None,,,,,,,,
full_valid_model,logreg,isotonic,0,4,160,40,25,1.0,0.9970617470234584,1.451,0.01,None,,,,,,,,
full_valid_model,logreg,isotonic,1,0,160,40,25,1.0,0.9624870527388839,1.522,0.01,None,,,,,,,,
full_valid_model,logreg,isotonic,1,1,160,40,25,1.0,0.9568982489960467,1.505,0.01,None,,,,,,,,
full_valid_model,logreg,isotonic,1,2,160,40,25,1.0,1.0,1.421,0.01,None,,,,,,,,
full_valid_model,logreg,isotonic,1,3,160,40,25,1.0,1.0,1.464,0.01,None,,,,,,,,
full_valid_model,logreg,isotonic,1,4,160,40,25,1.0,0.9526060497589202,1.494,0.01,None,,,,,,,,
full_valid_model,logreg,isotonic,2,0,160,40,25,0.9993333333333334,1.0,1.469,0.01,None,,,,,,,,
full_valid_model,logreg,isotonic,2,1,160,40,25,1.0,1.0,1.609,0.03,None,,,,,,,,
full_valid_model,logreg,isotonic,2,2,160,40,25,1.0,1.0,1.533,0.01,None,,,,,,,,
full_valid_model,logreg,isotonic,2,3,160,40,25,1.0,0.9840178062648033,1.493,0.01,None,,,,,,,,
full_valid_model,logreg,isotonic,2,4,160,40,25,0.9993131868131868,0.9792584306170253,1.517,0.01,None,,,,,,,,
full_valid_model,logreg,isotonic,3,0,160,40,25,0.9993131868131868,0.9928254400200212,1.555,0.01,None,,,,,,,,
full_valid_model,logreg,isotonic,3,1,160,40,25,0.9993131868131868,0.9310986770612899,1.478,0.01,None,,,,,,,,
full_valid_model,logreg,isotonic,3,2,160,40,25,0.9986666666666667,0.9779754419562501,1.498,0.01,None,,,,,,,,
full_valid_model,logreg,isotonic,3,3,160,40,25,1.0,0.990765191410137,1.492,0.01,None,,,,,,,,
full_valid_model,logreg,isotonic,3,4,160,40,25,1.0,0.9757287116275685,1.518,0.01,None,,,,,,,,
full_valid_model,logreg,isotonic,4,0,160,40,25,1.0,0.9842848613412216,1.557,0.01,None,,,,,,,,
full_valid_model,logreg,isotonic,4,1,160,40,25,1.0,0.9751427897109002,1.483,0.01,None,,,,,,,,
full_valid_model,logreg,isotonic,4,2,160,40,25,1.0,1.0,1.503,0.01,None,,,,,,,,
full_valid_model,logreg,isotonic,4,3,160,40,25,1.0,1.0,1.394,0.01,None,,,,,,,,
full_valid_model,logreg,isotonic,4,4,160,40,25,0.9993131868131868,1.0,1.421,0.01,None,,,,,,,,
full_valid_model,random_forest,none,0,0,160,40,25,1.0,0.83,24.964,,None,None,sqrt,1,,,,,
full_valid_model,random_forest,none,0,1,160,40,25,0.9986666666666667,0.8009056629636548,24.654,,None,3,sqrt,1,,,,,
full_valid_model,random_forest,none,0,2,160,40,25,1.0,0.84,24.472,,None,None,sqrt,1,,,,,
full_valid_model,random_forest,none,0,3,160,40,25,0.9993131868131868,0.7561700054928896,24.889,,balanced,3,sqrt,1,,,,,
full_valid_model,random_forest,none,0,4,160,40,25,1.0,0.784607250458196,25.385,,None,3,sqrt,1,,,,,
full_valid_model,random_forest,none,1,0,160,40,25,1.0,0.762696471846164,24.954,,balanced,3,sqrt,1,,,,,
full_valid_model,random_forest,none,1,1,160,40,25,1.0,0.8485954308760028,24.761,,None,3,sqrt,1,,,,,
full_valid_model,random_forest,none,1,2,160,40,25,1.0,0.81,24.478,,balanced,None,sqrt,1,,,,,
full_valid_model,random_forest,none,1,3,160,40,25,0.9993333333333334,0.7428399967377608,24.682,,balanced,3,sqrt,1,,,,,
full_valid_model,random_forest,none,1,4,160,40,25,1.0,0.7566666666666667,23.434,,balanced,None,sqrt,1,,,,,
full_valid_model,random_forest,none,2,0,160,40,25,0.9993131868131868,0.8021611706146524,24.73,,None,3,sqrt,1,,,,,
full_valid_model,random_forest,none,2,1,160,40,25,1.0,0.7694633642542541,22.853,,balanced,3,sqrt,1,,,,,
full_valid_model,random_forest,none,2,2,160,40,25,1.0,0.8015780504388735,23.185,,None,3,sqrt,1,,,,,
full_valid_model,random_forest,none,2,3,160,40,25,1.0,0.8226015968168411,23.252,,None,3,sqrt,1,,,,,
full_valid_model,random_forest,none,2,4,160,40,25,1.0,0.716410878235679,23.404,,balanced,3,sqrt,1,,,,,
full_valid_model,random_forest,none,3,0,160,40,25,1.0,0.8120185943729424,23.423,,None,3,sqrt,1,,,,,
full_valid_model,random_forest,none,3,1,160,40,25,0.9993131868131868,0.7688636966080157,24.764,,balanced,3,sqrt,1,,,,,
full_valid_model,random_forest,none,3,2,160,40,25,1.0,0.6879324700043,25.42,,balanced,3,sqrt,1,,,,,
full_valid_model,random_forest,none,3,3,160,40,25,1.0,0.7775929905053153,25.677,,None,3,sqrt,1,,,,,
full_valid_model,random_forest,none,3,4,160,40,25,1.0,0.8093300469655079,25.707,,None,3,sqrt,1,,,,,
full_valid_model,random_forest,none,4,0,160,40,25,1.0,0.8013542898075786,23.266,,None,3,sqrt,1,,,,,
full_valid_model,random_forest,none,4,1,160,40,25,1.0,0.7806211047254585,22.406,,None,3,sqrt,1,,,,,
full_valid_model,random_forest,none,4,2,160,40,25,1.0,0.7621319856721158,22.878,,None,3,sqrt,1,,,,,
full_valid_model,random_forest,none,4,3,160,40,25,1.0,0.8266666666666667,22.741,,None,None,sqrt,1,,,,,
full_valid_model,random_forest,none,4,4,160,40,25,0.9986666666666667,0.7950911682596173,22.472,,None,3,sqrt,1,,,,,
full_valid_model,random_forest,sigmoid,0,0,160,40,25,1.0,0.9048283020298525,37.285,,None,None,sqrt,1,,,,,
full_valid_model,random_forest,sigmoid,0,1,160,40,25,0.9986666666666667,0.8929652561205086,36.611,,None,3,sqrt,1,,,,,
full_valid_model,random_forest,sigmoid,0,2,160,40,25,1.0,0.905340298189953,35.826,,None,None,sqrt,1,,,,,
full_valid_model,random_forest,sigmoid,0,3,160,40,25,0.9993131868131868,0.8859966668219998,35.624,,balanced,3,sqrt,1,,,,,
full_valid_model,random_forest,sigmoid,0,4,160,40,25,1.0,0.8980169334238767,35.223,,None,3,sqrt,1,,,,,
full_valid_model,random_forest,sigmoid,1,0,160,40,25,1.0,0.8974433089678242,37.501,,balanced,3,sqrt,1,,,,,
full_valid_model,random_forest,sigmoid,1,1,160,40,25,1.0,0.9164658237287028,36.462,,None,3,sqrt,1,,,,,
full_valid_model,random_forest,sigmoid,1,2,160,40,25,1.0,0.9006522001233734,36.021,,balanced,None,sqrt,1,,,,,
full_valid_model,random_forest,sigmoid,1,3,160,40,25,0.9993333333333334,0.8744308592180489,35.75,,balanced,3,sqrt,1,,,,,
full_valid_model,random_forest,sigmoid,1,4,160,40,25,1.0,0.8500042994304119,35.587,,balanced,None,sqrt,1,,,,,
full_valid_model,random_forest,sigmoid,2,0,160,40,25,0.9993131868131868,0.8885560665154977,33.728,,None,3,sqrt,1,,,,,
full_valid_model,random_forest,sigmoid,2,1,160,40,25,1.0,0.8955988337554714,38.189,,balanced,3,sqrt,1,,,,,
full_valid_model,random_forest,sigmoid,2,2,160,40,25,1.0,0.900295309238279,35.557,,None,3,sqrt,1,,,,,
full_valid_model,random_forest,sigmoid,2,3,160,40,25,1.0,0.9134691868352741,35.4,,None,3,sqrt,1,,,,,
full_valid_model,random_forest,sigmoid,2,4,160,40,25,1.0,0.8756841152608156,35.584,,balanced,3,sqrt,1,,,,,
full_valid_model,random_forest,sigmoid,3,0,160,40,25,1.0,0.898096998846261,33.459,,None,3,sqrt,1,,,,,
full_valid_model,random_forest,sigmoid,3,1,160,40,25,0.9993131868131868,0.8938998605989102,33.193,,balanced,3,sqrt,1,,,,,
full_valid_model,random_forest,sigmoid,3,2,160,40,25,1.0,0.847028375784854,33.086,,balanced,3,sqrt,1,,,,,
full_valid_model,random_forest,sigmoid,3,3,160,40,25,1.0,0.8880939505475632,32.742,,None,3,sqrt,1,,,,,
full_valid_model,random_forest,sigmoid,3,4,160,40,25,1.0,0.895523830413215,32.493,,None,3,sqrt,1,,,,,
full_valid_model,random_forest,sigmoid,4,0,160,40,25,1.0,0.90868954126665,37.297,,None,3,sqrt,1,,,,,
full_valid_model,random_forest,sigmoid,4,1,160,40,25,1.0,0.8761602363025183,32.744,,None,3,sqrt,1,,,,,
full_valid_model,random_forest,sigmoid,4,2,160,40,25,1.0,0.8862074312617552,32.585,,None,3,sqrt,1,,,,,
full_valid_model,random_forest,sigmoid,4,3,160,40,25,1.0,0.8987239127342033,32.684,,None,None,sqrt,1,,,,,
full_valid_model,random_forest,sigmoid,4,4,160,40,25,0.9986666666666667,0.8836375369764854,32.375,,None,3,sqrt,1,,,,,
full_valid_model,random_forest,isotonic,0,0,160,40,25,1.0,1.0,36.567,,None,None,sqrt,1,,,,,
full_valid_model,random_forest,isotonic,0,1,160,40,25,0.9986666666666667,0.9909997215315076,35.551,,None,3,sqrt,1,,,,,
full_valid_model,random_forest,isotonic,0,2,160,40,25,1.0,0.9908256880733946,35.224,,None,None,sqrt,1,,,,,
full_valid_model,random_forest,isotonic,0,3,160,40,25,0.9993131868131868,1.0,35.458,,balanced,3,sqrt,1,,,,,
full_valid_model,random_forest,isotonic,0,4,160,40,25,1.0,0.9686593390479395,33.855,,None,3,sqrt,1,,,,,
full_valid_model,random_forest,isotonic,1,0,160,40,25,1.0,0.9907546866800664,36.221,,balanced,3,sqrt,1,,,,,
full_valid_model,random_forest,isotonic,1,1,160,40,25,1.0,1.0,35.591,,None,3,sqrt,1,,,,,
full_valid_model,random_forest,isotonic,1,2,160,40,25,1.0,0.9848993288590604,35.9,,balanced,None,sqrt,1,,,,,
full_valid_model,random_forest,isotonic,1,3,160,40,25,0.9993333333333334,1.0,33.939,,balanced,3,sqrt,1,,,,,
full_valid_model,random_forest,isotonic,1,4,160,40,25,1.0,0.9189775910364145,34.091,,balanced,None,sqrt,1,,,,,
full_valid_model,random_forest,isotonic,2,0,160,40,25,0.9993131868131868,0.9822685790100651,35.577,,None,3,sqrt,1,,,,,
full_valid_model,random_forest,isotonic,2,1,160,40,25,1.0,1.0,35.655,,balanced,3,sqrt,1,,,,,
full_valid_model,random_forest,isotonic,2,2,160,40,25,1.0,0.9865739906754634,35.206,,None,3,sqrt,1,,,,,
full_valid_model,random_forest,isotonic,2,3,160,40,25,1.0,0.9873652071172322,32.829,,None,3,sqrt,1,,,,,
full_valid_model,random_forest,isotonic,2,4,160,40,25,1.0,1.0,35.304,,balanced,3,sqrt,1,,,,,
full_valid_model,random_forest,isotonic,3,0,160,40,25,1.0,0.9729075182456548,32.708,,None,3,sqrt,1,,,,,
full_valid_model,random_forest,isotonic,3,1,160,40,25,0.9993131868131868,1.0,32.867,,balanced,3,sqrt,1,,,,,
full_valid_model,random_forest,isotonic,3,2,160,40,25,1.0,0.9839212927252154,32.646,,balanced,3,sqrt,1,,,,,
full_valid_model,random_forest,isotonic,3,3,160,40,25,1.0,0.9951806357225382,32.652,,None,3,sqrt,1,,,,,
full_valid_model,random_forest,isotonic,3,4,160,40,25,1.0,0.9957219788259304,33.641,,None,3,sqrt,1,,,,,
full_valid_model,random_forest,isotonic,4,0,160,40,25,1.0,0.9767011134103043,34.857,,None,3,sqrt,1,,,,,
full_valid_model,random_forest,isotonic,4,1,160,40,25,1.0,1.0,32.759,,None,3,sqrt,1,,,,,
full_valid_model,random_forest,isotonic,4,2,160,40,25,1.0,1.0,35.228,,None,3,sqrt,1,,,,,
full_valid_model,random_forest,isotonic,4,3,160,40,25,1.0,0.9870689655172414,35.981,,None,None,sqrt,1,,,,,
full_valid_model,random_forest,isotonic,4,4,160,40,25,0.9986666666666667,1.0,35.721,,None,3,sqrt,1,,,,,
full_valid_model,svm,none,0,0,160,40,25,1.0,0.905800066200815,1.13,0.1,None,,,,scale,,,,
full_valid_model,svm,none,0,1,160,40,25,1.0,0.9043083275972505,1.135,0.1,None,,,,scale,,,,
full_valid_model,svm,none,0,2,160,40,25,1.0,0.8636094884481741,1.107,0.1,None,,,,scale,,,,
full_valid_model,svm,none,0,3,160,40,25,1.0,0.8414999332290124,1.117,0.1,None,,,,scale,,,,
full_valid_model,svm,none,0,4,160,40,25,1.0,0.9112575822538028,1.119,0.1,None,,,,scale,,,,
full_valid_model,svm,none,1,0,160,40,25,1.0,0.8716711946916412,1.249,0.1,None,,,,scale,,,,
full_valid_model,svm,none,1,1,160,40,25,1.0,0.8898833233343189,1.197,0.1,None,,,,scale,,,,
full_valid_model,svm,none,1,2,160,40,25,1.0,0.8744164297694207,1.217,0.1,None,,,,scale,,,,
full_valid_model,svm,none,1,3,160,40,25,1.0,0.833940318624915,1.198,0.1,None,,,,scale,,,,
full_valid_model,svm,none,1,4,160,40,25,1.0,0.8246474229118052,1.199,0.1,None,,,,scale,,,,
full_valid_model,svm,none,2,0,160,40,25,1.0,0.9367232029487607,1.148,0.1,balanced,,,,scale,,,,
full_valid_model,svm,none,2,1,160,40,25,1.0,0.9026572477706853,1.135,0.1,None,,,,scale,,,,
full_valid_model,svm,none,2,2,160,40,25,1.0,0.9407559424559916,1.129,0.1,None,,,,scale,,,,
full_valid_model,svm,none,2,3,160,40,25,1.0,0.8883933441400326,1.124,0.1,None,,,,scale,,,,
full_valid_model,svm,none,2,4,160,40,25,1.0,0.872679753074993,1.201,0.1,None,,,,scale,,,,
full_valid_model,svm,none,3,0,160,40,25,1.0,0.8858099297204128,1.182,0.1,None,,,,scale,,,,
full_valid_model,svm,none,3,1,160,40,25,1.0,0.8582778960260096,1.206,0.1,None,,,,scale,,,,
full_valid_model,svm,none,3,2,160,40,25,1.0,0.8892566678273884,1.236,0.1,None,,,,scale,,,,
full_valid_model,svm,none,3,3,160,40,25,1.0,0.8966880886386717,1.241,0.1,None,,,,scale,,,,
full_valid_model,svm,none,3,4,160,40,25,1.0,0.8817662284799787,1.199,0.1,None,,,,scale,,,,
full_valid_model,svm,none,4,0,160,40,25,1.0,0.8192364362658309,1.237,0.1,None,,,,scale,,,,
full_valid_model,svm,none,4,1,160,40,25,1.0,0.8624589606136883,1.217,0.1,None,,,,scale,,,,
full_valid_model,svm,none,4,2,160,40,25,1.0,0.8695312795921301,1.328,0.1,None,,,,scale,,,,
full_valid_model,svm,none,4,3,160,40,25,1.0,0.8827325100195383,1.248,0.1,None,,,,scale,,,,
full_valid_model,svm,none,4,4,160,40,25,1.0,0.9415396894929017,1.226,0.1,balanced,,,,scale,,,,
full_valid_model,svm,sigmoid,0,0,160,40,25,1.0,0.8218381258585294,1.594,0.1,None,,,,scale,,,,
full_valid_model,svm,sigmoid,0,1,160,40,25,1.0,0.8425166148846842,1.581,0.1,None,,,,scale,,,,
full_valid_model,svm,sigmoid,0,2,160,40,25,1.0,0.8184181183469168,1.575,0.1,None,,,,scale,,,,
full_valid_model,svm,sigmoid,0,3,160,40,25,1.0,0.7886710841813916,1.617,0.1,None,,,,scale,,,,
full_valid_model,svm,sigmoid,0,4,160,40,25,1.0,0.839476365181515,1.586,0.1,None,,,,scale,,,,
full_valid_model,svm,sigmoid,1,0,160,40,25,1.0,0.8413418647337401,1.691,0.1,None,,,,scale,,,,
full_valid_model,svm,sigmoid,1,1,160,40,25,1.0,0.8498542831222548,1.72,0.1,None,,,,scale,,,,
full_valid_model,svm,sigmoid,1,2,160,40,25,1.0,0.7916220567264086,1.72,0.1,None,,,,scale,,,,
full_valid_model,svm,sigmoid,1,3,160,40,25,1.0,0.8229429886971996,1.701,0.1,None,,,,scale,,,,
full_valid_model,svm,sigmoid,1,4,160,40,25,1.0,0.7935839031172112,1.685,0.1,None,,,,scale,,,,
full_valid_model,svm,sigmoid,2,0,160,40,25,1.0,0.7561902756991441,1.741,0.1,balanced,,,,scale,,,,
full_valid_model,svm,sigmoid,2,1,160,40,25,1.0,0.8135710294136432,1.795,0.1,None,,,,scale,,,,
full_valid_model,svm,sigmoid,2,2,160,40,25,1.0,0.8723505596272276,1.675,0.1,None,,,,scale,,,,
full_valid_model,svm,sigmoid,2,3,160,40,25,1.0,0.8215555403713216,1.71,0.1,None,,,,scale,,,,
full_valid_model,svm,sigmoid,2,4,160,40,25,1.0,0.8019665403867406,1.802,0.1,None,,,,scale,,,,
full_valid_model,svm,sigmoid,3,0,160,40,25,1.0,0.8361312943517393,1.784,0.1,None,,,,scale,,,,
full_valid_model,svm,sigmoid,3,1,160,40,25,1.0,0.8303195182515419,1.712,0.1,None,,,,scale,,,,
full_valid_model,svm,sigmoid,3,2,160,40,25,1.0,0.8229799955274084,1.735,0.1,None,,,,scale,,,,
full_valid_model,svm,sigmoid,3,3,160,40,25,1.0,0.8215421141306269,1.69,0.1,None,,,,scale,,,,
full_valid_model,svm,sigmoid,3,4,160,40,25,1.0,0.8229562811688206,1.714,0.1,None,,,,scale,,,,
full_valid_model,svm,sigmoid,4,0,160,40,25,1.0,0.8322216146104533,1.685,0.1,None,,,,scale,,,,
full_valid_model,svm,sigmoid,4,1,160,40,25,1.0,0.8184575580697648,1.717,0.1,None,,,,scale,,,,
full_valid_model,svm,sigmoid,4,2,160,40,25,1.0,0.8138912857575717,1.843,0.1,None,,,,scale,,,,
full_valid_model,svm,sigmoid,4,3,160,40,25,1.0,0.806179000199367,1.74,0.1,None,,,,scale,,,,
full_valid_model,svm,sigmoid,4,4,160,40,25,1.0,0.7992959776503699,1.793,0.1,balanced,,,,scale,,,,
full_valid_model,svm,isotonic,0,0,160,40,25,1.0,0.9777971813356161,1.572,0.1,None,,,,scale,,,,
full_valid_model,svm,isotonic,0,1,160,40,25,1.0,0.9634828105840418,1.585,0.1,None,,,,scale,,,,
full_valid_model,svm,isotonic,0,2,160,40,25,1.0,0.9809440665009668,1.578,0.1,None,,,,scale,,,,
full_valid_model,svm,isotonic,0,3,160,40,25,1.0,1.0,1.571,0.1,None,,,,scale,,,,
full_valid_model,svm,isotonic,0,4,160,40,25,1.0,0.9776812831953525,1.647,0.1,None,,,,scale,,,,
full_valid_model,svm,isotonic,1,0,160,40,25,1.0,0.991051282271386,1.725,0.1,None,,,,scale,,,,
full_valid_model,svm,isotonic,1,1,160,40,25,1.0,0.9652212695114623,1.676,0.1,None,,,,scale,,,,
full_valid_model,svm,isotonic,1,2,160,40,25,1.0,1.0,1.701,0.1,None,,,,scale,,,,
full_valid_model,svm,isotonic,1,3,160,40,25,1.0,0.9985033145524969,1.686,0.1,None,,,,scale,,,,
full_valid_model,svm,isotonic,1,4,160,40,25,1.0,0.9723043796646358,1.628,0.1,None,,,,scale,,,,
full_valid_model,svm,isotonic,2,0,160,40,25,1.0,1.0,1.801,0.1,balanced,,,,scale,,,,
full_valid_model,svm,isotonic,2,1,160,40,25,1.0,0.9612873266187802,1.703,0.1,None,,,,scale,,,,
full_valid_model,svm,isotonic,2,2,160,40,25,1.0,1.0,1.695,0.1,None,,,,scale,,,,
full_valid_model,svm,isotonic,2,3,160,40,25,1.0,0.9855746829624078,1.639,0.1,None,,,,scale,,,,
full_valid_model,svm,isotonic,2,4,160,40,25,1.0,0.9802225053285184,1.643,0.1,None,,,,scale,,,,
full_valid_model,svm,isotonic,3,0,160,40,25,1.0,1.0,1.584,0.1,None,,,,scale,,,,
full_valid_model,svm,isotonic,3,1,160,40,25,1.0,0.9617540012101413,1.578,0.1,None,,,,scale,,,,
full_valid_model,svm,isotonic,3,2,160,40,25,1.0,1.0,1.669,0.1,None,,,,scale,,,,
full_valid_model,svm,isotonic,3,3,160,40,25,1.0,1.0,1.639,0.1,None,,,,scale,,,,
full_valid_model,svm,isotonic,3,4,160,40,25,1.0,1.0,1.696,0.1,None,,,,scale,,,,
full_valid_model,svm,isotonic,4,0,160,40,25,1.0,1.0,1.762,0.1,None,,,,scale,,,,
full_valid_model,svm,isotonic,4,1,160,40,25,1.0,1.0,1.687,0.1,None,,,,scale,,,,
full_valid_model,svm,isotonic,4,2,160,40,25,1.0,1.0,1.632,0.1,None,,,,scale,,,,
full_valid_model,svm,isotonic,4,3,160,40,25,1.0,1.0,1.595,0.1,None,,,,scale,,,,
full_valid_model,svm,isotonic,4,4,160,40,25,1.0,1.0,1.623,0.1,balanced,,,,scale,,,,
full_valid_model,xgboost,none,0,0,160,40,25,0.9925256410256411,0.9093949198722839,3.481,,,2,,,,0.8,0.05,5.0,0.8
full_valid_model,xgboost,none,0,1,160,40,25,0.9966666666666667,0.928711473941803,2.782,,,3,,,,0.8,0.05,1.0,0.8
full_valid_model,xgboost,none,0,2,160,40,25,0.9972728937728939,0.9048238396644592,2.695,,,2,,,,0.8,0.05,5.0,0.8
full_valid_model,xgboost,none,0,3,160,40,25,0.9958791208791209,0.9096540808677673,2.742,,,2,,,,0.8,0.05,5.0,0.8
full_valid_model,xgboost,none,0,4,160,40,25,0.9973131868131868,0.9296334385871887,2.688,,,2,,,,0.8,0.05,5.0,0.8
full_valid_model,xgboost,none,1,0,160,40,25,0.9966666666666668,0.8960837125778198,3.005,,,2,,,,0.8,0.1,5.0,0.8
full_valid_model,xgboost,none,1,1,160,40,25,0.9966062271062271,0.9438028931617737,2.668,,,2,,,,0.8,0.05,5.0,0.8
full_valid_model,xgboost,none,1,2,160,40,25,0.9966062271062271,0.887215256690979,2.616,,,2,,,,0.8,0.05,5.0,0.8
full_valid_model,xgboost,none,1,3,160,40,25,0.9946666666666667,0.8911409974098206,2.737,,,3,,,,0.8,0.05,5.0,0.8
full_valid_model,xgboost,none,1,4,160,40,25,0.9945457875457876,0.7877926826477051,2.74,,,2,,,,0.8,0.05,5.0,0.8
full_valid_model,xgboost,none,2,0,160,40,25,0.9959395604395606,0.9100437760353088,2.899,,,2,,,,0.8,0.1,5.0,0.8
full_valid_model,xgboost,none,2,1,160,40,25,0.998,0.9191127419471741,2.702,,,2,,,,0.8,0.05,5.0,0.8
full_valid_model,xgboost,none,2,2,160,40,25,0.9993333333333334,0.9203604459762573,2.616,,,2,,,,0.8,0.05,5.0,0.8
full_valid_model,xgboost,none,2,3,160,40,25,0.9993131868131868,0.9755142331123352,2.726,,,2,,,,0.8,0.05,1.0,0.8
full_valid_model,xgboost,none,2,4,160,40,25,0.9959798534798535,0.9157668948173523,2.724,,,2,,,,0.8,0.05,5.0,0.8
full_valid_model,xgboost,none,3,0,160,40,25,0.9972930402930403,0.9011722803115845,2.735,,,3,,,,0.8,0.05,5.0,0.8
full_valid_model,xgboost,none,3,1,160,40,25,0.997959706959707,0.8920547366142273,2.641,,,2,,,,0.8,0.05,5.0,0.8
full_valid_model,xgboost,none,3,2,160,40,25,0.9972930402930404,0.8723862767219543,2.674,,,2,,,,0.8,0.05,5.0,0.8
full_valid_model,xgboost,none,3,3,160,40,25,0.9993131868131868,0.9358522295951843,2.644,,,2,,,,0.8,0.1,5.0,0.8
full_valid_model,xgboost,none,3,4,160,40,25,0.9986666666666667,0.9209455251693726,2.636,,,2,,,,0.8,0.05,5.0,0.8
full_valid_model,xgboost,none,4,0,160,40,25,0.997959706959707,0.9256320595741272,2.717,,,2,,,,0.8,0.05,5.0,0.8
full_valid_model,xgboost,none,4,1,160,40,25,0.9958791208791209,0.8677416443824768,2.667,,,2,,,,0.8,0.05,5.0,0.8
full_valid_model,xgboost,none,4,2,160,40,25,0.9951923076923077,0.918053388595581,2.789,,,3,,,,0.8,0.05,5.0,0.8
full_valid_model,xgboost,none,4,3,160,40,25,0.9993131868131868,0.9232931137084961,2.754,,,3,,,,0.8,0.05,5.0,0.8
full_valid_model,xgboost,none,4,4,160,40,25,0.9973333333333334,0.9299790263175964,2.7,,,3,,,,0.8,0.05,5.0,0.8
full_valid_model,xgboost,sigmoid,0,0,160,40,25,0.9925256410256411,0.9095327716745129,3.995,,,2,,,,0.8,0.05,5.0,0.8
full_valid_model,xgboost,sigmoid,0,1,160,40,25,0.9966666666666667,0.9131474094230223,4.068,,,3,,,,0.8,0.05,1.0,0.8
full_valid_model,xgboost,sigmoid,0,2,160,40,25,0.9972728937728939,0.8890209802435884,4.115,,,2,,,,0.8,0.05,5.0,0.8
full_valid_model,xgboost,sigmoid,0,3,160,40,25,0.9958791208791209,0.9032834977487435,4.047,,,2,,,,0.8,0.05,5.0,0.8
full_valid_model,xgboost,sigmoid,0,4,160,40,25,0.9973131868131868,0.9207790714057361,4.393,,,2,,,,0.8,0.05,5.0,0.8
full_valid_model,xgboost,sigmoid,1,0,160,40,25,0.9966666666666668,0.9139374745301624,3.961,,,2,,,,0.8,0.1,5.0,0.8
full_valid_model,xgboost,sigmoid,1,1,160,40,25,0.9966062271062271,0.9258071658374909,4.076,,,2,,,,0.8,0.05,5.0,0.8
full_valid_model,xgboost,sigmoid,1,2,160,40,25,0.9966062271062271,0.9029760456132341,3.968,,,2,,,,0.8,0.05,5.0,0.8
full_valid_model,xgboost,sigmoid,1,3,160,40,25,0.9946666666666667,0.8942876864245157,4.187,,,3,,,,0.8,0.05,5.0,0.8
full_valid_model,xgboost,sigmoid,1,4,160,40,25,0.9945457875457876,0.8488141772922919,4.289,,,2,,,,0.8,0.05,5.0,0.8
full_valid_model,xgboost,sigmoid,2,0,160,40,25,0.9959395604395606,0.9071326497016243,4.024,,,2,,,,0.8,0.1,5.0,0.8
full_valid_model,xgboost,sigmoid,2,1,160,40,25,0.998,0.9100136047320276,4.031,,,2,,,,0.8,0.05,5.0,0.8
full_valid_model,xgboost,sigmoid,2,2,160,40,25,0.9993333333333334,0.8999163757587044,4.269,,,2,,,,0.8,0.05,5.0,0.8
full_valid_model,xgboost,sigmoid,2,3,160,40,25,0.9993131868131868,0.9414893239301105,3.935,,,2,,,,0.8,0.05,1.0,0.8
full_valid_model,xgboost,sigmoid,2,4,160,40,25,0.9959798534798535,0.9029902474867918,4.007,,,2,,,,0.8,0.05,5.0,0.8
full_valid_model,xgboost,sigmoid,3,0,160,40,25,0.9972930402930403,0.8976262799143514,4.006,,,3,,,,0.8,0.05,5.0,0.8
full_valid_model,xgboost,sigmoid,3,1,160,40,25,0.997959706959707,0.9090025989944882,4.215,,,2,,,,0.8,0.05,5.0,0.8
full_valid_model,xgboost,sigmoid,3,2,160,40,25,0.9972930402930404,0.8947616959686905,4.208,,,2,,,,0.8,0.05,5.0,0.8
full_valid_model,xgboost,sigmoid,3,3,160,40,25,0.9993131868131868,0.9258418341341663,3.886,,,2,,,,0.8,0.1,5.0,0.8
full_valid_model,xgboost,sigmoid,3,4,160,40,25,0.9986666666666667,0.9154153793363702,3.986,,,2,,,,0.8,0.05,5.0,0.8
full_valid_model,xgboost,sigmoid,4,0,160,40,25,0.997959706959707,0.9119520864161677,3.964,,,2,,,,0.8,0.05,5.0,0.8
full_valid_model,xgboost,sigmoid,4,1,160,40,25,0.9958791208791209,0.9003478978613311,4.575,,,2,,,,0.8,0.05,5.0,0.8
full_valid_model,xgboost,sigmoid,4,2,160,40,25,0.9951923076923077,0.9114350247333871,4.057,,,3,,,,0.8,0.05,5.0,0.8
full_valid_model,xgboost,sigmoid,4,3,160,40,25,0.9993131868131868,0.9140130470887873,4.059,,,3,,,,0.8,0.05,5.0,0.8
full_valid_model,xgboost,sigmoid,4,4,160,40,25,0.9973333333333334,0.9234880332039949,4.07,,,3,,,,0.8,0.05,5.0,0.8
full_valid_model,xgboost,isotonic,0,0,160,40,25,0.9925256410256411,0.9882802665233612,3.892,,,2,,,,0.8,0.05,5.0,0.8
full_valid_model,xgboost,isotonic,0,1,160,40,25,0.9966666666666667,0.926898330450058,4.22,,,3,,,,0.8,0.05,1.0,0.8
full_valid_model,xgboost,isotonic,0,2,160,40,25,0.9972728937728939,0.8792825788259506,3.916,,,2,,,,0.8,0.05,5.0,0.8
full_valid_model,xgboost,isotonic,0,3,160,40,25,0.9958791208791209,0.961243286728859,3.899,,,2,,,,0.8,0.05,5.0,0.8
full_valid_model,xgboost,isotonic,0,4,160,40,25,0.9973131868131868,0.9842334985733032,3.89,,,2,,,,0.8,0.05,5.0,0.8
full_valid_model,xgboost,isotonic,1,0,160,40,25,0.9966666666666668,0.9321891963481903,3.94,,,2,,,,0.8,0.1,5.0,0.8
full_valid_model,xgboost,isotonic,1,1,160,40,25,0.9966062271062271,0.9999999701976776,4.353,,,2,,,,0.8,0.05,5.0,0.8
full_valid_model,xgboost,isotonic,1,2,160,40,25,0.9966062271062271,0.9106340110301971,3.894,,,2,,,,0.8,0.05,5.0,0.8
full_valid_model,xgboost,isotonic,1,3,160,40,25,0.9946666666666667,0.9723306149244308,3.992,,,3,,,,0.8,0.05,5.0,0.8
full_valid_model,xgboost,isotonic,1,4,160,40,25,0.9945457875457876,0.8593943864107132,3.963,,,2,,,,0.8,0.05,5.0,0.8
full_valid_model,xgboost,isotonic,2,0,160,40,25,0.9959395604395606,0.8541666716337204,4.249,,,2,,,,0.8,0.1,5.0,0.8
full_valid_model,xgboost,isotonic,2,1,160,40,25,0.998,0.9825019091367722,4.113,,,2,,,,0.8,0.05,5.0,0.8
full_valid_model,xgboost,isotonic,2,2,160,40,25,0.9993333333333334,0.9554209560155869,3.888,,,2,,,,0.8,0.05,5.0,0.8
full_valid_model,xgboost,isotonic,2,3,160,40,25,0.9993131868131868,0.9976352751255035,3.852,,,2,,,,0.8,0.05,1.0,0.8
full_valid_model,xgboost,isotonic,2,4,160,40,25,0.9959798534798535,0.9192559272050858,3.994,,,2,,,,0.8,0.05,5.0,0.8
full_valid_model,xgboost,isotonic,3,0,160,40,25,0.9972930402930403,0.8994426429271698,4.075,,,3,,,,0.8,0.05,5.0,0.8
full_valid_model,xgboost,isotonic,3,1,160,40,25,0.997959706959707,0.9023604840040207,3.937,,,2,,,,0.8,0.05,5.0,0.8
full_valid_model,xgboost,isotonic,3,2,160,40,25,0.9972930402930404,0.9695190787315369,4.039,,,2,,,,0.8,0.05,5.0,0.8
full_valid_model,xgboost,isotonic,3,3,160,40,25,0.9993131868131868,0.875,4.246,,,2,,,,0.8,0.1,5.0,0.8
full_valid_model,xgboost,isotonic,3,4,160,40,25,0.9986666666666667,0.967009887099266,4.203,,,2,,,,0.8,0.05,5.0,0.8
full_valid_model,xgboost,isotonic,4,0,160,40,25,0.997959706959707,0.9685407727956772,3.959,,,2,,,,0.8,0.05,5.0,0.8
full_valid_model,xgboost,isotonic,4,1,160,40,25,0.9958791208791209,0.9505474120378494,3.994,,,2,,,,0.8,0.05,5.0,0.8
full_valid_model,xgboost,isotonic,4,2,160,40,25,0.9951923076923077,0.9974439293146133,4.068,,,3,,,,0.8,0.05,5.0,0.8
full_valid_model,xgboost,isotonic,4,3,160,40,25,0.9993131868131868,0.9798916727304459,4.336,,,3,,,,0.8,0.05,5.0,0.8
full_valid_model,xgboost,isotonic,4,4,160,40,25,0.9973333333333334,0.9965295791625977,4.185,,,3,,,,0.8,0.05,5.0,0.8
full_valid_model,ebm,none,0,0,160,40,25,1.0,0.9995591652490261,73.399,,,,,,,,0.01,,
full_valid_model,ebm,none,0,1,160,40,25,0.9973333333333334,0.9951009974481186,47.14,,,,,,,,0.01,,
full_valid_model,ebm,none,0,2,160,40,25,1.0,0.9998110711668915,41.65,,,,,,,,0.05,,
full_valid_model,ebm,none,0,3,160,40,25,1.0,0.9998488442676229,45.843,,,,,,,,0.05,,
full_valid_model,ebm,none,0,4,160,40,25,1.0,0.9999226143115203,58.254,,,,,,,,0.05,,
full_valid_model,ebm,none,1,0,160,40,25,1.0,0.9999973709918181,67.23,,,,,,,,0.05,,
full_valid_model,ebm,none,1,1,160,40,25,0.9993333333333334,0.9911345714371095,41.19,,,,,,,,0.01,,
full_valid_model,ebm,none,1,2,160,40,25,0.9993333333333334,0.9994080171774663,59.341,,,,,,,,0.05,,
full_valid_model,ebm,none,1,3,160,40,25,1.0,0.9983097363679555,59.769,,,,,,,,0.01,,
full_valid_model,ebm,none,1,4,160,40,25,0.9993131868131868,0.9999489810863698,72.729,,,,,,,,0.05,,
full_valid_model,ebm,none,2,0,160,40,25,0.9993333333333334,0.9959015568608308,54.036,,,,,,,,0.01,,
full_valid_model,ebm,none,2,1,160,40,25,0.998,0.988799427880833,54.819,,,,,,,,0.01,,
full_valid_model,ebm,none,2,2,160,40,25,0.9993131868131868,0.999377784934393,62.868,,,,,,,,0.01,,
full_valid_model,ebm,none,2,3,160,40,25,1.0,0.9999977932460848,46.36,,,,,,,,0.05,,
full_valid_model,ebm,none,2,4,160,40,25,1.0,0.9997334748157062,60.368,,,,,,,,0.05,,
full_valid_model,ebm,none,3,0,160,40,25,0.9993131868131868,0.9976050695155773,53.996,,,,,,,,0.01,,
full_valid_model,ebm,none,3,1,160,40,25,1.0,0.9999562370716958,71.76,,,,,,,,0.05,,
full_valid_model,ebm,none,3,2,160,40,25,0.997959706959707,0.9703344058707651,56.024,,,,,,,,0.01,,
full_valid_model,ebm,none,3,3,160,40,25,1.0,0.9995307267621685,57.68,,,,,,,,0.01,,
full_valid_model,ebm,none,3,4,160,40,25,1.0,0.9962218626967705,56.902,,,,,,,,0.01,,
full_valid_model,ebm,none,4,0,160,40,25,1.0,0.9983414836787694,74.359,,,,,,,,0.01,,
full_valid_model,ebm,none,4,1,160,40,25,1.0,0.9999797311052465,51.331,,,,,,,,0.05,,
full_valid_model,ebm,none,4,2,160,40,25,1.0,0.9999474504842786,66.006,,,,,,,,0.05,,
full_valid_model,ebm,none,4,3,160,40,25,1.0,0.985026601444075,71.922,,,,,,,,0.01,,
full_valid_model,ebm,none,4,4,160,40,25,0.9913333333333334,0.9999861956638928,81.805,,,,,,,,0.05,,
full_valid_model,ebm,sigmoid,0,0,160,40,25,1.0,0.7881843960910431,171.637,,,,,,,,0.01,,
full_valid_model,ebm,sigmoid,0,1,160,40,25,0.9973333333333334,0.7837058430221306,130.82,,,,,,,,0.01,,
full_valid_model,ebm,sigmoid,0,2,160,40,25,1.0,0.7267307407409177,123.154,,,,,,,,0.05,,
full_valid_model,ebm,sigmoid,0,3,160,40,25,1.0,0.723865232544529,111.555,,,,,,,,0.05,,
full_valid_model,ebm,sigmoid,0,4,160,40,25,1.0,0.74670954356754,123.968,,,,,,,,0.05,,
full_valid_model,ebm,sigmoid,1,0,160,40,25,1.0,0.750398799265099,148.276,,,,,,,,0.05,,
full_valid_model,ebm,sigmoid,1,1,160,40,25,0.9993333333333334,0.7867648966764332,138.44,,,,,,,,0.01,,
full_valid_model,ebm,sigmoid,1,2,160,40,25,0.9993333333333334,0.6997430281081247,110.829,,,,,,,,0.05,,
full_valid_model,ebm,sigmoid,1,3,160,40,25,1.0,0.7595614132928477,134.849,,,,,,,,0.01,,
full_valid_model,ebm,sigmoid,1,4,160,40,25,0.9993131868131868,0.7624600487388757,125.003,,,,,,,,0.05,,
full_valid_model,ebm,sigmoid,2,0,160,40,25,0.9993333333333334,0.7539087414654542,142.803,,,,,,,,0.01,,
full_valid_model,ebm,sigmoid,2,1,160,40,25,0.998,0.7618877527263357,131.281,,,,,,,,0.01,,
full_valid_model,ebm,sigmoid,2,2,160,40,25,0.9993131868131868,0.804157816541422,160.059,,,,,,,,0.01,,
full_valid_model,ebm,sigmoid,2,3,160,40,25,1.0,0.742512429507377,106.467,,,,,,,,0.05,,
full_valid_model,ebm,sigmoid,2,4,160,40,25,1.0,0.7325539726920705,153.065,,,,,,,,0.05,,
full_valid_model,ebm,sigmoid,3,0,160,40,25,0.9993131868131868,0.8097478193119221,144.003,,,,,,,,0.01,,
full_valid_model,ebm,sigmoid,3,1,160,40,25,1.0,0.7373815046559961,143.259,,,,,,,,0.05,,
full_valid_model,ebm,sigmoid,3,2,160,40,25,0.997959706959707,0.7348907686535875,131.283,,,,,,,,0.01,,
full_valid_model,ebm,sigmoid,3,3,160,40,25,1.0,0.7837080056134706,150.279,,,,,,,,0.01,,
full_valid_model,ebm,sigmoid,3,4,160,40,25,1.0,0.7075749504692671,163.62,,,,,,,,0.01,,
full_valid_model,ebm,sigmoid,4,0,160,40,25,1.0,0.7399141323318675,139.152,,,,,,,,0.01,,
full_valid_model,ebm,sigmoid,4,1,160,40,25,1.0,0.7456463304943365,107.35,,,,,,,,0.05,,
full_valid_model,ebm,sigmoid,4,2,160,40,25,1.0,0.6957403530016399,119.742,,,,,,,,0.05,,
full_valid_model,ebm,sigmoid,4,3,160,40,25,1.0,0.6717026532073136,164.834,,,,,,,,0.01,,
full_valid_model,ebm,sigmoid,4,4,160,40,25,0.9913333333333334,0.7448555613721366,120.067,,,,,,,,0.05,,
full_valid_model,ebm,isotonic,0,0,160,40,25,1.0,0.9950846641714206,176.844,,,,,,,,0.01,,
full_valid_model,ebm,isotonic,0,1,160,40,25,0.9973333333333334,1.0,120.734,,,,,,,,0.01,,
full_valid_model,ebm,isotonic,0,2,160,40,25,1.0,1.0,110.25,,,,,,,,0.05,,
full_valid_model,ebm,isotonic,0,3,160,40,25,1.0,1.0,105.868,,,,,,,,0.05,,
full_valid_model,ebm,isotonic,0,4,160,40,25,1.0,1.0,103.794,,,,,,,,0.05,,
full_valid_model,ebm,isotonic,1,0,160,40,25,1.0,1.0,152.487,,,,,,,,0.05,,
full_valid_model,ebm,isotonic,1,1,160,40,25,0.9993333333333334,0.9590927689900983,139.449,,,,,,,,0.01,,
full_valid_model,ebm,isotonic,1,2,160,40,25,0.9993333333333334,1.0,111.744,,,,,,,,0.05,,
full_valid_model,ebm,isotonic,1,3,160,40,25,1.0,1.0,133.883,,,,,,,,0.01,,
full_valid_model,ebm,isotonic,1,4,160,40,25,0.9993131868131868,0.9930898693316292,112.154,,,,,,,,0.05,,
full_valid_model,ebm,isotonic,2,0,160,40,25,0.9993333333333334,0.9503365600280991,158.813,,,,,,,,0.01,,
full_valid_model,ebm,isotonic,2,1,160,40,25,0.998,0.875,134.197,,,,,,,,0.01,,
full_valid_model,ebm,isotonic,2,2,160,40,25,0.9993131868131868,0.9946818762433999,178.587,,,,,,,,0.01,,
full_valid_model,ebm,isotonic,2,3,160,40,25,1.0,0.9716632107950205,121.099,,,,,,,,0.05,,
full_valid_model,ebm,isotonic,2,4,160,40,25,1.0,0.9486905313779754,128.987,,,,,,,,0.05,,
full_valid_model,ebm,isotonic,3,0,160,40,25,0.9993131868131868,0.9838983532481287,141.684,,,,,,,,0.01,,
full_valid_model,ebm,isotonic,3,1,160,40,25,1.0,0.9855981832520867,140.37,,,,,,,,0.05,,
full_valid_model,ebm,isotonic,3,2,160,40,25,0.997959706959707,0.9740306699408079,150.023,,,,,,,,0.01,,
full_valid_model,ebm,isotonic,3,3,160,40,25,1.0,0.9594508467010718,132.252,,,,,,,,0.01,,
full_valid_model,ebm,isotonic,3,4,160,40,25,1.0,0.9839046353015487,144.666,,,,,,,,0.01,,
full_valid_model,ebm,isotonic,4,0,160,40,25,1.0,0.9645096326289446,141.693,,,,,,,,0.01,,
full_valid_model,ebm,isotonic,4,1,160,40,25,1.0,0.9980259084055613,102.879,,,,,,,,0.05,,
full_valid_model,ebm,isotonic,4,2,160,40,25,1.0,0.9907905014369882,130.364,,,,,,,,0.05,,
full_valid_model,ebm,isotonic,4,3,160,40,25,1.0,0.8627802573351868,199.56,,,,,,,,0.01,,
full_valid_model,ebm,isotonic,4,4,160,40,25,0.9913333333333334,1.0,129.204,,,,,,,,0.05,,
low_cost_model,dummy,none,0,0,160,40,11,,0.6333333333333333,0.048,,,,,,,,,,
low_cost_model,dummy,none,0,1,160,40,11,,0.6333333333333333,0.048,,,,,,,,,,
low_cost_model,dummy,none,0,2,160,40,11,,0.6333333333333333,0.049,,,,,,,,,,
low_cost_model,dummy,none,0,3,160,40,11,,0.6416666666666667,0.046,,,,,,,,,,
low_cost_model,dummy,none,0,4,160,40,11,,0.6416666666666667,0.047,,,,,,,,,,
low_cost_model,dummy,none,1,0,160,40,11,,0.6333333333333333,0.049,,,,,,,,,,
low_cost_model,dummy,none,1,1,160,40,11,,0.6333333333333333,0.048,,,,,,,,,,
low_cost_model,dummy,none,1,2,160,40,11,,0.6333333333333333,0.046,,,,,,,,,,
low_cost_model,dummy,none,1,3,160,40,11,,0.6416666666666667,0.045,,,,,,,,,,
low_cost_model,dummy,none,1,4,160,40,11,,0.6416666666666667,0.045,,,,,,,,,,
low_cost_model,dummy,none,2,0,160,40,11,,0.6333333333333333,0.049,,,,,,,,,,
low_cost_model,dummy,none,2,1,160,40,11,,0.6333333333333333,0.048,,,,,,,,,,
low_cost_model,dummy,none,2,2,160,40,11,,0.6333333333333333,0.047,,,,,,,,,,
low_cost_model,dummy,none,2,3,160,40,11,,0.6416666666666667,0.05,,,,,,,,,,
low_cost_model,dummy,none,2,4,160,40,11,,0.6416666666666667,0.046,,,,,,,,,,
low_cost_model,dummy,none,3,0,160,40,11,,0.6333333333333333,0.046,,,,,,,,,,
low_cost_model,dummy,none,3,1,160,40,11,,0.6333333333333333,0.047,,,,,,,,,,
low_cost_model,dummy,none,3,2,160,40,11,,0.6333333333333333,0.048,,,,,,,,,,
low_cost_model,dummy,none,3,3,160,40,11,,0.6416666666666667,0.048,,,,,,,,,,
low_cost_model,dummy,none,3,4,160,40,11,,0.6416666666666667,0.045,,,,,,,,,,
low_cost_model,dummy,none,4,0,160,40,11,,0.6333333333333333,0.048,,,,,,,,,,
low_cost_model,dummy,none,4,1,160,40,11,,0.6333333333333333,0.047,,,,,,,,,,
low_cost_model,dummy,none,4,2,160,40,11,,0.6333333333333333,0.048,,,,,,,,,,
low_cost_model,dummy,none,4,3,160,40,11,,0.6416666666666667,0.047,,,,,,,,,,
low_cost_model,dummy,none,4,4,160,40,11,,0.6416666666666667,0.048,,,,,,,,,,
low_cost_model,dummy,sigmoid,0,0,160,40,11,,0.6313797313556672,0.338,,,,,,,,,,
low_cost_model,dummy,sigmoid,0,1,160,40,11,,0.6313797313556672,0.341,,,,,,,,,,
low_cost_model,dummy,sigmoid,0,2,160,40,11,,0.6313797313556673,0.352,,,,,,,,,,
low_cost_model,dummy,sigmoid,0,3,160,40,11,,0.6395701520450653,0.336,,,,,,,,,,
low_cost_model,dummy,sigmoid,0,4,160,40,11,,0.6395701520450653,0.354,,,,,,,,,,
low_cost_model,dummy,sigmoid,1,0,160,40,11,,0.6313797313556672,0.334,,,,,,,,,,
low_cost_model,dummy,sigmoid,1,1,160,40,11,,0.6313797313556672,0.329,,,,,,,,,,
low_cost_model,dummy,sigmoid,1,2,160,40,11,,0.6313797313556672,0.335,,,,,,,,,,
low_cost_model,dummy,sigmoid,1,3,160,40,11,,0.6395701520450654,0.337,,,,,,,,,,
low_cost_model,dummy,sigmoid,1,4,160,40,11,,0.6395701520450654,0.337,,,,,,,,,,
low_cost_model,dummy,sigmoid,2,0,160,40,11,,0.6313797313556672,0.344,,,,,,,,,,
low_cost_model,dummy,sigmoid,2,1,160,40,11,,0.6313797313556672,0.336,,,,,,,,,,
low_cost_model,dummy,sigmoid,2,2,160,40,11,,0.6313797313556672,0.333,,,,,,,,,,
low_cost_model,dummy,sigmoid,2,3,160,40,11,,0.6395701520450654,0.334,,,,,,,,,,
low_cost_model,dummy,sigmoid,2,4,160,40,11,,0.6395701520450654,0.334,,,,,,,,,,
low_cost_model,dummy,sigmoid,3,0,160,40,11,,0.6313797313556672,0.33,,,,,,,,,,
low_cost_model,dummy,sigmoid,3,1,160,40,11,,0.6313797313556673,0.327,,,,,,,,,,
low_cost_model,dummy,sigmoid,3,2,160,40,11,,0.6313797313556673,0.338,,,,,,,,,,
low_cost_model,dummy,sigmoid,3,3,160,40,11,,0.6395701520450654,0.391,,,,,,,,,,
low_cost_model,dummy,sigmoid,3,4,160,40,11,,0.6395701520450653,0.339,,,,,,,,,,
low_cost_model,dummy,sigmoid,4,0,160,40,11,,0.6313797313556672,0.338,,,,,,,,,,
low_cost_model,dummy,sigmoid,4,1,160,40,11,,0.6313797313556672,0.339,,,,,,,,,,
low_cost_model,dummy,sigmoid,4,2,160,40,11,,0.6313797313556672,0.352,,,,,,,,,,
low_cost_model,dummy,sigmoid,4,3,160,40,11,,0.6395701520450654,0.338,,,,,,,,,,
low_cost_model,dummy,sigmoid,4,4,160,40,11,,0.6395701520450653,0.334,,,,,,,,,,
low_cost_model,dummy,isotonic,0,0,160,40,11,,0.6333333333333333,0.33,,,,,,,,,,
low_cost_model,dummy,isotonic,0,1,160,40,11,,0.6333333333333333,0.327,,,,,,,,,,
low_cost_model,dummy,isotonic,0,2,160,40,11,,0.6333333333333333,0.328,,,,,,,,,,
low_cost_model,dummy,isotonic,0,3,160,40,11,,0.6416666666666666,0.325,,,,,,,,,,
low_cost_model,dummy,isotonic,0,4,160,40,11,,0.6416666666666666,0.322,,,,,,,,,,
low_cost_model,dummy,isotonic,1,0,160,40,11,,0.6333333333333333,0.325,,,,,,,,,,
low_cost_model,dummy,isotonic,1,1,160,40,11,,0.6333333333333333,0.337,,,,,,,,,,
low_cost_model,dummy,isotonic,1,2,160,40,11,,0.6333333333333333,0.327,,,,,,,,,,
low_cost_model,dummy,isotonic,1,3,160,40,11,,0.6416666666666666,0.327,,,,,,,,,,
low_cost_model,dummy,isotonic,1,4,160,40,11,,0.6416666666666666,0.335,,,,,,,,,,
low_cost_model,dummy,isotonic,2,0,160,40,11,,0.6333333333333333,0.328,,,,,,,,,,
low_cost_model,dummy,isotonic,2,1,160,40,11,,0.6333333333333333,0.33,,,,,,,,,,
low_cost_model,dummy,isotonic,2,2,160,40,11,,0.6333333333333333,0.332,,,,,,,,,,
low_cost_model,dummy,isotonic,2,3,160,40,11,,0.6416666666666666,0.338,,,,,,,,,,
low_cost_model,dummy,isotonic,2,4,160,40,11,,0.6416666666666666,0.339,,,,,,,,,,
low_cost_model,dummy,isotonic,3,0,160,40,11,,0.6333333333333333,0.329,,,,,,,,,,
low_cost_model,dummy,isotonic,3,1,160,40,11,,0.6333333333333333,0.331,,,,,,,,,,
low_cost_model,dummy,isotonic,3,2,160,40,11,,0.6333333333333333,0.326,,,,,,,,,,
low_cost_model,dummy,isotonic,3,3,160,40,11,,0.6416666666666666,0.336,,,,,,,,,,
low_cost_model,dummy,isotonic,3,4,160,40,11,,0.6416666666666666,0.34,,,,,,,,,,
low_cost_model,dummy,isotonic,4,0,160,40,11,,0.6333333333333333,0.343,,,,,,,,,,
low_cost_model,dummy,isotonic,4,1,160,40,11,,0.6333333333333333,0.339,,,,,,,,,,
low_cost_model,dummy,isotonic,4,2,160,40,11,,0.6333333333333333,0.34,,,,,,,,,,
low_cost_model,dummy,isotonic,4,3,160,40,11,,0.6416666666666666,0.341,,,,,,,,,,
low_cost_model,dummy,isotonic,4,4,160,40,11,,0.6416666666666666,0.333,,,,,,,,,,
low_cost_model,logreg,none,0,0,160,40,11,0.9885457875457876,0.7266792506041748,0.904,3.0,balanced,,,,,,,,
low_cost_model,logreg,none,0,1,160,40,11,0.9860815018315018,0.7029669655113461,0.906,3.0,balanced,,,,,,,,
low_cost_model,logreg,none,0,2,160,40,11,0.9969496336996337,0.8372215161402614,0.867,3.0,None,,,,,,,,
low_cost_model,logreg,none,0,3,160,40,11,0.983970695970696,0.4410941186895163,0.885,0.3,None,,,,,,,,
low_cost_model,logreg,none,0,4,160,40,11,0.9946666666666667,0.45893764738070597,0.878,0.01,None,,,,,,,,
low_cost_model,logreg,none,1,0,160,40,11,0.9821428571428572,0.46569152278841214,0.868,0.3,balanced,,,,,,,,
low_cost_model,logreg,none,1,1,160,40,11,0.9842426739926741,0.4840055682279363,0.858,0.1,balanced,,,,,,,,
low_cost_model,logreg,none,1,2,160,40,11,0.9893543956043956,0.6218398898399737,0.857,1.0,None,,,,,,,,
low_cost_model,logreg,none,1,3,160,40,11,0.9880815018315019,0.7817904766776806,0.851,3.0,None,,,,,,,,
low_cost_model,logreg,none,1,4,160,40,11,0.992445054945055,0.4789258436670937,0.863,0.3,None,,,,,,,,
low_cost_model,logreg,none,2,0,160,40,11,0.9857179487179487,0.561993990372085,0.86,1.0,None,,,,,,,,
low_cost_model,logreg,none,2,1,160,40,11,0.9861721611721612,0.5996814664758576,0.858,1.0,balanced,,,,,,,,
low_cost_model,logreg,none,2,2,160,40,11,0.9931318681318682,0.47357556747488716,0.882,0.3,balanced,,,,,,,,
low_cost_model,logreg,none,2,3,160,40,11,0.9959395604395604,0.7780816391899095,0.896,3.0,None,,,,,,,,
low_cost_model,logreg,none,2,4,160,40,11,0.9860512820512821,0.8514682090687982,0.898,3.0,None,,,,,,,,
low_cost_model,logreg,none,3,0,160,40,11,0.984253663003663,0.6629456971483292,0.885,0.3,None,,,,,,,,
low_cost_model,logreg,none,3,1,160,40,11,0.991919413919414,0.6698854553262522,0.876,3.0,None,,,,,,,,
low_cost_model,logreg,none,3,2,160,40,11,0.9777179487179487,0.4471885083843915,0.864,0.03,None,,,,,,,,
low_cost_model,logreg,none,3,3,160,40,11,0.9952527472527473,0.5617751188351519,0.862,1.0,None,,,,,,,,
low_cost_model,logreg,none,3,4,160,40,11,0.9936465201465201,0.3853367594824649,0.883,0.03,balanced,,,,,,,,
low_cost_model,logreg,none,4,0,160,40,11,0.9854148351648352,0.5558540190750509,0.867,0.3,None,,,,,,,,
low_cost_model,logreg,none,4,1,160,40,11,0.9858287545787545,0.5168681665036049,0.872,1.0,balanced,,,,,,,,
low_cost_model,logreg,none,4,2,160,40,11,0.9894047619047619,0.707598991116041,0.87,3.0,None,,,,,,,,
low_cost_model,logreg,none,4,3,160,40,11,0.990404761904762,0.6929473282975899,0.873,3.0,None,,,,,,,,
low_cost_model,logreg,none,4,4,160,40,11,0.9873342490842489,0.5457243844535195,0.89,0.3,None,,,,,,,,
low_cost_model,logreg,sigmoid,0,0,160,40,11,0.9885457875457876,0.6469589851783222,1.251,3.0,balanced,,,,,,,,
low_cost_model,logreg,sigmoid,0,1,160,40,11,0.9860815018315018,0.6114931983218725,1.306,3.0,balanced,,,,,,,,
low_cost_model,logreg,sigmoid,0,2,160,40,11,0.9969496336996337,0.6616344899906237,1.233,3.0,None,,,,,,,,
low_cost_model,logreg,sigmoid,0,3,160,40,11,0.983970695970696,0.5374498717365563,1.274,0.3,None,,,,,,,,
low_cost_model,logreg,sigmoid,0,4,160,40,11,0.9946666666666667,0.6062819338499945,1.275,0.01,None,,,,,,,,
low_cost_model,logreg,sigmoid,1,0,160,40,11,0.9821428571428572,0.6270043740781999,1.251,0.3,balanced,,,,,,,,
low_cost_model,logreg,sigmoid,1,1,160,40,11,0.9842426739926741,0.6948028352366693,1.283,0.1,balanced,,,,,,,,
low_cost_model,logreg,sigmoid,1,2,160,40,11,0.9893543956043956,0.5948052410454017,1.224,1.0,None,,,,,,,,
low_cost_model,logreg,sigmoid,1,3,160,40,11,0.9880815018315019,0.67131776210309,1.223,3.0,None,,,,,,,,
low_cost_model,logreg,sigmoid,1,4,160,40,11,0.992445054945055,0.5761061217187109,1.217,0.3,None,,,,,,,,
low_cost_model,logreg,sigmoid,2,0,160,40,11,0.9857179487179487,0.5616416998353349,1.335,1.0,None,,,,,,,,
low_cost_model,logreg,sigmoid,2,1,160,40,11,0.9861721611721612,0.6588183176350896,1.392,1.0,balanced,,,,,,,,
low_cost_model,logreg,sigmoid,2,2,160,40,11,0.9931318681318682,0.6432597723697168,1.358,0.3,balanced,,,,,,,,
low_cost_model,logreg,sigmoid,2,3,160,40,11,0.9959395604395604,0.6598399647037617,1.359,3.0,None,,,,,,,,
low_cost_model,logreg,sigmoid,2,4,160,40,11,0.9860512820512821,0.7357205654456537,1.389,3.0,None,,,,,,,,
low_cost_model,logreg,sigmoid,3,0,160,40,11,0.984253663003663,0.7248842397030394,1.19,0.3,None,,,,,,,,
low_cost_model,logreg,sigmoid,3,1,160,40,11,0.991919413919414,0.6106067919031446,1.394,3.0,None,,,,,,,,
low_cost_model,logreg,sigmoid,3,2,160,40,11,0.9777179487179487,0.6045035842430223,1.301,0.03,None,,,,,,,,
low_cost_model,logreg,sigmoid,3,3,160,40,11,0.9952527472527473,0.6047761651168807,1.295,1.0,None,,,,,,,,
low_cost_model,logreg,sigmoid,3,4,160,40,11,0.9936465201465201,0.5963760995568361,1.285,0.03,balanced,,,,,,,,
low_cost_model,logreg,sigmoid,4,0,160,40,11,0.9854148351648352,0.6365092630958941,1.324,0.3,None,,,,,,,,
low_cost_model,logreg,sigmoid,4,1,160,40,11,0.9858287545787545,0.5756741727285902,1.336,1.0,balanced,,,,,,,,
low_cost_model,logreg,sigmoid,4,2,160,40,11,0.9894047619047619,0.5659389526024365,1.293,3.0,None,,,,,,,,
low_cost_model,logreg,sigmoid,4,3,160,40,11,0.990404761904762,0.5924410357857182,1.435,3.0,None,,,,,,,,
low_cost_model,logreg,sigmoid,4,4,160,40,11,0.9873342490842489,0.6334665990958318,1.359,0.3,None,,,,,,,,
low_cost_model,logreg,isotonic,0,0,160,40,11,0.9885457875457876,0.9306500763639863,1.348,3.0,balanced,,,,,,,,
low_cost_model,logreg,isotonic,0,1,160,40,11,0.9860815018315018,0.86599452714733,1.264,3.0,balanced,,,,,,,,
low_cost_model,logreg,isotonic,0,2,160,40,11,0.9969496336996337,1.0,1.274,3.0,None,,,,,,,,
low_cost_model,logreg,isotonic,0,3,160,40,11,0.983970695970696,0.8600582550544864,1.225,0.3,None,,,,,,,,
low_cost_model,logreg,isotonic,0,4,160,40,11,0.9946666666666667,0.9996422577613648,1.248,0.01,None,,,,,,,,
low_cost_model,logreg,isotonic,1,0,160,40,11,0.9821428571428572,0.9979486161929507,1.42,0.3,balanced,,,,,,,,
low_cost_model,logreg,isotonic,1,1,160,40,11,0.9842426739926741,0.9872767932175954,1.374,0.1,balanced,,,,,,,,
low_cost_model,logreg,isotonic,1,2,160,40,11,0.9893543956043956,0.964617645782208,1.394,1.0,None,,,,,,,,
low_cost_model,logreg,isotonic,1,3,160,40,11,0.9880815018315019,0.9589521445077028,1.379,3.0,None,,,,,,,,
low_cost_model,logreg,isotonic,1,4,160,40,11,0.992445054945055,0.8622706278791088,1.353,0.3,None,,,,,,,,
low_cost_model,logreg,isotonic,2,0,160,40,11,0.9857179487179487,0.8578698420894393,1.239,1.0,None,,,,,,,,
low_cost_model,logreg,isotonic,2,1,160,40,11,0.9861721611721612,0.9491148067848468,1.24,1.0,balanced,,,,,,,,
low_cost_model,logreg,isotonic,2,2,160,40,11,0.9931318681318682,0.9444919453352896,1.236,0.3,balanced,,,,,,,,
low_cost_model,logreg,isotonic,2,3,160,40,11,0.9959395604395604,0.9972336234626784,1.214,3.0,None,,,,,,,,
low_cost_model,logreg,isotonic,2,4,160,40,11,0.9860512820512821,0.9808719659544618,1.223,3.0,None,,,,,,,,
low_cost_model,logreg,isotonic,3,0,160,40,11,0.984253663003663,0.9722886942846762,1.356,0.3,None,,,,,,,,
low_cost_model,logreg,isotonic,3,1,160,40,11,0.991919413919414,0.9672138161851833,1.336,3.0,None,,,,,,,,
low_cost_model,logreg,isotonic,3,2,160,40,11,0.9777179487179487,0.8284743682753943,1.387,0.03,None,,,,,,,,
low_cost_model,logreg,isotonic,3,3,160,40,11,0.9952527472527473,0.9503496680060193,1.299,1.0,None,,,,,,,,
low_cost_model,logreg,isotonic,3,4,160,40,11,0.9936465201465201,0.9475116107715922,1.367,0.03,balanced,,,,,,,,
low_cost_model,logreg,isotonic,4,0,160,40,11,0.9854148351648352,0.9818860736647479,1.212,0.3,None,,,,,,,,
low_cost_model,logreg,isotonic,4,1,160,40,11,0.9858287545787545,0.8118991491705562,1.237,1.0,balanced,,,,,,,,
low_cost_model,logreg,isotonic,4,2,160,40,11,0.9894047619047619,0.8757518678011242,1.232,3.0,None,,,,,,,,
low_cost_model,logreg,isotonic,4,3,160,40,11,0.990404761904762,0.9159402493291233,1.22,3.0,None,,,,,,,,
low_cost_model,logreg,isotonic,4,4,160,40,11,0.9873342490842489,0.8439125097398883,1.23,0.3,None,,,,,,,,
low_cost_model,random_forest,none,0,0,160,40,11,0.9953333333333333,0.5742750593986318,26.053,,balanced,3,sqrt,1,,,,,
low_cost_model,random_forest,none,0,1,160,40,11,0.9915357142857143,0.620019424253314,25.495,,None,None,sqrt,5,,,,,
low_cost_model,random_forest,none,0,2,160,40,11,0.9996565934065934,0.82,24.878,,None,None,sqrt,1,,,,,
low_cost_model,random_forest,none,0,3,160,40,11,0.9843040293040293,0.7133333333333334,25.703,,balanced,None,sqrt,1,,,,,
low_cost_model,random_forest,none,0,4,160,40,11,0.996,0.6556961844160477,26.11,,None,3,sqrt,1,,,,,
low_cost_model,random_forest,none,1,0,160,40,11,0.9945054945054945,0.5879341205834211,23.271,,balanced,3,sqrt,1,,,,,
low_cost_model,random_forest,none,1,1,160,40,11,0.9888489010989011,0.6619080968724865,24.836,,None,3,sqrt,1,,,,,
low_cost_model,random_forest,none,1,2,160,40,11,0.9969093406593407,0.7466666666666667,25.78,,balanced,None,sqrt,1,,,,,
low_cost_model,random_forest,none,1,3,160,40,11,0.9958791208791209,0.775484126984127,25.677,,balanced,None,sqrt,1,,,,,
low_cost_model,random_forest,none,1,4,160,40,11,0.992445054945055,0.6094869177380452,25.546,,None,3,sqrt,1,,,,,
low_cost_model,random_forest,none,2,0,160,40,11,0.9924652014652015,0.7530555555555555,25.984,,None,None,sqrt,1,,,,,
low_cost_model,random_forest,none,2,1,160,40,11,0.9929395604395604,0.8075,28.031,,balanced,None,sqrt,1,,,,,
low_cost_model,random_forest,none,2,2,160,40,11,0.9979395604395604,0.7966666666666666,32.222,,None,None,sqrt,1,,,,,
low_cost_model,random_forest,none,2,3,160,40,11,0.9993333333333334,0.7922777777777777,31.496,,None,None,sqrt,1,,,,,
low_cost_model,random_forest,none,2,4,160,40,11,0.9948791208791209,0.7970833333333334,26.123,,None,None,sqrt,1,,,,,
low_cost_model,random_forest,none,3,0,160,40,11,0.995242673992674,0.7933888888888889,26.375,,None,None,sqrt,1,,,,,
low_cost_model,random_forest,none,3,1,160,40,11,0.9946062271062271,0.6251029970626804,26.89,,None,3,sqrt,1,,,,,
low_cost_model,random_forest,none,3,2,160,40,11,0.9911721611721612,0.6333700126308321,33.924,,None,3,sqrt,1,,,,,
low_cost_model,random_forest,none,3,3,160,40,11,0.9973131868131868,0.7265753968253968,38.438,,None,None,sqrt,1,,,,,
low_cost_model,random_forest,none,3,4,160,40,11,0.9976263736263736,0.6347735948385623,25.668,,None,3,sqrt,1,,,,,
low_cost_model,random_forest,none,4,0,160,40,11,0.9935558608058608,0.6350853963616937,25.954,,None,3,sqrt,1,,,,,
low_cost_model,random_forest,none,4,1,160,40,11,0.9965961538461539,0.78,27.376,,None,None,sqrt,1,,,,,
low_cost_model,random_forest,none,4,2,160,40,11,0.9942728937728937,0.6192470564989057,32.915,,None,None,sqrt,5,,,,,
low_cost_model,random_forest,none,4,3,160,40,11,0.9938186813186813,0.6180403831484745,32.422,,None,3,sqrt,1,,,,,
low_cost_model,random_forest,none,4,4,160,40,11,0.9955357142857143,0.5797865919409486,33.065,,balanced,3,sqrt,1,,,,,
low_cost_model,random_forest,sigmoid,0,0,160,40,11,0.9953333333333333,0.7553324739486987,33.984,,balanced,3,sqrt,1,,,,,
low_cost_model,random_forest,sigmoid,0,1,160,40,11,0.9915357142857143,0.7393880118857067,33.127,,None,None,sqrt,5,,,,,
low_cost_model,random_forest,sigmoid,0,2,160,40,11,0.9996565934065934,0.8592541658349481,33.143,,None,None,sqrt,1,,,,,
low_cost_model,random_forest,sigmoid,0,3,160,40,11,0.9843040293040293,0.8206782431000854,36.745,,balanced,None,sqrt,1,,,,,
low_cost_model,random_forest,sigmoid,0,4,160,40,11,0.996,0.8159627604002876,36.942,,None,3,sqrt,1,,,,,
low_cost_model,random_forest,sigmoid,1,0,160,40,11,0.9945054945054945,0.7697614952662944,37.747,,balanced,3,sqrt,1,,,,,
low_cost_model,random_forest,sigmoid,1,1,160,40,11,0.9888489010989011,0.7999659338196821,37.148,,None,3,sqrt,1,,,,,
low_cost_model,random_forest,sigmoid,1,2,160,40,11,0.9969093406593407,0.8280469283131274,37.787,,balanced,None,sqrt,1,,,,,
low_cost_model,random_forest,sigmoid,1,3,160,40,11,0.9958791208791209,0.8363543902867889,37.875,,balanced,None,sqrt,1,,,,,
low_cost_model,random_forest,sigmoid,1,4,160,40,11,0.992445054945055,0.7214134892188891,36.798,,None,3,sqrt,1,,,,,
low_cost_model,random_forest,sigmoid,2,0,160,40,11,0.9924652014652015,0.7904068001451761,40.462,,None,None,sqrt,1,,,,,
low_cost_model,random_forest,sigmoid,2,1,160,40,11,0.9929395604395604,0.8614368784971276,40.622,,balanced,None,sqrt,1,,,,,
low_cost_model,random_forest,sigmoid,2,2,160,40,11,0.9979395604395604,0.8770453804614555,32.918,,None,None,sqrt,1,,,,,
low_cost_model,random_forest,sigmoid,2,3,160,40,11,0.9993333333333334,0.8620536080164176,32.761,,None,None,sqrt,1,,,,,
low_cost_model,random_forest,sigmoid,2,4,160,40,11,0.9948791208791209,0.8511612126870077,36.971,,None,None,sqrt,1,,,,,
low_cost_model,random_forest,sigmoid,3,0,160,40,11,0.995242673992674,0.8480607982646015,33.3,,None,None,sqrt,1,,,,,
low_cost_model,random_forest,sigmoid,3,1,160,40,11,0.9946062271062271,0.778759044570766,32.926,,None,3,sqrt,1,,,,,
low_cost_model,random_forest,sigmoid,3,2,160,40,11,0.9911721611721612,0.7629262395232146,32.973,,None,3,sqrt,1,,,,,
low_cost_model,random_forest,sigmoid,3,3,160,40,11,0.9973131868131868,0.8254626885588868,32.756,,None,None,sqrt,1,,,,,
low_cost_model,random_forest,sigmoid,3,4,160,40,11,0.9976263736263736,0.7882631708872292,32.45,,None,3,sqrt,1,,,,,
low_cost_model,random_forest,sigmoid,4,0,160,40,11,0.9935558608058608,0.7872542581392662,32.861,,None,3,sqrt,1,,,,,
low_cost_model,random_forest,sigmoid,4,1,160,40,11,0.9965961538461539,0.8207173052196532,42.565,,None,None,sqrt,1,,,,,
low_cost_model,random_forest,sigmoid,4,2,160,40,11,0.9942728937728937,0.7548666276185059,47.229,,None,None,sqrt,5,,,,,
low_cost_model,random_forest,sigmoid,4,3,160,40,11,0.9938186813186813,0.7996042408270793,47.958,,None,3,sqrt,1,,,,,
low_cost_model,random_forest,sigmoid,4,4,160,40,11,0.9955357142857143,0.774757651535062,42.266,,balanced,3,sqrt,1,,,,,
low_cost_model,random_forest,isotonic,0,0,160,40,11,0.9953333333333333,0.9899439635980671,36.966,,balanced,3,sqrt,1,,,,,
low_cost_model,random_forest,isotonic,0,1,160,40,11,0.9915357142857143,0.968581358681758,36.448,,None,None,sqrt,5,,,,,
low_cost_model,random_forest,isotonic,0,2,160,40,11,0.9996565934065934,1.0,37.158,,None,None,sqrt,1,,,,,
low_cost_model,random_forest,isotonic,0,3,160,40,11,0.9843040293040293,0.8890128165669666,36.621,,balanced,None,sqrt,1,,,,,
low_cost_model,random_forest,isotonic,0,4,160,40,11,0.996,0.9836310294003219,36.375,,None,3,sqrt,1,,,,,
low_cost_model,random_forest,isotonic,1,0,160,40,11,0.9945054945054945,0.9712541681266145,33.651,,balanced,3,sqrt,1,,,,,
low_cost_model,random_forest,isotonic,1,1,160,40,11,0.9888489010989011,0.9810194709863436,32.612,,None,3,sqrt,1,,,,,
low_cost_model,random_forest,isotonic,1,2,160,40,11,0.9969093406593407,0.9833559649191715,33.22,,balanced,None,sqrt,1,,,,,
low_cost_model,random_forest,isotonic,1,3,160,40,11,0.9958791208791209,0.9120879120879121,34.557,,balanced,None,sqrt,1,,,,,
low_cost_model,random_forest,isotonic,1,4,160,40,11,0.992445054945055,0.9251468756915056,35.403,,None,3,sqrt,1,,,,,
low_cost_model,random_forest,isotonic,2,0,160,40,11,0.9924652014652015,0.7803060271128572,32.827,,None,None,sqrt,1,,,,,
low_cost_model,random_forest,isotonic,2,1,160,40,11,0.9929395604395604,0.9697916666666666,33.141,,balanced,None,sqrt,1,,,,,
low_cost_model,random_forest,isotonic,2,2,160,40,11,0.9979395604395604,0.9903846153846154,37.854,,None,None,sqrt,1,,,,,
low_cost_model,random_forest,isotonic,2,3,160,40,11,0.9993333333333334,0.9940685966016363,40.348,,None,None,sqrt,1,,,,,
low_cost_model,random_forest,isotonic,2,4,160,40,11,0.9948791208791209,0.9457194970884581,37.037,,None,None,sqrt,1,,,,,
low_cost_model,random_forest,isotonic,3,0,160,40,11,0.995242673992674,0.9518449030644153,47.898,,None,None,sqrt,1,,,,,
low_cost_model,random_forest,isotonic,3,1,160,40,11,0.9946062271062271,0.9319634867223727,42.794,,None,3,sqrt,1,,,,,
low_cost_model,random_forest,isotonic,3,2,160,40,11,0.9911721611721612,0.9837309412911431,37.037,,None,3,sqrt,1,,,,,
low_cost_model,random_forest,isotonic,3,3,160,40,11,0.9973131868131868,0.9666666666666665,37.088,,None,None,sqrt,1,,,,,
low_cost_model,random_forest,isotonic,3,4,160,40,11,0.9976263736263736,0.9831171472742464,42.834,,None,3,sqrt,1,,,,,
low_cost_model,random_forest,isotonic,4,0,160,40,11,0.9935558608058608,0.9796217022248884,36.496,,None,3,sqrt,1,,,,,
low_cost_model,random_forest,isotonic,4,1,160,40,11,0.9965961538461539,0.8621782030064964,36.144,,None,None,sqrt,1,,,,,
low_cost_model,random_forest,isotonic,4,2,160,40,11,0.9942728937728937,0.9926272518277783,35.945,,None,None,sqrt,5,,,,,
low_cost_model,random_forest,isotonic,4,3,160,40,11,0.9938186813186813,1.0,37.534,,None,3,sqrt,1,,,,,
low_cost_model,random_forest,isotonic,4,4,160,40,11,0.9955357142857143,0.946589692094816,38.674,,balanced,3,sqrt,1,,,,,
low_cost_model,svm,none,0,0,160,40,11,0.9946465201465201,0.8280896884247126,1.036,1.0,None,,,,0.01,,,,
low_cost_model,svm,none,0,1,160,40,11,0.9962225274725275,0.9142446443934024,0.993,10.0,balanced,,,,0.01,,,,
low_cost_model,svm,none,0,2,160,40,11,0.9915961538461538,0.9362291787771645,1.006,10.0,None,,,,0.01,,,,
low_cost_model,svm,none,0,3,160,40,11,0.9982930402930403,0.684805341073268,1.126,10.0,None,,,,0.01,,,,
low_cost_model,svm,none,0,4,160,40,11,0.9986465201465201,0.9758144514118875,1.095,10.0,None,,,,scale,,,,
low_cost_model,svm,none,1,0,160,40,11,0.9945054945054945,0.9010821059690267,1.084,10.0,balanced,,,,0.01,,,,
low_cost_model,svm,none,1,1,160,40,11,0.9948489010989011,0.9685450490498498,1.147,1.0,None,,,,scale,,,,
low_cost_model,svm,none,1,2,160,40,11,0.9934752747252747,0.9280550788968581,1.116,10.0,balanced,,,,scale,,,,
low_cost_model,svm,none,1,3,160,40,11,0.9934752747252747,0.9751348876542562,1.109,10.0,balanced,,,,scale,,,,
low_cost_model,svm,none,1,4,160,40,11,0.992445054945055,0.7639624495307521,1.097,1.0,None,,,,0.01,,,,
low_cost_model,svm,none,2,0,160,40,11,0.9896978021978022,0.7370056548606634,1.111,10.0,balanced,,,,0.01,,,,
low_cost_model,svm,none,2,1,160,40,11,0.993,0.9737051117385169,1.151,10.0,None,,,,scale,,,,
low_cost_model,svm,none,2,2,160,40,11,0.9986263736263736,0.9520905838696142,1.147,10.0,None,,,,scale,,,,
low_cost_model,svm,none,2,3,160,40,11,0.9973333333333334,0.9643517158104719,1.168,10.0,None,,,,scale,,,,
low_cost_model,svm,none,2,4,160,40,11,0.9915860805860806,0.9553693131793959,1.123,10.0,balanced,,,,scale,,,,
low_cost_model,svm,none,3,0,160,40,11,0.9912225274725275,0.9704509123753159,1.123,10.0,balanced,,,,scale,,,,
low_cost_model,svm,none,3,1,160,40,11,0.9966062271062271,0.8496299495264803,1.162,10.0,None,,,,0.01,,,,
low_cost_model,svm,none,3,2,160,40,11,0.9890512820512821,0.9415134034191524,1.155,1.0,balanced,,,,scale,,,,
low_cost_model,svm,none,3,3,160,40,11,0.9925659340659341,0.8857015927269889,1.107,10.0,balanced,,,,0.01,,,,
low_cost_model,svm,none,3,4,160,40,11,0.9936666666666667,0.9022246632532708,1.076,10.0,None,,,,0.01,,,,
low_cost_model,svm,none,4,0,160,40,11,0.9956163003663003,0.9424728604544307,1.134,10.0,None,,,,scale,,,,
low_cost_model,svm,none,4,1,160,40,11,0.9952628205128206,0.9227214151535483,1.107,10.0,balanced,,,,scale,,,,
low_cost_model,svm,none,4,2,160,40,11,0.9901520146520146,0.879165943935085,1.131,10.0,balanced,,,,0.01,,,,
low_cost_model,svm,none,4,3,160,40,11,0.9958791208791209,0.9547324563035522,1.12,1.0,None,,,,scale,,,,
low_cost_model,svm,none,4,4,160,40,11,0.9948489010989011,0.9737596711744838,1.169,10.0,balanced,,,,scale,,,,
low_cost_model,svm,sigmoid,0,0,160,40,11,0.9946465201465201,0.6201156687675413,1.562,1.0,None,,,,0.01,,,,
low_cost_model,svm,sigmoid,0,1,160,40,11,0.9962225274725275,0.7063933331018795,1.56,10.0,balanced,,,,0.01,,,,
low_cost_model,svm,sigmoid,0,2,160,40,11,0.9915961538461538,0.7512135266291959,1.444,10.0,None,,,,0.01,,,,
low_cost_model,svm,sigmoid,0,3,160,40,11,0.9982930402930403,0.5408152495656745,1.407,10.0,None,,,,0.01,,,,
low_cost_model,svm,sigmoid,0,4,160,40,11,0.9986465201465201,0.8879442810334395,1.432,10.0,None,,,,scale,,,,
low_cost_model,svm,sigmoid,1,0,160,40,11,0.9945054945054945,0.6729581646793834,1.474,10.0,balanced,,,,0.01,,,,
low_cost_model,svm,sigmoid,1,1,160,40,11,0.9948489010989011,0.8807350819202294,1.463,1.0,None,,,,scale,,,,
low_cost_model,svm,sigmoid,1,2,160,40,11,0.9934752747252747,0.8034229425638301,1.446,10.0,balanced,,,,scale,,,,
low_cost_model,svm,sigmoid,1,3,160,40,11,0.9934752747252747,0.8558923991998152,1.416,10.0,balanced,,,,scale,,,,
low_cost_model,svm,sigmoid,1,4,160,40,11,0.992445054945055,0.5906246451761601,1.472,1.0,None,,,,0.01,,,,
low_cost_model,svm,sigmoid,2,0,160,40,11,0.9896978021978022,0.5807118971753362,1.605,10.0,balanced,,,,0.01,,,,
low_cost_model,svm,sigmoid,2,1,160,40,11,0.993,0.8373258836961641,1.603,10.0,None,,,,scale,,,,
low_cost_model,svm,sigmoid,2,2,160,40,11,0.9986263736263736,0.8309901675135165,1.602,10.0,None,,,,scale,,,,
low_cost_model,svm,sigmoid,2,3,160,40,11,0.9973333333333334,0.8256544485462625,1.54,10.0,None,,,,scale,,,,
low_cost_model,svm,sigmoid,2,4,160,40,11,0.9915860805860806,0.8665052175592813,1.584,10.0,balanced,,,,scale,,,,
low_cost_model,svm,sigmoid,3,0,160,40,11,0.9912225274725275,0.885031027732158,1.413,10.0,balanced,,,,scale,,,,
low_cost_model,svm,sigmoid,3,1,160,40,11,0.9966062271062271,0.6877192075778236,1.413,10.0,None,,,,0.01,,,,
low_cost_model,svm,sigmoid,3,2,160,40,11,0.9890512820512821,0.8321175558292978,1.431,1.0,balanced,,,,scale,,,,
low_cost_model,svm,sigmoid,3,3,160,40,11,0.9925659340659341,0.6592207076462835,1.431,10.0,balanced,,,,0.01,,,,
low_cost_model,svm,sigmoid,3,4,160,40,11,0.9936666666666667,0.7179299384153041,1.409,10.0,None,,,,0.01,,,,
low_cost_model,svm,sigmoid,4,0,160,40,11,0.9956163003663003,0.8311395205385063,1.407,10.0,None,,,,scale,,,,
low_cost_model,svm,sigmoid,4,1,160,40,11,0.9952628205128206,0.8045153610620592,1.428,10.0,balanced,,,,scale,,,,
low_cost_model,svm,sigmoid,4,2,160,40,11,0.9901520146520146,0.6657083787534236,1.45,10.0,balanced,,,,0.01,,,,
low_cost_model,svm,sigmoid,4,3,160,40,11,0.9958791208791209,0.8360552287889954,1.412,1.0,None,,,,scale,,,,
low_cost_model,svm,sigmoid,4,4,160,40,11,0.9948489010989011,0.8749050973938968,1.426,10.0,balanced,,,,scale,,,,
low_cost_model,svm,isotonic,0,0,160,40,11,0.9946465201465201,0.8631516373436051,1.573,1.0,None,,,,0.01,,,,
low_cost_model,svm,isotonic,0,1,160,40,11,0.9962225274725275,0.9363913356213178,1.534,10.0,balanced,,,,0.01,,,,
low_cost_model,svm,isotonic,0,2,160,40,11,0.9915961538461538,1.0,1.595,10.0,None,,,,0.01,,,,
low_cost_model,svm,isotonic,0,3,160,40,11,0.9982930402930403,0.9154560993158083,1.544,10.0,None,,,,0.01,,,,
low_cost_model,svm,isotonic,0,4,160,40,11,0.9986465201465201,0.9973728144388714,1.61,10.0,None,,,,scale,,,,
low_cost_model,svm,isotonic,1,0,160,40,11,0.9945054945054945,0.987319642631423,1.387,10.0,balanced,,,,0.01,,,,
low_cost_model,svm,isotonic,1,1,160,40,11,0.9948489010989011,0.9708990262498434,1.425,1.0,None,,,,scale,,,,
low_cost_model,svm,isotonic,1,2,160,40,11,0.9934752747252747,1.0,1.431,10.0,balanced,,,,scale,,,,
low_cost_model,svm,isotonic,1,3,160,40,11,0.9934752747252747,1.0,1.424,10.0,balanced,,,,scale,,,,
low_cost_model,svm,isotonic,1,4,160,40,11,0.992445054945055,0.895368573473381,1.422,1.0,None,,,,0.01,,,,
low_cost_model,svm,isotonic,2,0,160,40,11,0.9896978021978022,0.9394985025853714,1.394,10.0,balanced,,,,0.01,,,,
low_cost_model,svm,isotonic,2,1,160,40,11,0.993,1.0,1.44,10.0,None,,,,scale,,,,
low_cost_model,svm,isotonic,2,2,160,40,11,0.9986263736263736,1.0,1.381,10.0,None,,,,scale,,,,
low_cost_model,svm,isotonic,2,3,160,40,11,0.9973333333333334,1.0,1.392,10.0,None,,,,scale,,,,
low_cost_model,svm,isotonic,2,4,160,40,11,0.9915860805860806,0.9676104796015622,1.422,10.0,balanced,,,,scale,,,,
low_cost_model,svm,isotonic,3,0,160,40,11,0.9912225274725275,0.9916645563450983,1.515,10.0,balanced,,,,scale,,,,
low_cost_model,svm,isotonic,3,1,160,40,11,0.9966062271062271,0.9731386027730604,1.412,10.0,None,,,,0.01,,,,
low_cost_model,svm,isotonic,3,2,160,40,11,0.9890512820512821,0.9240756974744355,1.466,1.0,balanced,,,,scale,,,,
low_cost_model,svm,isotonic,3,3,160,40,11,0.9925659340659341,0.973878864876982,1.555,10.0,balanced,,,,0.01,,,,
low_cost_model,svm,isotonic,3,4,160,40,11,0.9936666666666667,0.9839710266069663,1.546,10.0,None,,,,0.01,,,,
low_cost_model,svm,isotonic,4,0,160,40,11,0.9956163003663003,0.9428152222934427,1.44,10.0,None,,,,scale,,,,
low_cost_model,svm,isotonic,4,1,160,40,11,0.9952628205128206,0.9395497521306521,1.693,10.0,balanced,,,,scale,,,,
low_cost_model,svm,isotonic,4,2,160,40,11,0.9901520146520146,0.9873433059934082,1.608,10.0,balanced,,,,0.01,,,,
low_cost_model,svm,isotonic,4,3,160,40,11,0.9958791208791209,0.99477227195049,1.763,1.0,None,,,,scale,,,,
low_cost_model,svm,isotonic,4,4,160,40,11,0.9948489010989011,0.9961963412154843,1.605,10.0,balanced,,,,scale,,,,
low_cost_model,xgboost,none,0,0,160,40,11,0.9855457875457876,0.7895720601081848,7.752,,,3,,,,0.8,0.05,1.0,0.8
low_cost_model,xgboost,none,0,1,160,40,11,0.9878287545787546,0.7420374155044556,6.311,,,2,,,,0.8,0.05,5.0,0.8
low_cost_model,xgboost,none,0,2,160,40,11,0.9853232600732601,0.7357605695724487,8.468,,,2,,,,0.8,0.05,1.0,0.8
low_cost_model,xgboost,none,0,3,160,40,11,0.9825769230769231,0.5465306639671326,5.469,,,3,,,,0.8,0.05,5.0,0.8
low_cost_model,xgboost,none,0,4,160,40,11,0.994,0.7665565609931946,4.045,,,3,,,,0.8,0.05,5.0,0.8
low_cost_model,xgboost,none,1,0,160,40,11,0.9876373626373627,0.6694957613945007,5.376,,,3,,,,0.8,0.1,5.0,0.8
low_cost_model,xgboost,none,1,1,160,40,11,0.976768315018315,0.8429708480834961,8.944,,,2,,,,0.8,0.05,5.0,0.8
low_cost_model,xgboost,none,1,2,160,40,11,0.9934752747252747,0.5876280069351196,5.932,,,2,,,,0.8,0.1,1.0,0.8
low_cost_model,xgboost,none,1,3,160,40,11,0.9901620879120879,0.7032660841941833,4.149,,,3,,,,0.8,0.1,5.0,0.8
low_cost_model,xgboost,none,1,4,160,40,11,0.9876373626373627,0.45501670241355896,3.85,,,3,,,,0.8,0.05,5.0,0.8
low_cost_model,xgboost,none,2,0,160,40,11,0.9898388278388278,0.6224517822265625,5.205,,,2,,,,0.8,0.05,1.0,0.8
low_cost_model,xgboost,none,2,1,160,40,11,0.9875054945054944,0.6856282353401184,6.382,,,3,,,,0.8,0.05,1.0,0.8
low_cost_model,xgboost,none,2,2,160,40,11,0.9945457875457875,0.7055855989456177,4.745,,,3,,,,0.8,0.05,1.0,0.8
low_cost_model,xgboost,none,2,3,160,40,11,0.9948690476190476,0.7589626908302307,4.218,,,3,,,,0.8,0.05,5.0,0.8
low_cost_model,xgboost,none,2,4,160,40,11,0.9850210622710622,0.7511703968048096,3.806,,,2,,,,0.8,0.05,5.0,0.8
low_cost_model,xgboost,none,3,0,160,40,11,0.9887380952380953,0.7547260522842407,6.568,,,2,,,,0.8,0.1,1.0,0.8
low_cost_model,xgboost,none,3,1,160,40,11,0.9861923076923077,0.7606432437896729,4.232,,,2,,,,0.8,0.05,1.0,0.8
low_cost_model,xgboost,none,3,2,160,40,11,0.9813241758241759,0.6157687902450562,4.085,,,2,,,,0.8,0.1,1.0,0.8
low_cost_model,xgboost,none,3,3,160,40,11,0.9932728937728939,0.630395233631134,3.772,,,2,,,,0.8,0.05,5.0,0.8
low_cost_model,xgboost,none,3,4,160,40,11,0.9856263736263736,0.8365550637245178,3.656,,,2,,,,0.8,0.05,5.0,0.8
low_cost_model,xgboost,none,4,0,160,40,11,0.9923031135531135,0.7286662459373474,3.778,,,2,,,,0.8,0.1,1.0,0.8
low_cost_model,xgboost,none,4,1,160,40,11,0.9881217948717949,0.6789804697036743,3.683,,,3,,,,0.8,0.05,5.0,0.8
low_cost_model,xgboost,none,4,2,160,40,11,0.9925357142857143,0.7397832274436951,3.618,,,2,,,,0.8,0.05,1.0,0.8
low_cost_model,xgboost,none,4,3,160,40,11,0.9849505494505495,0.7149288654327393,3.55,,,2,,,,0.8,0.05,5.0,0.8
low_cost_model,xgboost,none,4,4,160,40,11,0.9893745421245421,0.7636572122573853,3.454,,,2,,,,0.8,0.05,5.0,0.8
low_cost_model,xgboost,sigmoid,0,0,160,40,11,0.9855457875457876,0.8051941314027508,5.766,,,3,,,,0.8,0.05,1.0,0.8
low_cost_model,xgboost,sigmoid,0,1,160,40,11,0.9878287545787546,0.8219071567868587,5.573,,,2,,,,0.8,0.05,5.0,0.8
low_cost_model,xgboost,sigmoid,0,2,160,40,11,0.9853232600732601,0.7556039414942879,5.24,,,2,,,,0.8,0.05,1.0,0.8
low_cost_model,xgboost,sigmoid,0,3,160,40,11,0.9825769230769231,0.6485800015907622,4.91,,,3,,,,0.8,0.05,5.0,0.8
low_cost_model,xgboost,sigmoid,0,4,160,40,11,0.994,0.7888107460453787,4.801,,,3,,,,0.8,0.05,5.0,0.8
low_cost_model,xgboost,sigmoid,1,0,160,40,11,0.9876373626373627,0.6999613232999629,5.378,,,3,,,,0.8,0.1,5.0,0.8
low_cost_model,xgboost,sigmoid,1,1,160,40,11,0.976768315018315,0.8716449983976297,5.356,,,2,,,,0.8,0.05,5.0,0.8
low_cost_model,xgboost,sigmoid,1,2,160,40,11,0.9934752747252747,0.7189592956000488,5.193,,,2,,,,0.8,0.1,1.0,0.8
low_cost_model,xgboost,sigmoid,1,3,160,40,11,0.9901620879120879,0.8279673877501643,4.934,,,3,,,,0.8,0.1,5.0,0.8
low_cost_model,xgboost,sigmoid,1,4,160,40,11,0.9876373626373627,0.5386869256218171,4.87,,,3,,,,0.8,0.05,5.0,0.8
low_cost_model,xgboost,sigmoid,2,0,160,40,11,0.9898388278388278,0.6434773740893934,5.745,,,2,,,,0.8,0.05,1.0,0.8
low_cost_model,xgboost,sigmoid,2,1,160,40,11,0.9875054945054944,0.7468190915429835,5.427,,,3,,,,0.8,0.05,1.0,0.8
low_cost_model,xgboost,sigmoid,2,2,160,40,11,0.9945457875457875,0.7956609930854994,5.049,,,3,,,,0.8,0.05,1.0,0.8
low_cost_model,xgboost,sigmoid,2,3,160,40,11,0.9948690476190476,0.8227867800472577,4.951,,,3,,,,0.8,0.05,5.0,0.8
low_cost_model,xgboost,sigmoid,2,4,160,40,11,0.9850210622710622,0.7980292378760662,4.725,,,2,,,,0.8,0.05,5.0,0.8
low_cost_model,xgboost,sigmoid,3,0,160,40,11,0.9887380952380953,0.7936170382255217,4.977,,,2,,,,0.8,0.1,1.0,0.8
low_cost_model,xgboost,sigmoid,3,1,160,40,11,0.9861923076923077,0.7878596800797408,5.037,,,2,,,,0.8,0.05,1.0,0.8
low_cost_model,xgboost,sigmoid,3,2,160,40,11,0.9813241758241759,0.6972057889838716,4.918,,,2,,,,0.8,0.1,1.0,0.8
low_cost_model,xgboost,sigmoid,3,3,160,40,11,0.9932728937728939,0.721410955961328,4.801,,,2,,,,0.8,0.05,5.0,0.8
low_cost_model,xgboost,sigmoid,3,4,160,40,11,0.9856263736263736,0.8841392178885956,4.798,,,2,,,,0.8,0.05,5.0,0.8
low_cost_model,xgboost,sigmoid,4,0,160,40,11,0.9923031135531135,0.8223426182347301,5.045,,,2,,,,0.8,0.1,1.0,0.8
low_cost_model,xgboost,sigmoid,4,1,160,40,11,0.9881217948717949,0.7385901207225544,5.037,,,3,,,,0.8,0.05,5.0,0.8
low_cost_model,xgboost,sigmoid,4,2,160,40,11,0.9925357142857143,0.7585540352772309,4.775,,,2,,,,0.8,0.05,1.0,0.8
low_cost_model,xgboost,sigmoid,4,3,160,40,11,0.9849505494505495,0.8445924439694859,4.782,,,2,,,,0.8,0.05,5.0,0.8
low_cost_model,xgboost,sigmoid,4,4,160,40,11,0.9893745421245421,0.8476775599835126,4.804,,,2,,,,0.8,0.05,5.0,0.8
low_cost_model,xgboost,isotonic,0,0,160,40,11,0.9855457875457876,0.8848621547222137,4.92,,,3,,,,0.8,0.05,1.0,0.8
low_cost_model,xgboost,isotonic,0,1,160,40,11,0.9878287545787546,0.9999999701976776,4.656,,,2,,,,0.8,0.05,5.0,0.8
low_cost_model,xgboost,isotonic,0,2,160,40,11,0.9853232600732601,0.8754269927740097,4.807,,,2,,,,0.8,0.05,1.0,0.8
low_cost_model,xgboost,isotonic,0,3,160,40,11,0.9825769230769231,0.7686555683612823,4.86,,,3,,,,0.8,0.05,5.0,0.8
low_cost_model,xgboost,isotonic,0,4,160,40,11,0.994,0.9878017902374268,4.861,,,3,,,,0.8,0.05,5.0,0.8
low_cost_model,xgboost,isotonic,1,0,160,40,11,0.9876373626373627,0.7830549329519272,4.819,,,3,,,,0.8,0.1,5.0,0.8
low_cost_model,xgboost,isotonic,1,1,160,40,11,0.976768315018315,0.9682560861110687,4.723,,,2,,,,0.8,0.05,5.0,0.8
low_cost_model,xgboost,isotonic,1,2,160,40,11,0.9934752747252747,0.8588124439120293,4.725,,,2,,,,0.8,0.1,1.0,0.8
low_cost_model,xgboost,isotonic,1,3,160,40,11,0.9901620879120879,0.8735247999429703,5.067,,,3,,,,0.8,0.1,5.0,0.8
low_cost_model,xgboost,isotonic,1,4,160,40,11,0.9876373626373627,0.7358688712120056,5.153,,,3,,,,0.8,0.05,5.0,0.8
low_cost_model,xgboost,isotonic,2,0,160,40,11,0.9898388278388278,0.7493560165166855,4.692,,,2,,,,0.8,0.05,1.0,0.8
low_cost_model,xgboost,isotonic,2,1,160,40,11,0.9875054945054944,0.8384816348552704,4.853,,,3,,,,0.8,0.05,1.0,0.8
low_cost_model,xgboost,isotonic,2,2,160,40,11,0.9945457875457875,0.9197309613227844,4.804,,,3,,,,0.8,0.05,1.0,0.8
low_cost_model,xgboost,isotonic,2,3,160,40,11,0.9948690476190476,0.9437054991722107,5.025,,,3,,,,0.8,0.05,5.0,0.8
low_cost_model,xgboost,isotonic,2,4,160,40,11,0.9850210622710622,0.9999999701976776,5.019,,,2,,,,0.8,0.05,5.0,0.8
low_cost_model,xgboost,isotonic,3,0,160,40,11,0.9887380952380953,0.8197326958179474,4.54,,,2,,,,0.8,0.1,1.0,0.8
low_cost_model,xgboost,isotonic,3,1,160,40,11,0.9861923076923077,0.9089617729187012,4.808,,,2,,,,0.8,0.05,1.0,0.8
low_cost_model,xgboost,isotonic,3,2,160,40,11,0.9813241758241759,0.7349039614200592,4.745,,,2,,,,0.8,0.1,1.0,0.8
low_cost_model,xgboost,isotonic,3,3,160,40,11,0.9932728937728939,0.8733475059270859,4.862,,,2,,,,0.8,0.05,5.0,0.8
low_cost_model,xgboost,isotonic,3,4,160,40,11,0.9856263736263736,0.9902809113264084,5.67,,,2,,,,0.8,0.05,5.0,0.8
low_cost_model,xgboost,isotonic,4,0,160,40,11,0.9923031135531135,0.8036232441663742,4.644,,,2,,,,0.8,0.1,1.0,0.8
low_cost_model,xgboost,isotonic,4,1,160,40,11,0.9881217948717949,0.9419365376234055,4.806,,,3,,,,0.8,0.05,5.0,0.8
low_cost_model,xgboost,isotonic,4,2,160,40,11,0.9925357142857143,0.8974549323320389,5.011,,,2,,,,0.8,0.05,1.0,0.8
low_cost_model,xgboost,isotonic,4,3,160,40,11,0.9849505494505495,0.9955480992794037,6.492,,,2,,,,0.8,0.05,5.0,0.8
low_cost_model,xgboost,isotonic,4,4,160,40,11,0.9893745421245421,0.9537123143672943,10.914,,,2,,,,0.8,0.05,5.0,0.8
low_cost_model,ebm,none,0,0,160,40,11,0.9906062271062271,0.9551024023912268,33.564,,,,,,,,0.01,,
low_cost_model,ebm,none,0,1,160,40,11,0.9813946886446886,0.9359098995898504,41.771,,,,,,,,0.01,,
low_cost_model,ebm,none,0,2,160,40,11,0.9996565934065934,0.9946277630240707,50.107,,,,,,,,0.05,,
low_cost_model,ebm,none,0,3,160,40,11,0.9791831501831503,0.8142117042136925,40.283,,,,,,,,0.01,,
low_cost_model,ebm,none,0,4,160,40,11,0.9857582417582418,0.9990382231255324,26.189,,,,,,,,0.05,,
low_cost_model,ebm,none,1,0,160,40,11,0.9896978021978022,0.9977262906006074,34.574,,,,,,,,0.05,,
low_cost_model,ebm,none,1,1,160,40,11,0.9780412087912088,0.9881376819358956,23.966,,,,,,,,0.05,,
low_cost_model,ebm,none,1,2,160,40,11,0.9921217948717949,0.9948049750791211,35.622,,,,,,,,0.05,,
low_cost_model,ebm,none,1,3,160,40,11,0.9927884615384616,0.9868682035539345,31.586,,,,,,,,0.05,,
low_cost_model,ebm,none,1,4,160,40,11,0.9938186813186813,0.793773294922706,40.533,,,,,,,,0.01,,
low_cost_model,ebm,none,2,0,160,40,11,0.9877582417582418,0.9263200822103762,21.433,,,,,,,,0.05,,
low_cost_model,ebm,none,2,1,160,40,11,0.9868388278388279,0.9867261397689967,25.978,,,,,,,,0.05,,
low_cost_model,ebm,none,2,2,160,40,11,0.9876575091575093,0.9996026499318951,33.266,,,,,,,,0.05,,
low_cost_model,ebm,none,2,3,160,40,11,0.9993333333333333,0.9936400245588737,47.204,,,,,,,,0.01,,
low_cost_model,ebm,none,2,4,160,40,11,0.9873644688644688,0.9535211949613376,31.026,,,,,,,,0.05,,
low_cost_model,ebm,none,3,0,160,40,11,0.9883543956043956,0.9962636112855658,39.601,,,,,,,,0.05,,
low_cost_model,ebm,none,3,1,160,40,11,0.9852930402930404,0.9853669698632527,43.187,,,,,,,,0.01,,
low_cost_model,ebm,none,3,2,160,40,11,0.9797179487179488,0.9822812042761034,41.664,,,,,,,,0.01,,
low_cost_model,ebm,none,3,3,160,40,11,0.9966666666666667,0.9992595068108647,49.85,,,,,,,,0.05,,
low_cost_model,ebm,none,3,4,160,40,11,0.987525641025641,0.989566651837482,27.114,,,,,,,,0.05,,
low_cost_model,ebm,none,4,0,160,40,11,0.9887280219780219,0.8880887061082514,27.459,,,,,,,,0.05,,
low_cost_model,ebm,none,4,1,160,40,11,0.9830412087912088,0.8302296068897225,34.065,,,,,,,,0.01,,
low_cost_model,ebm,none,4,2,160,40,11,0.9881117216117217,0.9359561143924918,34.907,,,,,,,,0.01,,
low_cost_model,ebm,none,4,3,160,40,11,0.9883644688644689,0.9810392376945807,24.381,,,,,,,,0.05,,
low_cost_model,ebm,none,4,4,160,40,11,0.98321336996337,0.952773331666915,47.516,,,,,,,,0.01,,
low_cost_model,ebm,sigmoid,0,0,160,40,11,0.9906062271062271,0.6267218238690617,97.458,,,,,,,,0.01,,
low_cost_model,ebm,sigmoid,0,1,160,40,11,0.9813946886446886,0.5908086485885008,98.005,,,,,,,,0.01,,
low_cost_model,ebm,sigmoid,0,2,160,40,11,0.9996565934065934,0.6239808381583691,85.183,,,,,,,,0.05,,
low_cost_model,ebm,sigmoid,0,3,160,40,11,0.9791831501831503,0.5180396213211276,100.106,,,,,,,,0.01,,
low_cost_model,ebm,sigmoid,0,4,160,40,11,0.9857582417582418,0.6665190939054143,50.868,,,,,,,,0.05,,
low_cost_model,ebm,sigmoid,1,0,160,40,11,0.9896978021978022,0.6431227119048069,68.136,,,,,,,,0.05,,
low_cost_model,ebm,sigmoid,1,1,160,40,11,0.9780412087912088,0.6323370272112079,54.05,,,,,,,,0.05,,
low_cost_model,ebm,sigmoid,1,2,160,40,11,0.9921217948717949,0.5502524927560724,53.09,,,,,,,,0.05,,
low_cost_model,ebm,sigmoid,1,3,160,40,11,0.9927884615384616,0.6299669859356407,51.52,,,,,,,,0.05,,
low_cost_model,ebm,sigmoid,1,4,160,40,11,0.9938186813186813,0.5038091698630262,105.179,,,,,,,,0.01,,
low_cost_model,ebm,sigmoid,2,0,160,40,11,0.9877582417582418,0.5109162995376586,69.953,,,,,,,,0.05,,
low_cost_model,ebm,sigmoid,2,1,160,40,11,0.9868388278388279,0.6254852666330019,66.653,,,,,,,,0.05,,
low_cost_model,ebm,sigmoid,2,2,160,40,11,0.9876575091575093,0.6146776194606678,96.861,,,,,,,,0.05,,
low_cost_model,ebm,sigmoid,2,3,160,40,11,0.9993333333333333,0.6115231145444133,129.335,,,,,,,,0.01,,
low_cost_model,ebm,sigmoid,2,4,160,40,11,0.9873644688644688,0.6097424347710442,58.707,,,,,,,,0.05,,
low_cost_model,ebm,sigmoid,3,0,160,40,11,0.9883543956043956,0.6541546684397143,62.81,,,,,,,,0.05,,
low_cost_model,ebm,sigmoid,3,1,160,40,11,0.9852930402930404,0.6255726626050113,88.818,,,,,,,,0.01,,
low_cost_model,ebm,sigmoid,3,2,160,40,11,0.9797179487179488,0.628938014689028,91.719,,,,,,,,0.01,,
low_cost_model,ebm,sigmoid,3,3,160,40,11,0.9966666666666667,0.6106909567892633,62.249,,,,,,,,0.05,,
low_cost_model,ebm,sigmoid,3,4,160,40,11,0.987525641025641,0.654818171494597,55.079,,,,,,,,0.05,,
low_cost_model,ebm,sigmoid,4,0,160,40,11,0.9887280219780219,0.5941571279431985,54.994,,,,,,,,0.05,,
low_cost_model,ebm,sigmoid,4,1,160,40,11,0.9830412087912088,0.5602393540423034,125.632,,,,,,,,0.01,,
low_cost_model,ebm,sigmoid,4,2,160,40,11,0.9881117216117217,0.5806174971799491,119.726,,,,,,,,0.01,,
low_cost_model,ebm,sigmoid,4,3,160,40,11,0.9883644688644689,0.5986899996559137,56.223,,,,,,,,0.05,,
low_cost_model,ebm,sigmoid,4,4,160,40,11,0.98321336996337,0.6140127419287857,117.497,,,,,,,,0.01,,
low_cost_model,ebm,isotonic,0,0,160,40,11,0.9906062271062271,0.8660620950784741,126.266,,,,,,,,0.01,,
low_cost_model,ebm,isotonic,0,1,160,40,11,0.9813946886446886,0.7670091072450641,124.988,,,,,,,,0.01,,
low_cost_model,ebm,isotonic,0,2,160,40,11,0.9996565934065934,0.8854991184110317,100.627,,,,,,,,0.05,,
low_cost_model,ebm,isotonic,0,3,160,40,11,0.9791831501831503,0.7431285618101547,125.861,,,,,,,,0.01,,
low_cost_model,ebm,isotonic,0,4,160,40,11,0.9857582417582418,0.9947896963492077,58.415,,,,,,,,0.05,,
low_cost_model,ebm,isotonic,1,0,160,40,11,0.9896978021978022,0.9284211923151158,75.106,,,,,,,,0.05,,
low_cost_model,ebm,isotonic,1,1,160,40,11,0.9780412087912088,0.872400127561487,59.621,,,,,,,,0.05,,
low_cost_model,ebm,isotonic,1,2,160,40,11,0.9921217948717949,0.8323640344313847,59.399,,,,,,,,0.05,,
low_cost_model,ebm,isotonic,1,3,160,40,11,0.9927884615384616,0.8954590782001286,58.986,,,,,,,,0.05,,
low_cost_model,ebm,isotonic,1,4,160,40,11,0.9938186813186813,0.6600582179859886,105.685,,,,,,,,0.01,,
low_cost_model,ebm,isotonic,2,0,160,40,11,0.9877582417582418,0.5655547005658876,57.195,,,,,,,,0.05,,
low_cost_model,ebm,isotonic,2,1,160,40,11,0.9868388278388279,0.905922120804763,50.739,,,,,,,,0.05,,
low_cost_model,ebm,isotonic,2,2,160,40,11,0.9876575091575093,0.8870257824851989,63.6,,,,,,,,0.05,,
low_cost_model,ebm,isotonic,2,3,160,40,11,0.9993333333333333,0.8986511100030102,105.743,,,,,,,,0.01,,
low_cost_model,ebm,isotonic,2,4,160,40,11,0.9873644688644688,0.8352681523231458,55.831,,,,,,,,0.05,,
low_cost_model,ebm,isotonic,3,0,160,40,11,0.9883543956043956,0.8538934563319504,78.998,,,,,,,,0.05,,
low_cost_model,ebm,isotonic,3,1,160,40,11,0.9852930402930404,0.85,113.683,,,,,,,,0.01,,
low_cost_model,ebm,isotonic,3,2,160,40,11,0.9797179487179488,0.7865515339567551,110.036,,,,,,,,0.01,,
low_cost_model,ebm,isotonic,3,3,160,40,11,0.9966666666666667,0.9393051499012244,80.078,,,,,,,,0.05,,
low_cost_model,ebm,isotonic,3,4,160,40,11,0.987525641025641,0.9735639728540569,47.031,,,,,,,,0.05,,
low_cost_model,ebm,isotonic,4,0,160,40,11,0.9887280219780219,0.8322490174432886,57.474,,,,,,,,0.05,,
low_cost_model,ebm,isotonic,4,1,160,40,11,0.9830412087912088,0.85,102.112,,,,,,,,0.01,,
low_cost_model,ebm,isotonic,4,2,160,40,11,0.9881117216117217,0.7940937973049217,87.161,,,,,,,,0.01,,
low_cost_model,ebm,isotonic,4,3,160,40,11,0.9883644688644689,0.9431749558085132,52.175,,,,,,,,0.05,,
low_cost_model,ebm,isotonic,4,4,160,40,11,0.98321336996337,0.8636436964888232,95.664,,,,,,,,0.01,,
laboratory_model,dummy,none,0,0,160,40,14,,0.6333333333333333,0.051,,,,,,,,,,
laboratory_model,dummy,none,0,1,160,40,14,,0.6333333333333333,0.051,,,,,,,,,,
laboratory_model,dummy,none,0,2,160,40,14,,0.6333333333333333,0.051,,,,,,,,,,
laboratory_model,dummy,none,0,3,160,40,14,,0.6416666666666667,0.051,,,,,,,,,,
laboratory_model,dummy,none,0,4,160,40,14,,0.6416666666666667,0.05,,,,,,,,,,
laboratory_model,dummy,none,1,0,160,40,14,,0.6333333333333333,0.051,,,,,,,,,,
laboratory_model,dummy,none,1,1,160,40,14,,0.6333333333333333,0.054,,,,,,,,,,
laboratory_model,dummy,none,1,2,160,40,14,,0.6333333333333333,0.055,,,,,,,,,,
laboratory_model,dummy,none,1,3,160,40,14,,0.6416666666666667,0.051,,,,,,,,,,
laboratory_model,dummy,none,1,4,160,40,14,,0.6416666666666667,0.051,,,,,,,,,,
laboratory_model,dummy,none,2,0,160,40,14,,0.6333333333333333,0.05,,,,,,,,,,
laboratory_model,dummy,none,2,1,160,40,14,,0.6333333333333333,0.05,,,,,,,,,,
laboratory_model,dummy,none,2,2,160,40,14,,0.6333333333333333,0.053,,,,,,,,,,
laboratory_model,dummy,none,2,3,160,40,14,,0.6416666666666667,0.049,,,,,,,,,,
laboratory_model,dummy,none,2,4,160,40,14,,0.6416666666666667,0.051,,,,,,,,,,
laboratory_model,dummy,none,3,0,160,40,14,,0.6333333333333333,0.052,,,,,,,,,,
laboratory_model,dummy,none,3,1,160,40,14,,0.6333333333333333,0.051,,,,,,,,,,
laboratory_model,dummy,none,3,2,160,40,14,,0.6333333333333333,0.048,,,,,,,,,,
laboratory_model,dummy,none,3,3,160,40,14,,0.6416666666666667,0.049,,,,,,,,,,
laboratory_model,dummy,none,3,4,160,40,14,,0.6416666666666667,0.05,,,,,,,,,,
laboratory_model,dummy,none,4,0,160,40,14,,0.6333333333333333,0.052,,,,,,,,,,
laboratory_model,dummy,none,4,1,160,40,14,,0.6333333333333333,0.051,,,,,,,,,,
laboratory_model,dummy,none,4,2,160,40,14,,0.6333333333333333,0.053,,,,,,,,,,
laboratory_model,dummy,none,4,3,160,40,14,,0.6416666666666667,0.051,,,,,,,,,,
laboratory_model,dummy,none,4,4,160,40,14,,0.6416666666666667,0.048,,,,,,,,,,
laboratory_model,dummy,sigmoid,0,0,160,40,14,,0.6313797313556672,0.358,,,,,,,,,,
laboratory_model,dummy,sigmoid,0,1,160,40,14,,0.6313797313556672,0.362,,,,,,,,,,
laboratory_model,dummy,sigmoid,0,2,160,40,14,,0.6313797313556673,0.361,,,,,,,,,,
laboratory_model,dummy,sigmoid,0,3,160,40,14,,0.6395701520450653,0.36,,,,,,,,,,
laboratory_model,dummy,sigmoid,0,4,160,40,14,,0.6395701520450653,0.353,,,,,,,,,,
laboratory_model,dummy,sigmoid,1,0,160,40,14,,0.6313797313556672,0.354,,,,,,,,,,
laboratory_model,dummy,sigmoid,1,1,160,40,14,,0.6313797313556672,0.356,,,,,,,,,,
laboratory_model,dummy,sigmoid,1,2,160,40,14,,0.6313797313556672,0.359,,,,,,,,,,
laboratory_model,dummy,sigmoid,1,3,160,40,14,,0.6395701520450654,0.357,,,,,,,,,,
laboratory_model,dummy,sigmoid,1,4,160,40,14,,0.6395701520450654,0.354,,,,,,,,,,
laboratory_model,dummy,sigmoid,2,0,160,40,14,,0.6313797313556672,0.363,,,,,,,,,,
laboratory_model,dummy,sigmoid,2,1,160,40,14,,0.6313797313556672,0.361,,,,,,,,,,
laboratory_model,dummy,sigmoid,2,2,160,40,14,,0.6313797313556672,0.354,,,,,,,,,,
laboratory_model,dummy,sigmoid,2,3,160,40,14,,0.6395701520450654,0.377,,,,,,,,,,
laboratory_model,dummy,sigmoid,2,4,160,40,14,,0.6395701520450654,0.355,,,,,,,,,,
laboratory_model,dummy,sigmoid,3,0,160,40,14,,0.6313797313556672,0.357,,,,,,,,,,
laboratory_model,dummy,sigmoid,3,1,160,40,14,,0.6313797313556673,0.361,,,,,,,,,,
laboratory_model,dummy,sigmoid,3,2,160,40,14,,0.6313797313556673,0.36,,,,,,,,,,
laboratory_model,dummy,sigmoid,3,3,160,40,14,,0.6395701520450654,0.391,,,,,,,,,,
laboratory_model,dummy,sigmoid,3,4,160,40,14,,0.6395701520450653,0.361,,,,,,,,,,
laboratory_model,dummy,sigmoid,4,0,160,40,14,,0.6313797313556672,0.362,,,,,,,,,,
laboratory_model,dummy,sigmoid,4,1,160,40,14,,0.6313797313556672,0.359,,,,,,,,,,
laboratory_model,dummy,sigmoid,4,2,160,40,14,,0.6313797313556672,0.355,,,,,,,,,,
laboratory_model,dummy,sigmoid,4,3,160,40,14,,0.6395701520450654,0.362,,,,,,,,,,
laboratory_model,dummy,sigmoid,4,4,160,40,14,,0.6395701520450653,0.376,,,,,,,,,,
laboratory_model,dummy,isotonic,0,0,160,40,14,,0.6333333333333333,0.352,,,,,,,,,,
laboratory_model,dummy,isotonic,0,1,160,40,14,,0.6333333333333333,0.352,,,,,,,,,,
laboratory_model,dummy,isotonic,0,2,160,40,14,,0.6333333333333333,0.344,,,,,,,,,,
laboratory_model,dummy,isotonic,0,3,160,40,14,,0.6416666666666666,0.354,,,,,,,,,,
laboratory_model,dummy,isotonic,0,4,160,40,14,,0.6416666666666666,0.349,,,,,,,,,,
laboratory_model,dummy,isotonic,1,0,160,40,14,,0.6333333333333333,0.357,,,,,,,,,,
laboratory_model,dummy,isotonic,1,1,160,40,14,,0.6333333333333333,0.357,,,,,,,,,,
laboratory_model,dummy,isotonic,1,2,160,40,14,,0.6333333333333333,0.354,,,,,,,,,,
laboratory_model,dummy,isotonic,1,3,160,40,14,,0.6416666666666666,0.35,,,,,,,,,,
laboratory_model,dummy,isotonic,1,4,160,40,14,,0.6416666666666666,0.381,,,,,,,,,,
laboratory_model,dummy,isotonic,2,0,160,40,14,,0.6333333333333333,0.356,,,,,,,,,,
laboratory_model,dummy,isotonic,2,1,160,40,14,,0.6333333333333333,0.351,,,,,,,,,,
laboratory_model,dummy,isotonic,2,2,160,40,14,,0.6333333333333333,0.347,,,,,,,,,,
laboratory_model,dummy,isotonic,2,3,160,40,14,,0.6416666666666666,0.358,,,,,,,,,,
laboratory_model,dummy,isotonic,2,4,160,40,14,,0.6416666666666666,0.353,,,,,,,,,,
laboratory_model,dummy,isotonic,3,0,160,40,14,,0.6333333333333333,0.352,,,,,,,,,,
laboratory_model,dummy,isotonic,3,1,160,40,14,,0.6333333333333333,0.348,,,,,,,,,,
laboratory_model,dummy,isotonic,3,2,160,40,14,,0.6333333333333333,0.347,,,,,,,,,,
laboratory_model,dummy,isotonic,3,3,160,40,14,,0.6416666666666666,0.35,,,,,,,,,,
laboratory_model,dummy,isotonic,3,4,160,40,14,,0.6416666666666666,0.352,,,,,,,,,,
laboratory_model,dummy,isotonic,4,0,160,40,14,,0.6333333333333333,0.349,,,,,,,,,,
laboratory_model,dummy,isotonic,4,1,160,40,14,,0.6333333333333333,0.385,,,,,,,,,,
laboratory_model,dummy,isotonic,4,2,160,40,14,,0.6333333333333333,0.355,,,,,,,,,,
laboratory_model,dummy,isotonic,4,3,160,40,14,,0.6416666666666666,0.342,,,,,,,,,,
laboratory_model,dummy,isotonic,4,4,160,40,14,,0.6416666666666666,0.357,,,,,,,,,,
laboratory_model,logreg,none,0,0,160,40,14,0.995919413919414,0.4704965350779605,0.917,0.01,None,,,,,,,,
laboratory_model,logreg,none,0,1,160,40,14,0.9960000000000001,0.47213442847886017,0.914,0.01,None,,,,,,,,
laboratory_model,logreg,none,0,2,160,40,14,0.9972527472527473,0.44782442187473814,0.914,0.01,balanced,,,,,,,,
laboratory_model,logreg,none,0,3,160,40,14,0.9951923076923077,0.4720466849614978,0.903,0.01,None,,,,,,,,
laboratory_model,logreg,none,0,4,160,40,14,0.9939798534798535,0.4418104012389561,0.896,0.01,balanced,,,,,,,,
laboratory_model,logreg,none,1,0,160,40,14,0.9940000000000001,0.545462613323018,0.902,0.1,None,,,,,,,,
laboratory_model,logreg,none,1,1,160,40,14,0.9993333333333334,0.47215055980834525,0.9,0.01,None,,,,,,,,
laboratory_model,logreg,none,1,2,160,40,14,0.9945457875457876,0.4441480225252362,0.897,0.01,balanced,,,,,,,,
laboratory_model,logreg,none,1,3,160,40,14,0.9938589743589744,0.46726025257480747,0.892,0.01,None,,,,,,,,
laboratory_model,logreg,none,1,4,160,40,14,0.9938589743589744,0.4681966177320097,0.898,0.01,None,,,,,,,,
laboratory_model,logreg,none,2,0,160,40,14,0.997959706959707,0.4745287636731827,0.907,0.01,None,,,,,,,,
laboratory_model,logreg,none,2,1,160,40,14,0.9966263736263736,0.46632808440735396,0.902,0.01,None,,,,,,,,
laboratory_model,logreg,none,2,2,160,40,14,0.997959706959707,0.442451190073803,0.906,0.01,balanced,,,,,,,,
laboratory_model,logreg,none,2,3,160,40,14,0.9945054945054945,0.4740153606827654,0.893,0.01,None,,,,,,,,
laboratory_model,logreg,none,2,4,160,40,14,0.9931923076923077,0.4818634220317141,0.947,0.01,None,,,,,,,,
laboratory_model,logreg,none,3,0,160,40,14,0.9953131868131868,0.4683045398617544,0.887,0.01,None,,,,,,,,
laboratory_model,logreg,none,3,1,160,40,14,0.9959798534798535,0.4819866115993598,0.888,0.01,None,,,,,,,,
laboratory_model,logreg,none,3,2,160,40,14,0.9918791208791209,0.43809948492170503,0.898,0.01,balanced,,,,,,,,
laboratory_model,logreg,none,3,3,160,40,14,1.0,0.47102729117565795,0.898,0.01,None,,,,,,,,
laboratory_model,logreg,none,3,4,160,40,14,0.9938791208791209,0.4694024065050459,0.891,0.01,None,,,,,,,,
laboratory_model,logreg,none,4,0,160,40,14,0.9973131868131869,0.47184565008720863,0.883,0.01,None,,,,,,,,
laboratory_model,logreg,none,4,1,160,40,14,0.9951923076923077,0.48614158126283225,0.892,0.1,balanced,,,,,,,,
laboratory_model,logreg,none,4,2,160,40,14,0.9938589743589744,0.4755962144720907,0.895,0.01,None,,,,,,,,
laboratory_model,logreg,none,4,3,160,40,14,0.9972728937728939,0.4731117972366175,0.905,0.01,None,,,,,,,,
laboratory_model,logreg,none,4,4,160,40,14,0.9939395604395604,0.5588242503541024,0.888,0.1,None,,,,,,,,
laboratory_model,logreg,sigmoid,0,0,160,40,14,0.995919413919414,0.6797306821649657,1.243,0.01,None,,,,,,,,
laboratory_model,logreg,sigmoid,0,1,160,40,14,0.9960000000000001,0.6759322808843994,1.272,0.01,None,,,,,,,,
laboratory_model,logreg,sigmoid,0,2,160,40,14,0.9972527472527473,0.6842661089952147,1.274,0.01,balanced,,,,,,,,
laboratory_model,logreg,sigmoid,0,3,160,40,14,0.9951923076923077,0.682674203761446,1.259,0.01,None,,,,,,,,
laboratory_model,logreg,sigmoid,0,4,160,40,14,0.9939798534798535,0.6910387910390269,1.308,0.01,balanced,,,,,,,,
laboratory_model,logreg,sigmoid,1,0,160,40,14,0.9940000000000001,0.6775678832208752,1.265,0.1,None,,,,,,,,
laboratory_model,logreg,sigmoid,1,1,160,40,14,0.9993333333333334,0.688937920289991,1.25,0.01,None,,,,,,,,
laboratory_model,logreg,sigmoid,1,2,160,40,14,0.9945457875457876,0.675996631434359,1.283,0.01,balanced,,,,,,,,
laboratory_model,logreg,sigmoid,1,3,160,40,14,0.9938589743589744,0.6716230918901241,1.266,0.01,None,,,,,,,,
laboratory_model,logreg,sigmoid,1,4,160,40,14,0.9938589743589744,0.6816633442044592,1.304,0.01,None,,,,,,,,
laboratory_model,logreg,sigmoid,2,0,160,40,14,0.997959706959707,0.6722023694441643,1.265,0.01,None,,,,,,,,
laboratory_model,logreg,sigmoid,2,1,160,40,14,0.9966263736263736,0.6690274732974808,1.268,0.01,None,,,,,,,,
laboratory_model,logreg,sigmoid,2,2,160,40,14,0.997959706959707,0.6724484691220832,1.274,0.01,balanced,,,,,,,,
laboratory_model,logreg,sigmoid,2,3,160,40,14,0.9945054945054945,0.6923482305747457,1.281,0.01,None,,,,,,,,
laboratory_model,logreg,sigmoid,2,4,160,40,14,0.9931923076923077,0.7048971218459749,1.324,0.01,None,,,,,,,,
laboratory_model,logreg,sigmoid,3,0,160,40,14,0.9953131868131868,0.6793557405649211,1.269,0.01,None,,,,,,,,
laboratory_model,logreg,sigmoid,3,1,160,40,14,0.9959798534798535,0.6953275680248141,1.271,0.01,None,,,,,,,,
laboratory_model,logreg,sigmoid,3,2,160,40,14,0.9918791208791209,0.6455466210854481,1.289,0.01,balanced,,,,,,,,
laboratory_model,logreg,sigmoid,3,3,160,40,14,1.0,0.6898940859554259,1.29,0.01,None,,,,,,,,
laboratory_model,logreg,sigmoid,3,4,160,40,14,0.9938791208791209,0.6725177743093806,1.306,0.01,None,,,,,,,,
laboratory_model,logreg,sigmoid,4,0,160,40,14,0.9973131868131869,0.6804286970214108,1.312,0.01,None,,,,,,,,
laboratory_model,logreg,sigmoid,4,1,160,40,14,0.9951923076923077,0.702580469002116,1.307,0.1,balanced,,,,,,,,
laboratory_model,logreg,sigmoid,4,2,160,40,14,0.9938589743589744,0.6946237059769724,1.339,0.01,None,,,,,,,,
laboratory_model,logreg,sigmoid,4,3,160,40,14,0.9972728937728939,0.6770334452637162,1.304,0.01,None,,,,,,,,
laboratory_model,logreg,sigmoid,4,4,160,40,14,0.9939395604395604,0.6949925430443366,1.299,0.1,None,,,,,,,,
laboratory_model,logreg,isotonic,0,0,160,40,14,0.995919413919414,1.0,1.27,0.01,None,,,,,,,,
laboratory_model,logreg,isotonic,0,1,160,40,14,0.9960000000000001,0.9025781850938686,1.262,0.01,None,,,,,,,,
laboratory_model,logreg,isotonic,0,2,160,40,14,0.9972527472527473,0.9658245316456677,1.293,0.01,balanced,,,,,,,,
laboratory_model,logreg,isotonic,0,3,160,40,14,0.9951923076923077,0.9950979946088813,1.285,0.01,None,,,,,,,,
laboratory_model,logreg,isotonic,0,4,160,40,14,0.9939798534798535,0.9094253065370657,1.286,0.01,balanced,,,,,,,,
laboratory_model,logreg,isotonic,1,0,160,40,14,0.9940000000000001,0.8706695543040059,1.278,0.1,None,,,,,,,,
laboratory_model,logreg,isotonic,1,1,160,40,14,0.9993333333333334,0.9800783788842655,1.257,0.01,None,,,,,,,,
laboratory_model,logreg,isotonic,1,2,160,40,14,0.9945457875457876,0.9166465548222202,1.289,0.01,balanced,,,,,,,,
laboratory_model,logreg,isotonic,1,3,160,40,14,0.9938589743589744,0.9039706586309671,1.272,0.01,None,,,,,,,,
laboratory_model,logreg,isotonic,1,4,160,40,14,0.9938589743589744,0.9837581815083644,1.281,0.01,None,,,,,,,,
laboratory_model,logreg,isotonic,2,0,160,40,14,0.997959706959707,0.9424185006379356,1.284,0.01,None,,,,,,,,
laboratory_model,logreg,isotonic,2,1,160,40,14,0.9966263736263736,0.9324620220111463,1.283,0.01,None,,,,,,,,
laboratory_model,logreg,isotonic,2,2,160,40,14,0.997959706959707,0.9999477292075498,1.299,0.01,balanced,,,,,,,,
laboratory_model,logreg,isotonic,2,3,160,40,14,0.9945054945054945,0.9701058071947603,1.267,0.01,None,,,,,,,,
laboratory_model,logreg,isotonic,2,4,160,40,14,0.9931923076923077,0.9790025666091271,1.283,0.01,None,,,,,,,,
laboratory_model,logreg,isotonic,3,0,160,40,14,0.9953131868131868,0.9752775746227741,1.283,0.01,None,,,,,,,,
laboratory_model,logreg,isotonic,3,1,160,40,14,0.9959798534798535,0.9180741198784934,1.275,0.01,None,,,,,,,,
laboratory_model,logreg,isotonic,3,2,160,40,14,0.9918791208791209,0.9449718262353484,1.28,0.01,balanced,,,,,,,,
laboratory_model,logreg,isotonic,3,3,160,40,14,1.0,0.9765997176189152,1.267,0.01,None,,,,,,,,
laboratory_model,logreg,isotonic,3,4,160,40,14,0.9938791208791209,0.9232058588035729,1.264,0.01,None,,,,,,,,
laboratory_model,logreg,isotonic,4,0,160,40,14,0.9973131868131869,0.954193317778146,1.297,0.01,None,,,,,,,,
laboratory_model,logreg,isotonic,4,1,160,40,14,0.9951923076923077,0.9455002865613705,1.286,0.1,balanced,,,,,,,,
laboratory_model,logreg,isotonic,4,2,160,40,14,0.9938589743589744,0.9894275527493228,1.276,0.01,None,,,,,,,,
laboratory_model,logreg,isotonic,4,3,160,40,14,0.9972728937728939,0.9425935133458674,1.29,0.01,None,,,,,,,,
laboratory_model,logreg,isotonic,4,4,160,40,14,0.9939395604395604,0.9365677092766469,1.275,0.1,None,,,,,,,,
laboratory_model,random_forest,none,0,0,160,40,14,0.9945054945054945,0.6991382425560694,23.478,,balanced,3,sqrt,1,,,,,
laboratory_model,random_forest,none,0,1,160,40,14,0.9913333333333334,0.6999964923462657,23.355,,None,3,sqrt,1,,,,,
laboratory_model,random_forest,none,0,2,160,40,14,0.9938589743589743,0.8233333333333334,22.824,,None,None,sqrt,1,,,,,
laboratory_model,random_forest,none,0,3,160,40,14,0.9931520146520147,0.9033333333333333,23.103,,None,None,sqrt,1,,,,,
laboratory_model,random_forest,none,0,4,160,40,14,0.9926263736263736,0.7333333333333333,26.348,,None,None,sqrt,1,,,,,
laboratory_model,random_forest,none,1,0,160,40,14,0.9940000000000001,0.8633333333333333,23.413,,None,None,sqrt,1,,,,,
laboratory_model,random_forest,none,1,1,160,40,14,0.9945457875457876,0.86,23.449,,balanced,None,sqrt,1,,,,,
laboratory_model,random_forest,none,1,2,160,40,14,0.988485347985348,0.77,22.856,,balanced,None,sqrt,1,,,,,
laboratory_model,random_forest,none,1,3,160,40,14,0.9911721611721612,0.8233333333333334,23.102,,None,None,sqrt,1,,,,,
laboratory_model,random_forest,none,1,4,160,40,14,0.9931923076923077,0.8433333333333334,27.066,,None,None,sqrt,1,,,,,
laboratory_model,random_forest,none,2,0,160,40,14,0.9959395604395604,0.8533333333333334,25.204,,balanced,None,sqrt,1,,,,,
laboratory_model,random_forest,none,2,1,160,40,14,0.9918186813186813,0.7524764119885511,25.143,,None,3,sqrt,1,,,,,
laboratory_model,random_forest,none,2,2,160,40,14,0.9922527472527473,0.8433333333333334,25.069,,None,None,sqrt,1,,,,,
laboratory_model,random_forest,none,2,3,160,40,14,0.9958992673992674,0.8233333333333334,25.219,,balanced,None,sqrt,1,,,,,
laboratory_model,random_forest,none,2,4,160,40,14,0.9925256410256411,0.7666666666666667,23.984,,None,None,sqrt,1,,,,,
laboratory_model,random_forest,none,3,0,160,40,14,0.9912124542124543,0.7027687489414495,32.419,,None,3,sqrt,1,,,,,
laboratory_model,random_forest,none,3,1,160,40,14,0.9952124542124543,0.8366666666666667,28.719,,None,None,sqrt,1,,,,,
laboratory_model,random_forest,none,3,2,160,40,14,0.9911721611721612,0.6524662968194872,23.573,,balanced,3,sqrt,1,,,,,
laboratory_model,random_forest,none,3,3,160,40,14,0.9993131868131868,0.8366666666666667,27.605,,balanced,None,sqrt,1,,,,,
laboratory_model,random_forest,none,3,4,160,40,14,0.9945659340659341,0.7833333333333333,33.038,,None,None,sqrt,1,,,,,
laboratory_model,random_forest,none,4,0,160,40,14,0.9917985347985349,0.7031169869622215,32.44,,None,3,sqrt,1,,,,,
laboratory_model,random_forest,none,4,1,160,40,14,0.9931923076923077,0.8033333333333333,33.182,,None,None,sqrt,1,,,,,
laboratory_model,random_forest,none,4,2,160,40,14,0.9938992673992675,0.71,33.519,,balanced,None,sqrt,1,,,,,
laboratory_model,random_forest,none,4,3,160,40,14,0.994525641025641,0.8133333333333334,23.577,,balanced,None,sqrt,1,,,,,
laboratory_model,random_forest,none,4,4,160,40,14,0.9893333333333334,0.6910674433961042,24.451,,balanced,3,sqrt,1,,,,,
laboratory_model,random_forest,sigmoid,0,0,160,40,14,0.9945054945054945,0.8320011264266208,37.092,,balanced,3,sqrt,1,,,,,
laboratory_model,random_forest,sigmoid,0,1,160,40,14,0.9913333333333334,0.8137317860739545,36.25,,None,3,sqrt,1,,,,,
laboratory_model,random_forest,sigmoid,0,2,160,40,14,0.9938589743589743,0.8638490751496435,35.764,,None,None,sqrt,1,,,,,
laboratory_model,random_forest,sigmoid,0,3,160,40,14,0.9931520146520147,0.8967901263007731,33.526,,None,None,sqrt,1,,,,,
laboratory_model,random_forest,sigmoid,0,4,160,40,14,0.9926263736263736,0.8180320383359314,33.339,,None,None,sqrt,1,,,,,
laboratory_model,random_forest,sigmoid,1,0,160,40,14,0.9940000000000001,0.8717480976505024,36.879,,None,None,sqrt,1,,,,,
laboratory_model,random_forest,sigmoid,1,1,160,40,14,0.9945457875457876,0.9007063083511829,37.026,,balanced,None,sqrt,1,,,,,
laboratory_model,random_forest,sigmoid,1,2,160,40,14,0.988485347985348,0.8465557910444801,37.56,,balanced,None,sqrt,1,,,,,
laboratory_model,random_forest,sigmoid,1,3,160,40,14,0.9911721611721612,0.863548176566328,36.513,,None,None,sqrt,1,,,,,
laboratory_model,random_forest,sigmoid,1,4,160,40,14,0.9931923076923077,0.8737427037974629,36.317,,None,None,sqrt,1,,,,,
laboratory_model,random_forest,sigmoid,2,0,160,40,14,0.9959395604395604,0.909788901581982,34.466,,balanced,None,sqrt,1,,,,,
laboratory_model,random_forest,sigmoid,2,1,160,40,14,0.9918186813186813,0.8496065812576259,33.55,,None,3,sqrt,1,,,,,
laboratory_model,random_forest,sigmoid,2,2,160,40,14,0.9922527472527473,0.8936761497373052,33.789,,None,None,sqrt,1,,,,,
laboratory_model,random_forest,sigmoid,2,3,160,40,14,0.9958992673992674,0.8758951614767512,33.993,,balanced,None,sqrt,1,,,,,
laboratory_model,random_forest,sigmoid,2,4,160,40,14,0.9925256410256411,0.8462460591647688,32.991,,None,None,sqrt,1,,,,,
laboratory_model,random_forest,sigmoid,3,0,160,40,14,0.9912124542124543,0.8193585978151914,36.024,,None,3,sqrt,1,,,,,
laboratory_model,random_forest,sigmoid,3,1,160,40,14,0.9952124542124543,0.8763960444100861,46.475,,None,None,sqrt,1,,,,,
laboratory_model,random_forest,sigmoid,3,2,160,40,14,0.9911721611721612,0.7806064984581345,43.874,,balanced,3,sqrt,1,,,,,
laboratory_model,random_forest,sigmoid,3,3,160,40,14,0.9993131868131868,0.8928476627871904,38.827,,balanced,None,sqrt,1,,,,,
laboratory_model,random_forest,sigmoid,3,4,160,40,14,0.9945659340659341,0.8476049736234073,33.579,,None,None,sqrt,1,,,,,
laboratory_model,random_forest,sigmoid,4,0,160,40,14,0.9917985347985349,0.8330925798887595,34.273,,None,3,sqrt,1,,,,,
laboratory_model,random_forest,sigmoid,4,1,160,40,14,0.9931923076923077,0.8681558984767928,36.247,,None,None,sqrt,1,,,,,
laboratory_model,random_forest,sigmoid,4,2,160,40,14,0.9938992673992675,0.79194343122942,37.247,,balanced,None,sqrt,1,,,,,
laboratory_model,random_forest,sigmoid,4,3,160,40,14,0.994525641025641,0.8626495643940658,36.024,,balanced,None,sqrt,1,,,,,
laboratory_model,random_forest,sigmoid,4,4,160,40,14,0.9893333333333334,0.8386046211924671,33.45,,balanced,3,sqrt,1,,,,,
laboratory_model,random_forest,isotonic,0,0,160,40,14,0.9945054945054945,0.9114019575911355,34.578,,balanced,3,sqrt,1,,,,,
laboratory_model,random_forest,isotonic,0,1,160,40,14,0.9913333333333334,0.8767221702774775,36.588,,None,3,sqrt,1,,,,,
laboratory_model,random_forest,isotonic,0,2,160,40,14,0.9938589743589743,0.8930137844611528,36.956,,None,None,sqrt,1,,,,,
laboratory_model,random_forest,isotonic,0,3,160,40,14,0.9931520146520147,0.9338235294117647,34.577,,None,None,sqrt,1,,,,,
laboratory_model,random_forest,isotonic,0,4,160,40,14,0.9926263736263736,0.7082987910189982,33.528,,None,None,sqrt,1,,,,,
laboratory_model,random_forest,isotonic,1,0,160,40,14,0.9940000000000001,0.9397804054054055,46.52,,None,None,sqrt,1,,,,,
laboratory_model,random_forest,isotonic,1,1,160,40,14,0.9945457875457876,0.9940298507462686,44.41,,balanced,None,sqrt,1,,,,,
laboratory_model,random_forest,isotonic,1,2,160,40,14,0.988485347985348,0.9304306468350053,34.69,,balanced,None,sqrt,1,,,,,
laboratory_model,random_forest,isotonic,1,3,160,40,14,0.9911721611721612,0.9503083414475819,33.56,,None,None,sqrt,1,,,,,
laboratory_model,random_forest,isotonic,1,4,160,40,14,0.9931923076923077,0.928030303030303,35.889,,None,None,sqrt,1,,,,,
laboratory_model,random_forest,isotonic,2,0,160,40,14,0.9959395604395604,0.9841954022988505,46.943,,balanced,None,sqrt,1,,,,,
laboratory_model,random_forest,isotonic,2,1,160,40,14,0.9918186813186813,0.9377314686988506,43.414,,None,3,sqrt,1,,,,,
laboratory_model,random_forest,isotonic,2,2,160,40,14,0.9922527472527473,0.9813084112149533,34.288,,None,None,sqrt,1,,,,,
laboratory_model,random_forest,isotonic,2,3,160,40,14,0.9958992673992674,0.9644308943089431,34.063,,balanced,None,sqrt,1,,,,,
laboratory_model,random_forest,isotonic,2,4,160,40,14,0.9925256410256411,0.873,35.454,,None,None,sqrt,1,,,,,
laboratory_model,random_forest,isotonic,3,0,160,40,14,0.9912124542124543,0.8565937594065638,33.352,,None,3,sqrt,1,,,,,
laboratory_model,random_forest,isotonic,3,1,160,40,14,0.9952124542124543,0.8768115942028986,33.227,,None,None,sqrt,1,,,,,
laboratory_model,random_forest,isotonic,3,2,160,40,14,0.9911721611721612,0.8972763599833695,33.142,,balanced,3,sqrt,1,,,,,
laboratory_model,random_forest,isotonic,3,3,160,40,14,0.9993131868131868,0.9605597964376591,33.769,,balanced,None,sqrt,1,,,,,
laboratory_model,random_forest,isotonic,3,4,160,40,14,0.9945659340659341,0.9469279960046034,35.199,,None,None,sqrt,1,,,,,
laboratory_model,random_forest,isotonic,4,0,160,40,14,0.9917985347985349,0.9945398503357517,36.363,,None,3,sqrt,1,,,,,
laboratory_model,random_forest,isotonic,4,1,160,40,14,0.9931923076923077,0.9376265182186234,33.938,,None,None,sqrt,1,,,,,
laboratory_model,random_forest,isotonic,4,2,160,40,14,0.9938992673992675,0.8119178165792991,34.048,,balanced,None,sqrt,1,,,,,
laboratory_model,random_forest,isotonic,4,3,160,40,14,0.994525641025641,0.9306426332288401,36.404,,balanced,None,sqrt,1,,,,,
laboratory_model,random_forest,isotonic,4,4,160,40,14,0.9893333333333334,0.9915733592574921,36.865,,balanced,3,sqrt,1,,,,,
laboratory_model,svm,none,0,0,160,40,14,0.9958992673992675,0.8890340143849017,1.07,1.0,balanced,,,,0.01,,,,
laboratory_model,svm,none,0,1,160,40,14,0.9973333333333334,0.4746516771085494,1.086,0.1,balanced,,,,0.01,,,,
laboratory_model,svm,none,0,2,160,40,14,0.9972527472527473,0.48160473404225973,1.074,0.1,balanced,,,,0.01,,,,
laboratory_model,svm,none,0,3,160,40,14,0.9965659340659341,0.8028862459328601,1.048,0.1,None,,,,scale,,,,
laboratory_model,svm,none,0,4,160,40,14,0.9946465201465202,0.8346270615794978,1.078,0.1,None,,,,scale,,,,
laboratory_model,svm,none,1,0,160,40,14,0.9953333333333334,0.7950827572444912,1.071,0.1,None,,,,scale,,,,
laboratory_model,svm,none,1,1,160,40,14,0.9993333333333334,0.7358574136999168,1.069,0.1,None,,,,scale,,,,
laboratory_model,svm,none,1,2,160,40,14,0.9945457875457876,0.5778008590695205,1.119,0.1,None,,,,0.01,,,,
laboratory_model,svm,none,1,3,160,40,14,0.9952326007326008,0.4932184500138977,1.079,0.1,balanced,,,,0.01,,,,
laboratory_model,svm,none,1,4,160,40,14,0.9952124542124543,0.8447183370853795,1.039,0.1,None,,,,scale,,,,
laboratory_model,svm,none,2,0,160,40,14,0.9986263736263736,0.5575723013400621,1.04,0.1,None,,,,0.01,,,,
laboratory_model,svm,none,2,1,160,40,14,0.998,0.793330313740918,1.076,0.1,None,,,,scale,,,,
laboratory_model,svm,none,2,2,160,40,14,0.9993131868131868,0.43512856305828485,1.047,0.1,balanced,,,,0.01,,,,
laboratory_model,svm,none,2,3,160,40,14,0.9951923076923077,0.851453365859393,1.038,0.1,None,,,,scale,,,,
laboratory_model,svm,none,2,4,160,40,14,0.9952728937728939,0.8814369562351191,1.031,0.1,balanced,,,,scale,,,,
laboratory_model,svm,none,3,0,160,40,14,0.9973131868131868,0.7476813460193349,1.062,0.1,None,,,,scale,,,,
laboratory_model,svm,none,3,1,160,40,14,0.9979798534798535,0.9010664801815442,1.025,10.0,None,,,,scale,,,,
laboratory_model,svm,none,3,2,160,40,14,0.9932124542124543,0.7742548711996092,1.042,0.1,None,,,,scale,,,,
laboratory_model,svm,none,3,3,160,40,14,1.0,0.6486883930602322,1.049,0.1,None,,,,0.01,,,,
laboratory_model,svm,none,3,4,160,40,14,0.9952326007326008,0.7428534201978639,1.045,0.1,None,,,,scale,,,,
laboratory_model,svm,none,4,0,160,40,14,0.9966465201465202,0.5162977790852395,1.042,0.1,None,,,,0.01,,,,
laboratory_model,svm,none,4,1,160,40,14,0.9965659340659341,0.932364542943687,1.041,1.0,None,,,,scale,,,,
laboratory_model,svm,none,4,2,160,40,14,0.9958992673992675,0.8306138522472659,1.099,0.1,None,,,,scale,,,,
laboratory_model,svm,none,4,3,160,40,14,0.9986465201465202,0.7390646380748274,1.045,0.1,None,,,,scale,,,,
laboratory_model,svm,none,4,4,160,40,14,0.9953333333333334,0.8510941372437638,1.037,0.1,balanced,,,,scale,,,,
laboratory_model,svm,sigmoid,0,0,160,40,14,0.9958992673992675,0.7000199081367564,1.437,1.0,balanced,,,,0.01,,,,
laboratory_model,svm,sigmoid,0,1,160,40,14,0.9973333333333334,0.6588323332231426,1.534,0.1,balanced,,,,0.01,,,,
laboratory_model,svm,sigmoid,0,2,160,40,14,0.9972527472527473,0.6982496864815905,1.494,0.1,balanced,,,,0.01,,,,
laboratory_model,svm,sigmoid,0,3,160,40,14,0.9965659340659341,0.7877140888172005,1.464,0.1,None,,,,scale,,,,
laboratory_model,svm,sigmoid,0,4,160,40,14,0.9946465201465202,0.7986776594917948,1.485,0.1,None,,,,scale,,,,
laboratory_model,svm,sigmoid,1,0,160,40,14,0.9953333333333334,0.8019225396245098,2.097,0.1,None,,,,scale,,,,
laboratory_model,svm,sigmoid,1,1,160,40,14,0.9993333333333334,0.7734935072559405,2.064,0.1,None,,,,scale,,,,
laboratory_model,svm,sigmoid,1,2,160,40,14,0.9945457875457876,0.6974072602592083,2.096,0.1,None,,,,0.01,,,,
laboratory_model,svm,sigmoid,1,3,160,40,14,0.9952326007326008,0.6557547793658343,2.031,0.1,balanced,,,,0.01,,,,
laboratory_model,svm,sigmoid,1,4,160,40,14,0.9952124542124543,0.8153140517246086,1.637,0.1,None,,,,scale,,,,
laboratory_model,svm,sigmoid,2,0,160,40,14,0.9986263736263736,0.7128036556862511,1.451,0.1,None,,,,0.01,,,,
laboratory_model,svm,sigmoid,2,1,160,40,14,0.998,0.7806123852179649,1.483,0.1,None,,,,scale,,,,
laboratory_model,svm,sigmoid,2,2,160,40,14,0.9993131868131868,0.6717471142898439,1.505,0.1,balanced,,,,0.01,,,,
laboratory_model,svm,sigmoid,2,3,160,40,14,0.9951923076923077,0.8062631103641467,1.483,0.1,None,,,,scale,,,,
laboratory_model,svm,sigmoid,2,4,160,40,14,0.9952728937728939,0.7487250014397715,1.462,0.1,balanced,,,,scale,,,,
laboratory_model,svm,sigmoid,3,0,160,40,14,0.9973131868131868,0.7612207887846856,1.477,0.1,None,,,,scale,,,,
laboratory_model,svm,sigmoid,3,1,160,40,14,0.9979798534798535,0.8451697289932153,1.424,10.0,None,,,,scale,,,,
laboratory_model,svm,sigmoid,3,2,160,40,14,0.9932124542124543,0.7419973169919082,1.457,0.1,None,,,,scale,,,,
laboratory_model,svm,sigmoid,3,3,160,40,14,1.0,0.7323932090429424,1.498,0.1,None,,,,0.01,,,,
laboratory_model,svm,sigmoid,3,4,160,40,14,0.9952326007326008,0.7608052885789253,1.446,0.1,None,,,,scale,,,,
laboratory_model,svm,sigmoid,4,0,160,40,14,0.9966465201465202,0.7021678391421886,1.603,0.1,None,,,,0.01,,,,
laboratory_model,svm,sigmoid,4,1,160,40,14,0.9965659340659341,0.8382416770571811,1.478,1.0,None,,,,scale,,,,
laboratory_model,svm,sigmoid,4,2,160,40,14,0.9958992673992675,0.796730725955182,1.643,0.1,None,,,,scale,,,,
laboratory_model,svm,sigmoid,4,3,160,40,14,0.9986465201465202,0.7470344549736696,1.863,0.1,None,,,,scale,,,,
laboratory_model,svm,sigmoid,4,4,160,40,14,0.9953333333333334,0.6875982910715369,1.761,0.1,balanced,,,,scale,,,,
laboratory_model,svm,isotonic,0,0,160,40,14,0.9958992673992675,1.0,1.465,1.0,balanced,,,,0.01,,,,
laboratory_model,svm,isotonic,0,1,160,40,14,0.9973333333333334,0.9194252720974184,1.454,0.1,balanced,,,,0.01,,,,
laboratory_model,svm,isotonic,0,2,160,40,14,0.9972527472527473,1.0,1.461,0.1,balanced,,,,0.01,,,,
laboratory_model,svm,isotonic,0,3,160,40,14,0.9965659340659341,0.9856711902068543,1.489,0.1,None,,,,scale,,,,
laboratory_model,svm,isotonic,0,4,160,40,14,0.9946465201465202,0.9261815161183609,1.446,0.1,None,,,,scale,,,,
laboratory_model,svm,isotonic,1,0,160,40,14,0.9953333333333334,0.9453740300572528,1.547,0.1,None,,,,scale,,,,
laboratory_model,svm,isotonic,1,1,160,40,14,0.9993333333333334,1.0,1.593,0.1,None,,,,scale,,,,
laboratory_model,svm,isotonic,1,2,160,40,14,0.9945457875457876,0.9062998686745638,1.711,0.1,None,,,,0.01,,,,
laboratory_model,svm,isotonic,1,3,160,40,14,0.9952326007326008,0.9648903565073095,1.637,0.1,balanced,,,,0.01,,,,
laboratory_model,svm,isotonic,1,4,160,40,14,0.9952124542124543,0.985532287530556,1.56,0.1,None,,,,scale,,,,
laboratory_model,svm,isotonic,2,0,160,40,14,0.9986263736263736,0.9416112457610615,1.432,0.1,None,,,,0.01,,,,
laboratory_model,svm,isotonic,2,1,160,40,14,0.998,0.9527604516401358,1.497,0.1,None,,,,scale,,,,
laboratory_model,svm,isotonic,2,2,160,40,14,0.9993131868131868,1.0,1.47,0.1,balanced,,,,0.01,,,,
laboratory_model,svm,isotonic,2,3,160,40,14,0.9951923076923077,0.9693909063143143,1.521,0.1,None,,,,scale,,,,
laboratory_model,svm,isotonic,2,4,160,40,14,0.9952728937728939,0.9972229039519194,1.507,0.1,balanced,,,,scale,,,,
laboratory_model,svm,isotonic,3,0,160,40,14,0.9973131868131868,0.9973943652121855,1.449,0.1,None,,,,scale,,,,
laboratory_model,svm,isotonic,3,1,160,40,14,0.9979798534798535,0.9700966386980295,1.438,10.0,None,,,,scale,,,,
laboratory_model,svm,isotonic,3,2,160,40,14,0.9932124542124543,0.9791995157724345,1.445,0.1,None,,,,scale,,,,
laboratory_model,svm,isotonic,3,3,160,40,14,1.0,0.9750647132476156,1.541,0.1,None,,,,0.01,,,,
laboratory_model,svm,isotonic,3,4,160,40,14,0.9952326007326008,0.9593737191700331,1.472,0.1,None,,,,scale,,,,
laboratory_model,svm,isotonic,4,0,160,40,14,0.9966465201465202,0.9413026594020678,1.529,0.1,None,,,,0.01,,,,
laboratory_model,svm,isotonic,4,1,160,40,14,0.9965659340659341,0.9968289168337127,1.465,1.0,None,,,,scale,,,,
laboratory_model,svm,isotonic,4,2,160,40,14,0.9958992673992675,1.0,1.448,0.1,None,,,,scale,,,,
laboratory_model,svm,isotonic,4,3,160,40,14,0.9986465201465202,0.9363372988719691,1.466,0.1,None,,,,scale,,,,
laboratory_model,svm,isotonic,4,4,160,40,14,0.9953333333333334,0.9814526240379613,1.53,0.1,balanced,,,,scale,,,,
laboratory_model,xgboost,none,0,0,160,40,14,0.9897783882783883,0.9303244352340698,3.701,,,3,,,,0.8,0.05,5.0,0.8
laboratory_model,xgboost,none,0,1,160,40,14,0.9896666666666667,0.8818162083625793,2.814,,,3,,,,0.8,0.05,5.0,0.8
laboratory_model,xgboost,none,0,2,160,40,14,0.9826575091575092,0.9164735674858093,2.818,,,2,,,,0.8,0.05,5.0,0.8
laboratory_model,xgboost,none,0,3,160,40,14,0.9890311355311354,0.9274193048477173,2.658,,,3,,,,0.8,0.05,5.0,0.8
laboratory_model,xgboost,none,0,4,160,40,14,0.9792124542124543,0.9217709898948669,2.647,,,2,,,,0.8,0.05,5.0,0.8
laboratory_model,xgboost,none,1,0,160,40,14,0.9886263736263736,0.8994049429893494,3.484,,,2,,,,0.8,0.05,5.0,0.8
laboratory_model,xgboost,none,1,1,160,40,14,0.9881822344322344,0.9562618136405945,2.88,,,2,,,,0.8,0.1,1.0,0.8
laboratory_model,xgboost,none,1,2,160,40,14,0.9878186813186813,0.9169405102729797,2.815,,,2,,,,0.8,0.05,5.0,0.8
laboratory_model,xgboost,none,1,3,160,40,14,0.9731327838827839,0.8755978345870972,2.651,,,2,,,,0.8,0.05,5.0,0.8
laboratory_model,xgboost,none,1,4,160,40,14,0.9870714285714286,0.9088408350944519,2.642,,,3,,,,0.8,0.05,5.0,0.8
laboratory_model,xgboost,none,2,0,160,40,14,0.9905457875457876,0.9304361939430237,2.966,,,2,,,,0.8,0.05,5.0,0.8
laboratory_model,xgboost,none,2,1,160,40,14,0.9819807692307693,0.9208793044090271,2.873,,,2,,,,0.8,0.05,5.0,0.8
laboratory_model,xgboost,none,2,2,160,40,14,0.9915457875457876,0.9552545547485352,2.575,,,3,,,,0.8,0.05,1.0,0.8
laboratory_model,xgboost,none,2,3,160,40,14,0.9910714285714286,0.9503694772720337,2.592,,,2,,,,0.8,0.05,1.0,0.8
laboratory_model,xgboost,none,2,4,160,40,14,0.9870311355311354,0.8828312754631042,2.682,,,2,,,,0.8,0.05,1.0,0.8
laboratory_model,xgboost,none,3,0,160,40,14,0.9891923076923077,0.8783779740333557,2.886,,,2,,,,0.8,0.05,5.0,0.8
laboratory_model,xgboost,none,3,1,160,40,14,0.9850714285714286,0.9502798914909363,2.878,,,2,,,,0.8,0.05,1.0,0.8
laboratory_model,xgboost,none,3,2,160,40,14,0.9818388278388279,0.8421534299850464,2.661,,,3,,,,0.8,0.05,1.0,0.8
laboratory_model,xgboost,none,3,3,160,40,14,0.9951923076923077,0.9408559799194336,2.649,,,2,,,,0.8,0.05,1.0,0.8
laboratory_model,xgboost,none,3,4,160,40,14,0.9875357142857143,0.945763349533081,2.783,,,3,,,,0.8,0.05,1.0,0.8
laboratory_model,xgboost,none,4,0,160,40,14,0.9857582417582418,0.9309030771255493,2.734,,,2,,,,0.8,0.05,5.0,0.8
laboratory_model,xgboost,none,4,1,160,40,14,0.9829908424908425,0.892428457736969,2.606,,,2,,,,0.8,0.05,1.0,0.8
laboratory_model,xgboost,none,4,2,160,40,14,0.9891117216117217,0.8422544002532959,2.684,,,3,,,,0.8,0.1,1.0,0.8
laboratory_model,xgboost,none,4,3,160,40,14,0.9897179487179488,0.867243766784668,2.736,,,2,,,,0.8,0.05,5.0,0.8
laboratory_model,xgboost,none,4,4,160,40,14,0.9807985347985348,0.9208847284317017,2.682,,,2,,,,0.8,0.05,5.0,0.8
laboratory_model,xgboost,sigmoid,0,0,160,40,14,0.9897783882783883,0.9018050314569585,4.047,,,3,,,,0.8,0.05,5.0,0.8
laboratory_model,xgboost,sigmoid,0,1,160,40,14,0.9896666666666667,0.88738238763271,4.032,,,3,,,,0.8,0.05,5.0,0.8
laboratory_model,xgboost,sigmoid,0,2,160,40,14,0.9826575091575092,0.8840607568425987,3.964,,,2,,,,0.8,0.05,5.0,0.8
laboratory_model,xgboost,sigmoid,0,3,160,40,14,0.9890311355311354,0.8946780146014357,4.107,,,3,,,,0.8,0.05,5.0,0.8
laboratory_model,xgboost,sigmoid,0,4,160,40,14,0.9792124542124543,0.8982443137615331,3.929,,,2,,,,0.8,0.05,5.0,0.8
laboratory_model,xgboost,sigmoid,1,0,160,40,14,0.9886263736263736,0.8883144575646347,4.144,,,2,,,,0.8,0.05,5.0,0.8
laboratory_model,xgboost,sigmoid,1,1,160,40,14,0.9881822344322344,0.9062551321264283,3.992,,,2,,,,0.8,0.1,1.0,0.8
laboratory_model,xgboost,sigmoid,1,2,160,40,14,0.9878186813186813,0.8927670587689293,4.102,,,2,,,,0.8,0.05,5.0,0.8
laboratory_model,xgboost,sigmoid,1,3,160,40,14,0.9731327838827839,0.8486705747494032,4.139,,,2,,,,0.8,0.05,5.0,0.8
laboratory_model,xgboost,sigmoid,1,4,160,40,14,0.9870714285714286,0.8906347572411388,4.047,,,3,,,,0.8,0.05,5.0,0.8
laboratory_model,xgboost,sigmoid,2,0,160,40,14,0.9905457875457876,0.9015151541587382,3.971,,,2,,,,0.8,0.05,5.0,0.8
laboratory_model,xgboost,sigmoid,2,1,160,40,14,0.9819807692307693,0.8909658435838739,3.934,,,2,,,,0.8,0.05,5.0,0.8
laboratory_model,xgboost,sigmoid,2,2,160,40,14,0.9915457875457876,0.8983164457085813,3.981,,,3,,,,0.8,0.05,1.0,0.8
laboratory_model,xgboost,sigmoid,2,3,160,40,14,0.9910714285714286,0.9217352125829822,4.018,,,2,,,,0.8,0.05,1.0,0.8
laboratory_model,xgboost,sigmoid,2,4,160,40,14,0.9870311355311354,0.8617950528715331,3.942,,,2,,,,0.8,0.05,1.0,0.8
laboratory_model,xgboost,sigmoid,3,0,160,40,14,0.9891923076923077,0.8802909471113832,4.046,,,2,,,,0.8,0.05,5.0,0.8
laboratory_model,xgboost,sigmoid,3,1,160,40,14,0.9850714285714286,0.8985555419703314,4.023,,,2,,,,0.8,0.05,1.0,0.8
laboratory_model,xgboost,sigmoid,3,2,160,40,14,0.9818388278388279,0.8428019383231407,4.103,,,3,,,,0.8,0.05,1.0,0.8
laboratory_model,xgboost,sigmoid,3,3,160,40,14,0.9951923076923077,0.9107733763293009,4.041,,,2,,,,0.8,0.05,1.0,0.8
laboratory_model,xgboost,sigmoid,3,4,160,40,14,0.9875357142857143,0.9029386443900609,3.939,,,3,,,,0.8,0.05,1.0,0.8
laboratory_model,xgboost,sigmoid,4,0,160,40,14,0.9857582417582418,0.9099129877115918,3.977,,,2,,,,0.8,0.05,5.0,0.8
laboratory_model,xgboost,sigmoid,4,1,160,40,14,0.9829908424908425,0.888924425245731,4.012,,,2,,,,0.8,0.05,1.0,0.8
laboratory_model,xgboost,sigmoid,4,2,160,40,14,0.9891117216117217,0.8937583879060301,3.923,,,3,,,,0.8,0.1,1.0,0.8
laboratory_model,xgboost,sigmoid,4,3,160,40,14,0.9897179487179488,0.8601903331020461,3.977,,,2,,,,0.8,0.05,5.0,0.8
laboratory_model,xgboost,sigmoid,4,4,160,40,14,0.9807985347985348,0.8951481431974041,3.976,,,2,,,,0.8,0.05,5.0,0.8
laboratory_model,xgboost,isotonic,0,0,160,40,14,0.9897783882783883,0.8050741702318192,3.916,,,3,,,,0.8,0.05,5.0,0.8
laboratory_model,xgboost,isotonic,0,1,160,40,14,0.9896666666666667,0.8666666746139526,4.426,,,3,,,,0.8,0.05,5.0,0.8
laboratory_model,xgboost,isotonic,0,2,160,40,14,0.9826575091575092,0.8125,4.26,,,2,,,,0.8,0.05,5.0,0.8
laboratory_model,xgboost,isotonic,0,3,160,40,14,0.9890311355311354,0.8810233920812607,3.86,,,3,,,,0.8,0.05,5.0,0.8
laboratory_model,xgboost,isotonic,0,4,160,40,14,0.9792124542124543,0.9215120822191238,4.019,,,2,,,,0.8,0.05,5.0,0.8
laboratory_model,xgboost,isotonic,1,0,160,40,14,0.9886263736263736,0.9583333283662796,3.887,,,2,,,,0.8,0.05,5.0,0.8
laboratory_model,xgboost,isotonic,1,1,160,40,14,0.9881822344322344,0.9020595848560333,4.649,,,2,,,,0.8,0.1,1.0,0.8
laboratory_model,xgboost,isotonic,1,2,160,40,14,0.9878186813186813,0.9166666716337204,4.223,,,2,,,,0.8,0.05,5.0,0.8
laboratory_model,xgboost,isotonic,1,3,160,40,14,0.9731327838827839,0.8099309951066971,3.823,,,2,,,,0.8,0.05,5.0,0.8
laboratory_model,xgboost,isotonic,1,4,160,40,14,0.9870714285714286,0.7736259289085865,4.192,,,3,,,,0.8,0.05,5.0,0.8
laboratory_model,xgboost,isotonic,2,0,160,40,14,0.9905457875457876,0.821428544819355,3.99,,,2,,,,0.8,0.05,5.0,0.8
laboratory_model,xgboost,isotonic,2,1,160,40,14,0.9819807692307693,0.875,4.901,,,2,,,,0.8,0.05,5.0,0.8
laboratory_model,xgboost,isotonic,2,2,160,40,14,0.9915457875457876,0.8852567225694656,4.072,,,3,,,,0.8,0.05,1.0,0.8
laboratory_model,xgboost,isotonic,2,3,160,40,14,0.9910714285714286,0.9933969527482986,3.854,,,2,,,,0.8,0.05,1.0,0.8
laboratory_model,xgboost,isotonic,2,4,160,40,14,0.9870311355311354,0.75,4.062,,,2,,,,0.8,0.05,1.0,0.8
laboratory_model,xgboost,isotonic,3,0,160,40,14,0.9891923076923077,0.851129487156868,4.152,,,2,,,,0.8,0.05,5.0,0.8
laboratory_model,xgboost,isotonic,3,1,160,40,14,0.9850714285714286,0.8958333283662796,4.851,,,2,,,,0.8,0.05,1.0,0.8
laboratory_model,xgboost,isotonic,3,2,160,40,14,0.9818388278388279,0.8215886652469635,3.876,,,3,,,,0.8,0.05,1.0,0.8
laboratory_model,xgboost,isotonic,3,3,160,40,14,0.9951923076923077,0.9166666716337204,3.901,,,2,,,,0.8,0.05,1.0,0.8
laboratory_model,xgboost,isotonic,3,4,160,40,14,0.9875357142857143,0.875,4.274,,,3,,,,0.8,0.05,1.0,0.8
laboratory_model,xgboost,isotonic,4,0,160,40,14,0.9857582417582418,0.9719190746545792,4.465,,,2,,,,0.8,0.05,5.0,0.8
laboratory_model,xgboost,isotonic,4,1,160,40,14,0.9829908424908425,0.8685049712657928,4.017,,,2,,,,0.8,0.05,1.0,0.8
laboratory_model,xgboost,isotonic,4,2,160,40,14,0.9891117216117217,0.8163554295897484,3.835,,,3,,,,0.8,0.1,1.0,0.8
laboratory_model,xgboost,isotonic,4,3,160,40,14,0.9897179487179488,0.8443648815155029,4.096,,,2,,,,0.8,0.05,5.0,0.8
laboratory_model,xgboost,isotonic,4,4,160,40,14,0.9807985347985348,0.8388523161411285,4.314,,,2,,,,0.8,0.05,5.0,0.8
laboratory_model,ebm,none,0,0,160,40,14,0.9945054945054945,0.997394862980956,31.318,,,,,,,,0.05,,
laboratory_model,ebm,none,0,1,160,40,14,0.9852527472527474,0.9265674863252201,34.855,,,,,,,,0.01,,
laboratory_model,ebm,none,0,2,160,40,14,0.9897783882783884,0.9480398013759687,40.506,,,,,,,,0.01,,
laboratory_model,ebm,none,0,3,160,40,14,0.9865256410256411,0.978690074407982,29.139,,,,,,,,0.05,,
laboratory_model,ebm,none,0,4,160,40,14,0.9859395604395604,0.9997078307212689,36.851,,,,,,,,0.05,,
laboratory_model,ebm,none,1,0,160,40,14,0.9858992673992675,0.9672437350474351,38.354,,,,,,,,0.01,,
laboratory_model,ebm,none,1,1,160,40,14,0.9925054945054945,0.9375943134744336,29.507,,,,,,,,0.05,,
laboratory_model,ebm,none,1,2,160,40,14,0.986404761904762,0.9959832458515706,33.479,,,,,,,,0.05,,
laboratory_model,ebm,none,1,3,160,40,14,0.9863040293040294,0.9593335270539943,36.587,,,,,,,,0.05,,
laboratory_model,ebm,none,1,4,160,40,14,0.9897380952380953,0.9879748527149497,30.522,,,,,,,,0.05,,
laboratory_model,ebm,none,2,0,160,40,14,0.9797179487179488,0.9153617151142167,39.536,,,,,,,,0.01,,
laboratory_model,ebm,none,2,1,160,40,14,0.9816978021978022,0.9909615645434322,30.731,,,,,,,,0.05,,
laboratory_model,ebm,none,2,2,160,40,14,0.9918589743589744,0.9945725240824903,42.791,,,,,,,,0.05,,
laboratory_model,ebm,none,2,3,160,40,14,0.9952124542124543,0.9926704432555667,45.203,,,,,,,,0.05,,
laboratory_model,ebm,none,2,4,160,40,14,0.9869908424908426,0.8995404803946647,32.299,,,,,,,,0.05,,
laboratory_model,ebm,none,3,0,160,40,14,0.9791923076923077,0.9057874211290385,40.651,,,,,,,,0.01,,
laboratory_model,ebm,none,3,1,160,40,14,0.9824249084249085,0.9944500568244264,47.895,,,,,,,,0.05,,
laboratory_model,ebm,none,3,2,160,40,14,0.9830311355311356,0.7702160990809649,30.314,,,,,,,,0.05,,
laboratory_model,ebm,none,3,3,160,40,14,1.0,0.9986677698450408,40.034,,,,,,,,0.05,,
laboratory_model,ebm,none,3,4,160,40,14,0.9898388278388279,0.9190989286668083,28.23,,,,,,,,0.05,,
laboratory_model,ebm,none,4,0,160,40,14,0.9938791208791209,0.9802239045685027,20.727,,,,,,,,0.05,,
laboratory_model,ebm,none,4,1,160,40,14,0.9884652014652016,0.92676836891222,38.885,,,,,,,,0.01,,
laboratory_model,ebm,none,4,2,160,40,14,0.9917985347985349,0.9294854526337137,36.73,,,,,,,,0.05,,
laboratory_model,ebm,none,4,3,160,40,14,0.9780824175824177,0.8329053785555266,45.073,,,,,,,,0.05,,
laboratory_model,ebm,none,4,4,160,40,14,0.9776776556776557,0.9551718394016322,40.37,,,,,,,,0.05,,
laboratory_model,ebm,sigmoid,0,0,160,40,14,0.9945054945054945,0.7119539046072624,67.248,,,,,,,,0.05,,
laboratory_model,ebm,sigmoid,0,1,160,40,14,0.9852527472527474,0.7003489132210045,87.581,,,,,,,,0.01,,
laboratory_model,ebm,sigmoid,0,2,160,40,14,0.9897783882783884,0.7676719426930858,141.07,,,,,,,,0.01,,
laboratory_model,ebm,sigmoid,0,3,160,40,14,0.9865256410256411,0.700524535750396,60.492,,,,,,,,0.05,,
laboratory_model,ebm,sigmoid,0,4,160,40,14,0.9859395604395604,0.7335399249219301,70.017,,,,,,,,0.05,,
laboratory_model,ebm,sigmoid,1,0,160,40,14,0.9858992673992675,0.7617305464110287,102.046,,,,,,,,0.01,,
laboratory_model,ebm,sigmoid,1,1,160,40,14,0.9925054945054945,0.7179317876766951,69.4,,,,,,,,0.05,,
laboratory_model,ebm,sigmoid,1,2,160,40,14,0.986404761904762,0.7097273882996387,61.792,,,,,,,,0.05,,
laboratory_model,ebm,sigmoid,1,3,160,40,14,0.9863040293040294,0.6976303245087843,79.54,,,,,,,,0.05,,
laboratory_model,ebm,sigmoid,1,4,160,40,14,0.9897380952380953,0.6907229360436327,59.592,,,,,,,,0.05,,
laboratory_model,ebm,sigmoid,2,0,160,40,14,0.9797179487179488,0.7338450449746239,99.515,,,,,,,,0.01,,
laboratory_model,ebm,sigmoid,2,1,160,40,14,0.9816978021978022,0.6862899566385812,67.318,,,,,,,,0.05,,
laboratory_model,ebm,sigmoid,2,2,160,40,14,0.9918589743589744,0.7419387412459391,70.933,,,,,,,,0.05,,
laboratory_model,ebm,sigmoid,2,3,160,40,14,0.9952124542124543,0.722567450366861,78.582,,,,,,,,0.05,,
laboratory_model,ebm,sigmoid,2,4,160,40,14,0.9869908424908426,0.6368039768200705,77.953,,,,,,,,0.05,,
laboratory_model,ebm,sigmoid,3,0,160,40,14,0.9791923076923077,0.7165306216952698,108.827,,,,,,,,0.01,,
laboratory_model,ebm,sigmoid,3,1,160,40,14,0.9824249084249085,0.7862840672345681,88.431,,,,,,,,0.05,,
laboratory_model,ebm,sigmoid,3,2,160,40,14,0.9830311355311356,0.6638209593846158,140.497,,,,,,,,0.05,,
laboratory_model,ebm,sigmoid,3,3,160,40,14,1.0,0.7441326762192726,79.416,,,,,,,,0.05,,
laboratory_model,ebm,sigmoid,3,4,160,40,14,0.9898388278388279,0.6516019898558443,62.583,,,,,,,,0.05,,
laboratory_model,ebm,sigmoid,4,0,160,40,14,0.9938791208791209,0.7128779664780541,54.413,,,,,,,,0.05,,
laboratory_model,ebm,sigmoid,4,1,160,40,14,0.9884652014652016,0.7644269369383482,104.807,,,,,,,,0.01,,
laboratory_model,ebm,sigmoid,4,2,160,40,14,0.9917985347985349,0.6966219256242763,128.969,,,,,,,,0.05,,
laboratory_model,ebm,sigmoid,4,3,160,40,14,0.9780824175824177,0.6833898982477954,108.286,,,,,,,,0.05,,
laboratory_model,ebm,sigmoid,4,4,160,40,14,0.9776776556776557,0.6442858882594407,75.337,,,,,,,,0.05,,
laboratory_model,ebm,isotonic,0,0,160,40,14,0.9945054945054945,0.9342745979626775,67.475,,,,,,,,0.05,,
laboratory_model,ebm,isotonic,0,1,160,40,14,0.9852527472527474,0.7575312142286014,89.07,,,,,,,,0.01,,
laboratory_model,ebm,isotonic,0,2,160,40,14,0.9897783882783884,0.8928815005622351,185.241,,,,,,,,0.01,,
laboratory_model,ebm,isotonic,0,3,160,40,14,0.9865256410256411,0.9375,64.197,,,,,,,,0.05,,
laboratory_model,ebm,isotonic,0,4,160,40,14,0.9859395604395604,0.8208418588263874,60.86,,,,,,,,0.05,,
laboratory_model,ebm,isotonic,1,0,160,40,14,0.9858992673992675,0.8258848974885863,111.052,,,,,,,,0.01,,
laboratory_model,ebm,isotonic,1,1,160,40,14,0.9925054945054945,0.8108450372920425,73.686,,,,,,,,0.05,,
laboratory_model,ebm,isotonic,1,2,160,40,14,0.986404761904762,0.875,76.212,,,,,,,,0.05,,
laboratory_model,ebm,isotonic,1,3,160,40,14,0.9863040293040294,0.8208125176346056,89.567,,,,,,,,0.05,,
laboratory_model,ebm,isotonic,1,4,160,40,14,0.9897380952380953,0.8284323837526771,58.055,,,,,,,,0.05,,
laboratory_model,ebm,isotonic,2,0,160,40,14,0.9797179487179488,0.8354534310486141,142.6,,,,,,,,0.01,,
laboratory_model,ebm,isotonic,2,1,160,40,14,0.9816978021978022,0.8333333333333334,87.242,,,,,,,,0.05,,
laboratory_model,ebm,isotonic,2,2,160,40,14,0.9918589743589744,0.9059272640848612,66.628,,,,,,,,0.05,,
laboratory_model,ebm,isotonic,2,3,160,40,14,0.9952124542124543,0.9166666666666666,73.633,,,,,,,,0.05,,
laboratory_model,ebm,isotonic,2,4,160,40,14,0.9869908424908426,0.8318940578663462,60.293,,,,,,,,0.05,,
laboratory_model,ebm,isotonic,3,0,160,40,14,0.9791923076923077,0.7916666666666667,103.583,,,,,,,,0.01,,
laboratory_model,ebm,isotonic,3,1,160,40,14,0.9824249084249085,0.95,120.966,,,,,,,,0.05,,
laboratory_model,ebm,isotonic,3,2,160,40,14,0.9830311355311356,0.7027145410908454,59.07,,,,,,,,0.05,,
laboratory_model,ebm,isotonic,3,3,160,40,14,1.0,0.9965160158143171,71.452,,,,,,,,0.05,,
laboratory_model,ebm,isotonic,3,4,160,40,14,0.9898388278388279,0.7616219381659193,56.97,,,,,,,,0.05,,
laboratory_model,ebm,isotonic,4,0,160,40,14,0.9938791208791209,0.9614396696896709,67.729,,,,,,,,0.05,,
laboratory_model,ebm,isotonic,4,1,160,40,14,0.9884652014652016,0.8994281592373043,156.585,,,,,,,,0.01,,
laboratory_model,ebm,isotonic,4,2,160,40,14,0.9917985347985349,0.821285265187221,67.451,,,,,,,,0.05,,
laboratory_model,ebm,isotonic,4,3,160,40,14,0.9780824175824177,0.831532272114557,79.604,,,,,,,,0.05,,
laboratory_model,ebm,isotonic,4,4,160,40,14,0.9776776556776557,0.7916666666666667,71.95,,,,,,,,0.05,,
clinical_only_model,dummy,none,0,0,160,40,8,,0.6333333333333333,0.049,,,,,,,,,,
clinical_only_model,dummy,none,0,1,160,40,8,,0.6333333333333333,0.051,,,,,,,,,,
clinical_only_model,dummy,none,0,2,160,40,8,,0.6333333333333333,0.051,,,,,,,,,,
clinical_only_model,dummy,none,0,3,160,40,8,,0.6416666666666667,0.051,,,,,,,,,,
clinical_only_model,dummy,none,0,4,160,40,8,,0.6416666666666667,0.048,,,,,,,,,,
clinical_only_model,dummy,none,1,0,160,40,8,,0.6333333333333333,0.051,,,,,,,,,,
clinical_only_model,dummy,none,1,1,160,40,8,,0.6333333333333333,0.052,,,,,,,,,,
clinical_only_model,dummy,none,1,2,160,40,8,,0.6333333333333333,0.051,,,,,,,,,,
clinical_only_model,dummy,none,1,3,160,40,8,,0.6416666666666667,0.054,,,,,,,,,,
clinical_only_model,dummy,none,1,4,160,40,8,,0.6416666666666667,0.049,,,,,,,,,,
clinical_only_model,dummy,none,2,0,160,40,8,,0.6333333333333333,0.05,,,,,,,,,,
clinical_only_model,dummy,none,2,1,160,40,8,,0.6333333333333333,0.051,,,,,,,,,,
clinical_only_model,dummy,none,2,2,160,40,8,,0.6333333333333333,0.048,,,,,,,,,,
clinical_only_model,dummy,none,2,3,160,40,8,,0.6416666666666667,0.052,,,,,,,,,,
clinical_only_model,dummy,none,2,4,160,40,8,,0.6416666666666667,0.048,,,,,,,,,,
clinical_only_model,dummy,none,3,0,160,40,8,,0.6333333333333333,0.053,,,,,,,,,,
clinical_only_model,dummy,none,3,1,160,40,8,,0.6333333333333333,0.048,,,,,,,,,,
clinical_only_model,dummy,none,3,2,160,40,8,,0.6333333333333333,0.05,,,,,,,,,,
clinical_only_model,dummy,none,3,3,160,40,8,,0.6416666666666667,0.048,,,,,,,,,,
clinical_only_model,dummy,none,3,4,160,40,8,,0.6416666666666667,0.051,,,,,,,,,,
clinical_only_model,dummy,none,4,0,160,40,8,,0.6333333333333333,0.05,,,,,,,,,,
clinical_only_model,dummy,none,4,1,160,40,8,,0.6333333333333333,0.049,,,,,,,,,,
clinical_only_model,dummy,none,4,2,160,40,8,,0.6333333333333333,0.048,,,,,,,,,,
clinical_only_model,dummy,none,4,3,160,40,8,,0.6416666666666667,0.054,,,,,,,,,,
clinical_only_model,dummy,none,4,4,160,40,8,,0.6416666666666667,0.051,,,,,,,,,,
clinical_only_model,dummy,sigmoid,0,0,160,40,8,,0.6313797313556672,0.365,,,,,,,,,,
clinical_only_model,dummy,sigmoid,0,1,160,40,8,,0.6313797313556672,0.38,,,,,,,,,,
clinical_only_model,dummy,sigmoid,0,2,160,40,8,,0.6313797313556673,0.375,,,,,,,,,,
clinical_only_model,dummy,sigmoid,0,3,160,40,8,,0.6395701520450653,0.398,,,,,,,,,,
clinical_only_model,dummy,sigmoid,0,4,160,40,8,,0.6395701520450653,0.369,,,,,,,,,,
clinical_only_model,dummy,sigmoid,1,0,160,40,8,,0.6313797313556672,0.361,,,,,,,,,,
clinical_only_model,dummy,sigmoid,1,1,160,40,8,,0.6313797313556672,0.365,,,,,,,,,,
clinical_only_model,dummy,sigmoid,1,2,160,40,8,,0.6313797313556672,0.367,,,,,,,,,,
clinical_only_model,dummy,sigmoid,1,3,160,40,8,,0.6395701520450654,0.365,,,,,,,,,,
clinical_only_model,dummy,sigmoid,1,4,160,40,8,,0.6395701520450654,0.357,,,,,,,,,,
clinical_only_model,dummy,sigmoid,2,0,160,40,8,,0.6313797313556672,0.37,,,,,,,,,,
clinical_only_model,dummy,sigmoid,2,1,160,40,8,,0.6313797313556672,0.386,,,,,,,,,,
clinical_only_model,dummy,sigmoid,2,2,160,40,8,,0.6313797313556672,0.379,,,,,,,,,,
clinical_only_model,dummy,sigmoid,2,3,160,40,8,,0.6395701520450654,0.358,,,,,,,,,,
clinical_only_model,dummy,sigmoid,2,4,160,40,8,,0.6395701520450654,0.365,,,,,,,,,,
clinical_only_model,dummy,sigmoid,3,0,160,40,8,,0.6313797313556672,0.372,,,,,,,,,,
clinical_only_model,dummy,sigmoid,3,1,160,40,8,,0.6313797313556673,0.417,,,,,,,,,,
clinical_only_model,dummy,sigmoid,3,2,160,40,8,,0.6313797313556673,0.409,,,,,,,,,,
clinical_only_model,dummy,sigmoid,3,3,160,40,8,,0.6395701520450654,0.36,,,,,,,,,,
clinical_only_model,dummy,sigmoid,3,4,160,40,8,,0.6395701520450653,0.367,,,,,,,,,,
clinical_only_model,dummy,sigmoid,4,0,160,40,8,,0.6313797313556672,0.353,,,,,,,,,,
clinical_only_model,dummy,sigmoid,4,1,160,40,8,,0.6313797313556672,0.384,,,,,,,,,,
clinical_only_model,dummy,sigmoid,4,2,160,40,8,,0.6313797313556672,0.37,,,,,,,,,,
clinical_only_model,dummy,sigmoid,4,3,160,40,8,,0.6395701520450654,0.349,,,,,,,,,,
clinical_only_model,dummy,sigmoid,4,4,160,40,8,,0.6395701520450653,0.359,,,,,,,,,,
clinical_only_model,dummy,isotonic,0,0,160,40,8,,0.6333333333333333,0.404,,,,,,,,,,
clinical_only_model,dummy,isotonic,0,1,160,40,8,,0.6333333333333333,0.352,,,,,,,,,,
clinical_only_model,dummy,isotonic,0,2,160,40,8,,0.6333333333333333,0.368,,,,,,,,,,
clinical_only_model,dummy,isotonic,0,3,160,40,8,,0.6416666666666666,0.344,,,,,,,,,,
clinical_only_model,dummy,isotonic,0,4,160,40,8,,0.6416666666666666,0.373,,,,,,,,,,
clinical_only_model,dummy,isotonic,1,0,160,40,8,,0.6333333333333333,0.344,,,,,,,,,,
clinical_only_model,dummy,isotonic,1,1,160,40,8,,0.6333333333333333,0.341,,,,,,,,,,
clinical_only_model,dummy,isotonic,1,2,160,40,8,,0.6333333333333333,0.365,,,,,,,,,,
clinical_only_model,dummy,isotonic,1,3,160,40,8,,0.6416666666666666,0.407,,,,,,,,,,
clinical_only_model,dummy,isotonic,1,4,160,40,8,,0.6416666666666666,0.417,,,,,,,,,,
clinical_only_model,dummy,isotonic,2,0,160,40,8,,0.6333333333333333,0.367,,,,,,,,,,
clinical_only_model,dummy,isotonic,2,1,160,40,8,,0.6333333333333333,0.357,,,,,,,,,,
clinical_only_model,dummy,isotonic,2,2,160,40,8,,0.6333333333333333,0.363,,,,,,,,,,
clinical_only_model,dummy,isotonic,2,3,160,40,8,,0.6416666666666666,0.352,,,,,,,,,,
clinical_only_model,dummy,isotonic,2,4,160,40,8,,0.6416666666666666,0.428,,,,,,,,,,
clinical_only_model,dummy,isotonic,3,0,160,40,8,,0.6333333333333333,0.38,,,,,,,,,,
clinical_only_model,dummy,isotonic,3,1,160,40,8,,0.6333333333333333,0.346,,,,,,,,,,
clinical_only_model,dummy,isotonic,3,2,160,40,8,,0.6333333333333333,0.347,,,,,,,,,,
clinical_only_model,dummy,isotonic,3,3,160,40,8,,0.6416666666666666,0.351,,,,,,,,,,
clinical_only_model,dummy,isotonic,3,4,160,40,8,,0.6416666666666666,0.348,,,,,,,,,,
clinical_only_model,dummy,isotonic,4,0,160,40,8,,0.6333333333333333,0.351,,,,,,,,,,
clinical_only_model,dummy,isotonic,4,1,160,40,8,,0.6333333333333333,0.36,,,,,,,,,,
clinical_only_model,dummy,isotonic,4,2,160,40,8,,0.6333333333333333,0.354,,,,,,,,,,
clinical_only_model,dummy,isotonic,4,3,160,40,8,,0.6416666666666666,0.368,,,,,,,,,,
clinical_only_model,dummy,isotonic,4,4,160,40,8,,0.6416666666666666,0.35,,,,,,,,,,
clinical_only_model,logreg,none,0,0,160,40,8,0.9470219780219781,0.2504218197640577,0.915,3.0,None,,,,,,,,
clinical_only_model,logreg,none,0,1,160,40,8,0.9227811355311355,0.3844836224579522,0.914,0.03,None,,,,,,,,
clinical_only_model,logreg,none,0,2,160,40,8,0.950173076923077,0.2963467610994269,0.93,1.0,None,,,,,,,,
clinical_only_model,logreg,none,0,3,160,40,8,0.9220357142857143,0.3466556591155222,0.941,0.03,None,,,,,,,,
clinical_only_model,logreg,none,0,4,160,40,8,0.9410540293040293,0.19017179640282353,0.925,0.3,balanced,,,,,,,,
clinical_only_model,logreg,none,1,0,160,40,8,0.9369432234432236,0.31298684167868107,0.953,0.3,None,,,,,,,,
clinical_only_model,logreg,none,1,1,160,40,8,0.9295064102564103,0.2646684232117685,0.939,0.1,balanced,,,,,,,,
clinical_only_model,logreg,none,1,2,160,40,8,0.9128324175824176,0.17703762175014362,0.956,1.0,balanced,,,,,,,,
clinical_only_model,logreg,none,1,3,160,40,8,0.9334789377289378,0.27162344868920996,0.958,0.1,balanced,,,,,,,,
clinical_only_model,logreg,none,1,4,160,40,8,0.9576593406593407,0.23001113831391162,0.954,3.0,None,,,,,,,,
clinical_only_model,logreg,none,2,0,160,40,8,0.9215082417582418,0.3601206895147922,0.893,0.03,None,,,,,,,,
clinical_only_model,logreg,none,2,1,160,40,8,0.9107005494505496,0.25848873664330557,0.925,3.0,None,,,,,,,,
clinical_only_model,logreg,none,2,2,160,40,8,0.9648598901098902,0.34468404705218325,0.903,1.0,balanced,,,,,,,,
clinical_only_model,logreg,none,2,3,160,40,8,0.932529304029304,0.1948999877028953,0.909,0.3,balanced,,,,,,,,
clinical_only_model,logreg,none,2,4,160,40,8,0.9221456043956044,0.24698669581110533,0.933,3.0,None,,,,,,,,
clinical_only_model,logreg,none,3,0,160,40,8,0.9440631868131868,0.2614317970083945,0.962,0.3,balanced,,,,,,,,
clinical_only_model,logreg,none,3,1,160,40,8,0.9200540293040294,0.4139519305453558,0.988,0.01,None,,,,,,,,
clinical_only_model,logreg,none,3,2,160,40,8,0.9344880952380954,0.22698472491287736,0.953,3.0,None,,,,,,,,
clinical_only_model,logreg,none,3,3,160,40,8,0.9197518315018315,0.22466848591342628,0.947,3.0,None,,,,,,,,
clinical_only_model,logreg,none,3,4,160,40,8,0.9267216117216118,0.2646207466069402,0.969,3.0,None,,,,,,,,
clinical_only_model,logreg,none,4,0,160,40,8,0.9485595238095239,0.25559422683962313,0.919,3.0,None,,,,,,,,
clinical_only_model,logreg,none,4,1,160,40,8,0.9083681318681319,0.3760264466487926,0.906,0.01,balanced,,,,,,,,
clinical_only_model,logreg,none,4,2,160,40,8,0.9255100732600733,0.19137210561375698,0.924,0.3,balanced,,,,,,,,
clinical_only_model,logreg,none,4,3,160,40,8,0.9435183150183151,0.3300144250573281,0.931,0.1,None,,,,,,,,
clinical_only_model,logreg,none,4,4,160,40,8,0.9483470695970696,0.336509904713084,0.947,0.3,None,,,,,,,,
clinical_only_model,logreg,sigmoid,0,0,160,40,8,0.9470219780219781,0.3219395448788642,1.305,3.0,None,,,,,,,,
clinical_only_model,logreg,sigmoid,0,1,160,40,8,0.9227811355311355,0.37784968579390227,1.295,0.03,None,,,,,,,,
clinical_only_model,logreg,sigmoid,0,2,160,40,8,0.950173076923077,0.3718588390866581,1.365,1.0,None,,,,,,,,
clinical_only_model,logreg,sigmoid,0,3,160,40,8,0.9220357142857143,0.32521059093534493,1.325,0.03,None,,,,,,,,
clinical_only_model,logreg,sigmoid,0,4,160,40,8,0.9410540293040293,0.3293676051965393,1.709,0.3,balanced,,,,,,,,
clinical_only_model,logreg,sigmoid,1,0,160,40,8,0.9369432234432236,0.35594287835491195,1.27,0.3,None,,,,,,,,
clinical_only_model,logreg,sigmoid,1,1,160,40,8,0.9295064102564103,0.38860024940536797,1.299,0.1,balanced,,,,,,,,
clinical_only_model,logreg,sigmoid,1,2,160,40,8,0.9128324175824176,0.3470014102936644,1.304,1.0,balanced,,,,,,,,
clinical_only_model,logreg,sigmoid,1,3,160,40,8,0.9334789377289378,0.3882004156837022,1.406,0.1,balanced,,,,,,,,
clinical_only_model,logreg,sigmoid,1,4,160,40,8,0.9576593406593407,0.3241144331996707,1.438,3.0,None,,,,,,,,
clinical_only_model,logreg,sigmoid,2,0,160,40,8,0.9215082417582418,0.3531149257892987,1.505,0.03,None,,,,,,,,
clinical_only_model,logreg,sigmoid,2,1,160,40,8,0.9107005494505496,0.3438990942003036,1.486,3.0,None,,,,,,,,
clinical_only_model,logreg,sigmoid,2,2,160,40,8,0.9648598901098902,0.4268089055558305,1.613,1.0,balanced,,,,,,,,
clinical_only_model,logreg,sigmoid,2,3,160,40,8,0.932529304029304,0.3496927458387664,1.663,0.3,balanced,,,,,,,,
clinical_only_model,logreg,sigmoid,2,4,160,40,8,0.9221456043956044,0.3160003253375171,1.544,3.0,None,,,,,,,,
clinical_only_model,logreg,sigmoid,3,0,160,40,8,0.9440631868131868,0.391662706054119,1.54,0.3,balanced,,,,,,,,
clinical_only_model,logreg,sigmoid,3,1,160,40,8,0.9200540293040294,0.3532446728994718,1.619,0.01,None,,,,,,,,
clinical_only_model,logreg,sigmoid,3,2,160,40,8,0.9344880952380954,0.3317685857558711,1.686,3.0,None,,,,,,,,
clinical_only_model,logreg,sigmoid,3,3,160,40,8,0.9197518315018315,0.33947511813810893,1.664,3.0,None,,,,,,,,
clinical_only_model,logreg,sigmoid,3,4,160,40,8,0.9267216117216118,0.3517219625386396,1.812,3.0,None,,,,,,,,
clinical_only_model,logreg,sigmoid,4,0,160,40,8,0.9485595238095239,0.3481282920126276,1.658,3.0,None,,,,,,,,
clinical_only_model,logreg,sigmoid,4,1,160,40,8,0.9083681318681319,0.3233530355879137,1.642,0.01,balanced,,,,,,,,
clinical_only_model,logreg,sigmoid,4,2,160,40,8,0.9255100732600733,0.3229704298734989,1.729,0.3,balanced,,,,,,,,
clinical_only_model,logreg,sigmoid,4,3,160,40,8,0.9435183150183151,0.36582108107541605,1.523,0.1,None,,,,,,,,
clinical_only_model,logreg,sigmoid,4,4,160,40,8,0.9483470695970696,0.37667912453966496,1.618,0.3,None,,,,,,,,
clinical_only_model,logreg,isotonic,0,0,160,40,8,0.9470219780219781,0.1886251649403396,1.656,3.0,None,,,,,,,,
clinical_only_model,logreg,isotonic,0,1,160,40,8,0.9227811355311355,0.20340909090909093,1.658,0.03,None,,,,,,,,
clinical_only_model,logreg,isotonic,0,2,160,40,8,0.950173076923077,0.6411830946201418,1.751,1.0,None,,,,,,,,
clinical_only_model,logreg,isotonic,0,3,160,40,8,0.9220357142857143,0.18776709401709402,1.602,0.03,None,,,,,,,,
clinical_only_model,logreg,isotonic,0,4,160,40,8,0.9410540293040293,0.22878787878787882,1.572,0.3,balanced,,,,,,,,
clinical_only_model,logreg,isotonic,1,0,160,40,8,0.9369432234432236,0.19774386111593203,1.785,0.3,None,,,,,,,,
clinical_only_model,logreg,isotonic,1,1,160,40,8,0.9295064102564103,0.18246753246753245,1.601,0.1,balanced,,,,,,,,
clinical_only_model,logreg,isotonic,1,2,160,40,8,0.9128324175824176,0.2375,1.52,1.0,balanced,,,,,,,,
clinical_only_model,logreg,isotonic,1,3,160,40,8,0.9334789377289378,0.20508658008658007,1.668,0.1,balanced,,,,,,,,
clinical_only_model,logreg,isotonic,1,4,160,40,8,0.9576593406593407,0.16120246540217714,1.697,3.0,None,,,,,,,,
clinical_only_model,logreg,isotonic,2,0,160,40,8,0.9215082417582418,0.20476190476190476,1.676,0.03,None,,,,,,,,
clinical_only_model,logreg,isotonic,2,1,160,40,8,0.9107005494505496,0.20527597402597403,1.777,3.0,None,,,,,,,,
clinical_only_model,logreg,isotonic,2,2,160,40,8,0.9648598901098902,0.698322971854836,1.672,1.0,balanced,,,,,,,,
clinical_only_model,logreg,isotonic,2,3,160,40,8,0.932529304029304,0.3,2.083,0.3,balanced,,,,,,,,
clinical_only_model,logreg,isotonic,2,4,160,40,8,0.9221456043956044,0.2931729107226396,2.13,3.0,None,,,,,,,,
clinical_only_model,logreg,isotonic,3,0,160,40,8,0.9440631868131868,0.5040543121327721,1.674,0.3,balanced,,,,,,,,
clinical_only_model,logreg,isotonic,3,1,160,40,8,0.9200540293040294,0.2020979020979021,1.979,0.01,None,,,,,,,,
clinical_only_model,logreg,isotonic,3,2,160,40,8,0.9344880952380954,0.26844357725919465,2.141,3.0,None,,,,,,,,
clinical_only_model,logreg,isotonic,3,3,160,40,8,0.9197518315018315,0.24795958816817,2.4,3.0,None,,,,,,,,
clinical_only_model,logreg,isotonic,3,4,160,40,8,0.9267216117216118,0.2331349206349206,2.95,3.0,None,,,,,,,,
clinical_only_model,logreg,isotonic,4,0,160,40,8,0.9485595238095239,0.2246989121989122,2.48,3.0,None,,,,,,,,
clinical_only_model,logreg,isotonic,4,1,160,40,8,0.9083681318681319,0.19972943722943723,2.676,0.01,balanced,,,,,,,,
clinical_only_model,logreg,isotonic,4,2,160,40,8,0.9255100732600733,0.17878787878787877,3.04,0.3,balanced,,,,,,,,
clinical_only_model,logreg,isotonic,4,3,160,40,8,0.9435183150183151,0.35398273735671215,2.879,0.1,None,,,,,,,,
clinical_only_model,logreg,isotonic,4,4,160,40,8,0.9483470695970696,0.22878787878787876,3.195,0.3,None,,,,,,,,
clinical_only_model,random_forest,none,0,0,160,40,8,0.9680714285714286,0.26011228791639424,61.548,,balanced,3,sqrt,1,,,,,
clinical_only_model,random_forest,none,0,1,160,40,8,0.9428617216117217,0.26570530669801784,43.386,,balanced,3,sqrt,1,,,,,
clinical_only_model,random_forest,none,0,2,160,40,8,0.971687728937729,0.3419264032300841,28.051,,balanced,3,sqrt,1,,,,,
clinical_only_model,random_forest,none,0,3,160,40,8,0.958558608058608,0.35936652060440005,28.053,,None,3,sqrt,1,,,,,
clinical_only_model,random_forest,none,0,4,160,40,8,0.9560027472527473,0.3748865497886885,25.516,,None,3,sqrt,1,,,,,
clinical_only_model,random_forest,none,1,0,160,40,8,0.9673241758241758,0.39875220279263346,65.23,,None,3,sqrt,1,,,,,
clinical_only_model,random_forest,none,1,1,160,40,8,0.9340521978021978,0.22121328696436957,48.696,,balanced,3,sqrt,1,,,,,
clinical_only_model,random_forest,none,1,2,160,40,8,0.9625576923076924,0.24942063477517043,26.372,,balanced,3,sqrt,1,,,,,
clinical_only_model,random_forest,none,1,3,160,40,8,0.9564478021978022,0.2568398848116294,25.316,,balanced,3,sqrt,1,,,,,
clinical_only_model,random_forest,none,1,4,160,40,8,0.9665476190476191,0.37096343710473356,25.035,,None,3,sqrt,1,,,,,
clinical_only_model,random_forest,none,2,0,160,40,8,0.959669413919414,0.25094839845468,23.522,,balanced,3,sqrt,1,,,,,
clinical_only_model,random_forest,none,2,1,160,40,8,0.9384569597069597,0.24286352566935812,24.93,,balanced,3,sqrt,1,,,,,
clinical_only_model,random_forest,none,2,2,160,40,8,0.9797078754578755,0.5173225360783928,24.628,,balanced,3,sqrt,1,,,,,
clinical_only_model,random_forest,none,2,3,160,40,8,0.9612344322344324,0.30143150249111295,24.62,,balanced,3,sqrt,1,,,,,
clinical_only_model,random_forest,none,2,4,160,40,8,0.9547097069597069,0.40008173670835406,24.461,,None,3,sqrt,1,,,,,
clinical_only_model,random_forest,none,3,0,160,40,8,0.9571941391941392,0.5612222222222222,23.088,,None,None,sqrt,1,,,,,
clinical_only_model,random_forest,none,3,1,160,40,8,0.9533855311355312,0.2691825491223898,22.978,,balanced,3,sqrt,1,,,,,
clinical_only_model,random_forest,none,3,2,160,40,8,0.9608305860805861,0.2769799800999628,23.123,,balanced,3,sqrt,1,,,,,
clinical_only_model,random_forest,none,3,3,160,40,8,0.9472252747252747,0.38,24.333,,balanced,None,sqrt,1,,,,,
clinical_only_model,random_forest,none,3,4,160,40,8,0.9567802197802197,0.4029772331315236,24.94,,None,3,sqrt,1,,,,,
clinical_only_model,random_forest,none,4,0,160,40,8,0.9624569597069598,0.2310849048116064,24.413,,balanced,3,sqrt,1,,,,,
clinical_only_model,random_forest,none,4,1,160,40,8,0.9364688644688645,0.24471530171532294,24.111,,balanced,3,sqrt,1,,,,,
clinical_only_model,random_forest,none,4,2,160,40,8,0.9628708791208791,0.2560706066081763,24.43,,balanced,3,sqrt,1,,,,,
clinical_only_model,random_forest,none,4,3,160,40,8,0.9701227106227107,0.41267645496566846,24.41,,None,3,sqrt,1,,,,,
clinical_only_model,random_forest,none,4,4,160,40,8,0.9674972527472527,0.43133333333333335,24.563,,balanced,None,sqrt,1,,,,,
clinical_only_model,random_forest,sigmoid,0,0,160,40,8,0.9680714285714286,0.27870889937031734,35.439,,balanced,3,sqrt,1,,,,,
clinical_only_model,random_forest,sigmoid,0,1,160,40,8,0.9428617216117217,0.32697745022267743,33.908,,balanced,3,sqrt,1,,,,,
clinical_only_model,random_forest,sigmoid,0,2,160,40,8,0.971687728937729,0.41864233416247953,33.846,,balanced,3,sqrt,1,,,,,
clinical_only_model,random_forest,sigmoid,0,3,160,40,8,0.958558608058608,0.3015628699501055,33.839,,None,3,sqrt,1,,,,,
clinical_only_model,random_forest,sigmoid,0,4,160,40,8,0.9560027472527473,0.3883716935845067,33.443,,None,3,sqrt,1,,,,,
clinical_only_model,random_forest,sigmoid,1,0,160,40,8,0.9673241758241758,0.3764263014188619,35.734,,None,3,sqrt,1,,,,,
clinical_only_model,random_forest,sigmoid,1,1,160,40,8,0.9340521978021978,0.25284746099296934,36.366,,balanced,3,sqrt,1,,,,,
clinical_only_model,random_forest,sigmoid,1,2,160,40,8,0.9625576923076924,0.3073492252576083,35.5,,balanced,3,sqrt,1,,,,,
clinical_only_model,random_forest,sigmoid,1,3,160,40,8,0.9564478021978022,0.293390815383744,33.597,,balanced,3,sqrt,1,,,,,
clinical_only_model,random_forest,sigmoid,1,4,160,40,8,0.9665476190476191,0.3350235948829719,32.725,,None,3,sqrt,1,,,,,
clinical_only_model,random_forest,sigmoid,2,0,160,40,8,0.959669413919414,0.33622367802868436,36.226,,balanced,3,sqrt,1,,,,,
clinical_only_model,random_forest,sigmoid,2,1,160,40,8,0.9384569597069597,0.29349629662325727,36.007,,balanced,3,sqrt,1,,,,,
clinical_only_model,random_forest,sigmoid,2,2,160,40,8,0.9797078754578755,0.7074765976489424,35.902,,balanced,3,sqrt,1,,,,,
clinical_only_model,random_forest,sigmoid,2,3,160,40,8,0.9612344322344324,0.33486841523673655,36.032,,balanced,3,sqrt,1,,,,,
clinical_only_model,random_forest,sigmoid,2,4,160,40,8,0.9547097069597069,0.3088424564677429,33.635,,None,3,sqrt,1,,,,,
clinical_only_model,random_forest,sigmoid,3,0,160,40,8,0.9571941391941392,0.6012811988984869,36.04,,None,None,sqrt,1,,,,,
clinical_only_model,random_forest,sigmoid,3,1,160,40,8,0.9533855311355312,0.3130874531002605,36.293,,balanced,3,sqrt,1,,,,,
clinical_only_model,random_forest,sigmoid,3,2,160,40,8,0.9608305860805861,0.34827354864090815,36.378,,balanced,3,sqrt,1,,,,,
clinical_only_model,random_forest,sigmoid,3,3,160,40,8,0.9472252747252747,0.4786189073814689,35.983,,balanced,None,sqrt,1,,,,,
clinical_only_model,random_forest,sigmoid,3,4,160,40,8,0.9567802197802197,0.3187328393683931,33.53,,None,3,sqrt,1,,,,,
clinical_only_model,random_forest,sigmoid,4,0,160,40,8,0.9624569597069598,0.2989430249678744,33.915,,balanced,3,sqrt,1,,,,,
clinical_only_model,random_forest,sigmoid,4,1,160,40,8,0.9364688644688645,0.28838182195798767,35.652,,balanced,3,sqrt,1,,,,,
clinical_only_model,random_forest,sigmoid,4,2,160,40,8,0.9628708791208791,0.2872997634324239,36.956,,balanced,3,sqrt,1,,,,,
clinical_only_model,random_forest,sigmoid,4,3,160,40,8,0.9701227106227107,0.39043956751696535,34.863,,None,3,sqrt,1,,,,,
clinical_only_model,random_forest,sigmoid,4,4,160,40,8,0.9674972527472527,0.4838989477961259,33.633,,balanced,None,sqrt,1,,,,,
clinical_only_model,random_forest,isotonic,0,0,160,40,8,0.9680714285714286,0.29583333333333334,36.101,,balanced,3,sqrt,1,,,,,
clinical_only_model,random_forest,isotonic,0,1,160,40,8,0.9428617216117217,0.31661764826982813,35.864,,balanced,3,sqrt,1,,,,,
clinical_only_model,random_forest,isotonic,0,2,160,40,8,0.971687728937729,0.738694711486142,36.719,,balanced,3,sqrt,1,,,,,
clinical_only_model,random_forest,isotonic,0,3,160,40,8,0.958558608058608,0.21686560299772226,34.53,,None,3,sqrt,1,,,,,
clinical_only_model,random_forest,isotonic,0,4,160,40,8,0.9560027472527473,0.3465843716393526,32.962,,None,3,sqrt,1,,,,,
clinical_only_model,random_forest,isotonic,1,0,160,40,8,0.9673241758241758,0.7796851793731134,35.675,,None,3,sqrt,1,,,,,
clinical_only_model,random_forest,isotonic,1,1,160,40,8,0.9340521978021978,0.22806936006879533,36.145,,balanced,3,sqrt,1,,,,,
clinical_only_model,random_forest,isotonic,1,2,160,40,8,0.9625576923076924,0.30714285714285716,36.382,,balanced,3,sqrt,1,,,,,
clinical_only_model,random_forest,isotonic,1,3,160,40,8,0.9564478021978022,0.2681818181818182,34.844,,balanced,3,sqrt,1,,,,,
clinical_only_model,random_forest,isotonic,1,4,160,40,8,0.9665476190476191,0.3915793790476407,33.145,,None,3,sqrt,1,,,,,
clinical_only_model,random_forest,isotonic,2,0,160,40,8,0.959669413919414,0.32567265499045106,35.928,,balanced,3,sqrt,1,,,,,
clinical_only_model,random_forest,isotonic,2,1,160,40,8,0.9384569597069597,0.24166666666666667,36.273,,balanced,3,sqrt,1,,,,,
clinical_only_model,random_forest,isotonic,2,2,160,40,8,0.9797078754578755,0.9252659532588099,36.272,,balanced,3,sqrt,1,,,,,
clinical_only_model,random_forest,isotonic,2,3,160,40,8,0.9612344322344324,0.39154209066547097,34.185,,balanced,3,sqrt,1,,,,,
clinical_only_model,random_forest,isotonic,2,4,160,40,8,0.9547097069597069,0.28990166093338704,33.17,,None,3,sqrt,1,,,,,
clinical_only_model,random_forest,isotonic,3,0,160,40,8,0.9571941391941392,0.6864091384595686,36.014,,None,None,sqrt,1,,,,,
clinical_only_model,random_forest,isotonic,3,1,160,40,8,0.9533855311355312,0.3958333333333333,36.148,,balanced,3,sqrt,1,,,,,
clinical_only_model,random_forest,isotonic,3,2,160,40,8,0.9608305860805861,0.683471721977615,34.475,,balanced,3,sqrt,1,,,,,
clinical_only_model,random_forest,isotonic,3,3,160,40,8,0.9472252747252747,0.4214285714285714,33.422,,balanced,None,sqrt,1,,,,,
clinical_only_model,random_forest,isotonic,3,4,160,40,8,0.9567802197802197,0.3053571428571429,33.561,,None,3,sqrt,1,,,,,
clinical_only_model,random_forest,isotonic,4,0,160,40,8,0.9624569597069598,0.275,33.399,,balanced,3,sqrt,1,,,,,
clinical_only_model,random_forest,isotonic,4,1,160,40,8,0.9364688644688645,0.28283398873870386,32.991,,balanced,3,sqrt,1,,,,,
clinical_only_model,random_forest,isotonic,4,2,160,40,8,0.9628708791208791,0.29739890864377233,33.685,,balanced,3,sqrt,1,,,,,
clinical_only_model,random_forest,isotonic,4,3,160,40,8,0.9701227106227107,0.5166666666666666,33.754,,None,3,sqrt,1,,,,,
clinical_only_model,random_forest,isotonic,4,4,160,40,8,0.9674972527472527,0.3702342246605474,36.712,,balanced,None,sqrt,1,,,,,
clinical_only_model,svm,none,0,0,160,40,8,0.95653663003663,0.314760191057433,0.991,10.0,balanced,,,,scale,,,,
clinical_only_model,svm,none,0,1,160,40,8,0.9529624542124542,0.22428465664843933,1.029,10.0,balanced,,,,scale,,,,
clinical_only_model,svm,none,0,2,160,40,8,0.9628598901098901,0.2762856080091097,0.997,1.0,balanced,,,,0.01,,,,
clinical_only_model,svm,none,0,3,160,40,8,0.9570833333333333,0.369224475386,0.975,10.0,None,,,,scale,,,,
clinical_only_model,svm,none,0,4,160,40,8,0.9600631868131868,0.2977590877908052,0.99,10.0,None,,,,scale,,,,
clinical_only_model,svm,none,1,0,160,40,8,0.9667380952380953,0.6985768215057059,1.02,10.0,None,,,,scale,,,,
clinical_only_model,svm,none,1,1,160,40,8,0.9487591575091574,0.3341977704745089,1.006,10.0,balanced,,,,scale,,,,
clinical_only_model,svm,none,1,2,160,40,8,0.9596584249084249,0.25544474547159846,1.053,10.0,None,,,,scale,,,,
clinical_only_model,svm,none,1,3,160,40,8,0.9551346153846154,0.32280776022398056,1.023,10.0,None,,,,scale,,,,
clinical_only_model,svm,none,1,4,160,40,8,0.9616190476190476,0.47299237715808984,1.042,10.0,balanced,,,,scale,,,,
clinical_only_model,svm,none,2,0,160,40,8,0.9528214285714286,0.2682285069744104,1.054,10.0,balanced,,,,scale,,,,
clinical_only_model,svm,none,2,1,160,40,8,0.9447591575091575,0.23402245015959355,1.01,10.0,balanced,,,,scale,,,,
clinical_only_model,svm,none,2,2,160,40,8,0.9802939560439561,0.9232897099988698,1.069,10.0,balanced,,,,scale,,,,
clinical_only_model,svm,none,2,3,160,40,8,0.9639010989010989,0.8733873235849908,1.242,1.0,balanced,,,,scale,,,,
clinical_only_model,svm,none,2,4,160,40,8,0.9642243589743589,0.5222836421158656,1.317,10.0,balanced,,,,scale,,,,
clinical_only_model,svm,none,3,0,160,40,8,0.9569313186813186,0.43543981176360197,1.031,10.0,balanced,,,,0.01,,,,
clinical_only_model,svm,none,3,1,160,40,8,0.9486987179487179,0.2849229869177742,1.044,0.1,balanced,,,,scale,,,,
clinical_only_model,svm,none,3,2,160,40,8,0.9548305860805861,0.5912275143087286,1.002,10.0,balanced,,,,scale,,,,
clinical_only_model,svm,none,3,3,160,40,8,0.952275641025641,0.3794579759848479,0.985,10.0,None,,,,scale,,,,
clinical_only_model,svm,none,3,4,160,40,8,0.9642545787545788,0.24636582439285398,0.992,1.0,balanced,,,,scale,,,,
clinical_only_model,svm,none,4,0,160,40,8,0.9563360805860807,0.27432303524163554,1.008,10.0,None,,,,scale,,,,
clinical_only_model,svm,none,4,1,160,40,8,0.953397435897436,0.2620045060668523,1.0,10.0,None,,,,scale,,,,
clinical_only_model,svm,none,4,2,160,40,8,0.9604569597069597,0.2762384702873314,1.0,10.0,balanced,,,,scale,,,,
clinical_only_model,svm,none,4,3,160,40,8,0.9762234432234433,0.6207147138763958,0.997,10.0,balanced,,,,scale,,,,
clinical_only_model,svm,none,4,4,160,40,8,0.9559423076923077,0.6248703969446211,1.0,10.0,None,,,,scale,,,,
clinical_only_model,svm,sigmoid,0,0,160,40,8,0.95653663003663,0.3245397345390289,1.373,10.0,balanced,,,,scale,,,,
clinical_only_model,svm,sigmoid,0,1,160,40,8,0.9529624542124542,0.3365171022224644,1.403,10.0,balanced,,,,scale,,,,
clinical_only_model,svm,sigmoid,0,2,160,40,8,0.9628598901098901,0.31755852331680423,1.48,1.0,balanced,,,,0.01,,,,
clinical_only_model,svm,sigmoid,0,3,160,40,8,0.9570833333333333,0.3682007861381114,1.434,10.0,None,,,,scale,,,,
clinical_only_model,svm,sigmoid,0,4,160,40,8,0.9600631868131868,0.2981225463338538,1.381,10.0,None,,,,scale,,,,
clinical_only_model,svm,sigmoid,1,0,160,40,8,0.9667380952380953,0.5940905936457216,1.401,10.0,None,,,,scale,,,,
clinical_only_model,svm,sigmoid,1,1,160,40,8,0.9487591575091574,0.3297772097444535,1.468,10.0,balanced,,,,scale,,,,
clinical_only_model,svm,sigmoid,1,2,160,40,8,0.9596584249084249,0.28160802104452554,1.398,10.0,None,,,,scale,,,,
clinical_only_model,svm,sigmoid,1,3,160,40,8,0.9551346153846154,0.35578122845478943,1.391,10.0,None,,,,scale,,,,
clinical_only_model,svm,sigmoid,1,4,160,40,8,0.9616190476190476,0.4488134346008142,1.374,10.0,balanced,,,,scale,,,,
clinical_only_model,svm,sigmoid,2,0,160,40,8,0.9528214285714286,0.325395741450036,1.389,10.0,balanced,,,,scale,,,,
clinical_only_model,svm,sigmoid,2,1,160,40,8,0.9447591575091575,0.26577586844780227,1.367,10.0,balanced,,,,scale,,,,
clinical_only_model,svm,sigmoid,2,2,160,40,8,0.9802939560439561,0.7971619334641703,1.351,10.0,balanced,,,,scale,,,,
clinical_only_model,svm,sigmoid,2,3,160,40,8,0.9639010989010989,0.7438819812855351,1.381,1.0,balanced,,,,scale,,,,
clinical_only_model,svm,sigmoid,2,4,160,40,8,0.9642243589743589,0.4494422859338896,1.368,10.0,balanced,,,,scale,,,,
clinical_only_model,svm,sigmoid,3,0,160,40,8,0.9569313186813186,0.3518660225914315,1.371,10.0,balanced,,,,0.01,,,,
clinical_only_model,svm,sigmoid,3,1,160,40,8,0.9486987179487179,0.3468054393968004,1.454,0.1,balanced,,,,scale,,,,
clinical_only_model,svm,sigmoid,3,2,160,40,8,0.9548305860805861,0.6214828698822811,1.4,10.0,balanced,,,,scale,,,,
clinical_only_model,svm,sigmoid,3,3,160,40,8,0.952275641025641,0.3803307740497569,1.37,10.0,None,,,,scale,,,,
clinical_only_model,svm,sigmoid,3,4,160,40,8,0.9642545787545788,0.36403082261442254,1.43,1.0,balanced,,,,scale,,,,
clinical_only_model,svm,sigmoid,4,0,160,40,8,0.9563360805860807,0.3197009335063847,1.379,10.0,None,,,,scale,,,,
clinical_only_model,svm,sigmoid,4,1,160,40,8,0.953397435897436,0.27496077279840236,1.417,10.0,None,,,,scale,,,,
clinical_only_model,svm,sigmoid,4,2,160,40,8,0.9604569597069597,0.35285040750215513,1.387,10.0,balanced,,,,scale,,,,
clinical_only_model,svm,sigmoid,4,3,160,40,8,0.9762234432234433,0.5441642115428026,1.367,10.0,balanced,,,,scale,,,,
clinical_only_model,svm,sigmoid,4,4,160,40,8,0.9559423076923077,0.5095965970101068,1.367,10.0,None,,,,scale,,,,
clinical_only_model,svm,isotonic,0,0,160,40,8,0.95653663003663,0.6297083141484415,1.394,10.0,balanced,,,,scale,,,,
clinical_only_model,svm,isotonic,0,1,160,40,8,0.9529624542124542,0.34632129704654463,1.386,10.0,balanced,,,,scale,,,,
clinical_only_model,svm,isotonic,0,2,160,40,8,0.9628598901098901,0.522025276395278,1.399,1.0,balanced,,,,0.01,,,,
clinical_only_model,svm,isotonic,0,3,160,40,8,0.9570833333333333,0.42709417936117594,1.352,10.0,None,,,,scale,,,,
clinical_only_model,svm,isotonic,0,4,160,40,8,0.9600631868131868,0.2666010485915159,1.341,10.0,None,,,,scale,,,,
clinical_only_model,svm,isotonic,1,0,160,40,8,0.9667380952380953,0.8079912147925589,1.379,10.0,None,,,,scale,,,,
clinical_only_model,svm,isotonic,1,1,160,40,8,0.9487591575091574,0.5708311859235589,1.379,10.0,balanced,,,,scale,,,,
clinical_only_model,svm,isotonic,1,2,160,40,8,0.9596584249084249,0.45953131051401763,1.335,10.0,None,,,,scale,,,,
clinical_only_model,svm,isotonic,1,3,160,40,8,0.9551346153846154,0.44806259426491163,1.364,10.0,None,,,,scale,,,,
clinical_only_model,svm,isotonic,1,4,160,40,8,0.9616190476190476,0.7482296867664242,1.36,10.0,balanced,,,,scale,,,,
clinical_only_model,svm,isotonic,2,0,160,40,8,0.9528214285714286,0.3630952380952381,1.542,10.0,balanced,,,,scale,,,,
clinical_only_model,svm,isotonic,2,1,160,40,8,0.9447591575091575,0.2363080050501863,1.498,10.0,balanced,,,,scale,,,,
clinical_only_model,svm,isotonic,2,2,160,40,8,0.9802939560439561,0.9559821418937822,1.491,10.0,balanced,,,,scale,,,,
clinical_only_model,svm,isotonic,2,3,160,40,8,0.9639010989010989,0.9746953610719167,1.474,1.0,balanced,,,,scale,,,,
clinical_only_model,svm,isotonic,2,4,160,40,8,0.9642243589743589,0.5557483281776983,1.461,10.0,balanced,,,,scale,,,,
clinical_only_model,svm,isotonic,3,0,160,40,8,0.9569313186813186,0.6738605704460608,1.34,10.0,balanced,,,,0.01,,,,
clinical_only_model,svm,isotonic,3,1,160,40,8,0.9486987179487179,0.37138478427809807,1.389,0.1,balanced,,,,scale,,,,
clinical_only_model,svm,isotonic,3,2,160,40,8,0.9548305860805861,0.7875091806063552,1.419,10.0,balanced,,,,scale,,,,
clinical_only_model,svm,isotonic,3,3,160,40,8,0.952275641025641,0.5619319856890631,1.478,10.0,None,,,,scale,,,,
clinical_only_model,svm,isotonic,3,4,160,40,8,0.9642545787545788,0.5745941425997712,1.508,1.0,balanced,,,,scale,,,,
clinical_only_model,svm,isotonic,4,0,160,40,8,0.9563360805860807,0.43055764810364316,1.354,10.0,None,,,,scale,,,,
clinical_only_model,svm,isotonic,4,1,160,40,8,0.953397435897436,0.43584728718421617,1.43,10.0,None,,,,scale,,,,
clinical_only_model,svm,isotonic,4,2,160,40,8,0.9604569597069597,0.6498346623133349,1.415,10.0,balanced,,,,scale,,,,
clinical_only_model,svm,isotonic,4,3,160,40,8,0.9762234432234433,0.9012163809989291,1.531,10.0,balanced,,,,scale,,,,
clinical_only_model,svm,isotonic,4,4,160,40,8,0.9559423076923077,0.6291086683020979,1.544,10.0,None,,,,scale,,,,
clinical_only_model,xgboost,none,0,0,160,40,8,0.9494358974358975,0.2654036581516266,3.757,,,2,,,,0.8,0.05,5.0,0.8
clinical_only_model,xgboost,none,0,1,160,40,8,0.9037527472527473,0.28042230010032654,3.248,,,2,,,,0.8,0.1,1.0,0.8
clinical_only_model,xgboost,none,0,2,160,40,8,0.9605064102564103,0.4623977839946747,2.665,,,2,,,,0.8,0.1,5.0,0.8
clinical_only_model,xgboost,none,0,3,160,40,8,0.918096153846154,0.3080042004585266,2.777,,,2,,,,0.8,0.1,5.0,0.8
clinical_only_model,xgboost,none,0,4,160,40,8,0.9148937728937729,0.2867550551891327,2.69,,,3,,,,0.8,0.05,5.0,0.8
clinical_only_model,xgboost,none,1,0,160,40,8,0.9354065934065935,0.3536841869354248,3.393,,,3,,,,0.8,0.05,5.0,0.8
clinical_only_model,xgboost,none,1,1,160,40,8,0.914032967032967,0.23659107089042664,2.965,,,2,,,,0.8,0.05,5.0,0.8
clinical_only_model,xgboost,none,1,2,160,40,8,0.934680402930403,0.281720906496048,2.711,,,2,,,,0.8,0.05,5.0,0.8
clinical_only_model,xgboost,none,1,3,160,40,8,0.9170045787545789,0.2753566801548004,2.897,,,2,,,,0.8,0.1,1.0,0.8
clinical_only_model,xgboost,none,1,4,160,40,8,0.9224496336996337,0.3066861033439636,2.675,,,2,,,,0.8,0.05,5.0,0.8
clinical_only_model,xgboost,none,2,0,160,40,8,0.9190650183150183,0.3042776584625244,3.118,,,2,,,,0.8,0.05,5.0,0.8
clinical_only_model,xgboost,none,2,1,160,40,8,0.9258113553113553,0.2964615523815155,2.647,,,2,,,,0.8,0.05,5.0,0.8
clinical_only_model,xgboost,none,2,2,160,40,8,0.9703855311355312,0.520639181137085,2.706,,,2,,,,0.8,0.05,5.0,0.8
clinical_only_model,xgboost,none,2,3,160,40,8,0.9199945054945055,0.26704519987106323,2.717,,,2,,,,0.8,0.05,5.0,0.8
clinical_only_model,xgboost,none,2,4,160,40,8,0.9257014652014652,0.31266549229621887,3.022,,,2,,,,0.8,0.05,5.0,0.8
clinical_only_model,xgboost,none,3,0,160,40,8,0.9305787545787546,0.3046869933605194,2.774,,,3,,,,0.8,0.1,5.0,0.8
clinical_only_model,xgboost,none,3,1,160,40,8,0.9111034798534798,0.3422245383262634,2.73,,,2,,,,0.8,0.05,5.0,0.8
clinical_only_model,xgboost,none,3,2,160,40,8,0.9455274725274725,0.32749664783477783,2.735,,,2,,,,0.8,0.05,5.0,0.8
clinical_only_model,xgboost,none,3,3,160,40,8,0.9164395604395604,0.26757439970970154,2.695,,,2,,,,0.8,0.05,5.0,0.8
clinical_only_model,xgboost,none,3,4,160,40,8,0.9111062271062271,0.39499208331108093,3.024,,,2,,,,0.8,0.1,1.0,0.8
clinical_only_model,xgboost,none,4,0,160,40,8,0.9462967032967033,0.2817937135696411,2.959,,,2,,,,0.8,0.05,5.0,0.8
clinical_only_model,xgboost,none,4,1,160,40,8,0.8903195970695971,0.24176128208637238,2.733,,,3,,,,0.8,0.1,5.0,0.8
clinical_only_model,xgboost,none,4,2,160,40,8,0.952669413919414,0.3017677664756775,3.216,,,2,,,,0.8,0.05,5.0,0.8
clinical_only_model,xgboost,none,4,3,160,40,8,0.9412362637362637,0.3134870231151581,2.858,,,2,,,,0.8,0.05,5.0,0.8
clinical_only_model,xgboost,none,4,4,160,40,8,0.937569597069597,0.3231075406074524,2.724,,,3,,,,0.8,0.1,1.0,0.8
clinical_only_model,xgboost,sigmoid,0,0,160,40,8,0.9494358974358975,0.2746667111989802,4.221,,,2,,,,0.8,0.05,5.0,0.8
clinical_only_model,xgboost,sigmoid,0,1,160,40,8,0.9037527472527473,0.3507619598718125,4.618,,,2,,,,0.8,0.1,1.0,0.8
clinical_only_model,xgboost,sigmoid,0,2,160,40,8,0.9605064102564103,0.4471257277979031,3.883,,,2,,,,0.8,0.1,5.0,0.8
clinical_only_model,xgboost,sigmoid,0,3,160,40,8,0.918096153846154,0.3169665355570686,3.943,,,2,,,,0.8,0.1,5.0,0.8
clinical_only_model,xgboost,sigmoid,0,4,160,40,8,0.9148937728937729,0.30944947527462074,3.903,,,3,,,,0.8,0.05,5.0,0.8
clinical_only_model,xgboost,sigmoid,1,0,160,40,8,0.9354065934065935,0.3727431175104693,4.085,,,3,,,,0.8,0.05,5.0,0.8
clinical_only_model,xgboost,sigmoid,1,1,160,40,8,0.914032967032967,0.27383711035402913,4.263,,,2,,,,0.8,0.05,5.0,0.8
clinical_only_model,xgboost,sigmoid,1,2,160,40,8,0.934680402930403,0.33087019533722994,3.853,,,2,,,,0.8,0.05,5.0,0.8
clinical_only_model,xgboost,sigmoid,1,3,160,40,8,0.9170045787545789,0.32832222960430824,3.879,,,2,,,,0.8,0.1,1.0,0.8
clinical_only_model,xgboost,sigmoid,1,4,160,40,8,0.9224496336996337,0.3230001399889136,4.291,,,2,,,,0.8,0.05,5.0,0.8
clinical_only_model,xgboost,sigmoid,2,0,160,40,8,0.9190650183150183,0.37175321947237144,4.334,,,2,,,,0.8,0.05,5.0,0.8
clinical_only_model,xgboost,sigmoid,2,1,160,40,8,0.9258113553113553,0.3243375428130628,4.138,,,2,,,,0.8,0.05,5.0,0.8
clinical_only_model,xgboost,sigmoid,2,2,160,40,8,0.9703855311355312,0.4624600146760538,3.845,,,2,,,,0.8,0.05,5.0,0.8
clinical_only_model,xgboost,sigmoid,2,3,160,40,8,0.9199945054945055,0.27708984537679315,3.817,,,2,,,,0.8,0.05,5.0,0.8
clinical_only_model,xgboost,sigmoid,2,4,160,40,8,0.9257014652014652,0.31651743043310415,4.55,,,2,,,,0.8,0.05,5.0,0.8
clinical_only_model,xgboost,sigmoid,3,0,160,40,8,0.9305787545787546,0.3339335974994746,3.941,,,3,,,,0.8,0.1,5.0,0.8
clinical_only_model,xgboost,sigmoid,3,1,160,40,8,0.9111034798534798,0.3786614981422558,3.947,,,2,,,,0.8,0.05,5.0,0.8
clinical_only_model,xgboost,sigmoid,3,2,160,40,8,0.9455274725274725,0.33658737382642834,4.452,,,2,,,,0.8,0.05,5.0,0.8
clinical_only_model,xgboost,sigmoid,3,3,160,40,8,0.9164395604395604,0.28726407284298566,4.01,,,2,,,,0.8,0.05,5.0,0.8
clinical_only_model,xgboost,sigmoid,3,4,160,40,8,0.9111062271062271,0.3957294625688905,3.86,,,2,,,,0.8,0.1,1.0,0.8
clinical_only_model,xgboost,sigmoid,4,0,160,40,8,0.9462967032967033,0.3261309185142786,3.927,,,2,,,,0.8,0.05,5.0,0.8
clinical_only_model,xgboost,sigmoid,4,1,160,40,8,0.8903195970695971,0.31444647279460214,4.664,,,3,,,,0.8,0.1,5.0,0.8
clinical_only_model,xgboost,sigmoid,4,2,160,40,8,0.952669413919414,0.3289562322427825,3.871,,,2,,,,0.8,0.05,5.0,0.8
clinical_only_model,xgboost,sigmoid,4,3,160,40,8,0.9412362637362637,0.34825091130855323,3.865,,,2,,,,0.8,0.05,5.0,0.8
clinical_only_model,xgboost,sigmoid,4,4,160,40,8,0.937569597069597,0.3317437023923725,4.066,,,3,,,,0.8,0.1,1.0,0.8
clinical_only_model,xgboost,isotonic,0,0,160,40,8,0.9494358974358975,0.21276316978037357,4.425,,,2,,,,0.8,0.05,5.0,0.8
clinical_only_model,xgboost,isotonic,0,1,160,40,8,0.9037527472527473,0.25466201826930046,3.902,,,2,,,,0.8,0.1,1.0,0.8
clinical_only_model,xgboost,isotonic,0,2,160,40,8,0.9605064102564103,0.36905884742736816,3.774,,,2,,,,0.8,0.1,5.0,0.8
clinical_only_model,xgboost,isotonic,0,3,160,40,8,0.918096153846154,0.29712216183543205,4.193,,,2,,,,0.8,0.1,5.0,0.8
clinical_only_model,xgboost,isotonic,0,4,160,40,8,0.9148937728937729,0.2271832823753357,4.005,,,3,,,,0.8,0.05,5.0,0.8
clinical_only_model,xgboost,isotonic,1,0,160,40,8,0.9354065934065935,0.342882689088583,3.963,,,3,,,,0.8,0.05,5.0,0.8
clinical_only_model,xgboost,isotonic,1,1,160,40,8,0.914032967032967,0.1553446613252163,3.822,,,2,,,,0.8,0.05,5.0,0.8
clinical_only_model,xgboost,isotonic,1,2,160,40,8,0.934680402930403,0.28957343846559525,3.756,,,2,,,,0.8,0.05,5.0,0.8
clinical_only_model,xgboost,isotonic,1,3,160,40,8,0.9170045787545789,0.218389131128788,4.261,,,2,,,,0.8,0.1,1.0,0.8
clinical_only_model,xgboost,isotonic,1,4,160,40,8,0.9224496336996337,0.22142633236944675,3.809,,,2,,,,0.8,0.05,5.0,0.8
clinical_only_model,xgboost,isotonic,2,0,160,40,8,0.9190650183150183,0.24242425709962845,3.748,,,2,,,,0.8,0.05,5.0,0.8
clinical_only_model,xgboost,isotonic,2,1,160,40,8,0.9258113553113553,0.23593074455857277,3.778,,,2,,,,0.8,0.05,5.0,0.8
clinical_only_model,xgboost,isotonic,2,2,160,40,8,0.9703855311355312,0.4741058796644211,3.968,,,2,,,,0.8,0.05,5.0,0.8
clinical_only_model,xgboost,isotonic,2,3,160,40,8,0.9199945054945055,0.18992133811116219,4.297,,,2,,,,0.8,0.05,5.0,0.8
clinical_only_model,xgboost,isotonic,2,4,160,40,8,0.9257014652014652,0.2583681847900152,3.931,,,2,,,,0.8,0.05,5.0,0.8
clinical_only_model,xgboost,isotonic,3,0,160,40,8,0.9305787545787546,0.20492875576019287,3.893,,,3,,,,0.8,0.1,5.0,0.8
clinical_only_model,xgboost,isotonic,3,1,160,40,8,0.9111034798534798,0.2579768933355808,3.885,,,2,,,,0.8,0.05,5.0,0.8
clinical_only_model,xgboost,isotonic,3,2,160,40,8,0.9455274725274725,0.31110240891575813,4.315,,,2,,,,0.8,0.05,5.0,0.8
clinical_only_model,xgboost,isotonic,3,3,160,40,8,0.9164395604395604,0.23269231617450714,3.763,,,2,,,,0.8,0.05,5.0,0.8
clinical_only_model,xgboost,isotonic,3,4,160,40,8,0.9111062271062271,0.2958289682865143,4.445,,,2,,,,0.8,0.1,1.0,0.8
clinical_only_model,xgboost,isotonic,4,0,160,40,8,0.9462967032967033,0.24654953181743622,4.393,,,2,,,,0.8,0.05,5.0,0.8
clinical_only_model,xgboost,isotonic,4,1,160,40,8,0.8903195970695971,0.1878205258399248,3.817,,,3,,,,0.8,0.1,5.0,0.8
clinical_only_model,xgboost,isotonic,4,2,160,40,8,0.952669413919414,0.22364601492881775,4.304,,,2,,,,0.8,0.05,5.0,0.8
clinical_only_model,xgboost,isotonic,4,3,160,40,8,0.9412362637362637,0.25774573162198067,5.838,,,2,,,,0.8,0.05,5.0,0.8
clinical_only_model,xgboost,isotonic,4,4,160,40,8,0.937569597069597,0.22999223321676254,5.071,,,3,,,,0.8,0.1,1.0,0.8
clinical_only_model,ebm,none,0,0,160,40,8,0.9659102564102565,0.31306877736211036,26.459,,,,,,,,0.05,,
clinical_only_model,ebm,none,0,1,160,40,8,0.9185998168498168,0.5534037227981714,17.89,,,,,,,,0.05,,
clinical_only_model,ebm,none,0,2,160,40,8,0.9695467032967033,0.8040355972854766,21.11,,,,,,,,0.05,,
clinical_only_model,ebm,none,0,3,160,40,8,0.9451437728937728,0.33992995150885524,28.961,,,,,,,,0.05,,
clinical_only_model,ebm,none,0,4,160,40,8,0.9589111721611723,0.5531670058550743,22.222,,,,,,,,0.05,,
clinical_only_model,ebm,none,1,0,160,40,8,0.9563553113553114,0.8265418340236257,18.929,,,,,,,,0.05,,
clinical_only_model,ebm,none,1,1,160,40,8,0.925224358974359,0.24900618629619495,22.94,,,,,,,,0.05,,
clinical_only_model,ebm,none,1,2,160,40,8,0.9593763736263736,0.2685331612448853,24.185,,,,,,,,0.05,,
clinical_only_model,ebm,none,1,3,160,40,8,0.9496602564102564,0.5707465917212959,18.59,,,,,,,,0.05,,
clinical_only_model,ebm,none,1,4,160,40,8,0.9592747252747252,0.4741274346614841,27.476,,,,,,,,0.01,,
clinical_only_model,ebm,none,2,0,160,40,8,0.9542957875457876,0.24072090366810533,19.077,,,,,,,,0.05,,
clinical_only_model,ebm,none,2,1,160,40,8,0.9430228937728937,0.2816944341937944,26.834,,,,,,,,0.05,,
clinical_only_model,ebm,none,2,2,160,40,8,0.9795467032967033,0.9750024605104339,31.474,,,,,,,,0.05,,
clinical_only_model,ebm,none,2,3,160,40,8,0.9577802197802198,0.6471439697443988,22.294,,,,,,,,0.05,,
clinical_only_model,ebm,none,2,4,160,40,8,0.9595979853479853,0.3636968674115658,21.365,,,,,,,,0.01,,
clinical_only_model,ebm,none,3,0,160,40,8,0.9465485347985348,0.8919972510606188,20.993,,,,,,,,0.05,,
clinical_only_model,ebm,none,3,1,160,40,8,0.9589001831501831,0.5609414018960288,18.783,,,,,,,,0.05,,
clinical_only_model,ebm,none,3,2,160,40,8,0.9615979853479855,0.7365306166131261,22.844,,,,,,,,0.05,,
clinical_only_model,ebm,none,3,3,160,40,8,0.9502957875457876,0.5127615143232965,18.291,,,,,,,,0.05,,
clinical_only_model,ebm,none,3,4,160,40,8,0.9582344322344323,0.4937881990064424,22.793,,,,,,,,0.05,,
clinical_only_model,ebm,none,4,0,160,40,8,0.9678708791208791,0.2258813869978266,21.988,,,,,,,,0.05,,
clinical_only_model,ebm,none,4,1,160,40,8,0.9173992673992674,0.2760831079873819,29.662,,,,,,,,0.05,,
clinical_only_model,ebm,none,4,2,160,40,8,0.9576492673992675,0.5776628494033618,22.412,,,,,,,,0.05,,
clinical_only_model,ebm,none,4,3,160,40,8,0.9809505494505495,0.6881786846897324,18.863,,,,,,,,0.05,,
clinical_only_model,ebm,none,4,4,160,40,8,0.9641034798534799,0.4849793499186708,26.213,,,,,,,,0.05,,
clinical_only_model,ebm,sigmoid,0,0,160,40,8,0.9659102564102565,0.3791505349908947,62.529,,,,,,,,0.05,,
clinical_only_model,ebm,sigmoid,0,1,160,40,8,0.9185998168498168,0.40511227798066485,43.666,,,,,,,,0.05,,
clinical_only_model,ebm,sigmoid,0,2,160,40,8,0.9695467032967033,0.47870000181690797,56.959,,,,,,,,0.05,,
clinical_only_model,ebm,sigmoid,0,3,160,40,8,0.9451437728937728,0.3513954404903492,56.35,,,,,,,,0.05,,
clinical_only_model,ebm,sigmoid,0,4,160,40,8,0.9589111721611723,0.3604365809077772,42.674,,,,,,,,0.05,,
clinical_only_model,ebm,sigmoid,1,0,160,40,8,0.9563553113553114,0.5152710191046143,49.114,,,,,,,,0.05,,
clinical_only_model,ebm,sigmoid,1,1,160,40,8,0.925224358974359,0.30137591495902755,51.389,,,,,,,,0.05,,
clinical_only_model,ebm,sigmoid,1,2,160,40,8,0.9593763736263736,0.35219578081031716,46.458,,,,,,,,0.05,,
clinical_only_model,ebm,sigmoid,1,3,160,40,8,0.9496602564102564,0.3539681817397924,39.171,,,,,,,,0.05,,
clinical_only_model,ebm,sigmoid,1,4,160,40,8,0.9592747252747252,0.4053258454974436,64.113,,,,,,,,0.01,,
clinical_only_model,ebm,sigmoid,2,0,160,40,8,0.9542957875457876,0.4032052692438609,39.186,,,,,,,,0.05,,
clinical_only_model,ebm,sigmoid,2,1,160,40,8,0.9430228937728937,0.34300351018508646,49.516,,,,,,,,0.05,,
clinical_only_model,ebm,sigmoid,2,2,160,40,8,0.9795467032967033,0.5723072283756512,58.378,,,,,,,,0.05,,
clinical_only_model,ebm,sigmoid,2,3,160,40,8,0.9577802197802198,0.43771855576172125,46.037,,,,,,,,0.05,,
clinical_only_model,ebm,sigmoid,2,4,160,40,8,0.9595979853479853,0.3664210461045586,57.447,,,,,,,,0.01,,
clinical_only_model,ebm,sigmoid,3,0,160,40,8,0.9465485347985348,0.5188516040343522,47.671,,,,,,,,0.05,,
clinical_only_model,ebm,sigmoid,3,1,160,40,8,0.9589001831501831,0.3928212867238927,52.962,,,,,,,,0.05,,
clinical_only_model,ebm,sigmoid,3,2,160,40,8,0.9615979853479855,0.4414136637265825,55.302,,,,,,,,0.05,,
clinical_only_model,ebm,sigmoid,3,3,160,40,8,0.9502957875457876,0.3777896820903568,43.549,,,,,,,,0.05,,
clinical_only_model,ebm,sigmoid,3,4,160,40,8,0.9582344322344323,0.37089784168400775,44.281,,,,,,,,0.05,,
clinical_only_model,ebm,sigmoid,4,0,160,40,8,0.9678708791208791,0.3545908757930173,47.979,,,,,,,,0.05,,
clinical_only_model,ebm,sigmoid,4,1,160,40,8,0.9173992673992674,0.3190273637084235,55.867,,,,,,,,0.05,,
clinical_only_model,ebm,sigmoid,4,2,160,40,8,0.9576492673992675,0.3958653042036856,45.617,,,,,,,,0.05,,
clinical_only_model,ebm,sigmoid,4,3,160,40,8,0.9809505494505495,0.4367388101628054,48.258,,,,,,,,0.05,,
clinical_only_model,ebm,sigmoid,4,4,160,40,8,0.9641034798534799,0.40390025135082075,49.626,,,,,,,,0.05,,
clinical_only_model,ebm,isotonic,0,0,160,40,8,0.9659102564102565,0.3611111111111111,60.7,,,,,,,,0.05,,
clinical_only_model,ebm,isotonic,0,1,160,40,8,0.9185998168498168,0.4481813916989764,41.978,,,,,,,,0.05,,
clinical_only_model,ebm,isotonic,0,2,160,40,8,0.9695467032967033,0.8191400046878077,54.514,,,,,,,,0.05,,
clinical_only_model,ebm,isotonic,0,3,160,40,8,0.9451437728937728,0.3574447630839611,53.902,,,,,,,,0.05,,
clinical_only_model,ebm,isotonic,0,4,160,40,8,0.9589111721611723,0.4261169623388756,38.08,,,,,,,,0.05,,
clinical_only_model,ebm,isotonic,1,0,160,40,8,0.9563553113553114,0.7025745200240157,51.229,,,,,,,,0.05,,
clinical_only_model,ebm,isotonic,1,1,160,40,8,0.925224358974359,0.21904761904761905,52.436,,,,,,,,0.05,,
clinical_only_model,ebm,isotonic,1,2,160,40,8,0.9593763736263736,0.2611950222511167,51.39,,,,,,,,0.05,,
clinical_only_model,ebm,isotonic,1,3,160,40,8,0.9496602564102564,0.37568955541275706,44.476,,,,,,,,0.05,,
clinical_only_model,ebm,isotonic,1,4,160,40,8,0.9592747252747252,0.3985142689423675,68.457,,,,,,,,0.01,,
clinical_only_model,ebm,isotonic,2,0,160,40,8,0.9542957875457876,0.5448710568194591,38.208,,,,,,,,0.05,,
clinical_only_model,ebm,isotonic,2,1,160,40,8,0.9430228937728937,0.2499876175282178,47.532,,,,,,,,0.05,,
clinical_only_model,ebm,isotonic,2,2,160,40,8,0.9795467032967033,0.815947277172403,55.945,,,,,,,,0.05,,
clinical_only_model,ebm,isotonic,2,3,160,40,8,0.9577802197802198,0.6208029698304681,46.421,,,,,,,,0.05,,
clinical_only_model,ebm,isotonic,2,4,160,40,8,0.9595979853479853,0.33519950151190847,54.384,,,,,,,,0.01,,
clinical_only_model,ebm,isotonic,3,0,160,40,8,0.9465485347985348,0.8248926951159179,51.075,,,,,,,,0.05,,
clinical_only_model,ebm,isotonic,3,1,160,40,8,0.9589001831501831,0.4801163944245229,52.227,,,,,,,,0.05,,
clinical_only_model,ebm,isotonic,3,2,160,40,8,0.9615979853479855,0.6202522908939596,52.684,,,,,,,,0.05,,
clinical_only_model,ebm,isotonic,3,3,160,40,8,0.9502957875457876,0.3543048401148362,38.382,,,,,,,,0.05,,
clinical_only_model,ebm,isotonic,3,4,160,40,8,0.9582344322344323,0.5175408892364954,37.876,,,,,,,,0.05,,
clinical_only_model,ebm,isotonic,4,0,160,40,8,0.9678708791208791,0.29964861640803303,48.432,,,,,,,,0.05,,
clinical_only_model,ebm,isotonic,4,1,160,40,8,0.9173992673992674,0.23061195734602558,54.553,,,,,,,,0.05,,
clinical_only_model,ebm,isotonic,4,2,160,40,8,0.9576492673992675,0.428269739075349,46.041,,,,,,,,0.05,,
clinical_only_model,ebm,isotonic,4,3,160,40,8,0.9809505494505495,0.6145227853471179,46.052,,,,,,,,0.05,,
clinical_only_model,ebm,isotonic,4,4,160,40,8,0.9641034798534799,0.5840120708056254,46.434,,,,,,,,0.05,,
low_cost_plus_urine_micro_model,dummy,none,0,0,160,40,15,,0.6333333333333333,0.052,,,,,,,,,,
low_cost_plus_urine_micro_model,dummy,none,0,1,160,40,15,,0.6333333333333333,0.05,,,,,,,,,,
low_cost_plus_urine_micro_model,dummy,none,0,2,160,40,15,,0.6333333333333333,0.051,,,,,,,,,,
low_cost_plus_urine_micro_model,dummy,none,0,3,160,40,15,,0.6416666666666667,0.051,,,,,,,,,,
low_cost_plus_urine_micro_model,dummy,none,0,4,160,40,15,,0.6416666666666667,0.052,,,,,,,,,,
low_cost_plus_urine_micro_model,dummy,none,1,0,160,40,15,,0.6333333333333333,0.05,,,,,,,,,,
low_cost_plus_urine_micro_model,dummy,none,1,1,160,40,15,,0.6333333333333333,0.049,,,,,,,,,,
low_cost_plus_urine_micro_model,dummy,none,1,2,160,40,15,,0.6333333333333333,0.05,,,,,,,,,,
low_cost_plus_urine_micro_model,dummy,none,1,3,160,40,15,,0.6416666666666667,0.05,,,,,,,,,,
low_cost_plus_urine_micro_model,dummy,none,1,4,160,40,15,,0.6416666666666667,0.049,,,,,,,,,,
low_cost_plus_urine_micro_model,dummy,none,2,0,160,40,15,,0.6333333333333333,0.054,,,,,,,,,,
low_cost_plus_urine_micro_model,dummy,none,2,1,160,40,15,,0.6333333333333333,0.051,,,,,,,,,,
low_cost_plus_urine_micro_model,dummy,none,2,2,160,40,15,,0.6333333333333333,0.054,,,,,,,,,,
low_cost_plus_urine_micro_model,dummy,none,2,3,160,40,15,,0.6416666666666667,0.054,,,,,,,,,,
low_cost_plus_urine_micro_model,dummy,none,2,4,160,40,15,,0.6416666666666667,0.057,,,,,,,,,,
low_cost_plus_urine_micro_model,dummy,none,3,0,160,40,15,,0.6333333333333333,0.063,,,,,,,,,,
low_cost_plus_urine_micro_model,dummy,none,3,1,160,40,15,,0.6333333333333333,0.055,,,,,,,,,,
low_cost_plus_urine_micro_model,dummy,none,3,2,160,40,15,,0.6333333333333333,0.051,,,,,,,,,,
low_cost_plus_urine_micro_model,dummy,none,3,3,160,40,15,,0.6416666666666667,0.056,,,,,,,,,,
low_cost_plus_urine_micro_model,dummy,none,3,4,160,40,15,,0.6416666666666667,0.052,,,,,,,,,,
low_cost_plus_urine_micro_model,dummy,none,4,0,160,40,15,,0.6333333333333333,0.055,,,,,,,,,,
low_cost_plus_urine_micro_model,dummy,none,4,1,160,40,15,,0.6333333333333333,0.053,,,,,,,,,,
low_cost_plus_urine_micro_model,dummy,none,4,2,160,40,15,,0.6333333333333333,0.05,,,,,,,,,,
low_cost_plus_urine_micro_model,dummy,none,4,3,160,40,15,,0.6416666666666667,0.05,,,,,,,,,,
low_cost_plus_urine_micro_model,dummy,none,4,4,160,40,15,,0.6416666666666667,0.052,,,,,,,,,,
low_cost_plus_urine_micro_model,dummy,sigmoid,0,0,160,40,15,,0.6313797313556672,0.37,,,,,,,,,,
low_cost_plus_urine_micro_model,dummy,sigmoid,0,1,160,40,15,,0.6313797313556672,0.362,,,,,,,,,,
low_cost_plus_urine_micro_model,dummy,sigmoid,0,2,160,40,15,,0.6313797313556673,0.358,,,,,,,,,,
low_cost_plus_urine_micro_model,dummy,sigmoid,0,3,160,40,15,,0.6395701520450653,0.364,,,,,,,,,,
low_cost_plus_urine_micro_model,dummy,sigmoid,0,4,160,40,15,,0.6395701520450653,0.361,,,,,,,,,,
low_cost_plus_urine_micro_model,dummy,sigmoid,1,0,160,40,15,,0.6313797313556672,0.419,,,,,,,,,,
low_cost_plus_urine_micro_model,dummy,sigmoid,1,1,160,40,15,,0.6313797313556672,0.388,,,,,,,,,,
low_cost_plus_urine_micro_model,dummy,sigmoid,1,2,160,40,15,,0.6313797313556672,0.375,,,,,,,,,,
low_cost_plus_urine_micro_model,dummy,sigmoid,1,3,160,40,15,,0.6395701520450654,0.398,,,,,,,,,,
low_cost_plus_urine_micro_model,dummy,sigmoid,1,4,160,40,15,,0.6395701520450654,0.399,,,,,,,,,,
low_cost_plus_urine_micro_model,dummy,sigmoid,2,0,160,40,15,,0.6313797313556672,0.366,,,,,,,,,,
low_cost_plus_urine_micro_model,dummy,sigmoid,2,1,160,40,15,,0.6313797313556672,0.356,,,,,,,,,,
low_cost_plus_urine_micro_model,dummy,sigmoid,2,2,160,40,15,,0.6313797313556672,0.359,,,,,,,,,,
low_cost_plus_urine_micro_model,dummy,sigmoid,2,3,160,40,15,,0.6395701520450654,0.363,,,,,,,,,,
low_cost_plus_urine_micro_model,dummy,sigmoid,2,4,160,40,15,,0.6395701520450654,0.36,,,,,,,,,,
low_cost_plus_urine_micro_model,dummy,sigmoid,3,0,160,40,15,,0.6313797313556672,0.354,,,,,,,,,,
low_cost_plus_urine_micro_model,dummy,sigmoid,3,1,160,40,15,,0.6313797313556673,0.359,,,,,,,,,,
low_cost_plus_urine_micro_model,dummy,sigmoid,3,2,160,40,15,,0.6313797313556673,0.375,,,,,,,,,,
low_cost_plus_urine_micro_model,dummy,sigmoid,3,3,160,40,15,,0.6395701520450654,0.354,,,,,,,,,,
low_cost_plus_urine_micro_model,dummy,sigmoid,3,4,160,40,15,,0.6395701520450653,0.358,,,,,,,,,,
low_cost_plus_urine_micro_model,dummy,sigmoid,4,0,160,40,15,,0.6313797313556672,0.397,,,,,,,,,,
low_cost_plus_urine_micro_model,dummy,sigmoid,4,1,160,40,15,,0.6313797313556672,0.388,,,,,,,,,,
low_cost_plus_urine_micro_model,dummy,sigmoid,4,2,160,40,15,,0.6313797313556672,0.405,,,,,,,,,,
low_cost_plus_urine_micro_model,dummy,sigmoid,4,3,160,40,15,,0.6395701520450654,0.398,,,,,,,,,,
low_cost_plus_urine_micro_model,dummy,sigmoid,4,4,160,40,15,,0.6395701520450653,0.461,,,,,,,,,,
low_cost_plus_urine_micro_model,dummy,isotonic,0,0,160,40,15,,0.6333333333333333,0.347,,,,,,,,,,
low_cost_plus_urine_micro_model,dummy,isotonic,0,1,160,40,15,,0.6333333333333333,0.347,,,,,,,,,,
low_cost_plus_urine_micro_model,dummy,isotonic,0,2,160,40,15,,0.6333333333333333,0.358,,,,,,,,,,
low_cost_plus_urine_micro_model,dummy,isotonic,0,3,160,40,15,,0.6416666666666666,0.35,,,,,,,,,,
low_cost_plus_urine_micro_model,dummy,isotonic,0,4,160,40,15,,0.6416666666666666,0.347,,,,,,,,,,
low_cost_plus_urine_micro_model,dummy,isotonic,1,0,160,40,15,,0.6333333333333333,0.384,,,,,,,,,,
low_cost_plus_urine_micro_model,dummy,isotonic,1,1,160,40,15,,0.6333333333333333,0.383,,,,,,,,,,
low_cost_plus_urine_micro_model,dummy,isotonic,1,2,160,40,15,,0.6333333333333333,0.386,,,,,,,,,,
low_cost_plus_urine_micro_model,dummy,isotonic,1,3,160,40,15,,0.6416666666666666,0.385,,,,,,,,,,
low_cost_plus_urine_micro_model,dummy,isotonic,1,4,160,40,15,,0.6416666666666666,0.379,,,,,,,,,,
low_cost_plus_urine_micro_model,dummy,isotonic,2,0,160,40,15,,0.6333333333333333,0.35,,,,,,,,,,
low_cost_plus_urine_micro_model,dummy,isotonic,2,1,160,40,15,,0.6333333333333333,0.364,,,,,,,,,,
low_cost_plus_urine_micro_model,dummy,isotonic,2,2,160,40,15,,0.6333333333333333,0.349,,,,,,,,,,
low_cost_plus_urine_micro_model,dummy,isotonic,2,3,160,40,15,,0.6416666666666666,0.351,,,,,,,,,,
low_cost_plus_urine_micro_model,dummy,isotonic,2,4,160,40,15,,0.6416666666666666,0.349,,,,,,,,,,
low_cost_plus_urine_micro_model,dummy,isotonic,3,0,160,40,15,,0.6333333333333333,0.384,,,,,,,,,,
low_cost_plus_urine_micro_model,dummy,isotonic,3,1,160,40,15,,0.6333333333333333,0.382,,,,,,,,,,
low_cost_plus_urine_micro_model,dummy,isotonic,3,2,160,40,15,,0.6333333333333333,0.378,,,,,,,,,,
low_cost_plus_urine_micro_model,dummy,isotonic,3,3,160,40,15,,0.6416666666666666,0.388,,,,,,,,,,
low_cost_plus_urine_micro_model,dummy,isotonic,3,4,160,40,15,,0.6416666666666666,0.389,,,,,,,,,,
low_cost_plus_urine_micro_model,dummy,isotonic,4,0,160,40,15,,0.6333333333333333,0.355,,,,,,,,,,
low_cost_plus_urine_micro_model,dummy,isotonic,4,1,160,40,15,,0.6333333333333333,0.376,,,,,,,,,,
low_cost_plus_urine_micro_model,dummy,isotonic,4,2,160,40,15,,0.6333333333333333,0.362,,,,,,,,,,
low_cost_plus_urine_micro_model,dummy,isotonic,4,3,160,40,15,,0.6416666666666666,0.344,,,,,,,,,,
low_cost_plus_urine_micro_model,dummy,isotonic,4,4,160,40,15,,0.6416666666666666,0.35,,,,,,,,,,
low_cost_plus_urine_micro_model,logreg,none,0,0,160,40,15,0.9858791208791209,0.47864153546939703,0.978,0.1,None,,,,,,,,
low_cost_plus_urine_micro_model,logreg,none,0,1,160,40,15,0.9814349816849818,0.4761925081724536,1.03,1.0,balanced,,,,,,,,
low_cost_plus_urine_micro_model,logreg,none,0,2,160,40,15,0.9969496336996337,0.6587224975676929,0.979,3.0,None,,,,,,,,
low_cost_plus_urine_micro_model,logreg,none,0,3,160,40,15,0.983970695970696,0.4131985276850079,1.03,0.3,None,,,,,,,,
low_cost_plus_urine_micro_model,logreg,none,0,4,160,40,15,0.9946666666666667,0.44781106594607795,0.991,0.01,None,,,,,,,,
low_cost_plus_urine_micro_model,logreg,none,1,0,160,40,15,0.9800824175824177,0.45028877789840155,0.907,0.1,None,,,,,,,,
low_cost_plus_urine_micro_model,logreg,none,1,1,160,40,15,0.9875760073260074,0.45278871477511945,0.918,0.03,None,,,,,,,,
low_cost_plus_urine_micro_model,logreg,none,1,2,160,40,15,0.9893543956043956,0.5243504319243013,0.902,1.0,None,,,,,,,,
low_cost_plus_urine_micro_model,logreg,none,1,3,160,40,15,0.9868287545787546,0.3948764809366997,0.926,0.1,balanced,,,,,,,,
low_cost_plus_urine_micro_model,logreg,none,1,4,160,40,15,0.992445054945055,0.47566901602801226,0.905,0.3,None,,,,,,,,
low_cost_plus_urine_micro_model,logreg,none,2,0,160,40,15,0.983010989010989,0.5827210092260187,1.015,3.0,balanced,,,,,,,,
low_cost_plus_urine_micro_model,logreg,none,2,1,160,40,15,0.9861520146520146,0.4597476891878821,0.981,0.1,None,,,,,,,,
low_cost_plus_urine_micro_model,logreg,none,2,2,160,40,15,0.992445054945055,0.4593465070487181,1.037,0.3,balanced,,,,,,,,
low_cost_plus_urine_micro_model,logreg,none,2,3,160,40,15,0.9890714285714286,0.7770532234617122,1.049,3.0,None,,,,,,,,
low_cost_plus_urine_micro_model,logreg,none,2,4,160,40,15,0.9874249084249085,0.6706079304330812,1.025,3.0,None,,,,,,,,
low_cost_plus_urine_micro_model,logreg,none,3,0,160,40,15,0.984253663003663,0.6178762823812975,0.939,0.3,None,,,,,,,,
low_cost_plus_urine_micro_model,logreg,none,3,1,160,40,15,0.9905860805860807,0.6431283223978536,0.916,3.0,None,,,,,,,,
low_cost_plus_urine_micro_model,logreg,none,3,2,160,40,15,0.9783846153846154,0.43291582460676,0.925,0.01,None,,,,,,,,
low_cost_plus_urine_micro_model,logreg,none,3,3,160,40,15,0.9938791208791209,0.6074385695472518,0.902,3.0,None,,,,,,,,
low_cost_plus_urine_micro_model,logreg,none,3,4,160,40,15,0.9936465201465201,0.358123855095138,0.936,0.03,balanced,,,,,,,,
low_cost_plus_urine_micro_model,logreg,none,4,0,160,40,15,0.9854148351648352,0.4813753798897207,1.055,0.3,balanced,,,,,,,,
low_cost_plus_urine_micro_model,logreg,none,4,1,160,40,15,0.9831620879120879,0.3581861038203668,0.978,1.0,balanced,,,,,,,,
low_cost_plus_urine_micro_model,logreg,none,4,2,160,40,15,0.9887179487179487,0.527551066524282,0.985,1.0,None,,,,,,,,
low_cost_plus_urine_micro_model,logreg,none,4,3,160,40,15,0.9855769230769231,0.4223680359771303,0.983,0.03,None,,,,,,,,
low_cost_plus_urine_micro_model,logreg,none,4,4,160,40,15,0.9893543956043955,0.4700764960341462,1.016,0.3,balanced,,,,,,,,
low_cost_plus_urine_micro_model,logreg,sigmoid,0,0,160,40,15,0.9858791208791209,0.6142022960685409,1.308,0.1,None,,,,,,,,
low_cost_plus_urine_micro_model,logreg,sigmoid,0,1,160,40,15,0.9814349816849818,0.5784581525412495,1.299,1.0,balanced,,,,,,,,
low_cost_plus_urine_micro_model,logreg,sigmoid,0,2,160,40,15,0.9969496336996337,0.6197184717626946,1.288,3.0,None,,,,,,,,
low_cost_plus_urine_micro_model,logreg,sigmoid,0,3,160,40,15,0.983970695970696,0.532361261489673,1.27,0.3,None,,,,,,,,
low_cost_plus_urine_micro_model,logreg,sigmoid,0,4,160,40,15,0.9946666666666667,0.6208655932589491,1.279,0.01,None,,,,,,,,
low_cost_plus_urine_micro_model,logreg,sigmoid,1,0,160,40,15,0.9800824175824177,0.5925599533257305,1.362,0.1,None,,,,,,,,
low_cost_plus_urine_micro_model,logreg,sigmoid,1,1,160,40,15,0.9875760073260074,0.6258642264951328,1.426,0.03,None,,,,,,,,
low_cost_plus_urine_micro_model,logreg,sigmoid,1,2,160,40,15,0.9893543956043956,0.5770717011132175,1.453,1.0,None,,,,,,,,
low_cost_plus_urine_micro_model,logreg,sigmoid,1,3,160,40,15,0.9868287545787546,0.6364257225152619,1.552,0.1,balanced,,,,,,,,
low_cost_plus_urine_micro_model,logreg,sigmoid,1,4,160,40,15,0.992445054945055,0.5776332075694135,1.429,0.3,None,,,,,,,,
low_cost_plus_urine_micro_model,logreg,sigmoid,2,0,160,40,15,0.983010989010989,0.5281320535532332,1.294,3.0,balanced,,,,,,,,
low_cost_plus_urine_micro_model,logreg,sigmoid,2,1,160,40,15,0.9861520146520146,0.5843007395737008,1.287,0.1,None,,,,,,,,
low_cost_plus_urine_micro_model,logreg,sigmoid,2,2,160,40,15,0.992445054945055,0.6450257536072472,1.377,0.3,balanced,,,,,,,,
low_cost_plus_urine_micro_model,logreg,sigmoid,2,3,160,40,15,0.9890714285714286,0.656798784131031,1.273,3.0,None,,,,,,,,
low_cost_plus_urine_micro_model,logreg,sigmoid,2,4,160,40,15,0.9874249084249085,0.6245704506254636,1.288,3.0,None,,,,,,,,
low_cost_plus_urine_micro_model,logreg,sigmoid,3,0,160,40,15,0.984253663003663,0.6960641322471205,1.384,0.3,None,,,,,,,,
low_cost_plus_urine_micro_model,logreg,sigmoid,3,1,160,40,15,0.9905860805860807,0.5971714433564829,1.458,3.0,None,,,,,,,,
low_cost_plus_urine_micro_model,logreg,sigmoid,3,2,160,40,15,0.9783846153846154,0.5527383242863122,1.402,0.01,None,,,,,,,,
low_cost_plus_urine_micro_model,logreg,sigmoid,3,3,160,40,15,0.9938791208791209,0.584221035523717,1.427,3.0,None,,,,,,,,
low_cost_plus_urine_micro_model,logreg,sigmoid,3,4,160,40,15,0.9936465201465201,0.5639976805985726,1.423,0.03,balanced,,,,,,,,
low_cost_plus_urine_micro_model,logreg,sigmoid,4,0,160,40,15,0.9854148351648352,0.6512438282172591,1.279,0.3,balanced,,,,,,,,
low_cost_plus_urine_micro_model,logreg,sigmoid,4,1,160,40,15,0.9831620879120879,0.5107062739204612,1.303,1.0,balanced,,,,,,,,
low_cost_plus_urine_micro_model,logreg,sigmoid,4,2,160,40,15,0.9887179487179487,0.5534293298907119,1.298,1.0,None,,,,,,,,
low_cost_plus_urine_micro_model,logreg,sigmoid,4,3,160,40,15,0.9855769230769231,0.5849176481045808,1.273,0.03,None,,,,,,,,
low_cost_plus_urine_micro_model,logreg,sigmoid,4,4,160,40,15,0.9893543956043955,0.6430099195609437,1.282,0.3,balanced,,,,,,,,
low_cost_plus_urine_micro_model,logreg,isotonic,0,0,160,40,15,0.9858791208791209,0.8543202233786115,1.432,0.1,None,,,,,,,,
low_cost_plus_urine_micro_model,logreg,isotonic,0,1,160,40,15,0.9814349816849818,0.856500749075241,1.43,1.0,balanced,,,,,,,,
low_cost_plus_urine_micro_model,logreg,isotonic,0,2,160,40,15,0.9969496336996337,0.9149941411669091,1.36,3.0,None,,,,,,,,
low_cost_plus_urine_micro_model,logreg,isotonic,0,3,160,40,15,0.983970695970696,0.8091221578994274,1.437,0.3,None,,,,,,,,
low_cost_plus_urine_micro_model,logreg,isotonic,0,4,160,40,15,0.9946666666666667,0.986389411745874,1.401,0.01,None,,,,,,,,
low_cost_plus_urine_micro_model,logreg,isotonic,1,0,160,40,15,0.9800824175824177,0.9800383615634092,1.246,0.1,None,,,,,,,,
low_cost_plus_urine_micro_model,logreg,isotonic,1,1,160,40,15,0.9875760073260074,0.983707830852752,1.262,0.03,None,,,,,,,,
low_cost_plus_urine_micro_model,logreg,isotonic,1,2,160,40,15,0.9893543956043956,0.9578458832090073,1.268,1.0,None,,,,,,,,
low_cost_plus_urine_micro_model,logreg,isotonic,1,3,160,40,15,0.9868287545787546,0.9752177295416988,1.29,0.1,balanced,,,,,,,,
low_cost_plus_urine_micro_model,logreg,isotonic,1,4,160,40,15,0.992445054945055,0.9075092877443593,1.269,0.3,None,,,,,,,,
low_cost_plus_urine_micro_model,logreg,isotonic,2,0,160,40,15,0.983010989010989,0.8466737493375045,1.271,3.0,balanced,,,,,,,,
low_cost_plus_urine_micro_model,logreg,isotonic,2,1,160,40,15,0.9861520146520146,0.9425525924249829,1.26,0.1,None,,,,,,,,
low_cost_plus_urine_micro_model,logreg,isotonic,2,2,160,40,15,0.992445054945055,1.0,1.249,0.3,balanced,,,,,,,,
low_cost_plus_urine_micro_model,logreg,isotonic,2,3,160,40,15,0.9890714285714286,0.9741097014699991,1.345,3.0,None,,,,,,,,
low_cost_plus_urine_micro_model,logreg,isotonic,2,4,160,40,15,0.9874249084249085,0.8711202221242409,1.272,3.0,None,,,,,,,,
low_cost_plus_urine_micro_model,logreg,isotonic,3,0,160,40,15,0.984253663003663,0.9420143950771709,1.356,0.3,None,,,,,,,,
low_cost_plus_urine_micro_model,logreg,isotonic,3,1,160,40,15,0.9905860805860807,0.9877560448602426,1.361,3.0,None,,,,,,,,
low_cost_plus_urine_micro_model,logreg,isotonic,3,2,160,40,15,0.9783846153846154,0.8136954822773136,1.435,0.01,None,,,,,,,,
low_cost_plus_urine_micro_model,logreg,isotonic,3,3,160,40,15,0.9938791208791209,0.8214285714285714,1.415,3.0,None,,,,,,,,
low_cost_plus_urine_micro_model,logreg,isotonic,3,4,160,40,15,0.9936465201465201,0.947252524393346,1.388,0.03,balanced,,,,,,,,
low_cost_plus_urine_micro_model,logreg,isotonic,4,0,160,40,15,0.9854148351648352,0.9214439191358041,1.267,0.3,balanced,,,,,,,,
low_cost_plus_urine_micro_model,logreg,isotonic,4,1,160,40,15,0.9831620879120879,0.7983544975338742,1.32,1.0,balanced,,,,,,,,
low_cost_plus_urine_micro_model,logreg,isotonic,4,2,160,40,15,0.9887179487179487,0.8865375970666993,1.257,1.0,None,,,,,,,,
low_cost_plus_urine_micro_model,logreg,isotonic,4,3,160,40,15,0.9855769230769231,0.941600570672539,1.26,0.03,None,,,,,,,,
low_cost_plus_urine_micro_model,logreg,isotonic,4,4,160,40,15,0.9893543956043955,0.886618153409025,1.298,0.3,balanced,,,,,,,,
low_cost_plus_urine_micro_model,random_forest,none,0,0,160,40,15,0.9946666666666667,0.590562742379447,25.286,,None,3,sqrt,1,,,,,
low_cost_plus_urine_micro_model,random_forest,none,0,1,160,40,15,0.990202380952381,0.6093468694525509,25.209,,None,3,sqrt,5,,,,,
low_cost_plus_urine_micro_model,random_forest,none,0,2,160,40,15,0.9996565934065934,0.7920436507936509,25.183,,None,None,sqrt,1,,,,,
low_cost_plus_urine_micro_model,random_forest,none,0,3,160,40,15,0.9852435897435898,0.5482262547313399,24.777,,balanced,3,sqrt,1,,,,,
low_cost_plus_urine_micro_model,random_forest,none,0,4,160,40,15,0.996,0.6252137651269999,23.962,,None,3,sqrt,1,,,,,
low_cost_plus_urine_micro_model,random_forest,none,1,0,160,40,15,0.9979395604395604,0.5852865460542663,22.992,,None,3,sqrt,1,,,,,
low_cost_plus_urine_micro_model,random_forest,none,1,1,160,40,15,0.9888690476190476,0.6094943853671079,23.039,,None,3,sqrt,1,,,,,
low_cost_plus_urine_micro_model,random_forest,none,1,2,160,40,15,0.9962225274725275,0.7433611111111111,23.093,,balanced,None,sqrt,1,,,,,
low_cost_plus_urine_micro_model,random_forest,none,1,3,160,40,15,0.9969294871794872,0.79,24.538,,balanced,None,sqrt,1,,,,,
low_cost_plus_urine_micro_model,random_forest,none,1,4,160,40,15,0.9945054945054945,0.5679368502949703,23.773,,None,3,sqrt,1,,,,,
low_cost_plus_urine_micro_model,random_forest,none,2,0,160,40,15,0.9934954212454212,0.74,23.854,,None,None,sqrt,1,,,,,
low_cost_plus_urine_micro_model,random_forest,none,2,1,160,40,15,0.9929395604395604,0.8366666666666667,24.269,,None,None,sqrt,1,,,,,
low_cost_plus_urine_micro_model,random_forest,none,2,2,160,40,15,0.9986263736263736,0.621000680341692,24.481,,None,3,sqrt,1,,,,,
low_cost_plus_urine_micro_model,random_forest,none,2,3,160,40,15,0.9993333333333334,0.77,24.587,,balanced,None,sqrt,1,,,,,
low_cost_plus_urine_micro_model,random_forest,none,2,4,160,40,15,0.9935054945054945,0.7805555555555557,24.189,,None,None,sqrt,1,,,,,
low_cost_plus_urine_micro_model,random_forest,none,3,0,160,40,15,0.9945558608058608,0.7719285714285714,23.047,,None,None,sqrt,1,,,,,
low_cost_plus_urine_micro_model,random_forest,none,3,1,160,40,15,0.9926062271062271,0.6156422795016402,22.968,,None,3,sqrt,1,,,,,
low_cost_plus_urine_micro_model,random_forest,none,3,2,160,40,15,0.9945054945054945,0.5796468103280702,22.661,,None,3,sqrt,1,,,,,
low_cost_plus_urine_micro_model,random_forest,none,3,3,160,40,15,0.9973131868131868,0.7533333333333333,23.947,,None,None,sqrt,1,,,,,
low_cost_plus_urine_micro_model,random_forest,none,3,4,160,40,15,0.9969597069597069,0.5330822479048122,24.179,,balanced,3,sqrt,1,,,,,
low_cost_plus_urine_micro_model,random_forest,none,4,0,160,40,15,0.9962628205128206,0.7533333333333333,24.565,,None,None,sqrt,1,,,,,
low_cost_plus_urine_micro_model,random_forest,none,4,1,160,40,15,0.9979496336996337,0.7433333333333333,25.046,,balanced,None,sqrt,1,,,,,
low_cost_plus_urine_micro_model,random_forest,none,4,2,160,40,15,0.9935659340659341,0.6065516019943246,24.432,,None,None,sqrt,5,,,,,
low_cost_plus_urine_micro_model,random_forest,none,4,3,160,40,15,0.9951923076923077,0.639150760908017,24.503,,None,3,sqrt,1,,,,,
low_cost_plus_urine_micro_model,random_forest,none,4,4,160,40,15,0.9955357142857143,0.5612713349529814,25.011,,balanced,3,sqrt,1,,,,,
low_cost_plus_urine_micro_model,random_forest,sigmoid,0,0,160,40,15,0.9946666666666667,0.7295496133451234,34.442,,None,3,sqrt,1,,,,,
low_cost_plus_urine_micro_model,random_forest,sigmoid,0,1,160,40,15,0.990202380952381,0.7430692997801823,33.295,,None,3,sqrt,5,,,,,
low_cost_plus_urine_micro_model,random_forest,sigmoid,0,2,160,40,15,0.9996565934065934,0.8739170141650284,33.78,,None,None,sqrt,1,,,,,
low_cost_plus_urine_micro_model,random_forest,sigmoid,0,3,160,40,15,0.9852435897435898,0.7071659714420773,36.218,,balanced,3,sqrt,1,,,,,
low_cost_plus_urine_micro_model,random_forest,sigmoid,0,4,160,40,15,0.996,0.7820045693821269,35.913,,None,3,sqrt,1,,,,,
low_cost_plus_urine_micro_model,random_forest,sigmoid,1,0,160,40,15,0.9979395604395604,0.7254555267296009,36.411,,None,3,sqrt,1,,,,,
low_cost_plus_urine_micro_model,random_forest,sigmoid,1,1,160,40,15,0.9888690476190476,0.7496930309271038,35.835,,None,3,sqrt,1,,,,,
low_cost_plus_urine_micro_model,random_forest,sigmoid,1,2,160,40,15,0.9962225274725275,0.8423299457980209,36.743,,balanced,None,sqrt,1,,,,,
low_cost_plus_urine_micro_model,random_forest,sigmoid,1,3,160,40,15,0.9969294871794872,0.8404069479130952,36.762,,balanced,None,sqrt,1,,,,,
low_cost_plus_urine_micro_model,random_forest,sigmoid,1,4,160,40,15,0.9945054945054945,0.7316462638603491,35.342,,None,3,sqrt,1,,,,,
low_cost_plus_urine_micro_model,random_forest,sigmoid,2,0,160,40,15,0.9934954212454212,0.8042012593200191,35.483,,None,None,sqrt,1,,,,,
low_cost_plus_urine_micro_model,random_forest,sigmoid,2,1,160,40,15,0.9929395604395604,0.8548525445839872,33.51,,None,None,sqrt,1,,,,,
low_cost_plus_urine_micro_model,random_forest,sigmoid,2,2,160,40,15,0.9986263736263736,0.779993096363351,32.582,,None,3,sqrt,1,,,,,
low_cost_plus_urine_micro_model,random_forest,sigmoid,2,3,160,40,15,0.9993333333333334,0.8762657239195846,33.013,,balanced,None,sqrt,1,,,,,
low_cost_plus_urine_micro_model,random_forest,sigmoid,2,4,160,40,15,0.9935054945054945,0.8526239433648083,33.543,,None,None,sqrt,1,,,,,
low_cost_plus_urine_micro_model,random_forest,sigmoid,3,0,160,40,15,0.9945558608058608,0.8466530283877132,35.709,,None,None,sqrt,1,,,,,
low_cost_plus_urine_micro_model,random_forest,sigmoid,3,1,160,40,15,0.9926062271062271,0.773012858419498,35.904,,None,3,sqrt,1,,,,,
low_cost_plus_urine_micro_model,random_forest,sigmoid,3,2,160,40,15,0.9945054945054945,0.6813982329987663,35.714,,None,3,sqrt,1,,,,,
low_cost_plus_urine_micro_model,random_forest,sigmoid,3,3,160,40,15,0.9973131868131868,0.8258075746879927,35.935,,None,None,sqrt,1,,,,,
low_cost_plus_urine_micro_model,random_forest,sigmoid,3,4,160,40,15,0.9969597069597069,0.7301713286060408,34.384,,balanced,3,sqrt,1,,,,,
low_cost_plus_urine_micro_model,random_forest,sigmoid,4,0,160,40,15,0.9962628205128206,0.8238412360105168,35.76,,None,None,sqrt,1,,,,,
low_cost_plus_urine_micro_model,random_forest,sigmoid,4,1,160,40,15,0.9979496336996337,0.8409845649448635,36.415,,balanced,None,sqrt,1,,,,,
low_cost_plus_urine_micro_model,random_forest,sigmoid,4,2,160,40,15,0.9935659340659341,0.7329992787484256,36.009,,None,None,sqrt,5,,,,,
low_cost_plus_urine_micro_model,random_forest,sigmoid,4,3,160,40,15,0.9951923076923077,0.7844988349666315,35.695,,None,3,sqrt,1,,,,,
low_cost_plus_urine_micro_model,random_forest,sigmoid,4,4,160,40,15,0.9955357142857143,0.7625363261882627,34.119,,balanced,3,sqrt,1,,,,,
low_cost_plus_urine_micro_model,random_forest,isotonic,0,0,160,40,15,0.9946666666666667,0.9498913942526065,34.415,,None,3,sqrt,1,,,,,
low_cost_plus_urine_micro_model,random_forest,isotonic,0,1,160,40,15,0.990202380952381,0.9583802198181206,32.643,,None,3,sqrt,5,,,,,
low_cost_plus_urine_micro_model,random_forest,isotonic,0,2,160,40,15,0.9996565934065934,1.0,32.931,,None,None,sqrt,1,,,,,
low_cost_plus_urine_micro_model,random_forest,isotonic,0,3,160,40,15,0.9852435897435898,0.9377882516637615,33.971,,balanced,3,sqrt,1,,,,,
low_cost_plus_urine_micro_model,random_forest,isotonic,0,4,160,40,15,0.996,0.9751786962303828,33.662,,None,3,sqrt,1,,,,,
low_cost_plus_urine_micro_model,random_forest,isotonic,1,0,160,40,15,0.9979395604395604,0.9798275275913422,35.024,,None,3,sqrt,1,,,,,
low_cost_plus_urine_micro_model,random_forest,isotonic,1,1,160,40,15,0.9888690476190476,0.9636821267513567,32.581,,None,3,sqrt,1,,,,,
low_cost_plus_urine_micro_model,random_forest,isotonic,1,2,160,40,15,0.9962225274725275,0.9857554594834276,35.89,,balanced,None,sqrt,1,,,,,
low_cost_plus_urine_micro_model,random_forest,isotonic,1,3,160,40,15,0.9969294871794872,0.9166666666666666,34.211,,balanced,None,sqrt,1,,,,,
low_cost_plus_urine_micro_model,random_forest,isotonic,1,4,160,40,15,0.9945054945054945,0.9324881013301094,33.764,,None,3,sqrt,1,,,,,
low_cost_plus_urine_micro_model,random_forest,isotonic,2,0,160,40,15,0.9934954212454212,0.7458264982751394,34.152,,None,None,sqrt,1,,,,,
low_cost_plus_urine_micro_model,random_forest,isotonic,2,1,160,40,15,0.9929395604395604,0.9651520637219404,36.453,,None,None,sqrt,1,,,,,
low_cost_plus_urine_micro_model,random_forest,isotonic,2,2,160,40,15,0.9986263736263736,0.9949542329732795,34.95,,None,3,sqrt,1,,,,,
low_cost_plus_urine_micro_model,random_forest,isotonic,2,3,160,40,15,0.9993333333333334,1.0,33.957,,balanced,None,sqrt,1,,,,,
low_cost_plus_urine_micro_model,random_forest,isotonic,2,4,160,40,15,0.9935054945054945,0.909333108684435,36.503,,None,None,sqrt,1,,,,,
low_cost_plus_urine_micro_model,random_forest,isotonic,3,0,160,40,15,0.9945558608058608,0.9410102317029571,36.435,,None,None,sqrt,1,,,,,
low_cost_plus_urine_micro_model,random_forest,isotonic,3,1,160,40,15,0.9926062271062271,0.9151893700367122,34.575,,None,3,sqrt,1,,,,,
low_cost_plus_urine_micro_model,random_forest,isotonic,3,2,160,40,15,0.9945054945054945,0.952622284441941,33.592,,None,3,sqrt,1,,,,,
low_cost_plus_urine_micro_model,random_forest,isotonic,3,3,160,40,15,0.9973131868131868,0.9661016949152542,34.162,,None,None,sqrt,1,,,,,
low_cost_plus_urine_micro_model,random_forest,isotonic,3,4,160,40,15,0.9969597069597069,0.97913388358758,37.248,,balanced,3,sqrt,1,,,,,
low_cost_plus_urine_micro_model,random_forest,isotonic,4,0,160,40,15,0.9962628205128206,0.8942207026094202,32.754,,None,None,sqrt,1,,,,,
low_cost_plus_urine_micro_model,random_forest,isotonic,4,1,160,40,15,0.9979496336996337,0.9479052940294993,33.353,,balanced,None,sqrt,1,,,,,
low_cost_plus_urine_micro_model,random_forest,isotonic,4,2,160,40,15,0.9935659340659341,0.9864031745575024,33.589,,None,None,sqrt,5,,,,,
low_cost_plus_urine_micro_model,random_forest,isotonic,4,3,160,40,15,0.9951923076923077,0.9994187374699215,34.652,,None,3,sqrt,1,,,,,
low_cost_plus_urine_micro_model,random_forest,isotonic,4,4,160,40,15,0.9955357142857143,0.9493122641780857,37.014,,balanced,3,sqrt,1,,,,,
low_cost_plus_urine_micro_model,svm,none,0,0,160,40,15,0.9953333333333333,0.8646131452066237,1.142,1.0,None,,,,0.01,,,,
low_cost_plus_urine_micro_model,svm,none,0,1,160,40,15,0.9948489010989011,0.8963846737372371,1.123,10.0,balanced,,,,0.01,,,,
low_cost_plus_urine_micro_model,svm,none,0,2,160,40,15,0.9915961538461538,0.9379973107781735,1.184,10.0,None,,,,0.01,,,,
low_cost_plus_urine_micro_model,svm,none,0,3,160,40,15,0.9927985347985349,0.7039718008104585,1.186,10.0,None,,,,0.01,,,,
low_cost_plus_urine_micro_model,svm,none,0,4,160,40,15,0.9946666666666667,0.42572593230652644,1.188,0.1,None,,,,0.01,,,,
low_cost_plus_urine_micro_model,svm,none,1,0,160,40,15,0.9945054945054945,0.9129991818327323,1.151,10.0,balanced,,,,0.01,,,,
low_cost_plus_urine_micro_model,svm,none,1,1,160,40,15,0.9935357142857143,0.938691336334975,1.167,10.0,balanced,,,,0.01,,,,
low_cost_plus_urine_micro_model,svm,none,1,2,160,40,15,0.9893543956043956,0.9499359322249025,1.151,10.0,balanced,,,,scale,,,,
low_cost_plus_urine_micro_model,svm,none,1,3,160,40,15,0.9941620879120879,0.823678281543644,1.174,1.0,balanced,,,,0.01,,,,
low_cost_plus_urine_micro_model,svm,none,1,4,160,40,15,0.992445054945055,0.7617028204644011,1.139,10.0,balanced,,,,0.01,,,,
low_cost_plus_urine_micro_model,svm,none,2,0,160,40,15,0.9896978021978022,0.8204948617332598,1.156,10.0,balanced,,,,0.01,,,,
low_cost_plus_urine_micro_model,svm,none,2,1,160,40,15,0.993,0.8768544528714616,1.167,10.0,balanced,,,,0.01,,,,
low_cost_plus_urine_micro_model,svm,none,2,2,160,40,15,0.9986263736263736,0.9471768070907229,1.229,0.1,balanced,,,,scale,,,,
low_cost_plus_urine_micro_model,svm,none,2,3,160,40,15,0.9966465201465202,0.9612011486707395,1.158,10.0,None,,,,scale,,,,
low_cost_plus_urine_micro_model,svm,none,2,4,160,40,15,0.9895457875457876,0.9544209565223792,1.138,10.0,balanced,,,,scale,,,,
low_cost_plus_urine_micro_model,svm,none,3,0,160,40,15,0.9911620879120879,0.899975652709171,1.162,10.0,None,,,,0.01,,,,
low_cost_plus_urine_micro_model,svm,none,3,1,160,40,15,0.9966062271062271,0.8451294555333372,1.139,10.0,None,,,,0.01,,,,
low_cost_plus_urine_micro_model,svm,none,3,2,160,40,15,0.9890512820512821,0.9429338466180998,1.164,1.0,balanced,,,,scale,,,,
low_cost_plus_urine_micro_model,svm,none,3,3,160,40,15,0.9918992673992675,0.8836901445178579,1.137,10.0,balanced,,,,0.01,,,,
low_cost_plus_urine_micro_model,svm,none,3,4,160,40,15,0.9943131868131868,0.9027822240972689,1.173,0.1,balanced,,,,scale,,,,
low_cost_plus_urine_micro_model,svm,none,4,0,160,40,15,0.9929697802197802,0.9504273078659734,1.224,10.0,None,,,,scale,,,,
low_cost_plus_urine_micro_model,svm,none,4,1,160,40,15,0.9932225274725275,0.88426733538692,1.189,10.0,balanced,,,,scale,,,,
low_cost_plus_urine_micro_model,svm,none,4,2,160,40,15,0.9908186813186813,0.7862826315918974,1.201,1.0,None,,,,0.01,,,,
low_cost_plus_urine_micro_model,svm,none,4,3,160,40,15,0.9965659340659341,0.9490482833806013,1.163,1.0,None,,,,scale,,,,
low_cost_plus_urine_micro_model,svm,none,4,4,160,40,15,0.9941620879120879,0.9371030240299818,1.158,1.0,balanced,,,,scale,,,,
low_cost_plus_urine_micro_model,svm,sigmoid,0,0,160,40,15,0.9953333333333333,0.6385495089195692,1.733,1.0,None,,,,0.01,,,,
low_cost_plus_urine_micro_model,svm,sigmoid,0,1,160,40,15,0.9948489010989011,0.6759092215791946,1.623,10.0,balanced,,,,0.01,,,,
low_cost_plus_urine_micro_model,svm,sigmoid,0,2,160,40,15,0.9915961538461538,0.730416485627284,1.58,10.0,None,,,,0.01,,,,
low_cost_plus_urine_micro_model,svm,sigmoid,0,3,160,40,15,0.9927985347985349,0.5261894680568677,1.621,10.0,None,,,,0.01,,,,
low_cost_plus_urine_micro_model,svm,sigmoid,0,4,160,40,15,0.9946666666666667,0.6407500860643982,1.609,0.1,None,,,,0.01,,,,
low_cost_plus_urine_micro_model,svm,sigmoid,1,0,160,40,15,0.9945054945054945,0.6858981254560674,1.627,10.0,balanced,,,,0.01,,,,
low_cost_plus_urine_micro_model,svm,sigmoid,1,1,160,40,15,0.9935357142857143,0.7523154827736189,1.593,10.0,balanced,,,,0.01,,,,
low_cost_plus_urine_micro_model,svm,sigmoid,1,2,160,40,15,0.9893543956043956,0.8241243378753309,1.596,10.0,balanced,,,,scale,,,,
low_cost_plus_urine_micro_model,svm,sigmoid,1,3,160,40,15,0.9941620879120879,0.6292213818845163,1.635,1.0,balanced,,,,0.01,,,,
low_cost_plus_urine_micro_model,svm,sigmoid,1,4,160,40,15,0.992445054945055,0.5481842976821776,1.621,10.0,balanced,,,,0.01,,,,
low_cost_plus_urine_micro_model,svm,sigmoid,2,0,160,40,15,0.9896978021978022,0.6254709582383394,1.649,10.0,balanced,,,,0.01,,,,
low_cost_plus_urine_micro_model,svm,sigmoid,2,1,160,40,15,0.993,0.6690031514843904,1.612,10.0,balanced,,,,0.01,,,,
low_cost_plus_urine_micro_model,svm,sigmoid,2,2,160,40,15,0.9986263736263736,0.8139767363038617,1.686,0.1,balanced,,,,scale,,,,
low_cost_plus_urine_micro_model,svm,sigmoid,2,3,160,40,15,0.9966465201465202,0.845850408500015,1.593,10.0,None,,,,scale,,,,
low_cost_plus_urine_micro_model,svm,sigmoid,2,4,160,40,15,0.9895457875457876,0.8537911970029352,1.596,10.0,balanced,,,,scale,,,,
low_cost_plus_urine_micro_model,svm,sigmoid,3,0,160,40,15,0.9911620879120879,0.7300115941333404,1.582,10.0,None,,,,0.01,,,,
low_cost_plus_urine_micro_model,svm,sigmoid,3,1,160,40,15,0.9966062271062271,0.6625832446182733,1.576,10.0,None,,,,0.01,,,,
low_cost_plus_urine_micro_model,svm,sigmoid,3,2,160,40,15,0.9890512820512821,0.8218414365596997,1.626,1.0,balanced,,,,scale,,,,
low_cost_plus_urine_micro_model,svm,sigmoid,3,3,160,40,15,0.9918992673992675,0.6515670253912247,1.571,10.0,balanced,,,,0.01,,,,
low_cost_plus_urine_micro_model,svm,sigmoid,3,4,160,40,15,0.9943131868131868,0.7645138115600637,1.646,0.1,balanced,,,,scale,,,,
low_cost_plus_urine_micro_model,svm,sigmoid,4,0,160,40,15,0.9929697802197802,0.804071826636011,1.581,10.0,None,,,,scale,,,,
low_cost_plus_urine_micro_model,svm,sigmoid,4,1,160,40,15,0.9932225274725275,0.803285562876807,1.614,10.0,balanced,,,,scale,,,,
low_cost_plus_urine_micro_model,svm,sigmoid,4,2,160,40,15,0.9908186813186813,0.6041269822613724,1.605,1.0,None,,,,0.01,,,,
low_cost_plus_urine_micro_model,svm,sigmoid,4,3,160,40,15,0.9965659340659341,0.8171390919609042,1.627,1.0,None,,,,scale,,,,
low_cost_plus_urine_micro_model,svm,sigmoid,4,4,160,40,15,0.9941620879120879,0.8178337649127166,1.608,1.0,balanced,,,,scale,,,,
low_cost_plus_urine_micro_model,svm,isotonic,0,0,160,40,15,0.9953333333333333,0.9423167721484973,1.625,1.0,None,,,,0.01,,,,
low_cost_plus_urine_micro_model,svm,isotonic,0,1,160,40,15,0.9948489010989011,0.9279716035521393,1.554,10.0,balanced,,,,0.01,,,,
low_cost_plus_urine_micro_model,svm,isotonic,0,2,160,40,15,0.9915961538461538,1.0,1.567,10.0,None,,,,0.01,,,,
low_cost_plus_urine_micro_model,svm,isotonic,0,3,160,40,15,0.9927985347985349,0.9240832977318318,1.592,10.0,None,,,,0.01,,,,
low_cost_plus_urine_micro_model,svm,isotonic,0,4,160,40,15,0.9946666666666667,0.9830549948640939,1.604,0.1,None,,,,0.01,,,,
low_cost_plus_urine_micro_model,svm,isotonic,1,0,160,40,15,0.9945054945054945,0.9908335845717975,1.606,10.0,balanced,,,,0.01,,,,
low_cost_plus_urine_micro_model,svm,isotonic,1,1,160,40,15,0.9935357142857143,0.9884121292102203,1.549,10.0,balanced,,,,0.01,,,,
low_cost_plus_urine_micro_model,svm,isotonic,1,2,160,40,15,0.9893543956043956,0.9873574904724662,1.651,10.0,balanced,,,,scale,,,,
low_cost_plus_urine_micro_model,svm,isotonic,1,3,160,40,15,0.9941620879120879,1.0,1.637,1.0,balanced,,,,0.01,,,,
low_cost_plus_urine_micro_model,svm,isotonic,1,4,160,40,15,0.992445054945055,0.9317907274308626,1.573,10.0,balanced,,,,0.01,,,,
low_cost_plus_urine_micro_model,svm,isotonic,2,0,160,40,15,0.9896978021978022,0.9600665162202998,1.666,10.0,balanced,,,,0.01,,,,
low_cost_plus_urine_micro_model,svm,isotonic,2,1,160,40,15,0.993,0.9462376283849818,1.614,10.0,balanced,,,,0.01,,,,
low_cost_plus_urine_micro_model,svm,isotonic,2,2,160,40,15,0.9986263736263736,1.0,1.601,0.1,balanced,,,,scale,,,,
low_cost_plus_urine_micro_model,svm,isotonic,2,3,160,40,15,0.9966465201465202,1.0,1.639,10.0,None,,,,scale,,,,
low_cost_plus_urine_micro_model,svm,isotonic,2,4,160,40,15,0.9895457875457876,0.9888085546509899,1.606,10.0,balanced,,,,scale,,,,
low_cost_plus_urine_micro_model,svm,isotonic,3,0,160,40,15,0.9911620879120879,0.9524245618208371,1.565,10.0,None,,,,0.01,,,,
low_cost_plus_urine_micro_model,svm,isotonic,3,1,160,40,15,0.9966062271062271,1.0,1.611,10.0,None,,,,0.01,,,,
low_cost_plus_urine_micro_model,svm,isotonic,3,2,160,40,15,0.9890512820512821,0.9231025958764101,1.625,1.0,balanced,,,,scale,,,,
low_cost_plus_urine_micro_model,svm,isotonic,3,3,160,40,15,0.9918992673992675,0.9834890663326594,1.635,10.0,balanced,,,,0.01,,,,
low_cost_plus_urine_micro_model,svm,isotonic,3,4,160,40,15,0.9943131868131868,0.9566798338470022,1.65,0.1,balanced,,,,scale,,,,
low_cost_plus_urine_micro_model,svm,isotonic,4,0,160,40,15,0.9929697802197802,0.9548058084869485,1.539,10.0,None,,,,scale,,,,
low_cost_plus_urine_micro_model,svm,isotonic,4,1,160,40,15,0.9932225274725275,0.8685974347276082,1.549,10.0,balanced,,,,scale,,,,
low_cost_plus_urine_micro_model,svm,isotonic,4,2,160,40,15,0.9908186813186813,0.9174777039393534,1.592,1.0,None,,,,0.01,,,,
low_cost_plus_urine_micro_model,svm,isotonic,4,3,160,40,15,0.9965659340659341,0.9975012619831903,1.602,1.0,None,,,,scale,,,,
low_cost_plus_urine_micro_model,svm,isotonic,4,4,160,40,15,0.9941620879120879,0.9760317206806639,1.594,1.0,balanced,,,,scale,,,,
low_cost_plus_urine_micro_model,xgboost,none,0,0,160,40,15,0.9848992673992674,0.7557687163352966,3.156,,,2,,,,0.8,0.05,1.0,0.8
low_cost_plus_urine_micro_model,xgboost,none,0,1,160,40,15,0.9868287545787546,0.7268696427345276,2.939,,,2,,,,0.8,0.05,5.0,0.8
low_cost_plus_urine_micro_model,xgboost,none,0,2,160,40,15,0.9843232600732601,0.7436015605926514,2.867,,,2,,,,0.8,0.05,1.0,0.8
low_cost_plus_urine_micro_model,xgboost,none,0,3,160,40,15,0.9808598901098902,0.545240581035614,2.92,,,3,,,,0.8,0.05,1.0,0.8
low_cost_plus_urine_micro_model,xgboost,none,0,4,160,40,15,0.9919395604395604,0.722669243812561,2.948,,,2,,,,0.8,0.05,5.0,0.8
low_cost_plus_urine_micro_model,xgboost,none,1,0,160,40,15,0.9869505494505495,0.6912975907325745,2.812,,,2,,,,0.8,0.05,1.0,0.8
low_cost_plus_urine_micro_model,xgboost,none,1,1,160,40,15,0.9767683150183151,0.8454892039299011,2.777,,,2,,,,0.8,0.05,5.0,0.8
low_cost_plus_urine_micro_model,xgboost,none,1,2,160,40,15,0.9934752747252746,0.5710930824279785,2.888,,,3,,,,0.8,0.1,1.0,0.8
low_cost_plus_urine_micro_model,xgboost,none,1,3,160,40,15,0.9898891941391942,0.7011464834213257,2.894,,,3,,,,0.8,0.1,1.0,0.8
low_cost_plus_urine_micro_model,xgboost,none,1,4,160,40,15,0.9876373626373627,0.4900929927825928,2.806,,,3,,,,0.8,0.05,5.0,0.8
low_cost_plus_urine_micro_model,xgboost,none,2,0,160,40,15,0.990525641025641,0.5987978577613831,2.984,,,2,,,,0.8,0.1,5.0,0.8
low_cost_plus_urine_micro_model,xgboost,none,2,1,160,40,15,0.9874652014652013,0.6928399205207825,2.977,,,3,,,,0.8,0.05,5.0,0.8
low_cost_plus_urine_micro_model,xgboost,none,2,2,160,40,15,0.9945860805860806,0.681031346321106,2.92,,,2,,,,0.8,0.1,1.0,0.8
low_cost_plus_urine_micro_model,xgboost,none,2,3,160,40,15,0.9948690476190476,0.7494867444038391,2.732,,,2,,,,0.8,0.05,5.0,0.8
low_cost_plus_urine_micro_model,xgboost,none,2,4,160,40,15,0.9857481684981686,0.7448663115501404,2.886,,,3,,,,0.8,0.05,5.0,0.8
low_cost_plus_urine_micro_model,xgboost,none,3,0,160,40,15,0.9880311355311355,0.7422007322311401,2.88,,,2,,,,0.8,0.05,1.0,0.8
low_cost_plus_urine_micro_model,xgboost,none,3,1,160,40,15,0.9855054945054945,0.729671061038971,2.741,,,3,,,,0.8,0.05,5.0,0.8
low_cost_plus_urine_micro_model,xgboost,none,3,2,160,40,15,0.9807179487179487,0.6554727554321289,2.917,,,2,,,,0.8,0.05,5.0,0.8
low_cost_plus_urine_micro_model,xgboost,none,3,3,160,40,15,0.993919413919414,0.6960968971252441,2.699,,,3,,,,0.8,0.1,1.0,0.8
low_cost_plus_urine_micro_model,xgboost,none,3,4,160,40,15,0.985959706959707,0.8258640766143799,2.749,,,2,,,,0.8,0.05,5.0,0.8
low_cost_plus_urine_micro_model,xgboost,none,4,0,160,40,15,0.9929697802197802,0.7229233980178833,2.74,,,2,,,,0.8,0.1,1.0,0.8
low_cost_plus_urine_micro_model,xgboost,none,4,1,160,40,15,0.9898287545787546,0.6663366556167603,2.761,,,3,,,,0.8,0.1,1.0,0.8
low_cost_plus_urine_micro_model,xgboost,none,4,2,160,40,15,0.9911822344322344,0.7144402861595154,2.789,,,3,,,,0.8,0.05,1.0,0.8
low_cost_plus_urine_micro_model,xgboost,none,4,3,160,40,15,0.9828901098901099,0.7362073063850403,2.708,,,2,,,,0.8,0.05,5.0,0.8
low_cost_plus_urine_micro_model,xgboost,none,4,4,160,40,15,0.9893745421245421,0.7498730421066284,2.783,,,2,,,,0.8,0.05,5.0,0.8
low_cost_plus_urine_micro_model,xgboost,sigmoid,0,0,160,40,15,0.9848992673992674,0.7921336081012419,4.154,,,2,,,,0.8,0.05,1.0,0.8
low_cost_plus_urine_micro_model,xgboost,sigmoid,0,1,160,40,15,0.9868287545787546,0.8146789430014038,4.213,,,2,,,,0.8,0.05,5.0,0.8
low_cost_plus_urine_micro_model,xgboost,sigmoid,0,2,160,40,15,0.9843232600732601,0.7470354900635093,3.987,,,2,,,,0.8,0.05,1.0,0.8
low_cost_plus_urine_micro_model,xgboost,sigmoid,0,3,160,40,15,0.9808598901098902,0.6359382500583304,4.164,,,3,,,,0.8,0.05,1.0,0.8
low_cost_plus_urine_micro_model,xgboost,sigmoid,0,4,160,40,15,0.9919395604395604,0.7880846805615969,4.024,,,2,,,,0.8,0.05,5.0,0.8
low_cost_plus_urine_micro_model,xgboost,sigmoid,1,0,160,40,15,0.9869505494505495,0.7214426882725574,3.984,,,2,,,,0.8,0.05,1.0,0.8
low_cost_plus_urine_micro_model,xgboost,sigmoid,1,1,160,40,15,0.9767683150183151,0.8479906985918262,4.096,,,2,,,,0.8,0.05,5.0,0.8
low_cost_plus_urine_micro_model,xgboost,sigmoid,1,2,160,40,15,0.9934752747252746,0.7465001321861879,4.077,,,3,,,,0.8,0.1,1.0,0.8
low_cost_plus_urine_micro_model,xgboost,sigmoid,1,3,160,40,15,0.9898891941391942,0.7998672225857225,4.127,,,3,,,,0.8,0.1,1.0,0.8
low_cost_plus_urine_micro_model,xgboost,sigmoid,1,4,160,40,15,0.9876373626373627,0.517443009901787,4.399,,,3,,,,0.8,0.05,5.0,0.8
low_cost_plus_urine_micro_model,xgboost,sigmoid,2,0,160,40,15,0.990525641025641,0.6296654520551666,4.037,,,2,,,,0.8,0.1,5.0,0.8
low_cost_plus_urine_micro_model,xgboost,sigmoid,2,1,160,40,15,0.9874652014652013,0.7709908005415327,4.19,,,3,,,,0.8,0.05,5.0,0.8
low_cost_plus_urine_micro_model,xgboost,sigmoid,2,2,160,40,15,0.9945860805860806,0.7191106444276061,4.075,,,2,,,,0.8,0.1,1.0,0.8
low_cost_plus_urine_micro_model,xgboost,sigmoid,2,3,160,40,15,0.9948690476190476,0.8165964145197889,4.002,,,2,,,,0.8,0.05,5.0,0.8
low_cost_plus_urine_micro_model,xgboost,sigmoid,2,4,160,40,15,0.9857481684981686,0.7787832363727334,4.266,,,3,,,,0.8,0.05,5.0,0.8
low_cost_plus_urine_micro_model,xgboost,sigmoid,3,0,160,40,15,0.9880311355311355,0.7853947137361725,4.116,,,2,,,,0.8,0.05,1.0,0.8
low_cost_plus_urine_micro_model,xgboost,sigmoid,3,1,160,40,15,0.9855054945054945,0.7842314687098244,4.106,,,3,,,,0.8,0.05,5.0,0.8
low_cost_plus_urine_micro_model,xgboost,sigmoid,3,2,160,40,15,0.9807179487179487,0.7131215929417687,4.313,,,2,,,,0.8,0.05,5.0,0.8
low_cost_plus_urine_micro_model,xgboost,sigmoid,3,3,160,40,15,0.993919413919414,0.7206973681728296,4.064,,,3,,,,0.8,0.1,1.0,0.8
low_cost_plus_urine_micro_model,xgboost,sigmoid,3,4,160,40,15,0.985959706959707,0.8770560686058326,4.115,,,2,,,,0.8,0.05,5.0,0.8
low_cost_plus_urine_micro_model,xgboost,sigmoid,4,0,160,40,15,0.9929697802197802,0.8087309178826917,4.073,,,2,,,,0.8,0.1,1.0,0.8
low_cost_plus_urine_micro_model,xgboost,sigmoid,4,1,160,40,15,0.9898287545787546,0.6478361099075995,4.053,,,3,,,,0.8,0.1,1.0,0.8
low_cost_plus_urine_micro_model,xgboost,sigmoid,4,2,160,40,15,0.9911822344322344,0.7638749830640588,4.217,,,3,,,,0.8,0.05,1.0,0.8
low_cost_plus_urine_micro_model,xgboost,sigmoid,4,3,160,40,15,0.9828901098901099,0.8530194285408882,3.958,,,2,,,,0.8,0.05,5.0,0.8
low_cost_plus_urine_micro_model,xgboost,sigmoid,4,4,160,40,15,0.9893745421245421,0.83849034954245,3.963,,,2,,,,0.8,0.05,5.0,0.8
low_cost_plus_urine_micro_model,xgboost,isotonic,0,0,160,40,15,0.9848992673992674,0.9137825816869736,4.077,,,2,,,,0.8,0.05,1.0,0.8
low_cost_plus_urine_micro_model,xgboost,isotonic,0,1,160,40,15,0.9868287545787546,0.9657159149646759,4.087,,,2,,,,0.8,0.05,5.0,0.8
low_cost_plus_urine_micro_model,xgboost,isotonic,0,2,160,40,15,0.9843232600732601,0.8454860374331474,3.99,,,2,,,,0.8,0.05,1.0,0.8
low_cost_plus_urine_micro_model,xgboost,isotonic,0,3,160,40,15,0.9808598901098902,0.6900714598596096,4.073,,,3,,,,0.8,0.05,1.0,0.8
low_cost_plus_urine_micro_model,xgboost,isotonic,0,4,160,40,15,0.9919395604395604,0.9824694395065308,4.123,,,2,,,,0.8,0.05,5.0,0.8
low_cost_plus_urine_micro_model,xgboost,isotonic,1,0,160,40,15,0.9869505494505495,0.842827171087265,4.028,,,2,,,,0.8,0.05,1.0,0.8
low_cost_plus_urine_micro_model,xgboost,isotonic,1,1,160,40,15,0.9767683150183151,0.977837324142456,4.123,,,2,,,,0.8,0.05,5.0,0.8
low_cost_plus_urine_micro_model,xgboost,isotonic,1,2,160,40,15,0.9934752747252746,0.8247210830450058,4.171,,,3,,,,0.8,0.1,1.0,0.8
low_cost_plus_urine_micro_model,xgboost,isotonic,1,3,160,40,15,0.9898891941391942,0.840872660279274,3.984,,,3,,,,0.8,0.1,1.0,0.8
low_cost_plus_urine_micro_model,xgboost,isotonic,1,4,160,40,15,0.9876373626373627,0.5833333358168602,4.211,,,3,,,,0.8,0.05,5.0,0.8
low_cost_plus_urine_micro_model,xgboost,isotonic,2,0,160,40,15,0.990525641025641,0.7040641158819199,3.944,,,2,,,,0.8,0.1,5.0,0.8
low_cost_plus_urine_micro_model,xgboost,isotonic,2,1,160,40,15,0.9874652014652013,0.8885811865329742,4.136,,,3,,,,0.8,0.05,5.0,0.8
low_cost_plus_urine_micro_model,xgboost,isotonic,2,2,160,40,15,0.9945860805860806,0.8688620179891586,4.037,,,2,,,,0.8,0.1,1.0,0.8
low_cost_plus_urine_micro_model,xgboost,isotonic,2,3,160,40,15,0.9948690476190476,0.9555912464857101,4.063,,,2,,,,0.8,0.05,5.0,0.8
low_cost_plus_urine_micro_model,xgboost,isotonic,2,4,160,40,15,0.9857481684981686,0.9964901357889175,4.251,,,3,,,,0.8,0.05,5.0,0.8
low_cost_plus_urine_micro_model,xgboost,isotonic,3,0,160,40,15,0.9880311355311355,0.8617129027843475,4.015,,,2,,,,0.8,0.05,1.0,0.8
low_cost_plus_urine_micro_model,xgboost,isotonic,3,1,160,40,15,0.9855054945054945,0.875,4.197,,,3,,,,0.8,0.05,5.0,0.8
low_cost_plus_urine_micro_model,xgboost,isotonic,3,2,160,40,15,0.9807179487179487,0.8510242253541946,4.077,,,2,,,,0.8,0.05,5.0,0.8
low_cost_plus_urine_micro_model,xgboost,isotonic,3,3,160,40,15,0.993919413919414,0.783748060464859,4.077,,,3,,,,0.8,0.1,1.0,0.8
low_cost_plus_urine_micro_model,xgboost,isotonic,3,4,160,40,15,0.985959706959707,0.9879816025495529,4.35,,,2,,,,0.8,0.05,5.0,0.8
low_cost_plus_urine_micro_model,xgboost,isotonic,4,0,160,40,15,0.9929697802197802,0.8126327246427536,4.033,,,2,,,,0.8,0.1,1.0,0.8
low_cost_plus_urine_micro_model,xgboost,isotonic,4,1,160,40,15,0.9898287545787546,0.7167549878358841,4.114,,,3,,,,0.8,0.1,1.0,0.8
low_cost_plus_urine_micro_model,xgboost,isotonic,4,2,160,40,15,0.9911822344322344,0.8801200240850449,4.08,,,3,,,,0.8,0.05,1.0,0.8
low_cost_plus_urine_micro_model,xgboost,isotonic,4,3,160,40,15,0.9828901098901099,0.9999999701976776,4.03,,,2,,,,0.8,0.05,5.0,0.8
low_cost_plus_urine_micro_model,xgboost,isotonic,4,4,160,40,15,0.9893745421245421,0.9322301000356674,4.235,,,2,,,,0.8,0.05,5.0,0.8
low_cost_plus_urine_micro_model,ebm,none,0,0,160,40,15,0.9906062271062271,0.9600795597613483,38.272,,,,,,,,0.01,,
low_cost_plus_urine_micro_model,ebm,none,0,1,160,40,15,0.9860815018315018,0.9367851355065224,39.585,,,,,,,,0.01,,
low_cost_plus_urine_micro_model,ebm,none,0,2,160,40,15,0.9996565934065934,0.994494338119653,47.506,,,,,,,,0.05,,
low_cost_plus_urine_micro_model,ebm,none,0,3,160,40,15,0.9812435897435898,0.7362151396755834,47.543,,,,,,,,0.01,,
low_cost_plus_urine_micro_model,ebm,none,0,4,160,40,15,0.9905659340659341,0.9987650325101647,32.222,,,,,,,,0.05,,
low_cost_plus_urine_micro_model,ebm,none,1,0,160,40,15,0.9903846153846154,0.9974523053275282,38.131,,,,,,,,0.05,,
low_cost_plus_urine_micro_model,ebm,none,1,1,160,40,15,0.9827078754578755,0.9976864364301823,28.245,,,,,,,,0.05,,
low_cost_plus_urine_micro_model,ebm,none,1,2,160,40,15,0.9927884615384615,0.9959472593218289,34.789,,,,,,,,0.05,,
low_cost_plus_urine_micro_model,ebm,none,1,3,160,40,15,0.9907884615384616,0.880678009657333,47.197,,,,,,,,0.01,,
low_cost_plus_urine_micro_model,ebm,none,1,4,160,40,15,0.9951923076923077,0.9579016994396414,38.647,,,,,,,,0.05,,
low_cost_plus_urine_micro_model,ebm,none,2,0,160,40,15,0.9884249084249085,0.9709090974915092,26.314,,,,,,,,0.05,,
low_cost_plus_urine_micro_model,ebm,none,2,1,160,40,15,0.9888388278388279,0.9923699560901309,34.626,,,,,,,,0.05,,
low_cost_plus_urine_micro_model,ebm,none,2,2,160,40,15,0.9917783882783884,0.9988231474086652,45.878,,,,,,,,0.05,,
low_cost_plus_urine_micro_model,ebm,none,2,3,160,40,15,0.998,0.9704246621081851,61.548,,,,,,,,0.01,,
low_cost_plus_urine_micro_model,ebm,none,2,4,160,40,15,0.9859908424908425,0.9484493170376569,45.228,,,,,,,,0.01,,
low_cost_plus_urine_micro_model,ebm,none,3,0,160,40,15,0.9883543956043956,0.9978619929186612,42.091,,,,,,,,0.05,,
low_cost_plus_urine_micro_model,ebm,none,3,1,160,40,15,0.9912930402930403,0.9872387631018492,32.424,,,,,,,,0.05,,
low_cost_plus_urine_micro_model,ebm,none,3,2,160,40,15,0.981051282051282,0.9873116357947719,27.468,,,,,,,,0.05,,
low_cost_plus_urine_micro_model,ebm,none,3,3,160,40,15,0.996,0.9989624203948592,49.543,,,,,,,,0.05,,
low_cost_plus_urine_micro_model,ebm,none,3,4,160,40,15,0.990919413919414,0.9922472599105449,32.663,,,,,,,,0.05,,
low_cost_plus_urine_micro_model,ebm,none,4,0,160,40,15,0.9880412087912087,0.983647361436107,34.079,,,,,,,,0.05,,
low_cost_plus_urine_micro_model,ebm,none,4,1,160,40,15,0.9871620879120879,0.8754108592364848,42.111,,,,,,,,0.01,,
low_cost_plus_urine_micro_model,ebm,none,4,2,160,40,15,0.989445054945055,0.9956702063670935,37.414,,,,,,,,0.05,,
low_cost_plus_urine_micro_model,ebm,none,4,3,160,40,15,0.9855769230769231,0.9946865052949431,33.927,,,,,,,,0.05,,
low_cost_plus_urine_micro_model,ebm,none,4,4,160,40,15,0.9866071428571429,0.9892321073008993,53.887,,,,,,,,0.05,,
low_cost_plus_urine_micro_model,ebm,sigmoid,0,0,160,40,15,0.9906062271062271,0.6283986870327676,115.677,,,,,,,,0.01,,
low_cost_plus_urine_micro_model,ebm,sigmoid,0,1,160,40,15,0.9860815018315018,0.5984390650591337,109.991,,,,,,,,0.01,,
low_cost_plus_urine_micro_model,ebm,sigmoid,0,2,160,40,15,0.9996565934065934,0.6038322269934498,81.733,,,,,,,,0.05,,
low_cost_plus_urine_micro_model,ebm,sigmoid,0,3,160,40,15,0.9812435897435898,0.49641442703713584,115.59,,,,,,,,0.01,,
low_cost_plus_urine_micro_model,ebm,sigmoid,0,4,160,40,15,0.9905659340659341,0.6725285094932703,43.047,,,,,,,,0.05,,
low_cost_plus_urine_micro_model,ebm,sigmoid,1,0,160,40,15,0.9903846153846154,0.645510355221243,92.418,,,,,,,,0.05,,
low_cost_plus_urine_micro_model,ebm,sigmoid,1,1,160,40,15,0.9827078754578755,0.6351719037661979,77.431,,,,,,,,0.05,,
low_cost_plus_urine_micro_model,ebm,sigmoid,1,2,160,40,15,0.9927884615384615,0.5792887850408873,66.02,,,,,,,,0.05,,
low_cost_plus_urine_micro_model,ebm,sigmoid,1,3,160,40,15,0.9907884615384616,0.5759385830739692,99.166,,,,,,,,0.01,,
low_cost_plus_urine_micro_model,ebm,sigmoid,1,4,160,40,15,0.9951923076923077,0.5389600958837872,80.828,,,,,,,,0.05,,
low_cost_plus_urine_micro_model,ebm,sigmoid,2,0,160,40,15,0.9884249084249085,0.53877255514155,71.535,,,,,,,,0.05,,
low_cost_plus_urine_micro_model,ebm,sigmoid,2,1,160,40,15,0.9888388278388279,0.6250035975526442,67.763,,,,,,,,0.05,,
low_cost_plus_urine_micro_model,ebm,sigmoid,2,2,160,40,15,0.9917783882783884,0.6224727306165996,82.097,,,,,,,,0.05,,
low_cost_plus_urine_micro_model,ebm,sigmoid,2,3,160,40,15,0.998,0.6136843128531243,109.945,,,,,,,,0.01,,
low_cost_plus_urine_micro_model,ebm,sigmoid,2,4,160,40,15,0.9859908424908425,0.6287641087108476,103.616,,,,,,,,0.01,,
low_cost_plus_urine_micro_model,ebm,sigmoid,3,0,160,40,15,0.9883543956043956,0.6376287198137017,80.595,,,,,,,,0.05,,
low_cost_plus_urine_micro_model,ebm,sigmoid,3,1,160,40,15,0.9912930402930403,0.6208387489199153,72.988,,,,,,,,0.05,,
low_cost_plus_urine_micro_model,ebm,sigmoid,3,2,160,40,15,0.981051282051282,0.6390521272734718,58.698,,,,,,,,0.05,,
low_cost_plus_urine_micro_model,ebm,sigmoid,3,3,160,40,15,0.996,0.5982788426176421,75.924,,,,,,,,0.05,,
low_cost_plus_urine_micro_model,ebm,sigmoid,3,4,160,40,15,0.990919413919414,0.6684321931694617,65.183,,,,,,,,0.05,,
low_cost_plus_urine_micro_model,ebm,sigmoid,4,0,160,40,15,0.9880412087912087,0.5703511793754358,75.123,,,,,,,,0.05,,
low_cost_plus_urine_micro_model,ebm,sigmoid,4,1,160,40,15,0.9871620879120879,0.5501319289506204,121.365,,,,,,,,0.01,,
low_cost_plus_urine_micro_model,ebm,sigmoid,4,2,160,40,15,0.989445054945055,0.6203351033372267,56.703,,,,,,,,0.05,,
low_cost_plus_urine_micro_model,ebm,sigmoid,4,3,160,40,15,0.9855769230769231,0.5996957030114863,61.179,,,,,,,,0.05,,
low_cost_plus_urine_micro_model,ebm,sigmoid,4,4,160,40,15,0.9866071428571429,0.6411059182049799,82.83,,,,,,,,0.05,,
low_cost_plus_urine_micro_model,ebm,isotonic,0,0,160,40,15,0.9906062271062271,0.8656337308342921,120.285,,,,,,,,0.01,,
low_cost_plus_urine_micro_model,ebm,isotonic,0,1,160,40,15,0.9860815018315018,0.8621725212541188,105.678,,,,,,,,0.01,,
low_cost_plus_urine_micro_model,ebm,isotonic,0,2,160,40,15,0.9996565934065934,0.9455618414626263,82.437,,,,,,,,0.05,,
low_cost_plus_urine_micro_model,ebm,isotonic,0,3,160,40,15,0.9812435897435898,0.6920260316503946,107.403,,,,,,,,0.01,,
low_cost_plus_urine_micro_model,ebm,isotonic,0,4,160,40,15,0.9905659340659341,0.989713466312297,34.128,,,,,,,,0.05,,
low_cost_plus_urine_micro_model,ebm,isotonic,1,0,160,40,15,0.9903846153846154,0.9298996240667391,91.962,,,,,,,,0.05,,
low_cost_plus_urine_micro_model,ebm,isotonic,1,1,160,40,15,0.9827078754578755,0.9018015022708405,74.796,,,,,,,,0.05,,
low_cost_plus_urine_micro_model,ebm,isotonic,1,2,160,40,15,0.9927884615384615,0.875,59.908,,,,,,,,0.05,,
low_cost_plus_urine_micro_model,ebm,isotonic,1,3,160,40,15,0.9907884615384616,0.7310617476757046,107.247,,,,,,,,0.01,,
low_cost_plus_urine_micro_model,ebm,isotonic,1,4,160,40,15,0.9951923076923077,0.7925160539550484,67.718,,,,,,,,0.05,,
low_cost_plus_urine_micro_model,ebm,isotonic,2,0,160,40,15,0.9884249084249085,0.755110025297895,64.837,,,,,,,,0.05,,
low_cost_plus_urine_micro_model,ebm,isotonic,2,1,160,40,15,0.9888388278388279,0.8839107847045813,62.033,,,,,,,,0.05,,
low_cost_plus_urine_micro_model,ebm,isotonic,2,2,160,40,15,0.9917783882783884,0.8944509924942058,84.426,,,,,,,,0.05,,
low_cost_plus_urine_micro_model,ebm,isotonic,2,3,160,40,15,0.998,0.9166666666666666,94.391,,,,,,,,0.01,,
low_cost_plus_urine_micro_model,ebm,isotonic,2,4,160,40,15,0.9859908424908425,0.875,50.799,,,,,,,,0.01,,
low_cost_plus_urine_micro_model,ebm,isotonic,3,0,160,40,15,0.9883543956043956,0.8333333333333333,69.577,,,,,,,,0.05,,
low_cost_plus_urine_micro_model,ebm,isotonic,3,1,160,40,15,0.9912930402930403,0.875,59.636,,,,,,,,0.05,,
low_cost_plus_urine_micro_model,ebm,isotonic,3,2,160,40,15,0.981051282051282,0.8499321918780711,57.896,,,,,,,,0.05,,
low_cost_plus_urine_micro_model,ebm,isotonic,3,3,160,40,15,0.996,0.9484574606825278,77.433,,,,,,,,0.05,,
low_cost_plus_urine_micro_model,ebm,isotonic,3,4,160,40,15,0.990919413919414,0.9802144274706934,37.964,,,,,,,,0.05,,
low_cost_plus_urine_micro_model,ebm,isotonic,4,0,160,40,15,0.9880412087912087,0.8900893075032928,63.4,,,,,,,,0.05,,
low_cost_plus_urine_micro_model,ebm,isotonic,4,1,160,40,15,0.9871620879120879,0.85,107.038,,,,,,,,0.01,,
low_cost_plus_urine_micro_model,ebm,isotonic,4,2,160,40,15,0.989445054945055,0.8796332042166276,62.818,,,,,,,,0.05,,
low_cost_plus_urine_micro_model,ebm,isotonic,4,3,160,40,15,0.9855769230769231,0.9330603514082805,45.149,,,,,,,,0.05,,
low_cost_plus_urine_micro_model,ebm,isotonic,4,4,160,40,15,0.9866071428571429,0.9309081341353903,40.144,,,,,,,,0.05,,
