config,model,calibration,repeat,fold,n_train,n_test,n_features,inner_best_score,screening_threshold,fit_seconds,param_clf__C,param_clf__class_weight,param_clf__gamma,param_clf__max_depth,param_clf__max_features,param_clf__min_samples_leaf
low_cost_model,svm,none,0,0,160,40,11,0.9946465201465201,0.8280896884247126,1.632,1.0,None,0.01,,,
low_cost_model,svm,none,0,1,160,40,11,0.9962225274725275,0.9142446443934024,1.157,10.0,balanced,0.01,,,
low_cost_model,svm,none,0,2,160,40,11,0.9915961538461538,0.9362291787771645,1.107,10.0,None,0.01,,,
low_cost_model,svm,none,0,3,160,40,11,0.9982930402930403,0.684805341073268,1.089,10.0,None,0.01,,,
low_cost_model,svm,none,0,4,160,40,11,0.9986465201465201,0.9758144514118875,1.123,10.0,None,scale,,,
low_cost_model,svm,none,1,0,160,40,11,0.9945054945054945,0.9010821059690267,1.664,10.0,balanced,0.01,,,
low_cost_model,svm,none,1,1,160,40,11,0.9948489010989011,0.9685450490498498,1.307,1.0,None,scale,,,
low_cost_model,svm,none,1,2,160,40,11,0.9934752747252747,0.9280550788968581,1.268,10.0,balanced,scale,,,
low_cost_model,svm,none,1,3,160,40,11,0.9934752747252747,0.9751348876542562,1.399,10.0,balanced,scale,,,
low_cost_model,svm,none,1,4,160,40,11,0.992445054945055,0.7639624495307521,1.335,1.0,None,0.01,,,
low_cost_model,svm,none,2,0,160,40,11,0.9896978021978022,0.7370056548606634,1.54,10.0,balanced,0.01,,,
low_cost_model,svm,none,2,1,160,40,11,0.993,0.9737051117385169,1.306,10.0,None,scale,,,
low_cost_model,svm,none,2,2,160,40,11,0.9986263736263736,0.9520905838696142,1.293,10.0,None,scale,,,
low_cost_model,svm,none,2,3,160,40,11,0.9973333333333334,0.9643517158104719,1.412,10.0,None,scale,,,
low_cost_model,svm,none,2,4,160,40,11,0.9915860805860806,0.9553693131793959,1.435,10.0,balanced,scale,,,
low_cost_model,svm,none,3,0,160,40,11,0.9912225274725275,0.9704509123753159,1.638,10.0,balanced,scale,,,
low_cost_model,svm,none,3,1,160,40,11,0.9966062271062271,0.8496299495264803,1.232,10.0,None,0.01,,,
low_cost_model,svm,none,3,2,160,40,11,0.9890512820512821,0.9415134034191524,1.231,1.0,balanced,scale,,,
low_cost_model,svm,none,3,3,160,40,11,0.9925659340659341,0.8857015927269889,1.198,10.0,balanced,0.01,,,
low_cost_model,svm,none,3,4,160,40,11,0.9936666666666667,0.9022246632532708,1.252,10.0,None,0.01,,,
low_cost_model,svm,none,4,0,160,40,11,0.9956163003663003,0.9424728604544307,1.53,10.0,None,scale,,,
low_cost_model,svm,none,4,1,160,40,11,0.9952628205128206,0.9227214151535483,1.187,10.0,balanced,scale,,,
low_cost_model,svm,none,4,2,160,40,11,0.9901520146520146,0.879165943935085,1.131,10.0,balanced,0.01,,,
low_cost_model,svm,none,4,3,160,40,11,0.9958791208791209,0.9547324563035522,1.119,1.0,None,scale,,,
low_cost_model,svm,none,4,4,160,40,11,0.9948489010989011,0.9737596711744838,1.112,10.0,balanced,scale,,,
low_cost_model,svm,none,5,0,160,40,11,0.998282967032967,0.955999683123644,1.432,10.0,balanced,0.01,,,
low_cost_model,svm,none,5,1,160,40,11,0.9972527472527473,0.9603817052575195,1.275,10.0,balanced,scale,,,
low_cost_model,svm,none,5,2,160,40,11,0.9958791208791209,0.9399963313078439,1.304,10.0,balanced,scale,,,
low_cost_model,svm,none,5,3,160,40,11,0.9945054945054945,0.9677787736869015,1.384,1.0,balanced,scale,,,
low_cost_model,svm,none,5,4,160,40,11,0.9934954212454212,0.97577510635924,1.342,10.0,balanced,scale,,,
low_cost_model,svm,none,6,0,160,40,11,0.9906666666666667,0.9123035905638512,1.432,10.0,balanced,0.01,,,
low_cost_model,svm,none,6,1,160,40,11,0.992445054945055,0.9676479756870365,1.212,10.0,balanced,scale,,,
low_cost_model,svm,none,6,2,160,40,11,0.9993131868131868,0.9565745891682349,1.203,10.0,balanced,scale,,,
low_cost_model,svm,none,6,3,160,40,11,0.9896978021978022,0.8645056858573366,1.189,1.0,balanced,0.01,,,
low_cost_model,svm,none,6,4,160,40,11,0.9972527472527473,0.9615812076391334,1.266,10.0,None,scale,,,
low_cost_model,svm,none,7,0,160,40,11,0.993,0.9663620784864488,1.527,10.0,None,scale,,,
low_cost_model,svm,none,7,1,160,40,11,0.9914551282051283,0.9211503712841568,1.22,10.0,balanced,scale,,,
low_cost_model,svm,none,7,2,160,40,11,0.9986666666666667,0.9540745285227973,1.209,10.0,balanced,scale,,,
low_cost_model,svm,none,7,3,160,40,11,0.9876373626373627,0.8344659869200087,1.191,1.0,None,0.01,,,
low_cost_model,svm,none,7,4,160,40,11,0.9962225274725274,0.9698391979013774,1.206,10.0,balanced,scale,,,
low_cost_model,svm,none,8,0,160,40,11,0.9952326007326008,0.9742998637802865,1.475,10.0,balanced,scale,,,
low_cost_model,svm,none,8,1,160,40,11,0.9899798534798535,0.895995002107589,1.244,10.0,balanced,0.01,,,
low_cost_model,svm,none,8,2,160,40,11,0.9975961538461539,0.8117785347588509,1.119,10.0,None,0.01,,,
low_cost_model,svm,none,8,3,160,40,11,0.9965659340659341,0.9160568209294752,1.132,10.0,balanced,0.01,,,
low_cost_model,svm,none,8,4,160,40,11,0.9948489010989011,0.9456029528866546,1.137,10.0,balanced,scale,,,
low_cost_model,svm,none,9,0,160,40,11,0.9919496336996336,0.9429023841571758,1.582,10.0,None,scale,,,
low_cost_model,svm,none,9,1,160,40,11,0.9996565934065934,0.9692350836718907,1.34,1.0,balanced,scale,,,
low_cost_model,svm,none,9,2,160,40,11,0.9941620879120879,0.9620838342930784,1.294,10.0,None,scale,,,
low_cost_model,svm,none,9,3,160,40,11,0.9958992673992675,0.7993354455630751,1.4,10.0,None,0.01,,,
low_cost_model,svm,none,9,4,160,40,11,0.9956163003663003,0.9652585374610596,1.262,10.0,balanced,scale,,,
low_cost_model,svm,none,10,0,160,40,11,0.9935558608058608,0.826853438634922,1.443,10.0,balanced,0.01,,,
low_cost_model,svm,none,10,1,160,40,11,0.9946666666666667,0.9408776971364737,1.229,0.1,balanced,scale,,,
low_cost_model,svm,none,10,2,160,40,11,0.9936666666666667,0.894067890592615,1.224,10.0,None,0.01,,,
low_cost_model,svm,none,10,3,160,40,11,0.999,0.9610814652677259,1.161,10.0,None,scale,,,
low_cost_model,svm,none,10,4,160,40,11,0.9941620879120879,0.9487920874823793,1.233,10.0,balanced,scale,,,
low_cost_model,svm,none,11,0,160,40,11,0.9942124542124542,0.9649844832254473,1.542,10.0,None,scale,,,
low_cost_model,svm,none,11,1,160,40,11,0.9927884615384615,0.9489013992084365,1.143,1.0,balanced,scale,,,
low_cost_model,svm,none,11,2,160,40,11,0.9969093406593407,0.9530976363307723,1.082,1.0,None,scale,,,
low_cost_model,svm,none,11,3,160,40,11,0.9975961538461539,0.9758396527493032,1.14,10.0,None,scale,,,
low_cost_model,svm,none,11,4,160,40,11,0.9914148351648352,0.9503812491343765,1.127,10.0,None,scale,,,
low_cost_model,svm,none,12,0,160,40,11,0.9913333333333334,0.9578419726728119,1.366,10.0,None,scale,,,
low_cost_model,svm,none,12,1,160,40,11,0.9933333333333334,0.8177818187954786,1.566,1.0,balanced,0.01,,,
low_cost_model,svm,none,12,2,160,40,11,0.9906565934065934,0.969089235098941,1.719,10.0,None,scale,,,
low_cost_model,svm,none,12,3,160,40,11,0.9972527472527473,0.9366856513252743,1.735,10.0,None,0.01,,,
low_cost_model,svm,none,12,4,160,40,11,0.9962628205128206,0.9764079160330724,1.662,10.0,balanced,scale,,,
low_cost_model,svm,none,13,0,160,40,11,0.9948992673992674,0.9193703246933149,1.113,10.0,None,0.01,,,
low_cost_model,svm,none,13,1,160,40,11,0.993606227106227,0.9581392973981093,1.196,10.0,balanced,scale,,,
low_cost_model,svm,none,13,2,160,40,11,0.994,0.8824801446807558,1.223,1.0,balanced,0.01,,,
low_cost_model,svm,none,13,3,160,40,11,0.9941620879120879,0.9658285399394463,1.133,10.0,balanced,scale,,,
low_cost_model,svm,none,13,4,160,40,11,0.9948690476190476,0.9187770491745677,1.151,10.0,None,0.01,,,
low_cost_model,svm,none,14,0,160,40,11,0.9942527472527473,0.946509215009764,1.145,10.0,None,scale,,,
low_cost_model,svm,none,14,1,160,40,11,0.9934752747252747,0.9555289508750414,1.153,1.0,balanced,scale,,,
low_cost_model,svm,none,14,2,160,40,11,0.993919413919414,0.7779144446181134,1.217,10.0,balanced,0.01,,,
low_cost_model,svm,none,14,3,160,40,11,0.9935860805860806,0.9594621160058502,1.13,10.0,balanced,scale,,,
low_cost_model,svm,none,14,4,160,40,11,0.9976364468864469,0.9702242391335713,1.119,10.0,None,scale,,,
low_cost_model,svm,none,15,0,160,40,11,0.994919413919414,0.9383247053491531,1.15,10.0,None,scale,,,
low_cost_model,svm,none,15,1,160,40,11,0.9966666666666667,0.8489340422838476,1.234,10.0,balanced,0.01,,,
low_cost_model,svm,none,15,2,160,40,11,0.994919413919414,0.9657778137793046,1.18,10.0,balanced,scale,,,
low_cost_model,svm,none,15,3,160,40,11,0.9912728937728938,0.9683397989150706,1.118,10.0,balanced,scale,,,
low_cost_model,svm,none,15,4,160,40,11,0.9983031135531135,0.9656353742570741,1.223,10.0,None,scale,,,
low_cost_model,svm,none,16,0,160,40,11,0.9969999999999999,0.968654743258458,1.208,10.0,balanced,scale,,,
low_cost_model,svm,none,16,1,160,40,11,0.9934954212454212,0.9427138639586414,1.282,10.0,balanced,scale,,,
low_cost_model,svm,none,16,2,160,40,11,0.9962225274725275,0.9236984419645665,1.203,10.0,balanced,0.01,,,
low_cost_model,svm,none,16,3,160,40,11,0.9938186813186813,0.926697252067255,1.124,10.0,balanced,0.01,,,
low_cost_model,svm,none,16,4,160,40,11,0.9951923076923077,0.9704478404139542,1.304,10.0,None,scale,,,
low_cost_model,svm,none,17,0,160,40,11,0.9949395604395604,0.9674551116623848,1.223,10.0,None,scale,,,
low_cost_model,svm,none,17,1,160,40,11,0.9931318681318682,0.9628120133142947,1.225,10.0,None,scale,,,
low_cost_model,svm,none,17,2,160,40,11,1.0,0.9582395189646072,1.166,0.1,balanced,scale,,,
low_cost_model,svm,none,17,3,160,40,11,0.9927884615384615,0.924588225512181,1.147,10.0,balanced,scale,,,
low_cost_model,svm,none,17,4,160,40,11,0.990242673992674,0.9142324913882763,1.254,10.0,None,0.01,,,
low_cost_model,svm,none,18,0,160,40,11,0.9948489010989011,0.956850012581722,1.191,10.0,balanced,scale,,,
low_cost_model,svm,none,18,1,160,40,11,0.9926666666666666,0.9670348531490398,1.389,10.0,balanced,scale,,,
low_cost_model,svm,none,18,2,160,40,11,0.9972527472527473,0.9696836788146228,1.149,10.0,balanced,scale,,,
low_cost_model,svm,none,18,3,160,40,11,0.9969093406593407,0.9209784203073965,1.153,10.0,None,0.01,,,
low_cost_model,svm,none,18,4,160,40,11,0.993242673992674,0.9661424104953391,1.182,10.0,balanced,scale,,,
low_cost_model,svm,none,19,0,160,40,11,0.995202380952381,0.9650886219544519,1.169,10.0,balanced,scale,,,
low_cost_model,svm,none,19,1,160,40,11,0.9918489010989011,0.9577333473652934,1.537,10.0,None,scale,,,
low_cost_model,svm,none,19,2,160,40,11,0.9963333333333333,0.9704015512194573,1.742,10.0,balanced,scale,,,
low_cost_model,svm,none,19,3,160,40,11,0.9969093406593407,0.901888644284441,1.645,10.0,None,0.01,,,
low_cost_model,svm,none,19,4,160,40,11,0.9986263736263736,0.9623052236502098,1.646,10.0,None,scale,,,
low_cost_model,svm,sigmoid,0,0,160,40,11,0.9946465201465201,0.6201156687675413,2.233,1.0,None,0.01,,,
low_cost_model,svm,sigmoid,0,1,160,40,11,0.9962225274725275,0.7063933331018795,2.318,10.0,balanced,0.01,,,
low_cost_model,svm,sigmoid,0,2,160,40,11,0.9915961538461538,0.7512135266291959,2.238,10.0,None,0.01,,,
low_cost_model,svm,sigmoid,0,3,160,40,11,0.9982930402930403,0.5408152495656745,2.676,10.0,None,0.01,,,
low_cost_model,svm,sigmoid,0,4,160,40,11,0.9986465201465201,0.8879442810334395,2.573,10.0,None,scale,,,
low_cost_model,svm,sigmoid,1,0,160,40,11,0.9945054945054945,0.6729581646793834,1.981,10.0,balanced,0.01,,,
low_cost_model,svm,sigmoid,1,1,160,40,11,0.9948489010989011,0.8807350819202294,2.291,1.0,None,scale,,,
low_cost_model,svm,sigmoid,1,2,160,40,11,0.9934752747252747,0.8034229425638301,2.261,10.0,balanced,scale,,,
low_cost_model,svm,sigmoid,1,3,160,40,11,0.9934752747252747,0.8558923991998152,2.665,10.0,balanced,scale,,,
low_cost_model,svm,sigmoid,1,4,160,40,11,0.992445054945055,0.5906246451761601,2.713,1.0,None,0.01,,,
low_cost_model,svm,sigmoid,2,0,160,40,11,0.9896978021978022,0.5807118971753362,2.093,10.0,balanced,0.01,,,
low_cost_model,svm,sigmoid,2,1,160,40,11,0.993,0.8373258836961641,2.371,10.0,None,scale,,,
low_cost_model,svm,sigmoid,2,2,160,40,11,0.9986263736263736,0.8309901675135165,2.341,10.0,None,scale,,,
low_cost_model,svm,sigmoid,2,3,160,40,11,0.9973333333333334,0.8256544485462625,2.736,10.0,None,scale,,,
low_cost_model,svm,sigmoid,2,4,160,40,11,0.9915860805860806,0.8665052175592813,2.529,10.0,balanced,scale,,,
low_cost_model,svm,sigmoid,3,0,160,40,11,0.9912225274725275,0.885031027732158,1.85,10.0,balanced,scale,,,
low_cost_model,svm,sigmoid,3,1,160,40,11,0.9966062271062271,0.6877192075778236,1.537,10.0,None,0.01,,,
low_cost_model,svm,sigmoid,3,2,160,40,11,0.9890512820512821,0.8321175558292978,1.613,1.0,balanced,scale,,,
low_cost_model,svm,sigmoid,3,3,160,40,11,0.9925659340659341,0.6592207076462835,1.7,10.0,balanced,0.01,,,
low_cost_model,svm,sigmoid,3,4,160,40,11,0.9936666666666667,0.7179299384153041,1.643,10.0,None,0.01,,,
low_cost_model,svm,sigmoid,4,0,160,40,11,0.9956163003663003,0.8311395205385063,1.701,10.0,None,scale,,,
low_cost_model,svm,sigmoid,4,1,160,40,11,0.9952628205128206,0.8045153610620592,1.628,10.0,balanced,scale,,,
low_cost_model,svm,sigmoid,4,2,160,40,11,0.9901520146520146,0.6657083787534236,1.672,10.0,balanced,0.01,,,
low_cost_model,svm,sigmoid,4,3,160,40,11,0.9958791208791209,0.8360552287889954,1.662,1.0,None,scale,,,
low_cost_model,svm,sigmoid,4,4,160,40,11,0.9948489010989011,0.8749050973938968,1.623,10.0,balanced,scale,,,
low_cost_model,svm,sigmoid,5,0,160,40,11,0.998282967032967,0.7637691160233775,1.709,10.0,balanced,0.01,,,
low_cost_model,svm,sigmoid,5,1,160,40,11,0.9972527472527473,0.8569618374294437,1.615,10.0,balanced,scale,,,
low_cost_model,svm,sigmoid,5,2,160,40,11,0.9958791208791209,0.7654122039376869,1.685,10.0,balanced,scale,,,
low_cost_model,svm,sigmoid,5,3,160,40,11,0.9945054945054945,0.8599717288542484,1.636,1.0,balanced,scale,,,
low_cost_model,svm,sigmoid,5,4,160,40,11,0.9934954212454212,0.8134068032344026,1.627,10.0,balanced,scale,,,
low_cost_model,svm,sigmoid,6,0,160,40,11,0.9906666666666667,0.7035697962998201,1.646,10.0,balanced,0.01,,,
low_cost_model,svm,sigmoid,6,1,160,40,11,0.992445054945055,0.8221689027292811,2.396,10.0,balanced,scale,,,
low_cost_model,svm,sigmoid,6,2,160,40,11,0.9993131868131868,0.838528616753732,2.6,10.0,balanced,scale,,,
low_cost_model,svm,sigmoid,6,3,160,40,11,0.9896978021978022,0.6297589231928207,2.359,1.0,balanced,0.01,,,
low_cost_model,svm,sigmoid,6,4,160,40,11,0.9972527472527473,0.8461226643463953,1.839,10.0,None,scale,,,
low_cost_model,svm,sigmoid,7,0,160,40,11,0.993,0.8546249040294432,1.688,10.0,None,scale,,,
low_cost_model,svm,sigmoid,7,1,160,40,11,0.9914551282051283,0.798526480114946,1.841,10.0,balanced,scale,,,
low_cost_model,svm,sigmoid,7,2,160,40,11,0.9986666666666667,0.8323532050171486,1.932,10.0,balanced,scale,,,
low_cost_model,svm,sigmoid,7,3,160,40,11,0.9876373626373627,0.673043511400027,1.937,1.0,None,0.01,,,
low_cost_model,svm,sigmoid,7,4,160,40,11,0.9962225274725274,0.8444709538091124,1.802,10.0,balanced,scale,,,
low_cost_model,svm,sigmoid,8,0,160,40,11,0.9952326007326008,0.8738687452592302,1.664,10.0,balanced,scale,,,
low_cost_model,svm,sigmoid,8,1,160,40,11,0.9899798534798535,0.6711632650284064,1.848,10.0,balanced,0.01,,,
low_cost_model,svm,sigmoid,8,2,160,40,11,0.9975961538461539,0.5712470769858665,1.852,10.0,None,0.01,,,
low_cost_model,svm,sigmoid,8,3,160,40,11,0.9965659340659341,0.6878327260592316,1.906,10.0,balanced,0.01,,,
low_cost_model,svm,sigmoid,8,4,160,40,11,0.9948489010989011,0.8141351479150452,1.808,10.0,balanced,scale,,,
low_cost_model,svm,sigmoid,9,0,160,40,11,0.9919496336996336,0.8295834665716313,1.696,10.0,None,scale,,,
low_cost_model,svm,sigmoid,9,1,160,40,11,0.9996565934065934,0.8634009822364264,1.641,1.0,balanced,scale,,,
low_cost_model,svm,sigmoid,9,2,160,40,11,0.9941620879120879,0.8655877130632277,1.634,10.0,None,scale,,,
low_cost_model,svm,sigmoid,9,3,160,40,11,0.9958992673992675,0.6251066939446137,1.624,10.0,None,0.01,,,
low_cost_model,svm,sigmoid,9,4,160,40,11,0.9956163003663003,0.8509086114824681,1.634,10.0,balanced,scale,,,
low_cost_model,svm,sigmoid,10,0,160,40,11,0.9935558608058608,0.6306030120999904,2.792,10.0,balanced,0.01,,,
low_cost_model,svm,sigmoid,10,1,160,40,11,0.9946666666666667,0.8250221294481305,2.566,0.1,balanced,scale,,,
low_cost_model,svm,sigmoid,10,2,160,40,11,0.9936666666666667,0.6746249744593008,2.159,10.0,None,0.01,,,
low_cost_model,svm,sigmoid,10,3,160,40,11,0.999,0.814146997411493,1.99,10.0,None,scale,,,
low_cost_model,svm,sigmoid,10,4,160,40,11,0.9941620879120879,0.8447065752512765,1.913,10.0,balanced,scale,,,
low_cost_model,svm,sigmoid,11,0,160,40,11,0.9942124542124542,0.8525404669733281,2.879,10.0,None,scale,,,
low_cost_model,svm,sigmoid,11,1,160,40,11,0.9927884615384615,0.8272798175123586,2.222,1.0,balanced,scale,,,
low_cost_model,svm,sigmoid,11,2,160,40,11,0.9969093406593407,0.8400015713110104,1.798,1.0,None,scale,,,
low_cost_model,svm,sigmoid,11,3,160,40,11,0.9975961538461539,0.8769754409725172,1.888,10.0,None,scale,,,
low_cost_model,svm,sigmoid,11,4,160,40,11,0.9914148351648352,0.8285430693563789,1.931,10.0,None,scale,,,
low_cost_model,svm,sigmoid,12,0,160,40,11,0.9913333333333334,0.8695877306151913,1.604,10.0,None,scale,,,
low_cost_model,svm,sigmoid,12,1,160,40,11,0.9933333333333334,0.5676621609175402,1.667,1.0,balanced,0.01,,,
low_cost_model,svm,sigmoid,12,2,160,40,11,0.9906565934065934,0.8561175082046437,1.609,10.0,None,scale,,,
low_cost_model,svm,sigmoid,12,3,160,40,11,0.9972527472527473,0.7022784351072688,1.731,10.0,None,0.01,,,
low_cost_model,svm,sigmoid,12,4,160,40,11,0.9962628205128206,0.8387230542528047,1.914,10.0,balanced,scale,,,
low_cost_model,svm,sigmoid,13,0,160,40,11,0.9948992673992674,0.6850102177859112,2.233,10.0,None,0.01,,,
low_cost_model,svm,sigmoid,13,1,160,40,11,0.993606227106227,0.8135085107798664,1.602,10.0,balanced,scale,,,
low_cost_model,svm,sigmoid,13,2,160,40,11,0.994,0.63130202465253,1.559,1.0,balanced,0.01,,,
low_cost_model,svm,sigmoid,13,3,160,40,11,0.9941620879120879,0.8561868235429415,1.585,10.0,balanced,scale,,,
low_cost_model,svm,sigmoid,13,4,160,40,11,0.9948690476190476,0.7306596994107438,1.579,10.0,None,0.01,,,
low_cost_model,svm,sigmoid,14,0,160,40,11,0.9942527472527473,0.8361627544823842,2.289,10.0,None,scale,,,
low_cost_model,svm,sigmoid,14,1,160,40,11,0.9934752747252747,0.8517633560608082,1.841,1.0,balanced,scale,,,
low_cost_model,svm,sigmoid,14,2,160,40,11,0.993919413919414,0.5918145679509617,2.064,10.0,balanced,0.01,,,
low_cost_model,svm,sigmoid,14,3,160,40,11,0.9935860805860806,0.8593910134275555,1.952,10.0,balanced,scale,,,
low_cost_model,svm,sigmoid,14,4,160,40,11,0.9976364468864469,0.8150001888853412,1.864,10.0,None,scale,,,
low_cost_model,svm,sigmoid,15,0,160,40,11,0.994919413919414,0.7824090579241401,2.221,10.0,None,scale,,,
low_cost_model,svm,sigmoid,15,1,160,40,11,0.9966666666666667,0.6678181638869316,1.881,10.0,balanced,0.01,,,
low_cost_model,svm,sigmoid,15,2,160,40,11,0.994919413919414,0.8508114279989816,2.062,10.0,balanced,scale,,,
low_cost_model,svm,sigmoid,15,3,160,40,11,0.9912728937728938,0.8617230680651272,1.899,10.0,balanced,scale,,,
low_cost_model,svm,sigmoid,15,4,160,40,11,0.9983031135531135,0.8539971724923509,1.926,10.0,None,scale,,,
low_cost_model,svm,sigmoid,16,0,160,40,11,0.9969999999999999,0.8784746363037699,1.603,10.0,balanced,scale,,,
low_cost_model,svm,sigmoid,16,1,160,40,11,0.9934954212454212,0.8184323902098056,1.628,10.0,balanced,scale,,,
low_cost_model,svm,sigmoid,16,2,160,40,11,0.9962225274725275,0.7501751614522867,1.571,10.0,balanced,0.01,,,
low_cost_model,svm,sigmoid,16,3,160,40,11,0.9938186813186813,0.7411337894383061,1.591,10.0,balanced,0.01,,,
low_cost_model,svm,sigmoid,16,4,160,40,11,0.9951923076923077,0.8443151756209799,1.629,10.0,None,scale,,,
low_cost_model,svm,sigmoid,17,0,160,40,11,0.9949395604395604,0.8363088269981579,1.623,10.0,None,scale,,,
low_cost_model,svm,sigmoid,17,1,160,40,11,0.9931318681318682,0.8459345892771497,1.572,10.0,None,scale,,,
low_cost_model,svm,sigmoid,17,2,160,40,11,1.0,0.8339654653078303,1.65,0.1,balanced,scale,,,
low_cost_model,svm,sigmoid,17,3,160,40,11,0.9927884615384615,0.8176620793095251,1.628,10.0,balanced,scale,,,
low_cost_model,svm,sigmoid,17,4,160,40,11,0.990242673992674,0.7120599860212045,1.645,10.0,None,0.01,,,
low_cost_model,svm,sigmoid,18,0,160,40,11,0.9948489010989011,0.8416737136719143,1.643,10.0,balanced,scale,,,
low_cost_model,svm,sigmoid,18,1,160,40,11,0.9926666666666666,0.8666497352983363,1.62,10.0,balanced,scale,,,
low_cost_model,svm,sigmoid,18,2,160,40,11,0.9972527472527473,0.8627300060533766,1.601,10.0,balanced,scale,,,
low_cost_model,svm,sigmoid,18,3,160,40,11,0.9969093406593407,0.7184938726979444,1.581,10.0,None,0.01,,,
low_cost_model,svm,sigmoid,18,4,160,40,11,0.993242673992674,0.8492204706116534,1.605,10.0,balanced,scale,,,
low_cost_model,svm,sigmoid,19,0,160,40,11,0.995202380952381,0.8401025944221715,1.868,10.0,balanced,scale,,,
low_cost_model,svm,sigmoid,19,1,160,40,11,0.9918489010989011,0.8661861063617781,1.921,10.0,None,scale,,,
low_cost_model,svm,sigmoid,19,2,160,40,11,0.9963333333333333,0.8572688507240663,1.859,10.0,balanced,scale,,,
low_cost_model,svm,sigmoid,19,3,160,40,11,0.9969093406593407,0.6896003715973983,1.932,10.0,None,0.01,,,
low_cost_model,svm,sigmoid,19,4,160,40,11,0.9986263736263736,0.8310218185538674,1.757,10.0,None,scale,,,
low_cost_model,svm,isotonic,0,0,160,40,11,0.9946465201465201,0.8631516373436051,2.001,1.0,None,0.01,,,
low_cost_model,svm,isotonic,0,1,160,40,11,0.9962225274725275,0.9363913356213178,1.952,10.0,balanced,0.01,,,
low_cost_model,svm,isotonic,0,2,160,40,11,0.9915961538461538,1.0,1.81,10.0,None,0.01,,,
low_cost_model,svm,isotonic,0,3,160,40,11,0.9982930402930403,0.9154560993158083,1.931,10.0,None,0.01,,,
low_cost_model,svm,isotonic,0,4,160,40,11,0.9986465201465201,0.9973728144388714,1.769,10.0,None,scale,,,
low_cost_model,svm,isotonic,1,0,160,40,11,0.9945054945054945,0.987319642631423,1.921,10.0,balanced,0.01,,,
low_cost_model,svm,isotonic,1,1,160,40,11,0.9948489010989011,0.9708990262498434,1.871,1.0,None,scale,,,
low_cost_model,svm,isotonic,1,2,160,40,11,0.9934752747252747,1.0,1.862,10.0,balanced,scale,,,
low_cost_model,svm,isotonic,1,3,160,40,11,0.9934752747252747,1.0,1.933,10.0,balanced,scale,,,
low_cost_model,svm,isotonic,1,4,160,40,11,0.992445054945055,0.895368573473381,1.826,1.0,None,0.01,,,
low_cost_model,svm,isotonic,2,0,160,40,11,0.9896978021978022,0.9394985025853714,1.892,10.0,balanced,0.01,,,
low_cost_model,svm,isotonic,2,1,160,40,11,0.993,1.0,1.892,10.0,None,scale,,,
low_cost_model,svm,isotonic,2,2,160,40,11,0.9986263736263736,1.0,1.779,10.0,None,scale,,,
low_cost_model,svm,isotonic,2,3,160,40,11,0.9973333333333334,1.0,1.772,10.0,None,scale,,,
low_cost_model,svm,isotonic,2,4,160,40,11,0.9915860805860806,0.9676104796015622,1.786,10.0,balanced,scale,,,
low_cost_model,svm,isotonic,3,0,160,40,11,0.9912225274725275,0.9916645563450983,1.918,10.0,balanced,scale,,,
low_cost_model,svm,isotonic,3,1,160,40,11,0.9966062271062271,0.9731386027730604,1.909,10.0,None,0.01,,,
low_cost_model,svm,isotonic,3,2,160,40,11,0.9890512820512821,0.9240756974744355,1.812,1.0,balanced,scale,,,
low_cost_model,svm,isotonic,3,3,160,40,11,0.9925659340659341,0.973878864876982,1.753,10.0,balanced,0.01,,,
low_cost_model,svm,isotonic,3,4,160,40,11,0.9936666666666667,0.9839710266069663,1.678,10.0,None,0.01,,,
low_cost_model,svm,isotonic,4,0,160,40,11,0.9956163003663003,0.9428152222934427,1.833,10.0,None,scale,,,
low_cost_model,svm,isotonic,4,1,160,40,11,0.9952628205128206,0.9395497521306521,1.877,10.0,balanced,scale,,,
low_cost_model,svm,isotonic,4,2,160,40,11,0.9901520146520146,0.9873433059934082,1.817,10.0,balanced,0.01,,,
low_cost_model,svm,isotonic,4,3,160,40,11,0.9958791208791209,0.99477227195049,1.865,1.0,None,scale,,,
low_cost_model,svm,isotonic,4,4,160,40,11,0.9948489010989011,0.9961963412154843,1.852,10.0,balanced,scale,,,
low_cost_model,svm,isotonic,5,0,160,40,11,0.998282967032967,0.9913192071317913,1.583,10.0,balanced,0.01,,,
low_cost_model,svm,isotonic,5,1,160,40,11,0.9972527472527473,0.9548857859847351,1.635,10.0,balanced,scale,,,
low_cost_model,svm,isotonic,5,2,160,40,11,0.9958791208791209,0.9804074698152611,1.629,10.0,balanced,scale,,,
low_cost_model,svm,isotonic,5,3,160,40,11,0.9945054945054945,0.9836522239568197,1.613,1.0,balanced,scale,,,
low_cost_model,svm,isotonic,5,4,160,40,11,0.9934954212454212,1.0,1.58,10.0,balanced,scale,,,
low_cost_model,svm,isotonic,6,0,160,40,11,0.9906666666666667,0.9708097725959974,1.594,10.0,balanced,0.01,,,
low_cost_model,svm,isotonic,6,1,160,40,11,0.992445054945055,0.9973761916484881,1.635,10.0,balanced,scale,,,
low_cost_model,svm,isotonic,6,2,160,40,11,0.9993131868131868,0.9515255130943878,1.599,10.0,balanced,scale,,,
low_cost_model,svm,isotonic,6,3,160,40,11,0.9896978021978022,0.9505193658325113,1.583,1.0,balanced,0.01,,,
low_cost_model,svm,isotonic,6,4,160,40,11,0.9972527472527473,1.0,1.605,10.0,None,scale,,,
low_cost_model,svm,isotonic,7,0,160,40,11,0.993,0.9732361860863609,1.567,10.0,None,scale,,,
low_cost_model,svm,isotonic,7,1,160,40,11,0.9914551282051283,0.9229369400063119,1.621,10.0,balanced,scale,,,
low_cost_model,svm,isotonic,7,2,160,40,11,0.9986666666666667,0.9866959203524601,1.639,10.0,balanced,scale,,,
low_cost_model,svm,isotonic,7,3,160,40,11,0.9876373626373627,0.9444896522684025,1.577,1.0,None,0.01,,,
low_cost_model,svm,isotonic,7,4,160,40,11,0.9962225274725274,0.9888567007310989,1.608,10.0,balanced,scale,,,
low_cost_model,svm,isotonic,8,0,160,40,11,0.9952326007326008,0.9780198776741617,1.567,10.0,balanced,scale,,,
low_cost_model,svm,isotonic,8,1,160,40,11,0.9899798534798535,0.9260827469810914,1.62,10.0,balanced,0.01,,,
low_cost_model,svm,isotonic,8,2,160,40,11,0.9975961538461539,0.9221232006631286,1.59,10.0,None,0.01,,,
low_cost_model,svm,isotonic,8,3,160,40,11,0.9965659340659341,1.0,1.595,10.0,balanced,0.01,,,
low_cost_model,svm,isotonic,8,4,160,40,11,0.9948489010989011,0.9716961543790723,1.586,10.0,balanced,scale,,,
low_cost_model,svm,isotonic,9,0,160,40,11,0.9919496336996336,0.9799605243426095,1.849,10.0,None,scale,,,
low_cost_model,svm,isotonic,9,1,160,40,11,0.9996565934065934,1.0,1.914,1.0,balanced,scale,,,
low_cost_model,svm,isotonic,9,2,160,40,11,0.9941620879120879,0.9808704228546425,1.828,10.0,None,scale,,,
low_cost_model,svm,isotonic,9,3,160,40,11,0.9958992673992675,1.0,1.815,10.0,None,0.01,,,
low_cost_model,svm,isotonic,9,4,160,40,11,0.9956163003663003,0.9916643509750387,1.85,10.0,balanced,scale,,,
low_cost_model,svm,isotonic,10,0,160,40,11,0.9935558608058608,0.9046266814020303,1.884,10.0,balanced,0.01,,,
low_cost_model,svm,isotonic,10,1,160,40,11,0.9946666666666667,0.9737242986373478,1.996,0.1,balanced,scale,,,
low_cost_model,svm,isotonic,10,2,160,40,11,0.9936666666666667,0.981771317369406,1.88,10.0,None,0.01,,,
low_cost_model,svm,isotonic,10,3,160,40,11,0.999,0.976607716268689,1.904,10.0,None,scale,,,
low_cost_model,svm,isotonic,10,4,160,40,11,0.9941620879120879,0.9601973427346978,1.903,10.0,balanced,scale,,,
low_cost_model,svm,isotonic,11,0,160,40,11,0.9942124542124542,0.9530629727941393,1.761,10.0,None,scale,,,
low_cost_model,svm,isotonic,11,1,160,40,11,0.9927884615384615,0.9712489504675831,1.722,1.0,balanced,scale,,,
low_cost_model,svm,isotonic,11,2,160,40,11,0.9969093406593407,0.9930053442110625,1.69,1.0,None,scale,,,
low_cost_model,svm,isotonic,11,3,160,40,11,0.9975961538461539,1.0,1.741,10.0,None,scale,,,
low_cost_model,svm,isotonic,11,4,160,40,11,0.9914148351648352,0.9782686639595073,1.665,10.0,None,scale,,,
low_cost_model,svm,isotonic,12,0,160,40,11,0.9913333333333334,0.9858347149737103,1.778,10.0,None,scale,,,
low_cost_model,svm,isotonic,12,1,160,40,11,0.9933333333333334,0.96882040103208,1.728,1.0,balanced,0.01,,,
low_cost_model,svm,isotonic,12,2,160,40,11,0.9906565934065934,0.9689991613820956,1.769,10.0,None,scale,,,
low_cost_model,svm,isotonic,12,3,160,40,11,0.9972527472527473,0.9660533774233824,1.714,10.0,None,0.01,,,
low_cost_model,svm,isotonic,12,4,160,40,11,0.9962628205128206,0.956087271771179,1.717,10.0,balanced,scale,,,
low_cost_model,svm,isotonic,13,0,160,40,11,0.9948992673992674,0.9999835844265288,1.887,10.0,None,0.01,,,
low_cost_model,svm,isotonic,13,1,160,40,11,0.993606227106227,0.9766685095787346,1.839,10.0,balanced,scale,,,
low_cost_model,svm,isotonic,13,2,160,40,11,0.994,1.0,1.886,1.0,balanced,0.01,,,
low_cost_model,svm,isotonic,13,3,160,40,11,0.9941620879120879,0.9616386983080393,1.928,10.0,balanced,scale,,,
low_cost_model,svm,isotonic,13,4,160,40,11,0.9948690476190476,0.9721289889501903,1.789,10.0,None,0.01,,,
low_cost_model,svm,isotonic,14,0,160,40,11,0.9942527472527473,0.9927434422018081,1.683,10.0,None,scale,,,
low_cost_model,svm,isotonic,14,1,160,40,11,0.9934752747252747,0.9881249948090292,1.717,1.0,balanced,scale,,,
low_cost_model,svm,isotonic,14,2,160,40,11,0.993919413919414,1.0,1.824,10.0,balanced,0.01,,,
low_cost_model,svm,isotonic,14,3,160,40,11,0.9935860805860806,1.0,1.701,10.0,balanced,scale,,,
low_cost_model,svm,isotonic,14,4,160,40,11,0.9976364468864469,0.964378890366028,1.612,10.0,None,scale,,,
low_cost_model,svm,isotonic,15,0,160,40,11,0.994919413919414,0.9670245868060159,1.668,10.0,None,scale,,,
low_cost_model,svm,isotonic,15,1,160,40,11,0.9966666666666667,1.0,1.642,10.0,balanced,0.01,,,
low_cost_model,svm,isotonic,15,2,160,40,11,0.994919413919414,0.994309414237625,1.616,10.0,balanced,scale,,,
low_cost_model,svm,isotonic,15,3,160,40,11,0.9912728937728938,0.9789589526939837,1.583,10.0,balanced,scale,,,
low_cost_model,svm,isotonic,15,4,160,40,11,0.9983031135531135,0.9714088149806769,1.526,10.0,None,scale,,,
low_cost_model,svm,isotonic,16,0,160,40,11,0.9969999999999999,0.9913997007553293,1.884,10.0,balanced,scale,,,
low_cost_model,svm,isotonic,16,1,160,40,11,0.9934954212454212,1.0,1.88,10.0,balanced,scale,,,
low_cost_model,svm,isotonic,16,2,160,40,11,0.9962225274725275,0.9820584949989531,1.897,10.0,balanced,0.01,,,
low_cost_model,svm,isotonic,16,3,160,40,11,0.9938186813186813,0.9575180181646714,1.839,10.0,balanced,0.01,,,
low_cost_model,svm,isotonic,16,4,160,40,11,0.9951923076923077,0.994414140315975,1.696,10.0,None,scale,,,
low_cost_model,svm,isotonic,17,0,160,40,11,0.9949395604395604,0.9224718565126611,1.623,10.0,None,scale,,,
low_cost_model,svm,isotonic,17,1,160,40,11,0.9931318681318682,0.9803955537234728,1.568,10.0,None,scale,,,
low_cost_model,svm,isotonic,17,2,160,40,11,1.0,0.9851848219898022,1.866,0.1,balanced,scale,,,
low_cost_model,svm,isotonic,17,3,160,40,11,0.9927884615384615,1.0,1.827,10.0,balanced,scale,,,
low_cost_model,svm,isotonic,17,4,160,40,11,0.990242673992674,0.952752412681692,1.544,10.0,None,0.01,,,
low_cost_model,svm,isotonic,18,0,160,40,11,0.9948489010989011,1.0,1.607,10.0,balanced,scale,,,
low_cost_model,svm,isotonic,18,1,160,40,11,0.9926666666666666,0.9893019330764252,1.538,10.0,balanced,scale,,,
low_cost_model,svm,isotonic,18,2,160,40,11,0.9972527472527473,0.968260843957526,1.563,10.0,balanced,scale,,,
low_cost_model,svm,isotonic,18,3,160,40,11,0.9969093406593407,0.9529062166311277,1.569,10.0,None,0.01,,,
low_cost_model,svm,isotonic,18,4,160,40,11,0.993242673992674,0.9771305048602381,1.73,10.0,balanced,scale,,,
low_cost_model,svm,isotonic,19,0,160,40,11,0.995202380952381,1.0,1.602,10.0,balanced,scale,,,
low_cost_model,svm,isotonic,19,1,160,40,11,0.9918489010989011,1.0,1.596,10.0,None,scale,,,
low_cost_model,svm,isotonic,19,2,160,40,11,0.9963333333333333,0.9915666819304059,1.567,10.0,balanced,scale,,,
low_cost_model,svm,isotonic,19,3,160,40,11,0.9969093406593407,1.0,1.494,10.0,None,0.01,,,
low_cost_model,svm,isotonic,19,4,160,40,11,0.9986263736263736,0.9758312368803317,1.539,10.0,None,scale,,,
low_cost_model,random_forest,none,0,0,160,40,11,0.9953333333333333,0.5742750593986318,25.568,,balanced,,3,sqrt,1
low_cost_model,random_forest,none,0,1,160,40,11,0.9915357142857143,0.620019424253314,25.259,,None,,None,sqrt,5
low_cost_model,random_forest,none,0,2,160,40,11,0.9996565934065934,0.82,24.846,,None,,None,sqrt,1
low_cost_model,random_forest,none,0,3,160,40,11,0.9843040293040293,0.7133333333333334,25.921,,balanced,,None,sqrt,1
low_cost_model,random_forest,none,0,4,160,40,11,0.996,0.6556961844160477,24.928,,None,,3,sqrt,1
low_cost_model,random_forest,none,1,0,160,40,11,0.9945054945054945,0.5879341205834211,27.826,,balanced,,3,sqrt,1
low_cost_model,random_forest,none,1,1,160,40,11,0.9888489010989011,0.6619080968724865,26.901,,None,,3,sqrt,1
low_cost_model,random_forest,none,1,2,160,40,11,0.9969093406593407,0.7466666666666667,27.32,,balanced,,None,sqrt,1
low_cost_model,random_forest,none,1,3,160,40,11,0.9958791208791209,0.775484126984127,27.498,,balanced,,None,sqrt,1
low_cost_model,random_forest,none,1,4,160,40,11,0.992445054945055,0.6094869177380452,26.67,,None,,3,sqrt,1
low_cost_model,random_forest,none,2,0,160,40,11,0.9924652014652015,0.7530555555555555,24.042,,None,,None,sqrt,1
low_cost_model,random_forest,none,2,1,160,40,11,0.9929395604395604,0.8075,23.819,,balanced,,None,sqrt,1
low_cost_model,random_forest,none,2,2,160,40,11,0.9979395604395604,0.7966666666666666,23.507,,None,,None,sqrt,1
low_cost_model,random_forest,none,2,3,160,40,11,0.9993333333333334,0.7922777777777777,23.84,,None,,None,sqrt,1
low_cost_model,random_forest,none,2,4,160,40,11,0.9948791208791209,0.7970833333333334,27.728,,None,,None,sqrt,1
low_cost_model,random_forest,none,3,0,160,40,11,0.995242673992674,0.7933888888888889,25.019,,None,,None,sqrt,1
low_cost_model,random_forest,none,3,1,160,40,11,0.9946062271062271,0.6251029970626804,25.269,,None,,3,sqrt,1
low_cost_model,random_forest,none,3,2,160,40,11,0.9911721611721612,0.6333700126308321,24.797,,None,,3,sqrt,1
low_cost_model,random_forest,none,3,3,160,40,11,0.9973131868131868,0.7265753968253968,25.182,,None,,None,sqrt,1
low_cost_model,random_forest,none,3,4,160,40,11,0.9976263736263736,0.6347735948385623,27.25,,None,,3,sqrt,1
low_cost_model,random_forest,none,4,0,160,40,11,0.9935558608058608,0.6350853963616937,25.165,,None,,3,sqrt,1
low_cost_model,random_forest,none,4,1,160,40,11,0.9965961538461539,0.78,25.316,,None,,None,sqrt,1
low_cost_model,random_forest,none,4,2,160,40,11,0.9942728937728937,0.6192470564989057,24.981,,None,,None,sqrt,5
low_cost_model,random_forest,none,4,3,160,40,11,0.9938186813186813,0.6180403831484745,25.067,,None,,3,sqrt,1
low_cost_model,random_forest,none,4,4,160,40,11,0.9955357142857143,0.5797865919409486,24.845,,balanced,,3,sqrt,1
low_cost_model,random_forest,none,5,0,160,40,11,0.9941620879120879,0.6649941038415428,24.953,,None,,3,sqrt,1
low_cost_model,random_forest,none,5,1,160,40,11,0.9966062271062271,0.5915242687000384,25.227,,None,,3,sqrt,1
low_cost_model,random_forest,none,5,2,160,40,11,0.9862637362637363,0.6001780028348086,24.786,,None,,3,sqrt,1
low_cost_model,random_forest,none,5,3,160,40,11,0.9979395604395604,0.6398587464997236,25.067,,None,,3,sqrt,1
low_cost_model,random_forest,none,5,4,160,40,11,0.9951923076923077,0.7687301587301587,25.493,,None,,None,sqrt,1
low_cost_model,random_forest,none,6,0,160,40,11,0.9973333333333334,0.6635432631901423,27.278,,None,,3,sqrt,1
low_cost_model,random_forest,none,6,1,160,40,11,0.9936263736263736,0.7333333333333333,27.276,,balanced,,None,sqrt,1
low_cost_model,random_forest,none,6,2,160,40,11,0.9972728937728939,0.8233333333333334,27.04,,None,,None,sqrt,1
low_cost_model,random_forest,none,6,3,160,40,11,0.9870512820512821,0.6053956093716882,25.015,,None,,3,sqrt,1
low_cost_model,random_forest,none,6,4,160,40,11,0.9948489010989011,0.77,24.943,,balanced,,None,sqrt,1
low_cost_model,random_forest,none,7,0,160,40,11,0.9943333333333333,0.756388888888889,23.595,,None,,None,sqrt,1
low_cost_model,random_forest,none,7,1,160,40,11,0.9909496336996337,0.7533333333333333,23.568,,balanced,,None,sqrt,1
low_cost_model,random_forest,none,7,2,160,40,11,0.9913333333333333,0.7766666666666666,23.468,,balanced,,None,sqrt,1
low_cost_model,random_forest,none,7,3,160,40,11,0.9869505494505495,0.8,24.069,,balanced,,None,sqrt,1
low_cost_model,random_forest,none,7,4,160,40,11,0.9941620879120879,0.6485395804659398,24.628,,None,,3,sqrt,1
low_cost_model,random_forest,none,8,0,160,40,11,1.0,0.7962222222222222,23.706,,balanced,,None,sqrt,1
low_cost_model,random_forest,none,8,1,160,40,11,0.987919413919414,0.5992052234424202,23.359,,None,,3,sqrt,1
low_cost_model,random_forest,none,8,2,160,40,11,0.990242673992674,0.6449998514595807,23.565,,None,,3,sqrt,1
low_cost_model,random_forest,none,8,3,160,40,11,0.9966263736263736,0.605352679681056,23.843,,None,,3,sqrt,1
low_cost_model,random_forest,none,8,4,160,40,11,0.9975961538461539,0.7266666666666667,24.301,,balanced,,None,sqrt,1
low_cost_model,random_forest,none,9,0,160,40,11,0.9972628205128206,0.7933333333333333,27.274,,None,,None,sqrt,1
low_cost_model,random_forest,none,9,1,160,40,11,0.997959706959707,0.8333333333333334,27.182,,None,,None,sqrt,1
low_cost_model,random_forest,none,9,2,160,40,11,0.9989697802197802,0.8066666666666666,27.102,,None,,None,sqrt,1
low_cost_model,random_forest,none,9,3,160,40,11,0.9946263736263736,0.7698838383838384,25.281,,balanced,,None,sqrt,1
low_cost_model,random_forest,none,9,4,160,40,11,0.9976364468864469,0.7898253968253969,24.138,,balanced,,None,sqrt,1
low_cost_model,random_forest,none,10,0,160,40,11,0.9903031135531136,0.82,23.715,,None,,None,sqrt,1
low_cost_model,random_forest,none,10,1,160,40,11,0.9953333333333334,0.5961433660344765,23.507,,None,,3,sqrt,5
low_cost_model,random_forest,none,10,2,160,40,11,0.9860512820512821,0.6410890098974088,23.575,,None,,3,sqrt,1
low_cost_model,random_forest,none,10,3,160,40,11,0.9983131868131868,0.8133333333333334,24.119,,None,,None,sqrt,1
low_cost_model,random_forest,none,10,4,160,40,11,0.9996565934065934,0.8166666666666667,24.689,,balanced,,None,sqrt,1
low_cost_model,random_forest,none,11,0,160,40,11,0.9922728937728938,0.6516211694012957,27.162,,None,,3,sqrt,1
low_cost_model,random_forest,none,11,1,160,40,11,0.9927884615384616,0.5938593677199303,27.181,,balanced,,3,sqrt,1
low_cost_model,random_forest,none,11,2,160,40,11,0.9969093406593407,0.6214709070301632,27.276,,balanced,,3,sqrt,1
low_cost_model,random_forest,none,11,3,160,40,11,0.9934752747252747,0.6613509016031577,27.557,,None,,3,sqrt,1
low_cost_model,random_forest,none,11,4,160,40,11,0.9955357142857143,0.8014285714285714,27.954,,balanced,,None,sqrt,1
low_cost_model,random_forest,none,12,0,160,40,11,0.9919798534798535,0.605071646417303,25.742,,balanced,,3,sqrt,1
low_cost_model,random_forest,none,12,1,160,40,11,0.995959706959707,0.5398737969402349,24.726,,balanced,,3,sqrt,5
low_cost_model,random_forest,none,12,2,160,40,11,0.9979496336996337,0.8093968253968252,24.789,,balanced,,None,sqrt,1
low_cost_model,random_forest,none,12,3,160,40,11,0.9958791208791209,0.6648542923068801,24.884,,None,,3,sqrt,1
low_cost_model,random_forest,none,12,4,160,40,11,0.9948690476190476,0.6494660102201717,23.571,,None,,3,sqrt,1
low_cost_model,random_forest,none,13,0,160,40,11,0.9976062271062272,0.7633333333333333,27.457,,balanced,,None,sqrt,1
low_cost_model,random_forest,none,13,1,160,40,11,0.9962728937728937,0.7357777777777779,27.284,,balanced,,None,sqrt,1
low_cost_model,random_forest,none,13,2,160,40,11,0.9910000000000001,0.6375495988611034,27.258,,None,,3,sqrt,1
low_cost_model,random_forest,none,13,3,160,40,11,0.9922225274725275,0.7892222222222225,27.593,,balanced,,None,sqrt,1
low_cost_model,random_forest,none,13,4,160,40,11,0.9969093406593407,0.6028839418257995,23.712,,None,,3,sqrt,1
low_cost_model,random_forest,none,14,0,160,40,11,0.9976465201465201,0.7333333333333333,25.663,,balanced,,None,sqrt,1
low_cost_model,random_forest,none,14,1,160,40,11,0.9927884615384616,0.639572903984061,26.814,,None,,3,sqrt,1
low_cost_model,random_forest,none,14,2,160,40,11,0.9939194139194139,0.5931766313874833,27.17,,balanced,,3,sqrt,1
low_cost_model,random_forest,none,14,3,160,40,11,0.9976062271062272,0.8235555555555556,25.668,,None,,None,sqrt,1
low_cost_model,random_forest,none,14,4,160,40,11,0.9969697802197802,0.6272573134337684,27.231,,None,,3,sqrt,1
low_cost_model,random_forest,none,15,0,160,40,11,0.9969597069597069,0.734920634920635,27.366,,balanced,,None,sqrt,1
low_cost_model,random_forest,none,15,1,160,40,11,0.9986666666666667,0.6019734222164171,25.636,,None,,3,sqrt,1
low_cost_model,random_forest,none,15,2,160,40,11,0.996919413919414,0.8433333333333334,24.697,,None,,None,sqrt,1
low_cost_model,random_forest,none,15,3,160,40,11,0.9945860805860806,0.77,24.994,,None,,None,sqrt,1
low_cost_model,random_forest,none,15,4,160,40,11,0.9941620879120879,0.7841666666666667,24.91,,balanced,,None,sqrt,1
low_cost_model,random_forest,none,16,0,160,40,11,0.9962728937728937,0.4659487902580176,24.343,,balanced,,3,sqrt,5
low_cost_model,random_forest,none,16,1,160,40,11,0.9956163003663003,0.806111111111111,24.319,,None,,None,sqrt,1
low_cost_model,random_forest,none,16,2,160,40,11,0.9986364468864469,0.6690414908616112,23.836,,None,,3,sqrt,1
low_cost_model,random_forest,none,16,3,160,40,11,0.9931318681318682,0.8066666666666666,24.637,,balanced,,None,sqrt,1
low_cost_model,random_forest,none,16,4,160,40,11,0.9993131868131868,0.8166666666666667,24.824,,None,,None,sqrt,1
low_cost_model,random_forest,none,17,0,160,40,11,0.9914652014652015,0.6123222555033097,25.406,,None,,3,sqrt,1
low_cost_model,random_forest,none,17,1,160,40,11,0.9938186813186813,0.626076562017403,23.564,,None,,3,sqrt,1
low_cost_model,random_forest,none,17,2,160,40,11,1.0,0.674750345740457,23.538,,None,,3,sqrt,1
low_cost_model,random_forest,none,17,3,160,40,11,0.992445054945055,0.8066666666666666,25.261,,balanced,,None,sqrt,1
low_cost_model,random_forest,none,17,4,160,40,11,0.9921620879120879,0.7991666666666667,24.784,,None,,None,sqrt,1
low_cost_model,random_forest,none,18,0,160,40,11,0.9929093406593407,0.6213683943256657,25.428,,None,,3,sqrt,1
low_cost_model,random_forest,none,18,1,160,40,11,0.9972930402930403,0.7466666666666667,24.753,,balanced,,None,sqrt,1
low_cost_model,random_forest,none,18,2,160,40,11,0.9919395604395604,0.6395007448012234,24.627,,balanced,,3,sqrt,1
low_cost_model,random_forest,none,18,3,160,40,11,0.9962225274725274,0.6111546506266688,24.351,,balanced,,3,sqrt,1
low_cost_model,random_forest,none,18,4,160,40,11,0.9952225274725274,0.8133333333333334,23.489,,None,,None,sqrt,1
low_cost_model,random_forest,none,19,0,160,40,11,0.989485347985348,0.78,25.668,,balanced,,None,sqrt,1
low_cost_model,random_forest,none,19,1,160,40,11,0.9958891941391942,0.7931984126984126,24.794,,balanced,,None,sqrt,1
low_cost_model,random_forest,none,19,2,160,40,11,0.9983333333333333,0.82,24.443,,balanced,,None,sqrt,1
low_cost_model,random_forest,none,19,3,160,40,11,0.9900412087912088,0.7866666666666666,24.573,,None,,None,sqrt,1
low_cost_model,random_forest,none,19,4,160,40,11,0.9972527472527473,0.8133333333333334,24.737,,None,,None,sqrt,1
low_cost_model,random_forest,sigmoid,0,0,160,40,11,0.9953333333333333,0.7553324739486987,36.492,,balanced,,3,sqrt,1
low_cost_model,random_forest,sigmoid,0,1,160,40,11,0.9915357142857143,0.7393880118857067,36.704,,None,,None,sqrt,5
low_cost_model,random_forest,sigmoid,0,2,160,40,11,0.9996565934065934,0.8592541658349481,39.902,,None,,None,sqrt,1
low_cost_model,random_forest,sigmoid,0,3,160,40,11,0.9843040293040293,0.8206782431000854,39.596,,balanced,,None,sqrt,1
low_cost_model,random_forest,sigmoid,0,4,160,40,11,0.996,0.8159627604002876,39.765,,None,,3,sqrt,1
low_cost_model,random_forest,sigmoid,1,0,160,40,11,0.9945054945054945,0.7697614952662944,35.023,,balanced,,3,sqrt,1
low_cost_model,random_forest,sigmoid,1,1,160,40,11,0.9888489010989011,0.7999659338196821,36.223,,None,,3,sqrt,1
low_cost_model,random_forest,sigmoid,1,2,160,40,11,0.9969093406593407,0.8280469283131274,35.007,,balanced,,None,sqrt,1
low_cost_model,random_forest,sigmoid,1,3,160,40,11,0.9958791208791209,0.8363543902867889,35.051,,balanced,,None,sqrt,1
low_cost_model,random_forest,sigmoid,1,4,160,40,11,0.992445054945055,0.7214134892188891,34.558,,None,,3,sqrt,1
low_cost_model,random_forest,sigmoid,2,0,160,40,11,0.9924652014652015,0.7904068001451761,34.843,,None,,None,sqrt,1
low_cost_model,random_forest,sigmoid,2,1,160,40,11,0.9929395604395604,0.8614368784971276,34.771,,balanced,,None,sqrt,1
low_cost_model,random_forest,sigmoid,2,2,160,40,11,0.9979395604395604,0.8770453804614555,35.914,,None,,None,sqrt,1
low_cost_model,random_forest,sigmoid,2,3,160,40,11,0.9993333333333334,0.8620536080164176,39.616,,None,,None,sqrt,1
low_cost_model,random_forest,sigmoid,2,4,160,40,11,0.9948791208791209,0.8511612126870077,39.809,,None,,None,sqrt,1
low_cost_model,random_forest,sigmoid,3,0,160,40,11,0.995242673992674,0.8480607982646015,39.754,,None,,None,sqrt,1
low_cost_model,random_forest,sigmoid,3,1,160,40,11,0.9946062271062271,0.778759044570766,39.955,,None,,3,sqrt,1
low_cost_model,random_forest,sigmoid,3,2,160,40,11,0.9911721611721612,0.7629262395232146,39.975,,None,,3,sqrt,1
low_cost_model,random_forest,sigmoid,3,3,160,40,11,0.9973131868131868,0.8254626885588868,39.875,,None,,None,sqrt,1
low_cost_model,random_forest,sigmoid,3,4,160,40,11,0.9976263736263736,0.7882631708872292,40.046,,None,,3,sqrt,1
low_cost_model,random_forest,sigmoid,4,0,160,40,11,0.9935558608058608,0.7872542581392662,34.637,,None,,3,sqrt,1
low_cost_model,random_forest,sigmoid,4,1,160,40,11,0.9965961538461539,0.8207173052196532,34.696,,None,,None,sqrt,1
low_cost_model,random_forest,sigmoid,4,2,160,40,11,0.9942728937728937,0.7548666276185059,35.4,,None,,None,sqrt,5
low_cost_model,random_forest,sigmoid,4,3,160,40,11,0.9938186813186813,0.7996042408270793,36.362,,None,,3,sqrt,1
low_cost_model,random_forest,sigmoid,4,4,160,40,11,0.9955357142857143,0.774757651535062,35.487,,balanced,,3,sqrt,1
low_cost_model,random_forest,sigmoid,5,0,160,40,11,0.9941620879120879,0.7966001160476218,36.4,,None,,3,sqrt,1
low_cost_model,random_forest,sigmoid,5,1,160,40,11,0.9966062271062271,0.7297494854859956,36.177,,None,,3,sqrt,1
low_cost_model,random_forest,sigmoid,5,2,160,40,11,0.9862637362637363,0.7611824971289501,36.692,,None,,3,sqrt,1
low_cost_model,random_forest,sigmoid,5,3,160,40,11,0.9979395604395604,0.8051234575169188,37.852,,None,,3,sqrt,1
low_cost_model,random_forest,sigmoid,5,4,160,40,11,0.9951923076923077,0.8188641761009819,36.569,,None,,None,sqrt,1
low_cost_model,random_forest,sigmoid,6,0,160,40,11,0.9973333333333334,0.7909979538535403,36.198,,None,,3,sqrt,1
low_cost_model,random_forest,sigmoid,6,1,160,40,11,0.9936263736263736,0.8281595211923857,36.495,,balanced,,None,sqrt,1
low_cost_model,random_forest,sigmoid,6,2,160,40,11,0.9972728937728939,0.8955367432534362,36.205,,None,,None,sqrt,1
low_cost_model,random_forest,sigmoid,6,3,160,40,11,0.9870512820512821,0.7572154407343786,37.352,,None,,3,sqrt,1
low_cost_model,random_forest,sigmoid,6,4,160,40,11,0.9948489010989011,0.8694859040333042,37.985,,balanced,,None,sqrt,1
low_cost_model,random_forest,sigmoid,7,0,160,40,11,0.9943333333333333,0.7892717610591358,35.689,,None,,None,sqrt,1
low_cost_model,random_forest,sigmoid,7,1,160,40,11,0.9909496336996337,0.8351215004453507,36.595,,balanced,,None,sqrt,1
low_cost_model,random_forest,sigmoid,7,2,160,40,11,0.9913333333333333,0.866775469266564,36.836,,balanced,,None,sqrt,1
low_cost_model,random_forest,sigmoid,7,3,160,40,11,0.9869505494505495,0.8622263556315479,37.759,,balanced,,None,sqrt,1
low_cost_model,random_forest,sigmoid,7,4,160,40,11,0.9941620879120879,0.7759057649038488,36.8,,None,,3,sqrt,1
low_cost_model,random_forest,sigmoid,8,0,160,40,11,1.0,0.8653965596606087,35.693,,balanced,,None,sqrt,1
low_cost_model,random_forest,sigmoid,8,1,160,40,11,0.987919413919414,0.6863157371036204,34.71,,None,,3,sqrt,1
low_cost_model,random_forest,sigmoid,8,2,160,40,11,0.990242673992674,0.7742576529305467,35.678,,None,,3,sqrt,1
low_cost_model,random_forest,sigmoid,8,3,160,40,11,0.9966263736263736,0.7247900034519688,37.425,,None,,3,sqrt,1
low_cost_model,random_forest,sigmoid,8,4,160,40,11,0.9975961538461539,0.8326030316916202,37.403,,balanced,,None,sqrt,1
low_cost_model,random_forest,sigmoid,9,0,160,40,11,0.9972628205128206,0.842865980905993,36.28,,None,,None,sqrt,1
low_cost_model,random_forest,sigmoid,9,1,160,40,11,0.997959706959707,0.8816635293803836,36.324,,None,,None,sqrt,1
low_cost_model,random_forest,sigmoid,9,2,160,40,11,0.9989697802197802,0.8497408171433327,36.115,,None,,None,sqrt,1
low_cost_model,random_forest,sigmoid,9,3,160,40,11,0.9946263736263736,0.856430087073535,39.947,,balanced,,None,sqrt,1
low_cost_model,random_forest,sigmoid,9,4,160,40,11,0.9976364468864469,0.8694996701035945,37.748,,balanced,,None,sqrt,1
low_cost_model,random_forest,sigmoid,10,0,160,40,11,0.9903031135531136,0.8603375690200449,34.895,,None,,None,sqrt,1
low_cost_model,random_forest,sigmoid,10,1,160,40,11,0.9953333333333334,0.7120625979592095,34.922,,None,,3,sqrt,5
low_cost_model,random_forest,sigmoid,10,2,160,40,11,0.9860512820512821,0.7949984380190553,35.941,,None,,3,sqrt,1
low_cost_model,random_forest,sigmoid,10,3,160,40,11,0.9983131868131868,0.8423487228492801,38.969,,None,,None,sqrt,1
low_cost_model,random_forest,sigmoid,10,4,160,40,11,0.9996565934065934,0.8863110636367257,35.403,,balanced,,None,sqrt,1
low_cost_model,random_forest,sigmoid,11,0,160,40,11,0.9922728937728938,0.7887914008812165,39.528,,None,,3,sqrt,1
low_cost_model,random_forest,sigmoid,11,1,160,40,11,0.9927884615384616,0.7620512928099175,40.137,,balanced,,3,sqrt,1
low_cost_model,random_forest,sigmoid,11,2,160,40,11,0.9969093406593407,0.7787033332986737,45.253,,balanced,,3,sqrt,1
low_cost_model,random_forest,sigmoid,11,3,160,40,11,0.9934752747252747,0.7887818225020566,39.858,,None,,3,sqrt,1
low_cost_model,random_forest,sigmoid,11,4,160,40,11,0.9955357142857143,0.863550033128965,40.078,,balanced,,None,sqrt,1
low_cost_model,random_forest,sigmoid,12,0,160,40,11,0.9919798534798535,0.7927205741752371,39.38,,balanced,,3,sqrt,1
low_cost_model,random_forest,sigmoid,12,1,160,40,11,0.995959706959707,0.6764136434748254,45.781,,balanced,,3,sqrt,5
low_cost_model,random_forest,sigmoid,12,2,160,40,11,0.9979496336996337,0.8526997549976798,40.652,,balanced,,None,sqrt,1
low_cost_model,random_forest,sigmoid,12,3,160,40,11,0.9958791208791209,0.7836079194349251,39.126,,None,,3,sqrt,1
low_cost_model,random_forest,sigmoid,12,4,160,40,11,0.9948690476190476,0.7961314783952372,34.83,,None,,3,sqrt,1
low_cost_model,random_forest,sigmoid,13,0,160,40,11,0.9976062271062272,0.8539212562961409,42.91,,balanced,,None,sqrt,1
low_cost_model,random_forest,sigmoid,13,1,160,40,11,0.9962728937728937,0.830688924659491,43.245,,balanced,,None,sqrt,1
low_cost_model,random_forest,sigmoid,13,2,160,40,11,0.9910000000000001,0.7903014229684857,35.317,,None,,3,sqrt,1
low_cost_model,random_forest,sigmoid,13,3,160,40,11,0.9922225274725275,0.8662737039766006,34.794,,balanced,,None,sqrt,1
low_cost_model,random_forest,sigmoid,13,4,160,40,11,0.9969093406593407,0.764432667203269,36.382,,None,,3,sqrt,1
low_cost_model,random_forest,sigmoid,14,0,160,40,11,0.9976465201465201,0.819171796140246,47.395,,balanced,,None,sqrt,1
low_cost_model,random_forest,sigmoid,14,1,160,40,11,0.9927884615384616,0.8057101873164797,34.855,,None,,3,sqrt,1
low_cost_model,random_forest,sigmoid,14,2,160,40,11,0.9939194139194139,0.7667319116902078,36.867,,balanced,,3,sqrt,1
low_cost_model,random_forest,sigmoid,14,3,160,40,11,0.9976062271062272,0.8779885712115671,34.358,,None,,None,sqrt,1
low_cost_model,random_forest,sigmoid,14,4,160,40,11,0.9969697802197802,0.773282029430374,35.494,,None,,3,sqrt,1
low_cost_model,random_forest,sigmoid,15,0,160,40,11,0.9969597069597069,0.8411345956264329,46.065,,balanced,,None,sqrt,1
low_cost_model,random_forest,sigmoid,15,1,160,40,11,0.9986666666666667,0.7582599578551161,36.557,,None,,3,sqrt,1
low_cost_model,random_forest,sigmoid,15,2,160,40,11,0.996919413919414,0.8877423924352071,39.975,,None,,None,sqrt,1
low_cost_model,random_forest,sigmoid,15,3,160,40,11,0.9945860805860806,0.8320658018676697,37.384,,None,,None,sqrt,1
low_cost_model,random_forest,sigmoid,15,4,160,40,11,0.9941620879120879,0.8595347861075948,35.025,,balanced,,None,sqrt,1
low_cost_model,random_forest,sigmoid,16,0,160,40,11,0.9962728937728937,0.6103236075968448,37.738,,balanced,,3,sqrt,5
low_cost_model,random_forest,sigmoid,16,1,160,40,11,0.9956163003663003,0.8766718664439918,37.529,,None,,None,sqrt,1
low_cost_model,random_forest,sigmoid,16,2,160,40,11,0.9986364468864469,0.822440553563383,35.985,,None,,3,sqrt,1
low_cost_model,random_forest,sigmoid,16,3,160,40,11,0.9931318681318682,0.8649440384643285,35.173,,balanced,,None,sqrt,1
low_cost_model,random_forest,sigmoid,16,4,160,40,11,0.9993131868131868,0.8482195271980696,34.621,,None,,None,sqrt,1
low_cost_model,random_forest,sigmoid,17,0,160,40,11,0.9914652014652015,0.7657806495740486,35.51,,None,,3,sqrt,1
low_cost_model,random_forest,sigmoid,17,1,160,40,11,0.9938186813186813,0.7432032769422094,36.229,,None,,3,sqrt,1
low_cost_model,random_forest,sigmoid,17,2,160,40,11,1.0,0.8221510072541655,35.012,,None,,3,sqrt,1
low_cost_model,random_forest,sigmoid,17,3,160,40,11,0.992445054945055,0.8705660631002594,38.124,,balanced,,None,sqrt,1
low_cost_model,random_forest,sigmoid,17,4,160,40,11,0.9921620879120879,0.8285841036070227,37.499,,None,,None,sqrt,1
low_cost_model,random_forest,sigmoid,18,0,160,40,11,0.9929093406593407,0.7788775400359204,35.033,,None,,3,sqrt,1
low_cost_model,random_forest,sigmoid,18,1,160,40,11,0.9972930402930403,0.8408276978246139,38.494,,balanced,,None,sqrt,1
low_cost_model,random_forest,sigmoid,18,2,160,40,11,0.9919395604395604,0.7974076813413102,39.817,,balanced,,3,sqrt,1
low_cost_model,random_forest,sigmoid,18,3,160,40,11,0.9962225274725274,0.7876703511042551,37.72,,balanced,,3,sqrt,1
low_cost_model,random_forest,sigmoid,18,4,160,40,11,0.9952225274725274,0.8759858909810311,36.845,,None,,None,sqrt,1
low_cost_model,random_forest,sigmoid,19,0,160,40,11,0.989485347985348,0.850285069943626,36.381,,balanced,,None,sqrt,1
low_cost_model,random_forest,sigmoid,19,1,160,40,11,0.9958891941391942,0.8627427204487659,36.322,,balanced,,None,sqrt,1
low_cost_model,random_forest,sigmoid,19,2,160,40,11,0.9983333333333333,0.8840515789061028,37.963,,balanced,,None,sqrt,1
low_cost_model,random_forest,sigmoid,19,3,160,40,11,0.9900412087912088,0.8536620597949364,36.723,,None,,None,sqrt,1
low_cost_model,random_forest,sigmoid,19,4,160,40,11,0.9972527472527473,0.8506994732554046,34.692,,None,,None,sqrt,1
low_cost_model,random_forest,isotonic,0,0,160,40,11,0.9953333333333333,0.9899439635980671,36.28,,balanced,,3,sqrt,1
low_cost_model,random_forest,isotonic,0,1,160,40,11,0.9915357142857143,0.968581358681758,37.298,,None,,None,sqrt,5
low_cost_model,random_forest,isotonic,0,2,160,40,11,0.9996565934065934,1.0,36.434,,None,,None,sqrt,1
low_cost_model,random_forest,isotonic,0,3,160,40,11,0.9843040293040293,0.8890128165669666,38.128,,balanced,,None,sqrt,1
low_cost_model,random_forest,isotonic,0,4,160,40,11,0.996,0.9836310294003219,36.984,,None,,3,sqrt,1
low_cost_model,random_forest,isotonic,1,0,160,40,11,0.9945054945054945,0.9712541681266145,34.872,,balanced,,3,sqrt,1
low_cost_model,random_forest,isotonic,1,1,160,40,11,0.9888489010989011,0.9810194709863436,36.1,,None,,3,sqrt,1
low_cost_model,random_forest,isotonic,1,2,160,40,11,0.9969093406593407,0.9833559649191715,38.302,,balanced,,None,sqrt,1
low_cost_model,random_forest,isotonic,1,3,160,40,11,0.9958791208791209,0.9120879120879121,35.388,,balanced,,None,sqrt,1
low_cost_model,random_forest,isotonic,1,4,160,40,11,0.992445054945055,0.9251468756915056,34.574,,None,,3,sqrt,1
low_cost_model,random_forest,isotonic,2,0,160,40,11,0.9924652014652015,0.7803060271128572,36.38,,None,,None,sqrt,1
low_cost_model,random_forest,isotonic,2,1,160,40,11,0.9929395604395604,0.9697916666666666,36.801,,balanced,,None,sqrt,1
low_cost_model,random_forest,isotonic,2,2,160,40,11,0.9979395604395604,0.9903846153846154,37.298,,None,,None,sqrt,1
low_cost_model,random_forest,isotonic,2,3,160,40,11,0.9993333333333334,0.9940685966016363,38.802,,None,,None,sqrt,1
low_cost_model,random_forest,isotonic,2,4,160,40,11,0.9948791208791209,0.9457194970884581,36.892,,None,,None,sqrt,1
low_cost_model,random_forest,isotonic,3,0,160,40,11,0.995242673992674,0.9518449030644153,38.973,,None,,None,sqrt,1
low_cost_model,random_forest,isotonic,3,1,160,40,11,0.9946062271062271,0.9319634867223727,39.985,,None,,3,sqrt,1
low_cost_model,random_forest,isotonic,3,2,160,40,11,0.9911721611721612,0.9837309412911431,35.267,,None,,3,sqrt,1
low_cost_model,random_forest,isotonic,3,3,160,40,11,0.9973131868131868,0.9666666666666665,39.719,,None,,None,sqrt,1
low_cost_model,random_forest,isotonic,3,4,160,40,11,0.9976263736263736,0.9831171472742464,39.399,,None,,3,sqrt,1
low_cost_model,random_forest,isotonic,4,0,160,40,11,0.9935558608058608,0.9796217022248884,36.086,,None,,3,sqrt,1
low_cost_model,random_forest,isotonic,4,1,160,40,11,0.9965961538461539,0.8621782030064964,39.817,,None,,None,sqrt,1
low_cost_model,random_forest,isotonic,4,2,160,40,11,0.9942728937728937,0.9926272518277783,40.014,,None,,None,sqrt,5
low_cost_model,random_forest,isotonic,4,3,160,40,11,0.9938186813186813,1.0,39.858,,None,,3,sqrt,1
low_cost_model,random_forest,isotonic,4,4,160,40,11,0.9955357142857143,0.946589692094816,34.998,,balanced,,3,sqrt,1
low_cost_model,random_forest,isotonic,5,0,160,40,11,0.9941620879120879,0.9975922247661253,39.98,,None,,3,sqrt,1
low_cost_model,random_forest,isotonic,5,1,160,40,11,0.9966062271062271,0.9966238557080366,39.617,,None,,3,sqrt,1
low_cost_model,random_forest,isotonic,5,2,160,40,11,0.9862637362637363,0.9908219654758553,39.989,,None,,3,sqrt,1
low_cost_model,random_forest,isotonic,5,3,160,40,11,0.9979395604395604,1.0,39.65,,None,,3,sqrt,1
low_cost_model,random_forest,isotonic,5,4,160,40,11,0.9951923076923077,0.9675466954022988,39.219,,None,,None,sqrt,1
low_cost_model,random_forest,isotonic,6,0,160,40,11,0.9973333333333334,0.9940933896446859,34.237,,None,,3,sqrt,1
low_cost_model,random_forest,isotonic,6,1,160,40,11,0.9936263736263736,0.9615892354428769,35.014,,balanced,,None,sqrt,1
low_cost_model,random_forest,isotonic,6,2,160,40,11,0.9972728937728939,0.9783393501805054,34.488,,None,,None,sqrt,1
low_cost_model,random_forest,isotonic,6,3,160,40,11,0.9870512820512821,0.9830604456595713,34.391,,None,,3,sqrt,1
low_cost_model,random_forest,isotonic,6,4,160,40,11,0.9948489010989011,0.9847044035831155,37.747,,balanced,,None,sqrt,1
low_cost_model,random_forest,isotonic,7,0,160,40,11,0.9943333333333333,0.875,39.868,,None,,None,sqrt,1
low_cost_model,random_forest,isotonic,7,1,160,40,11,0.9909496336996337,0.9339441406059691,40.537,,balanced,,None,sqrt,1
low_cost_model,random_forest,isotonic,7,2,160,40,11,0.9913333333333333,1.0,40.543,,balanced,,None,sqrt,1
low_cost_model,random_forest,isotonic,7,3,160,40,11,0.9869505494505495,0.9446909938501653,39.235,,balanced,,None,sqrt,1
low_cost_model,random_forest,isotonic,7,4,160,40,11,0.9941620879120879,0.978488335528627,38.567,,None,,3,sqrt,1
low_cost_model,random_forest,isotonic,8,0,160,40,11,1.0,0.9760681575366859,35.118,,balanced,,None,sqrt,1
low_cost_model,random_forest,isotonic,8,1,160,40,11,0.987919413919414,0.8176943728096157,34.433,,None,,3,sqrt,1
low_cost_model,random_forest,isotonic,8,2,160,40,11,0.990242673992674,0.9713142971912331,35.564,,None,,3,sqrt,1
low_cost_model,random_forest,isotonic,8,3,160,40,11,0.9966263736263736,0.9973944965441672,36.915,,None,,3,sqrt,1
low_cost_model,random_forest,isotonic,8,4,160,40,11,0.9975961538461539,0.9520571827057183,37.875,,balanced,,None,sqrt,1
low_cost_model,random_forest,isotonic,9,0,160,40,11,0.9972628205128206,0.9375281151596941,36.524,,None,,None,sqrt,1
low_cost_model,random_forest,isotonic,9,1,160,40,11,0.997959706959707,0.977906976744186,35.686,,None,,None,sqrt,1
low_cost_model,random_forest,isotonic,9,2,160,40,11,0.9989697802197802,0.9686539643515673,38.558,,None,,None,sqrt,1
low_cost_model,random_forest,isotonic,9,3,160,40,11,0.9946263736263736,0.9515176834910025,37.76,,balanced,,None,sqrt,1
low_cost_model,random_forest,isotonic,9,4,160,40,11,0.9976364468864469,0.9795883940620782,38.755,,balanced,,None,sqrt,1
low_cost_model,random_forest,isotonic,10,0,160,40,11,0.9903031135531136,0.9706087685004189,35.304,,None,,None,sqrt,1
low_cost_model,random_forest,isotonic,10,1,160,40,11,0.9953333333333334,0.9256333601463871,36.042,,None,,3,sqrt,5
low_cost_model,random_forest,isotonic,10,2,160,40,11,0.9860512820512821,0.9749002865440257,36.419,,None,,3,sqrt,1
low_cost_model,random_forest,isotonic,10,3,160,40,11,0.9983131868131868,0.8928571428571428,37.165,,None,,None,sqrt,1
low_cost_model,random_forest,isotonic,10,4,160,40,11,0.9996565934065934,0.9861196027562503,37.842,,balanced,,None,sqrt,1
low_cost_model,random_forest,isotonic,11,0,160,40,11,0.9922728937728938,0.9847249196504229,34.728,,None,,3,sqrt,1
low_cost_model,random_forest,isotonic,11,1,160,40,11,0.9927884615384616,0.9826465100015455,35.14,,balanced,,3,sqrt,1
low_cost_model,random_forest,isotonic,11,2,160,40,11,0.9969093406593407,0.9655000312583082,35.911,,balanced,,3,sqrt,1
low_cost_model,random_forest,isotonic,11,3,160,40,11,0.9934752747252747,0.9895595770519678,40.108,,None,,3,sqrt,1
low_cost_model,random_forest,isotonic,11,4,160,40,11,0.9955357142857143,0.9557978554392924,37.994,,balanced,,None,sqrt,1
low_cost_model,random_forest,isotonic,12,0,160,40,11,0.9919798534798535,0.9940161394834397,36.389,,balanced,,3,sqrt,1
low_cost_model,random_forest,isotonic,12,1,160,40,11,0.995959706959707,0.9620805025762215,37.141,,balanced,,3,sqrt,5
low_cost_model,random_forest,isotonic,12,2,160,40,11,0.9979496336996337,0.9729879594423321,35.979,,balanced,,None,sqrt,1
low_cost_model,random_forest,isotonic,12,3,160,40,11,0.9958791208791209,0.9455528188349218,34.412,,None,,3,sqrt,1
low_cost_model,random_forest,isotonic,12,4,160,40,11,0.9948690476190476,1.0,36.446,,None,,3,sqrt,1
low_cost_model,random_forest,isotonic,13,0,160,40,11,0.9976062271062272,0.9947196620583717,36.543,,balanced,,None,sqrt,1
low_cost_model,random_forest,isotonic,13,1,160,40,11,0.9962728937728937,0.9448175356387106,36.92,,balanced,,None,sqrt,1
low_cost_model,random_forest,isotonic,13,2,160,40,11,0.9910000000000001,1.0,38.452,,None,,3,sqrt,1
low_cost_model,random_forest,isotonic,13,3,160,40,11,0.9922225274725275,0.9095509893455099,37.622,,balanced,,None,sqrt,1
low_cost_model,random_forest,isotonic,13,4,160,40,11,0.9969093406593407,0.9644887491054716,36.51,,None,,3,sqrt,1
low_cost_model,random_forest,isotonic,14,0,160,40,11,0.9976465201465201,0.8928073483587335,35.283,,balanced,,None,sqrt,1
low_cost_model,random_forest,isotonic,14,1,160,40,11,0.9927884615384616,0.9755624208502807,36.097,,None,,3,sqrt,1
low_cost_model,random_forest,isotonic,14,2,160,40,11,0.9939194139194139,0.9798045890324855,36.057,,balanced,,3,sqrt,1
low_cost_model,random_forest,isotonic,14,3,160,40,11,0.9976062271062272,1.0,34.833,,None,,None,sqrt,1
low_cost_model,random_forest,isotonic,14,4,160,40,11,0.9969697802197802,0.9557164066766802,38.886,,None,,3,sqrt,1
low_cost_model,random_forest,isotonic,15,0,160,40,11,0.9969597069597069,0.9380434782608695,40.525,,balanced,,None,sqrt,1
low_cost_model,random_forest,isotonic,15,1,160,40,11,0.9986666666666667,0.9882116390362196,39.887,,None,,3,sqrt,1
low_cost_model,random_forest,isotonic,15,2,160,40,11,0.996919413919414,0.9823308812923698,40.454,,None,,None,sqrt,1
low_cost_model,random_forest,isotonic,15,3,160,40,11,0.9945860805860806,0.9578087964182249,36.269,,None,,None,sqrt,1
low_cost_model,random_forest,isotonic,15,4,160,40,11,0.9941620879120879,0.9800319809721252,39.472,,balanced,,None,sqrt,1
low_cost_model,random_forest,isotonic,16,0,160,40,11,0.9962728937728937,0.95135523806932,36.799,,balanced,,3,sqrt,5
low_cost_model,random_forest,isotonic,16,1,160,40,11,0.9956163003663003,0.9264378996998174,38.301,,None,,None,sqrt,1
low_cost_model,random_forest,isotonic,16,2,160,40,11,0.9986364468864469,0.9812818356724704,34.429,,None,,3,sqrt,1
low_cost_model,random_forest,isotonic,16,3,160,40,11,0.9931318681318682,0.957034151191883,38.259,,balanced,,None,sqrt,1
low_cost_model,random_forest,isotonic,16,4,160,40,11,0.9993131868131868,0.9033018867924528,38.114,,None,,None,sqrt,1
low_cost_model,random_forest,isotonic,17,0,160,40,11,0.9914652014652015,0.9345469652151098,35.655,,None,,3,sqrt,1
low_cost_model,random_forest,isotonic,17,1,160,40,11,0.9938186813186813,0.9143243194909532,36.251,,None,,3,sqrt,1
low_cost_model,random_forest,isotonic,17,2,160,40,11,1.0,1.0,37.578,,None,,3,sqrt,1
low_cost_model,random_forest,isotonic,17,3,160,40,11,0.992445054945055,0.9835526315789473,36.57,,balanced,,None,sqrt,1
low_cost_model,random_forest,isotonic,17,4,160,40,11,0.9921620879120879,0.8881528255117419,35.224,,None,,None,sqrt,1
low_cost_model,random_forest,isotonic,18,0,160,40,11,0.9929093406593407,0.9817692287939,34.568,,None,,3,sqrt,1
low_cost_model,random_forest,isotonic,18,1,160,40,11,0.9972930402930403,0.9338659568875097,38.013,,balanced,,None,sqrt,1
low_cost_model,random_forest,isotonic,18,2,160,40,11,0.9919395604395604,0.9950172054608466,41.4,,balanced,,3,sqrt,1
low_cost_model,random_forest,isotonic,18,3,160,40,11,0.9962225274725274,0.9886597405675221,38.538,,balanced,,3,sqrt,1
low_cost_model,random_forest,isotonic,18,4,160,40,11,0.9952225274725274,0.9751101293774401,34.942,,None,,None,sqrt,1
low_cost_model,random_forest,isotonic,19,0,160,40,11,0.989485347985348,1.0,40.656,,balanced,,None,sqrt,1
low_cost_model,random_forest,isotonic,19,1,160,40,11,0.9958891941391942,0.9848264265753458,42.008,,balanced,,None,sqrt,1
low_cost_model,random_forest,isotonic,19,2,160,40,11,0.9983333333333333,1.0,41.471,,balanced,,None,sqrt,1
low_cost_model,random_forest,isotonic,19,3,160,40,11,0.9900412087912088,0.9049309318893314,38.349,,None,,None,sqrt,1
low_cost_model,random_forest,isotonic,19,4,160,40,11,0.9972527472527473,0.9132131657005322,34.572,,None,,None,sqrt,1
low_cost_model,logreg,none,0,0,160,40,11,0.9885457875457876,0.7266792506041748,1.113,3.0,balanced,,,,
low_cost_model,logreg,none,0,1,160,40,11,0.9860815018315018,0.7029669655113461,0.979,3.0,balanced,,,,
low_cost_model,logreg,none,0,2,160,40,11,0.9969496336996337,0.8372215161402614,1.007,3.0,None,,,,
low_cost_model,logreg,none,0,3,160,40,11,0.983970695970696,0.4410941186895163,0.962,0.3,None,,,,
low_cost_model,logreg,none,0,4,160,40,11,0.9946666666666667,0.45893764738070597,1.069,0.01,None,,,,
low_cost_model,logreg,none,1,0,160,40,11,0.9821428571428572,0.46569152278841214,1.001,0.3,balanced,,,,
low_cost_model,logreg,none,1,1,160,40,11,0.9842426739926741,0.4840055682279363,0.953,0.1,balanced,,,,
low_cost_model,logreg,none,1,2,160,40,11,0.9893543956043956,0.6218398898399737,0.974,1.0,None,,,,
low_cost_model,logreg,none,1,3,160,40,11,0.9880815018315019,0.7817904766776806,0.939,3.0,None,,,,
low_cost_model,logreg,none,1,4,160,40,11,0.992445054945055,0.4789258436670937,0.927,0.3,None,,,,
low_cost_model,logreg,none,2,0,160,40,11,0.9857179487179487,0.561993990372085,1.005,1.0,None,,,,
low_cost_model,logreg,none,2,1,160,40,11,0.9861721611721612,0.5996814664758576,0.969,1.0,balanced,,,,
low_cost_model,logreg,none,2,2,160,40,11,0.9931318681318682,0.47357556747488716,0.953,0.3,balanced,,,,
low_cost_model,logreg,none,2,3,160,40,11,0.9959395604395604,0.7780816391899095,0.975,3.0,None,,,,
low_cost_model,logreg,none,2,4,160,40,11,0.9860512820512821,0.8514682090687982,0.991,3.0,None,,,,
low_cost_model,logreg,none,3,0,160,40,11,0.984253663003663,0.6629456971483292,0.947,0.3,None,,,,
low_cost_model,logreg,none,3,1,160,40,11,0.991919413919414,0.6698854553262522,0.95,3.0,None,,,,
low_cost_model,logreg,none,3,2,160,40,11,0.9777179487179487,0.4471885083843915,0.976,0.03,None,,,,
low_cost_model,logreg,none,3,3,160,40,11,0.9952527472527473,0.5617751188351519,0.947,1.0,None,,,,
low_cost_model,logreg,none,3,4,160,40,11,0.9936465201465201,0.3853367594824649,0.956,0.03,balanced,,,,
low_cost_model,logreg,none,4,0,160,40,11,0.9854148351648352,0.5558540190750509,0.997,0.3,None,,,,
low_cost_model,logreg,none,4,1,160,40,11,0.9858287545787545,0.5168681665036049,0.982,1.0,balanced,,,,
low_cost_model,logreg,none,4,2,160,40,11,0.9894047619047619,0.707598991116041,1.002,3.0,None,,,,
low_cost_model,logreg,none,4,3,160,40,11,0.990404761904762,0.6929473282975899,0.963,3.0,None,,,,
low_cost_model,logreg,none,4,4,160,40,11,0.9873342490842489,0.5457243844535195,0.965,0.3,None,,,,
low_cost_model,logreg,none,5,0,160,40,11,0.9923031135531135,0.5650540711265983,0.894,0.3,None,,,,
low_cost_model,logreg,none,5,1,160,40,11,0.9979798534798535,0.7735206110982162,0.924,3.0,None,,,,
low_cost_model,logreg,none,5,2,160,40,11,0.992445054945055,0.682842824868482,0.924,3.0,None,,,,
low_cost_model,logreg,none,5,3,160,40,11,0.9905054945054945,0.5307220203389413,0.909,3.0,balanced,,,,
low_cost_model,logreg,none,5,4,160,40,11,0.981253663003663,0.5463886385757567,0.935,0.3,None,,,,
low_cost_model,logreg,none,6,0,160,40,11,0.9898589743589744,0.6480600498706296,0.95,3.0,balanced,,,,
low_cost_model,logreg,none,6,1,160,40,11,0.9838589743589745,0.6966770753364206,0.95,3.0,None,,,,
low_cost_model,logreg,none,6,2,160,40,11,0.992,0.4976517984733865,0.981,0.1,None,,,,
low_cost_model,logreg,none,6,3,160,40,11,0.989919413919414,0.7439544316501688,0.983,3.0,None,,,,
low_cost_model,logreg,none,6,4,160,40,11,0.9896978021978022,0.4630576049949103,1.035,0.1,None,,,,
low_cost_model,logreg,none,7,0,160,40,11,0.9895054945054945,0.4931278378797908,0.923,0.3,None,,,,
low_cost_model,logreg,none,7,1,160,40,11,0.9835558608058608,0.7619357858648255,0.938,3.0,None,,,,
low_cost_model,logreg,none,7,2,160,40,11,0.9866666666666667,0.568064066398618,0.912,1.0,balanced,,,,
low_cost_model,logreg,none,7,3,160,40,11,0.9917582417582418,0.4839994754594176,0.917,3.0,balanced,,,,
low_cost_model,logreg,none,7,4,160,40,11,0.994242673992674,0.4393966990011815,0.961,0.3,balanced,,,,
low_cost_model,logreg,none,8,0,160,40,11,0.9945860805860807,0.8816813316233889,0.972,3.0,None,,,,
low_cost_model,logreg,none,8,1,160,40,11,0.9863443223443225,0.653864609032749,0.993,1.0,None,,,,
low_cost_model,logreg,none,8,2,160,40,11,0.9902628205128206,0.817226851869263,0.958,3.0,None,,,,
low_cost_model,logreg,none,8,3,160,40,11,0.9891318681318682,0.7496227244953202,0.946,3.0,None,,,,
low_cost_model,logreg,none,8,4,160,40,11,0.9928891941391942,0.4288313528522249,0.996,0.3,balanced,,,,
low_cost_model,logreg,none,9,0,160,40,11,0.982253663003663,0.6881630133718171,1.009,3.0,balanced,,,,
low_cost_model,logreg,none,9,1,160,40,11,0.9928287545787546,0.7070142812820154,0.979,3.0,None,,,,
low_cost_model,logreg,none,9,2,160,40,11,0.9969093406593407,0.8286331156589036,0.985,3.0,None,,,,
low_cost_model,logreg,none,9,3,160,40,11,0.9891520146520147,0.456007097063186,0.988,0.1,None,,,,
low_cost_model,logreg,none,9,4,160,40,11,0.986848901098901,0.7395910430966243,1.06,3.0,None,,,,
low_cost_model,logreg,none,10,0,160,40,11,0.9815760073260074,0.5243787658285014,0.94,0.1,None,,,,
low_cost_model,logreg,none,10,1,160,40,11,0.9933131868131868,0.7495112993363406,0.93,3.0,balanced,,,,
low_cost_model,logreg,none,10,2,160,40,11,0.9833241758241758,0.744914289382131,0.932,3.0,None,,,,
low_cost_model,logreg,none,10,3,160,40,11,0.9894249084249085,0.6148902030947327,0.91,1.0,None,,,,
low_cost_model,logreg,none,10,4,160,40,11,0.998282967032967,0.8093374421946907,0.93,3.0,None,,,,
low_cost_model,logreg,none,11,0,160,40,11,0.9888992673992674,0.7298990759803641,0.983,3.0,balanced,,,,
low_cost_model,logreg,none,11,1,160,40,11,0.9845467032967032,0.44529212463053686,0.974,0.3,balanced,,,,
low_cost_model,logreg,none,11,2,160,40,11,0.9948489010989011,0.5494627401372102,0.976,3.0,balanced,,,,
low_cost_model,logreg,none,11,3,160,40,11,0.9989697802197802,0.8070704912602287,1.018,3.0,None,,,,
low_cost_model,logreg,none,11,4,160,40,11,0.9900412087912088,0.5496241731423123,0.998,3.0,None,,,,
low_cost_model,logreg,none,12,0,160,40,11,0.976,0.5616675916282238,0.928,0.1,None,,,,
low_cost_model,logreg,none,12,1,160,40,11,0.9898791208791209,0.6006110092964125,0.93,3.0,balanced,,,,
low_cost_model,logreg,none,12,2,160,40,11,0.9866565934065935,0.42913861852502583,0.933,0.3,balanced,,,,
low_cost_model,logreg,none,12,3,160,40,11,0.9945054945054945,0.7342153946460399,0.957,3.0,balanced,,,,
low_cost_model,logreg,none,12,4,160,40,11,0.9893745421245421,0.40735254829334655,0.996,0.1,balanced,,,,
low_cost_model,logreg,none,13,0,160,40,11,0.9962326007326008,0.7323189173689046,1.068,3.0,balanced,,,,
low_cost_model,logreg,none,13,1,160,40,11,0.987485347985348,0.3975119111836391,1.037,1.0,balanced,,,,
low_cost_model,logreg,none,13,2,160,40,11,0.9926666666666667,0.576885381013367,1.094,0.3,None,,,,
low_cost_model,logreg,none,13,3,160,40,11,0.9948489010989011,0.5550650469873283,1.066,3.0,balanced,,,,
low_cost_model,logreg,none,13,4,160,40,11,0.9880815018315019,0.8202483388371538,1.067,3.0,None,,,,
low_cost_model,logreg,none,14,0,160,40,11,0.9936263736263736,0.5708554303251384,1.016,3.0,None,,,,
low_cost_model,logreg,none,14,1,160,40,11,0.9790521978021978,0.48929855977577114,1.017,0.03,None,,,,
low_cost_model,logreg,none,14,2,160,40,11,0.9884652014652014,0.5722398673474038,0.989,1.0,None,,,,
low_cost_model,logreg,none,14,3,160,40,11,0.9852637362637363,0.6268672865300554,0.974,1.0,None,,,,
low_cost_model,logreg,none,14,4,160,40,11,0.9915760073260074,0.3948963565947822,0.987,0.1,balanced,,,,
low_cost_model,logreg,none,15,0,160,40,11,0.9909597069597069,0.4999839344460686,0.999,1.0,balanced,,,,
low_cost_model,logreg,none,15,1,160,40,11,0.9946666666666668,0.7203845465929953,1.027,3.0,None,,,,
low_cost_model,logreg,none,15,2,160,40,11,0.9935457875457876,0.8663113166463616,1.0,3.0,None,,,,
low_cost_model,logreg,none,15,3,160,40,11,0.9898791208791209,0.6020138718926491,0.995,1.0,None,,,,
low_cost_model,logreg,none,15,4,160,40,11,0.9889093406593407,0.5180315375662362,1.006,0.1,None,,,,
low_cost_model,logreg,none,16,0,160,40,11,0.9894047619047619,0.37516061411802437,0.945,0.1,balanced,,,,
low_cost_model,logreg,none,16,1,160,40,11,0.9792335164835164,0.6585460250159811,0.954,3.0,None,,,,
low_cost_model,logreg,none,16,2,160,40,11,0.9901822344322344,0.599411776402263,0.932,0.3,None,,,,
low_cost_model,logreg,none,16,3,160,40,11,0.9896978021978022,0.8107831149320266,0.939,3.0,None,,,,
low_cost_model,logreg,none,16,4,160,40,11,0.9958791208791209,0.620500083681325,0.935,1.0,None,,,,
low_cost_model,logreg,none,17,0,160,40,11,0.9900714285714286,0.6215423699853078,0.996,3.0,None,,,,
low_cost_model,logreg,none,17,1,160,40,11,0.9835164835164836,0.7064521340564904,0.987,3.0,None,,,,
low_cost_model,logreg,none,17,2,160,40,11,0.9951923076923077,0.7652870904556064,0.995,1.0,None,,,,
low_cost_model,logreg,none,17,3,160,40,11,0.9845467032967032,0.713549266606598,0.981,3.0,None,,,,
low_cost_model,logreg,none,17,4,160,40,11,0.9887078754578755,0.6695843461498873,1.024,3.0,balanced,,,,
low_cost_model,logreg,none,18,0,160,40,11,0.9915760073260074,0.7061368234573404,0.939,3.0,balanced,,,,
low_cost_model,logreg,none,18,1,160,40,11,0.9952527472527473,0.6700811199664124,0.937,1.0,None,,,,
low_cost_model,logreg,none,18,2,160,40,11,0.9853333333333334,0.42245768354859825,0.959,0.03,balanced,,,,
low_cost_model,logreg,none,18,3,160,40,11,0.9975961538461539,0.7544222905743622,0.944,3.0,None,,,,
low_cost_model,logreg,none,18,4,160,40,11,0.9851217948717947,0.6176083159107956,0.97,3.0,balanced,,,,
low_cost_model,logreg,none,19,0,160,40,11,0.9885760073260074,0.636929938067202,1.012,3.0,None,,,,
low_cost_model,logreg,none,19,1,160,40,11,0.987808608058608,0.682536116447149,0.984,3.0,balanced,,,,
low_cost_model,logreg,none,19,2,160,40,11,0.989,0.7774619829480143,0.974,3.0,None,,,,
low_cost_model,logreg,none,19,3,160,40,11,0.9886675824175823,0.7572243337497101,1.031,3.0,None,,,,
low_cost_model,logreg,none,19,4,160,40,11,0.9890915750915752,0.6571334269456593,1.008,3.0,balanced,,,,
low_cost_model,logreg,sigmoid,0,0,160,40,11,0.9885457875457876,0.6469589851783222,1.577,3.0,balanced,,,,
low_cost_model,logreg,sigmoid,0,1,160,40,11,0.9860815018315018,0.6114931983218725,1.513,3.0,balanced,,,,
low_cost_model,logreg,sigmoid,0,2,160,40,11,0.9969496336996337,0.6616344899906237,1.48,3.0,None,,,,
low_cost_model,logreg,sigmoid,0,3,160,40,11,0.983970695970696,0.5374498717365563,1.514,0.3,None,,,,
low_cost_model,logreg,sigmoid,0,4,160,40,11,0.9946666666666667,0.6062819338499945,1.489,0.01,None,,,,
low_cost_model,logreg,sigmoid,1,0,160,40,11,0.9821428571428572,0.6270043740781999,1.418,0.3,balanced,,,,
low_cost_model,logreg,sigmoid,1,1,160,40,11,0.9842426739926741,0.6948028352366693,1.473,0.1,balanced,,,,
low_cost_model,logreg,sigmoid,1,2,160,40,11,0.9893543956043956,0.5948052410454017,1.493,1.0,None,,,,
low_cost_model,logreg,sigmoid,1,3,160,40,11,0.9880815018315019,0.67131776210309,1.479,3.0,None,,,,
low_cost_model,logreg,sigmoid,1,4,160,40,11,0.992445054945055,0.5761061217187109,1.373,0.3,None,,,,
low_cost_model,logreg,sigmoid,2,0,160,40,11,0.9857179487179487,0.5616416998353349,1.433,1.0,None,,,,
low_cost_model,logreg,sigmoid,2,1,160,40,11,0.9861721611721612,0.6588183176350896,1.488,1.0,balanced,,,,
low_cost_model,logreg,sigmoid,2,2,160,40,11,0.9931318681318682,0.6432597723697168,1.439,0.3,balanced,,,,
low_cost_model,logreg,sigmoid,2,3,160,40,11,0.9959395604395604,0.6598399647037617,1.448,3.0,None,,,,
low_cost_model,logreg,sigmoid,2,4,160,40,11,0.9860512820512821,0.7357205654456537,1.395,3.0,None,,,,
low_cost_model,logreg,sigmoid,3,0,160,40,11,0.984253663003663,0.7248842397030394,1.323,0.3,None,,,,
low_cost_model,logreg,sigmoid,3,1,160,40,11,0.991919413919414,0.6106067919031446,1.344,3.0,None,,,,
low_cost_model,logreg,sigmoid,3,2,160,40,11,0.9777179487179487,0.6045035842430223,1.312,0.03,None,,,,
low_cost_model,logreg,sigmoid,3,3,160,40,11,0.9952527472527473,0.6047761651168807,1.325,1.0,None,,,,
low_cost_model,logreg,sigmoid,3,4,160,40,11,0.9936465201465201,0.5963760995568361,1.339,0.03,balanced,,,,
low_cost_model,logreg,sigmoid,4,0,160,40,11,0.9854148351648352,0.6365092630958941,1.431,0.3,None,,,,
low_cost_model,logreg,sigmoid,4,1,160,40,11,0.9858287545787545,0.5756741727285902,1.489,1.0,balanced,,,,
low_cost_model,logreg,sigmoid,4,2,160,40,11,0.9894047619047619,0.5659389526024365,1.445,3.0,None,,,,
low_cost_model,logreg,sigmoid,4,3,160,40,11,0.990404761904762,0.5924410357857182,1.383,3.0,None,,,,
low_cost_model,logreg,sigmoid,4,4,160,40,11,0.9873342490842489,0.6334665990958318,1.404,0.3,None,,,,
low_cost_model,logreg,sigmoid,5,0,160,40,11,0.9923031135531135,0.6830172390845928,1.338,0.3,None,,,,
low_cost_model,logreg,sigmoid,5,1,160,40,11,0.9979798534798535,0.6108619358021551,1.342,3.0,None,,,,
low_cost_model,logreg,sigmoid,5,2,160,40,11,0.992445054945055,0.6108912922689231,1.343,3.0,None,,,,
low_cost_model,logreg,sigmoid,5,3,160,40,11,0.9905054945054945,0.5570615596037549,1.335,3.0,balanced,,,,
low_cost_model,logreg,sigmoid,5,4,160,40,11,0.981253663003663,0.6295932426065711,1.308,0.3,None,,,,
low_cost_model,logreg,sigmoid,6,0,160,40,11,0.9898589743589744,0.6209824755426496,1.513,3.0,balanced,,,,
low_cost_model,logreg,sigmoid,6,1,160,40,11,0.9838589743589745,0.590050113422731,1.437,3.0,None,,,,
low_cost_model,logreg,sigmoid,6,2,160,40,11,0.992,0.6547541064436959,1.47,0.1,None,,,,
low_cost_model,logreg,sigmoid,6,3,160,40,11,0.989919413919414,0.6530928226180095,1.402,3.0,None,,,,
low_cost_model,logreg,sigmoid,6,4,160,40,11,0.9896978021978022,0.5908340862537431,1.498,0.1,None,,,,
low_cost_model,logreg,sigmoid,7,0,160,40,11,0.9895054945054945,0.5707863742759999,1.388,0.3,None,,,,
low_cost_model,logreg,sigmoid,7,1,160,40,11,0.9835558608058608,0.5812366073070315,1.458,3.0,None,,,,
low_cost_model,logreg,sigmoid,7,2,160,40,11,0.9866666666666667,0.6229061238452592,1.48,1.0,balanced,,,,
low_cost_model,logreg,sigmoid,7,3,160,40,11,0.9917582417582418,0.5848851280141805,1.402,3.0,balanced,,,,
low_cost_model,logreg,sigmoid,7,4,160,40,11,0.994242673992674,0.616346987478091,1.975,0.3,balanced,,,,
low_cost_model,logreg,sigmoid,8,0,160,40,11,0.9945860805860807,0.7198394699407118,1.51,3.0,None,,,,
low_cost_model,logreg,sigmoid,8,1,160,40,11,0.9863443223443225,0.6407987822898946,1.673,1.0,None,,,,
low_cost_model,logreg,sigmoid,8,2,160,40,11,0.9902628205128206,0.6866948643997238,1.484,3.0,None,,,,
low_cost_model,logreg,sigmoid,8,3,160,40,11,0.9891318681318682,0.6095593301252513,1.592,3.0,None,,,,
low_cost_model,logreg,sigmoid,8,4,160,40,11,0.9928891941391942,0.6025613061866725,1.871,0.3,balanced,,,,
low_cost_model,logreg,sigmoid,9,0,160,40,11,0.982253663003663,0.607972127416696,1.47,3.0,balanced,,,,
low_cost_model,logreg,sigmoid,9,1,160,40,11,0.9928287545787546,0.617794336053054,1.4,3.0,None,,,,
low_cost_model,logreg,sigmoid,9,2,160,40,11,0.9969093406593407,0.6833392243796927,1.428,3.0,None,,,,
low_cost_model,logreg,sigmoid,9,3,160,40,11,0.9891520146520147,0.6071532668747561,1.486,0.1,None,,,,
low_cost_model,logreg,sigmoid,9,4,160,40,11,0.986848901098901,0.6257854817401378,1.902,3.0,None,,,,
low_cost_model,logreg,sigmoid,10,0,160,40,11,0.9815760073260074,0.6553930872913932,1.329,0.1,None,,,,
low_cost_model,logreg,sigmoid,10,1,160,40,11,0.9933131868131868,0.6525907872504709,1.341,3.0,balanced,,,,
low_cost_model,logreg,sigmoid,10,2,160,40,11,0.9833241758241758,0.609254716103453,1.324,3.0,None,,,,
low_cost_model,logreg,sigmoid,10,3,160,40,11,0.9894249084249085,0.6183805876105132,1.327,1.0,None,,,,
low_cost_model,logreg,sigmoid,10,4,160,40,11,0.998282967032967,0.6990170049217651,1.385,3.0,None,,,,
low_cost_model,logreg,sigmoid,11,0,160,40,11,0.9888992673992674,0.6628701983374246,1.531,3.0,balanced,,,,
low_cost_model,logreg,sigmoid,11,1,160,40,11,0.9845467032967032,0.605770925028194,1.425,0.3,balanced,,,,
low_cost_model,logreg,sigmoid,11,2,160,40,11,0.9948489010989011,0.5608212107346979,1.491,3.0,balanced,,,,
low_cost_model,logreg,sigmoid,11,3,160,40,11,0.9989697802197802,0.6824447692228583,2.028,3.0,None,,,,
low_cost_model,logreg,sigmoid,11,4,160,40,11,0.9900412087912088,0.5907075388523607,1.916,3.0,None,,,,
low_cost_model,logreg,sigmoid,12,0,160,40,11,0.976,0.709311755675767,1.344,0.1,None,,,,
low_cost_model,logreg,sigmoid,12,1,160,40,11,0.9898791208791209,0.5960843913973779,1.359,3.0,balanced,,,,
low_cost_model,logreg,sigmoid,12,2,160,40,11,0.9866565934065935,0.6052702378656567,1.326,0.3,balanced,,,,
low_cost_model,logreg,sigmoid,12,3,160,40,11,0.9945054945054945,0.6601061242976058,1.348,3.0,balanced,,,,
low_cost_model,logreg,sigmoid,12,4,160,40,11,0.9893745421245421,0.6165676323077742,1.436,0.1,balanced,,,,
low_cost_model,logreg,sigmoid,13,0,160,40,11,0.9962326007326008,0.6682019346576022,1.385,3.0,balanced,,,,
low_cost_model,logreg,sigmoid,13,1,160,40,11,0.987485347985348,0.5146679041553069,1.445,1.0,balanced,,,,
low_cost_model,logreg,sigmoid,13,2,160,40,11,0.9926666666666667,0.671884685521642,1.849,0.3,None,,,,
low_cost_model,logreg,sigmoid,13,3,160,40,11,0.9948489010989011,0.5753292311539898,1.492,3.0,balanced,,,,
low_cost_model,logreg,sigmoid,13,4,160,40,11,0.9880815018315019,0.6713531587740633,1.376,3.0,None,,,,
low_cost_model,logreg,sigmoid,14,0,160,40,11,0.9936263736263736,0.5542826840610627,1.328,3.0,None,,,,
low_cost_model,logreg,sigmoid,14,1,160,40,11,0.9790521978021978,0.6865181876261582,1.368,0.03,None,,,,
low_cost_model,logreg,sigmoid,14,2,160,40,11,0.9884652014652014,0.5919694497130593,1.395,1.0,None,,,,
low_cost_model,logreg,sigmoid,14,3,160,40,11,0.9852637362637363,0.611081582138496,1.374,1.0,None,,,,
low_cost_model,logreg,sigmoid,14,4,160,40,11,0.9915760073260074,0.5980485154753767,1.414,0.1,balanced,,,,
low_cost_model,logreg,sigmoid,15,0,160,40,11,0.9909597069597069,0.5867063933176029,1.88,1.0,balanced,,,,
low_cost_model,logreg,sigmoid,15,1,160,40,11,0.9946666666666668,0.6085261898991747,1.935,3.0,None,,,,
low_cost_model,logreg,sigmoid,15,2,160,40,11,0.9935457875457876,0.69791301437582,2.015,3.0,None,,,,
low_cost_model,logreg,sigmoid,15,3,160,40,11,0.9898791208791209,0.6230946137224703,1.843,1.0,None,,,,
low_cost_model,logreg,sigmoid,15,4,160,40,11,0.9889093406593407,0.6709931141592258,1.493,0.1,None,,,,
low_cost_model,logreg,sigmoid,16,0,160,40,11,0.9894047619047619,0.5643954417649134,1.932,0.1,balanced,,,,
low_cost_model,logreg,sigmoid,16,1,160,40,11,0.9792335164835164,0.581826533117317,1.99,3.0,None,,,,
low_cost_model,logreg,sigmoid,16,2,160,40,11,0.9901822344322344,0.668488731179597,1.963,0.3,None,,,,
low_cost_model,logreg,sigmoid,16,3,160,40,11,0.9896978021978022,0.675017281422423,1.698,3.0,None,,,,
low_cost_model,logreg,sigmoid,16,4,160,40,11,0.9958791208791209,0.6224809215083695,1.456,1.0,None,,,,
low_cost_model,logreg,sigmoid,17,0,160,40,11,0.9900714285714286,0.5426737928260941,1.926,3.0,None,,,,
low_cost_model,logreg,sigmoid,17,1,160,40,11,0.9835164835164836,0.6034442116212432,1.872,3.0,None,,,,
low_cost_model,logreg,sigmoid,17,2,160,40,11,0.9951923076923077,0.7231497783532697,1.927,1.0,None,,,,
low_cost_model,logreg,sigmoid,17,3,160,40,11,0.9845467032967032,0.6079598182002923,1.667,3.0,None,,,,
low_cost_model,logreg,sigmoid,17,4,160,40,11,0.9887078754578755,0.6303734112608276,1.409,3.0,balanced,,,,
low_cost_model,logreg,sigmoid,18,0,160,40,11,0.9915760073260074,0.6235834033368937,1.622,3.0,balanced,,,,
low_cost_model,logreg,sigmoid,18,1,160,40,11,0.9952527472527473,0.6546732245565774,1.677,1.0,None,,,,
low_cost_model,logreg,sigmoid,18,2,160,40,11,0.9853333333333334,0.6312917431415653,1.669,0.03,balanced,,,,
low_cost_model,logreg,sigmoid,18,3,160,40,11,0.9975961538461539,0.6465922632613058,1.681,3.0,None,,,,
low_cost_model,logreg,sigmoid,18,4,160,40,11,0.9851217948717947,0.6032554773669111,1.556,3.0,balanced,,,,
low_cost_model,logreg,sigmoid,19,0,160,40,11,0.9885760073260074,0.5563110358334349,1.817,3.0,None,,,,
low_cost_model,logreg,sigmoid,19,1,160,40,11,0.987808608058608,0.6292458070229591,1.939,3.0,balanced,,,,
low_cost_model,logreg,sigmoid,19,2,160,40,11,0.989,0.6424262853213849,1.681,3.0,None,,,,
low_cost_model,logreg,sigmoid,19,3,160,40,11,0.9886675824175823,0.6176819367755617,1.445,3.0,None,,,,
low_cost_model,logreg,sigmoid,19,4,160,40,11,0.9890915750915752,0.6269452124563981,1.488,3.0,balanced,,,,
low_cost_model,logreg,isotonic,0,0,160,40,11,0.9885457875457876,0.9306500763639863,1.342,3.0,balanced,,,,
low_cost_model,logreg,isotonic,0,1,160,40,11,0.9860815018315018,0.86599452714733,1.41,3.0,balanced,,,,
low_cost_model,logreg,isotonic,0,2,160,40,11,0.9969496336996337,1.0,1.376,3.0,None,,,,
low_cost_model,logreg,isotonic,0,3,160,40,11,0.983970695970696,0.8600582550544864,1.334,0.3,None,,,,
low_cost_model,logreg,isotonic,0,4,160,40,11,0.9946666666666667,0.9996422577613648,1.293,0.01,None,,,,
low_cost_model,logreg,isotonic,1,0,160,40,11,0.9821428571428572,0.9979486161929507,1.395,0.3,balanced,,,,
low_cost_model,logreg,isotonic,1,1,160,40,11,0.9842426739926741,0.9872767932175954,1.323,0.1,balanced,,,,
low_cost_model,logreg,isotonic,1,2,160,40,11,0.9893543956043956,0.964617645782208,1.287,1.0,None,,,,
low_cost_model,logreg,isotonic,1,3,160,40,11,0.9880815018315019,0.9589521445077028,1.293,3.0,None,,,,
low_cost_model,logreg,isotonic,1,4,160,40,11,0.992445054945055,0.8622706278791088,1.339,0.3,None,,,,
low_cost_model,logreg,isotonic,2,0,160,40,11,0.9857179487179487,0.8578698420894393,1.477,1.0,None,,,,
low_cost_model,logreg,isotonic,2,1,160,40,11,0.9861721611721612,0.9491148067848468,1.393,1.0,balanced,,,,
low_cost_model,logreg,isotonic,2,2,160,40,11,0.9931318681318682,0.9444919453352896,1.45,0.3,balanced,,,,
low_cost_model,logreg,isotonic,2,3,160,40,11,0.9959395604395604,0.9972336234626784,1.367,3.0,None,,,,
low_cost_model,logreg,isotonic,2,4,160,40,11,0.9860512820512821,0.9808719659544618,1.392,3.0,None,,,,
low_cost_model,logreg,isotonic,3,0,160,40,11,0.984253663003663,0.9722886942846762,1.71,0.3,None,,,,
low_cost_model,logreg,isotonic,3,1,160,40,11,0.991919413919414,0.9672138161851833,1.487,3.0,None,,,,
low_cost_model,logreg,isotonic,3,2,160,40,11,0.9777179487179487,0.8284743682753943,1.504,0.03,None,,,,
low_cost_model,logreg,isotonic,3,3,160,40,11,0.9952527472527473,0.9503496680060193,1.501,1.0,None,,,,
low_cost_model,logreg,isotonic,3,4,160,40,11,0.9936465201465201,0.9475116107715922,1.512,0.03,balanced,,,,
low_cost_model,logreg,isotonic,4,0,160,40,11,0.9854148351648352,0.9818860736647479,1.424,0.3,None,,,,
low_cost_model,logreg,isotonic,4,1,160,40,11,0.9858287545787545,0.8118991491705562,1.409,1.0,balanced,,,,
low_cost_model,logreg,isotonic,4,2,160,40,11,0.9894047619047619,0.8757518678011242,1.421,3.0,None,,,,
low_cost_model,logreg,isotonic,4,3,160,40,11,0.990404761904762,0.9159402493291233,1.398,3.0,None,,,,
low_cost_model,logreg,isotonic,4,4,160,40,11,0.9873342490842489,0.8439125097398883,1.354,0.3,None,,,,
low_cost_model,logreg,isotonic,5,0,160,40,11,0.9923031135531135,0.9483238945943128,1.426,0.3,None,,,,
low_cost_model,logreg,isotonic,5,1,160,40,11,0.9979798534798535,0.87846552520994,1.385,3.0,None,,,,
low_cost_model,logreg,isotonic,5,2,160,40,11,0.992445054945055,0.9332996969192744,1.391,3.0,None,,,,
low_cost_model,logreg,isotonic,5,3,160,40,11,0.9905054945054945,1.0,1.355,3.0,balanced,,,,
low_cost_model,logreg,isotonic,5,4,160,40,11,0.981253663003663,0.9423953834770643,1.373,0.3,None,,,,
low_cost_model,logreg,isotonic,6,0,160,40,11,0.9898589743589744,0.9529383706849646,1.302,3.0,balanced,,,,
low_cost_model,logreg,isotonic,6,1,160,40,11,0.9838589743589745,0.9357356793189076,1.32,3.0,None,,,,
low_cost_model,logreg,isotonic,6,2,160,40,11,0.992,0.9945888025068342,1.32,0.1,None,,,,
low_cost_model,logreg,isotonic,6,3,160,40,11,0.989919413919414,0.9583653372444957,1.306,3.0,None,,,,
low_cost_model,logreg,isotonic,6,4,160,40,11,0.9896978021978022,0.917614320397724,1.306,0.1,None,,,,
low_cost_model,logreg,isotonic,7,0,160,40,11,0.9895054945054945,0.9592628882076233,1.42,0.3,None,,,,
low_cost_model,logreg,isotonic,7,1,160,40,11,0.9835558608058608,0.9014403748970944,1.395,3.0,None,,,,
low_cost_model,logreg,isotonic,7,2,160,40,11,0.9866666666666667,0.9651350789548094,1.383,1.0,balanced,,,,
low_cost_model,logreg,isotonic,7,3,160,40,11,0.9917582417582418,0.8666488212032624,1.38,3.0,balanced,,,,
low_cost_model,logreg,isotonic,7,4,160,40,11,0.994242673992674,0.9223186936835509,1.38,0.3,balanced,,,,
low_cost_model,logreg,isotonic,8,0,160,40,11,0.9945860805860807,0.9823576160998618,1.32,3.0,None,,,,
low_cost_model,logreg,isotonic,8,1,160,40,11,0.9863443223443225,0.9109972251141861,1.317,1.0,None,,,,
low_cost_model,logreg,isotonic,8,2,160,40,11,0.9902628205128206,0.9522307636603349,1.297,3.0,None,,,,
low_cost_model,logreg,isotonic,8,3,160,40,11,0.9891318681318682,0.936945617563425,1.346,3.0,None,,,,
low_cost_model,logreg,isotonic,8,4,160,40,11,0.9928891941391942,0.944651930409888,1.214,0.3,balanced,,,,
low_cost_model,logreg,isotonic,9,0,160,40,11,0.982253663003663,0.931067764502755,1.295,3.0,balanced,,,,
low_cost_model,logreg,isotonic,9,1,160,40,11,0.9928287545787546,0.9156394555821818,1.319,3.0,None,,,,
low_cost_model,logreg,isotonic,9,2,160,40,11,0.9969093406593407,1.0,1.22,3.0,None,,,,
low_cost_model,logreg,isotonic,9,3,160,40,11,0.9891520146520147,0.9617795743048755,1.219,0.1,None,,,,
low_cost_model,logreg,isotonic,9,4,160,40,11,0.986848901098901,1.0,1.202,3.0,None,,,,
low_cost_model,logreg,isotonic,10,0,160,40,11,0.9815760073260074,0.9107892765771176,1.389,0.1,None,,,,
low_cost_model,logreg,isotonic,10,1,160,40,11,0.9933131868131868,0.9964141337131538,1.744,3.0,balanced,,,,
low_cost_model,logreg,isotonic,10,2,160,40,11,0.9833241758241758,0.9628998283081844,1.896,3.0,None,,,,
low_cost_model,logreg,isotonic,10,3,160,40,11,0.9894249084249085,0.949496838256423,1.692,1.0,None,,,,
low_cost_model,logreg,isotonic,10,4,160,40,11,0.998282967032967,0.9437394885204382,1.722,3.0,None,,,,
low_cost_model,logreg,isotonic,11,0,160,40,11,0.9888992673992674,0.9532965352933453,1.415,3.0,balanced,,,,
low_cost_model,logreg,isotonic,11,1,160,40,11,0.9845467032967032,0.9681416836864782,1.865,0.3,balanced,,,,
low_cost_model,logreg,isotonic,11,2,160,40,11,0.9948489010989011,0.8395099147777811,1.833,3.0,balanced,,,,
low_cost_model,logreg,isotonic,11,3,160,40,11,0.9989697802197802,1.0,1.697,3.0,None,,,,
low_cost_model,logreg,isotonic,11,4,160,40,11,0.9900412087912088,0.8938880415234542,1.749,3.0,None,,,,
low_cost_model,logreg,isotonic,12,0,160,40,11,0.976,0.9658586677410723,1.441,0.1,None,,,,
low_cost_model,logreg,isotonic,12,1,160,40,11,0.9898791208791209,0.9557626514044568,1.866,3.0,balanced,,,,
low_cost_model,logreg,isotonic,12,2,160,40,11,0.9866565934065935,0.8421278254914587,1.76,0.3,balanced,,,,
low_cost_model,logreg,isotonic,12,3,160,40,11,0.9945054945054945,1.0,1.702,3.0,balanced,,,,
low_cost_model,logreg,isotonic,12,4,160,40,11,0.9893745421245421,0.9831392240484714,1.733,0.1,balanced,,,,
low_cost_model,logreg,isotonic,13,0,160,40,11,0.9962326007326008,1.0,1.606,3.0,balanced,,,,
low_cost_model,logreg,isotonic,13,1,160,40,11,0.987485347985348,0.9101853758898615,1.852,1.0,balanced,,,,
low_cost_model,logreg,isotonic,13,2,160,40,11,0.9926666666666667,0.974110856471861,1.825,0.3,None,,,,
low_cost_model,logreg,isotonic,13,3,160,40,11,0.9948489010989011,0.8750594482562503,1.754,3.0,balanced,,,,
low_cost_model,logreg,isotonic,13,4,160,40,11,0.9880815018315019,0.9443466450857456,1.711,3.0,None,,,,
low_cost_model,logreg,isotonic,14,0,160,40,11,0.9936263736263736,0.8611931065516997,1.737,3.0,None,,,,
low_cost_model,logreg,isotonic,14,1,160,40,11,0.9790521978021978,0.9523287340650788,1.868,0.03,None,,,,
low_cost_model,logreg,isotonic,14,2,160,40,11,0.9884652014652014,0.9149573276195007,1.825,1.0,None,,,,
low_cost_model,logreg,isotonic,14,3,160,40,11,0.9852637362637363,0.97595268155964,1.777,1.0,None,,,,
low_cost_model,logreg,isotonic,14,4,160,40,11,0.9915760073260074,0.9115675234982361,1.675,0.1,balanced,,,,
low_cost_model,logreg,isotonic,15,0,160,40,11,0.9909597069597069,0.8554584549629992,1.265,1.0,balanced,,,,
low_cost_model,logreg,isotonic,15,1,160,40,11,0.9946666666666668,0.8949201398246285,1.219,3.0,None,,,,
low_cost_model,logreg,isotonic,15,2,160,40,11,0.9935457875457876,1.0,1.245,3.0,None,,,,
low_cost_model,logreg,isotonic,15,3,160,40,11,0.9898791208791209,0.9706987051718654,1.224,1.0,None,,,,
low_cost_model,logreg,isotonic,15,4,160,40,11,0.9889093406593407,0.9497709772015267,1.234,0.1,None,,,,
low_cost_model,logreg,isotonic,16,0,160,40,11,0.9894047619047619,0.9353651102698357,1.278,0.1,balanced,,,,
low_cost_model,logreg,isotonic,16,1,160,40,11,0.9792335164835164,0.8476868992743767,1.247,3.0,None,,,,
low_cost_model,logreg,isotonic,16,2,160,40,11,0.9901822344322344,0.8870119463655141,1.221,0.3,None,,,,
low_cost_model,logreg,isotonic,16,3,160,40,11,0.9896978021978022,0.9456285088587955,1.217,3.0,None,,,,
low_cost_model,logreg,isotonic,16,4,160,40,11,0.9958791208791209,0.9598500554571131,1.274,1.0,None,,,,
low_cost_model,logreg,isotonic,17,0,160,40,11,0.9900714285714286,0.8779027802772397,1.236,3.0,None,,,,
low_cost_model,logreg,isotonic,17,1,160,40,11,0.9835164835164836,0.9355557128897943,1.197,3.0,None,,,,
low_cost_model,logreg,isotonic,17,2,160,40,11,0.9951923076923077,1.0,1.252,1.0,None,,,,
low_cost_model,logreg,isotonic,17,3,160,40,11,0.9845467032967032,0.9993877287329602,1.244,3.0,None,,,,
low_cost_model,logreg,isotonic,17,4,160,40,11,0.9887078754578755,0.912603211948691,1.277,3.0,balanced,,,,
low_cost_model,logreg,isotonic,18,0,160,40,11,0.9915760073260074,0.9562243043571801,1.743,3.0,balanced,,,,
low_cost_model,logreg,isotonic,18,1,160,40,11,0.9952527472527473,0.9614332532025052,1.724,1.0,None,,,,
low_cost_model,logreg,isotonic,18,2,160,40,11,0.9853333333333334,0.97094133290453,1.726,0.03,balanced,,,,
low_cost_model,logreg,isotonic,18,3,160,40,11,0.9975961538461539,0.9104895111434596,1.632,3.0,None,,,,
low_cost_model,logreg,isotonic,18,4,160,40,11,0.9851217948717947,1.0,1.721,3.0,balanced,,,,
low_cost_model,logreg,isotonic,19,0,160,40,11,0.9885760073260074,0.9800344067911653,1.715,3.0,None,,,,
low_cost_model,logreg,isotonic,19,1,160,40,11,0.987808608058608,1.0,1.645,3.0,balanced,,,,
low_cost_model,logreg,isotonic,19,2,160,40,11,0.989,0.9502395269938888,1.637,3.0,None,,,,
low_cost_model,logreg,isotonic,19,3,160,40,11,0.9886675824175823,0.9262017924763679,1.755,3.0,None,,,,
low_cost_model,logreg,isotonic,19,4,160,40,11,0.9890915750915752,0.9712095661476169,1.671,3.0,balanced,,,,
laboratory_model,svm,none,0,0,160,40,14,0.9958992673992675,0.8890340143849017,1.48,1.0,balanced,0.01,,,
laboratory_model,svm,none,0,1,160,40,14,0.9973333333333334,0.4746516771085494,1.612,0.1,balanced,0.01,,,
laboratory_model,svm,none,0,2,160,40,14,0.9972527472527473,0.48160473404225973,1.469,0.1,balanced,0.01,,,
laboratory_model,svm,none,0,3,160,40,14,0.9965659340659341,0.8028862459328601,1.512,0.1,None,scale,,,
laboratory_model,svm,none,0,4,160,40,14,0.9946465201465202,0.8346270615794978,1.366,0.1,None,scale,,,
laboratory_model,svm,none,1,0,160,40,14,0.9953333333333334,0.7950827572444912,1.535,0.1,None,scale,,,
laboratory_model,svm,none,1,1,160,40,14,0.9993333333333334,0.7358574136999168,1.522,0.1,None,scale,,,
laboratory_model,svm,none,1,2,160,40,14,0.9945457875457876,0.5778008590695205,1.57,0.1,None,0.01,,,
laboratory_model,svm,none,1,3,160,40,14,0.9952326007326008,0.4932184500138977,1.543,0.1,balanced,0.01,,,
laboratory_model,svm,none,1,4,160,40,14,0.9952124542124543,0.8447183370853795,1.497,0.1,None,scale,,,
laboratory_model,svm,none,2,0,160,40,14,0.9986263736263736,0.5575723013400621,1.096,0.1,None,0.01,,,
laboratory_model,svm,none,2,1,160,40,14,0.998,0.793330313740918,1.139,0.1,None,scale,,,
laboratory_model,svm,none,2,2,160,40,14,0.9993131868131868,0.43512856305828485,1.13,0.1,balanced,0.01,,,
laboratory_model,svm,none,2,3,160,40,14,0.9951923076923077,0.851453365859393,1.127,0.1,None,scale,,,
laboratory_model,svm,none,2,4,160,40,14,0.9952728937728939,0.8814369562351191,1.108,0.1,balanced,scale,,,
laboratory_model,svm,none,3,0,160,40,14,0.9973131868131868,0.7476813460193349,1.556,0.1,None,scale,,,
laboratory_model,svm,none,3,1,160,40,14,0.9979798534798535,0.9010664801815442,1.509,10.0,None,scale,,,
laboratory_model,svm,none,3,2,160,40,14,0.9932124542124543,0.7742548711996092,1.548,0.1,None,scale,,,
laboratory_model,svm,none,3,3,160,40,14,1.0,0.6486883930602322,1.567,0.1,None,0.01,,,
laboratory_model,svm,none,3,4,160,40,14,0.9952326007326008,0.7428534201978639,1.423,0.1,None,scale,,,
laboratory_model,svm,none,4,0,160,40,14,0.9966465201465202,0.5162977790852395,1.11,0.1,None,0.01,,,
laboratory_model,svm,none,4,1,160,40,14,0.9965659340659341,0.932364542943687,1.107,1.0,None,scale,,,
laboratory_model,svm,none,4,2,160,40,14,0.9958992673992675,0.8306138522472659,1.098,0.1,None,scale,,,
laboratory_model,svm,none,4,3,160,40,14,0.9986465201465202,0.7390646380748274,1.07,0.1,None,scale,,,
laboratory_model,svm,none,4,4,160,40,14,0.9953333333333334,0.8510941372437638,1.076,0.1,balanced,scale,,,
laboratory_model,svm,none,5,0,160,40,14,1.0,0.9075004713957816,1.107,1.0,balanced,0.01,,,
laboratory_model,svm,none,5,1,160,40,14,0.998,0.3847219554630728,1.098,0.1,balanced,0.01,,,
laboratory_model,svm,none,5,2,160,40,14,0.9946263736263737,0.5,1.081,0.1,balanced,0.01,,,
laboratory_model,svm,none,5,3,160,40,14,0.9965659340659341,0.8067911047875491,1.074,0.1,None,scale,,,
laboratory_model,svm,none,5,4,160,40,14,0.9979395604395604,0.8913851179830261,1.055,10.0,None,scale,,,
laboratory_model,svm,none,6,0,160,40,14,0.996,0.895055889383116,1.261,10.0,balanced,scale,,,
laboratory_model,svm,none,6,1,160,40,14,0.997959706959707,0.7700247052128919,1.317,0.1,None,scale,,,
laboratory_model,svm,none,6,2,160,40,14,0.9946263736263736,0.7769996104732845,1.307,0.1,None,scale,,,
laboratory_model,svm,none,6,3,160,40,14,0.9939798534798535,0.8030855861170424,1.285,0.1,None,scale,,,
laboratory_model,svm,none,6,4,160,40,14,0.9958992673992675,0.7688284088489968,1.259,0.1,None,scale,,,
laboratory_model,svm,none,7,0,160,40,14,0.9993333333333334,0.5514179195717583,1.454,0.1,None,0.01,,,
laboratory_model,svm,none,7,1,160,40,14,0.9966062271062271,0.809034012348938,1.513,0.1,balanced,scale,,,
laboratory_model,svm,none,7,2,160,40,14,0.9972527472527473,0.5825990520179124,1.458,0.1,None,0.01,,,
laboratory_model,svm,none,7,3,160,40,14,0.9952124542124543,0.8556574563044125,1.487,0.1,balanced,scale,,,
laboratory_model,svm,none,7,4,160,40,14,0.9952326007326008,0.5226795682708669,1.515,0.1,balanced,0.01,,,
laboratory_model,svm,none,8,0,160,40,14,0.9953131868131868,0.49361967290274433,1.488,0.1,balanced,0.01,,,
laboratory_model,svm,none,8,1,160,40,14,0.996,0.8138152627777474,1.533,0.1,balanced,scale,,,
laboratory_model,svm,none,8,2,160,40,14,0.9993131868131868,0.4772290715744545,1.274,0.1,balanced,0.01,,,
laboratory_model,svm,none,8,3,160,40,14,0.9938388278388279,0.5,1.161,0.1,balanced,0.01,,,
laboratory_model,svm,none,8,4,160,40,14,0.9965860805860807,0.8609067674416367,1.143,0.1,balanced,scale,,,
laboratory_model,svm,none,9,0,160,40,14,0.9979798534798535,0.5362995253454138,1.467,0.1,balanced,0.01,,,
laboratory_model,svm,none,9,1,160,40,14,0.9926062271062273,0.6844779371955247,1.51,0.1,None,scale,,,
laboratory_model,svm,none,9,2,160,40,14,0.9952930402930404,0.4577815329373108,1.475,0.1,balanced,0.01,,,
laboratory_model,svm,none,9,3,160,40,14,0.9972930402930403,0.8518666226574908,1.517,0.1,balanced,scale,,,
laboratory_model,svm,none,9,4,160,40,14,1.0,0.8045002023675824,1.553,0.1,None,scale,,,
laboratory_model,svm,none,10,0,160,40,14,0.9966062271062271,0.6008629864506435,1.466,0.1,None,0.01,,,
laboratory_model,svm,none,10,1,160,40,14,0.9933131868131868,0.8539362566553418,1.534,10.0,balanced,scale,,,
laboratory_model,svm,none,10,2,160,40,14,1.0,0.882915834797354,1.439,0.1,None,scale,,,
laboratory_model,svm,none,10,3,160,40,14,0.9979395604395604,0.8886064463391318,1.515,1.0,balanced,scale,,,
laboratory_model,svm,none,10,4,160,40,14,0.995919413919414,0.849873423175686,1.58,0.1,balanced,scale,,,
laboratory_model,svm,none,11,0,160,40,14,0.995919413919414,0.8253162209177586,1.292,0.1,balanced,scale,,,
laboratory_model,svm,none,11,1,160,40,14,0.9959798534798535,0.9081410821445992,1.288,10.0,None,scale,,,
laboratory_model,svm,none,11,2,160,40,14,0.9973333333333334,0.8364902974114012,1.535,0.1,None,scale,,,
laboratory_model,svm,none,11,3,160,40,14,0.9972527472527473,0.688636667798564,1.512,0.1,None,scale,,,
laboratory_model,svm,none,11,4,160,40,14,0.9979395604395604,0.727941963639601,1.47,0.1,None,scale,,,
laboratory_model,svm,none,12,0,160,40,14,0.9945054945054945,0.8968205607133908,1.513,1.0,None,scale,,,
laboratory_model,svm,none,12,1,160,40,14,0.997959706959707,0.49478489134663384,1.477,0.1,balanced,0.01,,,
laboratory_model,svm,none,12,2,160,40,14,0.9973333333333334,0.8770265990544451,1.501,10.0,balanced,scale,,,
laboratory_model,svm,none,12,3,160,40,14,0.9959395604395604,0.8680278135919883,1.491,1.0,balanced,scale,,,
laboratory_model,svm,none,12,4,160,40,14,0.998,0.806526114323075,1.557,0.1,None,scale,,,
laboratory_model,svm,none,13,0,160,40,14,0.9973131868131868,0.9190913624095061,1.07,10.0,None,scale,,,
laboratory_model,svm,none,13,1,160,40,14,0.9986465201465202,0.5771699753636353,1.069,0.1,None,0.01,,,
laboratory_model,svm,none,13,2,160,40,14,0.9952930402930403,0.8389071286685333,1.191,0.1,balanced,scale,,,
laboratory_model,svm,none,13,3,160,40,14,0.9958791208791209,0.795807111722848,1.129,0.1,None,scale,,,
laboratory_model,svm,none,13,4,160,40,14,0.9979395604395604,0.5818499854650224,1.085,0.1,None,0.01,,,
laboratory_model,svm,none,14,0,160,40,14,0.9972527472527473,0.9086367987927656,1.175,10.0,balanced,scale,,,
laboratory_model,svm,none,14,1,160,40,14,0.9958992673992675,0.548812095073925,1.183,0.1,None,0.01,,,
laboratory_model,svm,none,14,2,160,40,14,0.9945457875457876,0.8972672917155257,1.336,1.0,balanced,scale,,,
laboratory_model,svm,none,14,3,160,40,14,0.9958791208791209,0.5608574808287539,1.263,0.1,balanced,0.01,,,
laboratory_model,svm,none,14,4,160,40,14,0.998,0.5129115244943244,1.068,0.1,balanced,0.01,,,
laboratory_model,svm,none,15,0,160,40,14,0.9972930402930403,0.8180718177469797,1.262,0.1,None,scale,,,
laboratory_model,svm,none,15,1,160,40,14,0.9918388278388279,0.5272415309798314,1.328,0.1,balanced,0.01,,,
laboratory_model,svm,none,15,2,160,40,14,0.996,0.8078957721540507,1.307,0.1,None,scale,,,
laboratory_model,svm,none,15,3,160,40,14,0.9972527472527473,0.790140714555371,1.308,0.1,None,scale,,,
laboratory_model,svm,none,15,4,160,40,14,0.9958791208791209,0.8487865039857181,1.307,0.1,balanced,scale,,,
laboratory_model,svm,none,16,0,160,40,14,0.9966666666666667,0.8512115357734162,1.551,0.1,balanced,scale,,,
laboratory_model,svm,none,16,1,160,40,14,0.9972728937728939,0.945447008344228,1.466,1.0,balanced,scale,,,
laboratory_model,svm,none,16,2,160,40,14,0.9926465201465202,0.8285364137515994,1.551,0.1,None,scale,,,
laboratory_model,svm,none,16,3,160,40,14,0.9952527472527473,0.8163290179975177,1.579,0.1,None,scale,,,
laboratory_model,svm,none,16,4,160,40,14,0.995919413919414,0.5465919386704873,1.479,0.1,None,0.01,,,
laboratory_model,svm,none,17,0,160,40,14,1.0,0.4679768012858574,1.528,0.1,balanced,0.01,,,
laboratory_model,svm,none,17,1,160,40,14,0.9946666666666668,0.5356270586861656,1.341,0.1,balanced,0.01,,,
laboratory_model,svm,none,17,2,160,40,14,0.9966062271062271,0.7954151238339173,1.546,0.1,None,scale,,,
laboratory_model,svm,none,17,3,160,40,14,0.9986465201465202,0.882023947648443,1.496,0.1,balanced,scale,,,
laboratory_model,svm,none,17,4,160,40,14,0.997959706959707,0.8329220984754966,1.438,10.0,balanced,0.01,,,
laboratory_model,svm,none,18,0,160,40,14,0.9986465201465202,0.9008383035954348,1.506,0.1,None,scale,,,
laboratory_model,svm,none,18,1,160,40,14,0.9972728937728939,0.7272098905367164,1.499,0.1,None,scale,,,
laboratory_model,svm,none,18,2,160,40,14,0.9938992673992675,0.755970029040741,1.465,0.1,balanced,scale,,,
laboratory_model,svm,none,18,3,160,40,14,0.9965659340659341,0.7699206394141379,1.572,0.1,None,scale,,,
laboratory_model,svm,none,18,4,160,40,14,0.9965659340659341,0.7917652536089477,1.481,0.1,None,scale,,,
laboratory_model,svm,none,19,0,160,40,14,0.9945659340659341,0.573060235424904,1.477,0.1,None,0.01,,,
laboratory_model,svm,none,19,1,160,40,14,0.9972930402930403,0.7850077275658964,1.52,0.1,None,scale,,,
laboratory_model,svm,none,19,2,160,40,14,0.9945457875457876,0.8337095623064291,1.482,0.1,None,scale,,,
laboratory_model,svm,none,19,3,160,40,14,0.9972527472527473,0.8516635761091279,1.436,10.0,balanced,0.01,,,
laboratory_model,svm,none,19,4,160,40,14,0.9952326007326008,0.9300351393721363,1.53,10.0,balanced,scale,,,
laboratory_model,svm,sigmoid,0,0,160,40,14,0.9958992673992675,0.7000199081367564,1.477,1.0,balanced,0.01,,,
laboratory_model,svm,sigmoid,0,1,160,40,14,0.9973333333333334,0.6588323332231426,1.519,0.1,balanced,0.01,,,
laboratory_model,svm,sigmoid,0,2,160,40,14,0.9972527472527473,0.6982496864815905,1.535,0.1,balanced,0.01,,,
laboratory_model,svm,sigmoid,0,3,160,40,14,0.9965659340659341,0.7877140888172005,1.474,0.1,None,scale,,,
laboratory_model,svm,sigmoid,0,4,160,40,14,0.9946465201465202,0.7986776594917948,1.491,0.1,None,scale,,,
laboratory_model,svm,sigmoid,1,0,160,40,14,0.9953333333333334,0.8019225396245098,2.165,0.1,None,scale,,,
laboratory_model,svm,sigmoid,1,1,160,40,14,0.9993333333333334,0.7734935072559405,2.054,0.1,None,scale,,,
laboratory_model,svm,sigmoid,1,2,160,40,14,0.9945457875457876,0.6974072602592083,2.161,0.1,None,0.01,,,
laboratory_model,svm,sigmoid,1,3,160,40,14,0.9952326007326008,0.6557547793658343,2.152,0.1,balanced,0.01,,,
laboratory_model,svm,sigmoid,1,4,160,40,14,0.9952124542124543,0.8153140517246086,2.214,0.1,None,scale,,,
laboratory_model,svm,sigmoid,2,0,160,40,14,0.9986263736263736,0.7128036556862511,1.518,0.1,None,0.01,,,
laboratory_model,svm,sigmoid,2,1,160,40,14,0.998,0.7806123852179649,1.482,0.1,None,scale,,,
laboratory_model,svm,sigmoid,2,2,160,40,14,0.9993131868131868,0.6717471142898439,1.528,0.1,balanced,0.01,,,
laboratory_model,svm,sigmoid,2,3,160,40,14,0.9951923076923077,0.8062631103641467,1.554,0.1,None,scale,,,
laboratory_model,svm,sigmoid,2,4,160,40,14,0.9952728937728939,0.7487250014397715,1.61,0.1,balanced,scale,,,
laboratory_model,svm,sigmoid,3,0,160,40,14,0.9973131868131868,0.7612207887846856,1.844,0.1,None,scale,,,
laboratory_model,svm,sigmoid,3,1,160,40,14,0.9979798534798535,0.8451697289932153,1.701,10.0,None,scale,,,
laboratory_model,svm,sigmoid,3,2,160,40,14,0.9932124542124543,0.7419973169919082,1.657,0.1,None,scale,,,
laboratory_model,svm,sigmoid,3,3,160,40,14,1.0,0.7323932090429424,1.533,0.1,None,0.01,,,
laboratory_model,svm,sigmoid,3,4,160,40,14,0.9952326007326008,0.7608052885789253,1.51,0.1,None,scale,,,
laboratory_model,svm,sigmoid,4,0,160,40,14,0.9966465201465202,0.7021678391421886,2.15,0.1,None,0.01,,,
laboratory_model,svm,sigmoid,4,1,160,40,14,0.9965659340659341,0.8382416770571811,2.225,1.0,None,scale,,,
laboratory_model,svm,sigmoid,4,2,160,40,14,0.9958992673992675,0.796730725955182,2.176,0.1,None,scale,,,
laboratory_model,svm,sigmoid,4,3,160,40,14,0.9986465201465202,0.7470344549736696,1.999,0.1,None,scale,,,
laboratory_model,svm,sigmoid,4,4,160,40,14,0.9953333333333334,0.6875982910715369,2.174,0.1,balanced,scale,,,
laboratory_model,svm,sigmoid,5,0,160,40,14,1.0,0.714689505620362,2.116,1.0,balanced,0.01,,,
laboratory_model,svm,sigmoid,5,1,160,40,14,0.998,0.6452360324423224,2.255,0.1,balanced,0.01,,,
laboratory_model,svm,sigmoid,5,2,160,40,14,0.9946263736263737,0.6705704355781825,2.151,0.1,balanced,0.01,,,
laboratory_model,svm,sigmoid,5,3,160,40,14,0.9965659340659341,0.8077220337109596,2.148,0.1,None,scale,,,
laboratory_model,svm,sigmoid,5,4,160,40,14,0.9979395604395604,0.8371409971808546,2.102,10.0,None,scale,,,
laboratory_model,svm,sigmoid,6,0,160,40,14,0.996,0.8494780309434901,2.154,10.0,balanced,scale,,,
laboratory_model,svm,sigmoid,6,1,160,40,14,0.997959706959707,0.7506387076686905,2.032,0.1,None,scale,,,
laboratory_model,svm,sigmoid,6,2,160,40,14,0.9946263736263736,0.768123545020756,2.083,0.1,None,scale,,,
laboratory_model,svm,sigmoid,6,3,160,40,14,0.9939798534798535,0.7938954327777575,2.107,0.1,None,scale,,,
laboratory_model,svm,sigmoid,6,4,160,40,14,0.9958992673992675,0.782169761844861,2.171,0.1,None,scale,,,
laboratory_model,svm,sigmoid,7,0,160,40,14,0.9993333333333334,0.7124305605742731,2.257,0.1,None,0.01,,,
laboratory_model,svm,sigmoid,7,1,160,40,14,0.9966062271062271,0.6497260060376263,2.134,0.1,balanced,scale,,,
laboratory_model,svm,sigmoid,7,2,160,40,14,0.9972527472527473,0.7013491254479116,2.094,0.1,None,0.01,,,
laboratory_model,svm,sigmoid,7,3,160,40,14,0.9952124542124543,0.7014741395972628,2.156,0.1,balanced,scale,,,
laboratory_model,svm,sigmoid,7,4,160,40,14,0.9952326007326008,0.642891315508134,1.867,0.1,balanced,0.01,,,
laboratory_model,svm,sigmoid,8,0,160,40,14,0.9953131868131868,0.693023465417962,1.575,0.1,balanced,0.01,,,
laboratory_model,svm,sigmoid,8,1,160,40,14,0.996,0.6762067847881599,1.604,0.1,balanced,scale,,,
laboratory_model,svm,sigmoid,8,2,160,40,14,0.9993131868131868,0.6840444724852083,1.534,0.1,balanced,0.01,,,
laboratory_model,svm,sigmoid,8,3,160,40,14,0.9938388278388279,0.6372835125666478,1.512,0.1,balanced,0.01,,,
laboratory_model,svm,sigmoid,8,4,160,40,14,0.9965860805860807,0.6791279466041856,1.509,0.1,balanced,scale,,,
laboratory_model,svm,sigmoid,9,0,160,40,14,0.9979798534798535,0.6718029975458484,1.594,0.1,balanced,0.01,,,
laboratory_model,svm,sigmoid,9,1,160,40,14,0.9926062271062273,0.7230237661111174,1.562,0.1,None,scale,,,
laboratory_model,svm,sigmoid,9,2,160,40,14,0.9952930402930404,0.6322267733558077,1.883,0.1,balanced,0.01,,,
laboratory_model,svm,sigmoid,9,3,160,40,14,0.9972930402930403,0.6951990836380456,1.822,0.1,balanced,scale,,,
laboratory_model,svm,sigmoid,9,4,160,40,14,1.0,0.7962881369991832,1.735,0.1,None,scale,,,
laboratory_model,svm,sigmoid,10,0,160,40,14,0.9966062271062271,0.7277585142404609,1.77,0.1,None,0.01,,,
laboratory_model,svm,sigmoid,10,1,160,40,14,0.9933131868131868,0.7916234000312847,1.839,10.0,balanced,scale,,,
laboratory_model,svm,sigmoid,10,2,160,40,14,1.0,0.8092418176410067,1.824,0.1,None,scale,,,
laboratory_model,svm,sigmoid,10,3,160,40,14,0.9979395604395604,0.7945613422242672,1.727,1.0,balanced,scale,,,
laboratory_model,svm,sigmoid,10,4,160,40,14,0.995919413919414,0.6963001350795135,1.508,0.1,balanced,scale,,,
laboratory_model,svm,sigmoid,11,0,160,40,14,0.995919413919414,0.696185708323652,2.157,0.1,balanced,scale,,,
laboratory_model,svm,sigmoid,11,1,160,40,14,0.9959798534798535,0.8410724135452848,2.09,10.0,None,scale,,,
laboratory_model,svm,sigmoid,11,2,160,40,14,0.9973333333333334,0.7682357074379034,2.144,0.1,None,scale,,,
laboratory_model,svm,sigmoid,11,3,160,40,14,0.9972527472527473,0.7285998634607519,1.989,0.1,None,scale,,,
laboratory_model,svm,sigmoid,11,4,160,40,14,0.9979395604395604,0.7600310101979335,2.036,0.1,None,scale,,,
laboratory_model,svm,sigmoid,12,0,160,40,14,0.9945054945054945,0.821092008940481,1.457,1.0,None,scale,,,
laboratory_model,svm,sigmoid,12,1,160,40,14,0.997959706959707,0.6266543188319345,1.547,0.1,balanced,0.01,,,
laboratory_model,svm,sigmoid,12,2,160,40,14,0.9973333333333334,0.8350974370301402,1.97,10.0,balanced,scale,,,
laboratory_model,svm,sigmoid,12,3,160,40,14,0.9959395604395604,0.7299307458136353,2.048,1.0,balanced,scale,,,
laboratory_model,svm,sigmoid,12,4,160,40,14,0.998,0.7862158226194562,2.039,0.1,None,scale,,,
laboratory_model,svm,sigmoid,13,0,160,40,14,0.9973131868131868,0.8441197542379915,1.772,10.0,None,scale,,,
laboratory_model,svm,sigmoid,13,1,160,40,14,0.9986465201465202,0.7047927552412833,1.746,0.1,None,0.01,,,
laboratory_model,svm,sigmoid,13,2,160,40,14,0.9952930402930403,0.7030671784813376,1.888,0.1,balanced,scale,,,
laboratory_model,svm,sigmoid,13,3,160,40,14,0.9958791208791209,0.7798557632709788,1.813,0.1,None,scale,,,
laboratory_model,svm,sigmoid,13,4,160,40,14,0.9979395604395604,0.7278349103213733,1.817,0.1,None,0.01,,,
laboratory_model,svm,sigmoid,14,0,160,40,14,0.9972527472527473,0.8287743937646601,1.504,10.0,balanced,scale,,,
laboratory_model,svm,sigmoid,14,1,160,40,14,0.9958992673992675,0.709396716115223,1.746,0.1,None,0.01,,,
laboratory_model,svm,sigmoid,14,2,160,40,14,0.9945457875457876,0.7958285752719381,1.782,1.0,balanced,scale,,,
laboratory_model,svm,sigmoid,14,3,160,40,14,0.9958791208791209,0.6632404643821251,1.86,0.1,balanced,0.01,,,
laboratory_model,svm,sigmoid,14,4,160,40,14,0.998,0.664136047960679,1.866,0.1,balanced,0.01,,,
laboratory_model,svm,sigmoid,15,0,160,40,14,0.9972930402930403,0.791759232538802,2.062,0.1,None,scale,,,
laboratory_model,svm,sigmoid,15,1,160,40,14,0.9918388278388279,0.6361286780189971,2.259,0.1,balanced,0.01,,,
laboratory_model,svm,sigmoid,15,2,160,40,14,0.996,0.7813275284267978,2.064,0.1,None,scale,,,
laboratory_model,svm,sigmoid,15,3,160,40,14,0.9972527472527473,0.7781773205890297,2.053,0.1,None,scale,,,
laboratory_model,svm,sigmoid,15,4,160,40,14,0.9958791208791209,0.6986976465486643,2.207,0.1,balanced,scale,,,
laboratory_model,svm,sigmoid,16,0,160,40,14,0.9966666666666667,0.6767473965791516,2.056,0.1,balanced,scale,,,
laboratory_model,svm,sigmoid,16,1,160,40,14,0.9972728937728939,0.8413796002072884,1.911,1.0,balanced,scale,,,
laboratory_model,svm,sigmoid,16,2,160,40,14,0.9926465201465202,0.8061105367623973,2.021,0.1,None,scale,,,
laboratory_model,svm,sigmoid,16,3,160,40,14,0.9952527472527473,0.7989282017163284,2.051,0.1,None,scale,,,
laboratory_model,svm,sigmoid,16,4,160,40,14,0.995919413919414,0.7197691858093115,1.982,0.1,None,0.01,,,
laboratory_model,svm,sigmoid,17,0,160,40,14,1.0,0.6701255641812653,2.22,0.1,balanced,0.01,,,
laboratory_model,svm,sigmoid,17,1,160,40,14,0.9946666666666668,0.635696915334863,2.139,0.1,balanced,0.01,,,
laboratory_model,svm,sigmoid,17,2,160,40,14,0.9966062271062271,0.7792828558723939,2.119,0.1,None,scale,,,
laboratory_model,svm,sigmoid,17,3,160,40,14,0.9986465201465202,0.7482444676921878,2.183,0.1,balanced,scale,,,
laboratory_model,svm,sigmoid,17,4,160,40,14,0.997959706959707,0.7172358119291488,1.979,10.0,balanced,0.01,,,
laboratory_model,svm,sigmoid,18,0,160,40,14,0.9986465201465202,0.8195787525115618,1.479,0.1,None,scale,,,
laboratory_model,svm,sigmoid,18,1,160,40,14,0.9972728937728939,0.7635604202163152,1.483,0.1,None,scale,,,
laboratory_model,svm,sigmoid,18,2,160,40,14,0.9938992673992675,0.6461069513601396,1.512,0.1,balanced,scale,,,
laboratory_model,svm,sigmoid,18,3,160,40,14,0.9965659340659341,0.7695625916158321,1.508,0.1,None,scale,,,
laboratory_model,svm,sigmoid,18,4,160,40,14,0.9965659340659341,0.7836065246807926,1.632,0.1,None,scale,,,
laboratory_model,svm,sigmoid,19,0,160,40,14,0.9945659340659341,0.7225343471666203,1.861,0.1,None,0.01,,,
laboratory_model,svm,sigmoid,19,1,160,40,14,0.9972930402930403,0.7825499118237398,1.838,0.1,None,scale,,,
laboratory_model,svm,sigmoid,19,2,160,40,14,0.9945457875457876,0.8040306233731007,1.783,0.1,None,scale,,,
laboratory_model,svm,sigmoid,19,3,160,40,14,0.9972527472527473,0.7133558277703453,1.79,10.0,balanced,0.01,,,
laboratory_model,svm,sigmoid,19,4,160,40,14,0.9952326007326008,0.8706364989663642,1.546,10.0,balanced,scale,,,
laboratory_model,svm,isotonic,0,0,160,40,14,0.9958992673992675,1.0,1.453,1.0,balanced,0.01,,,
laboratory_model,svm,isotonic,0,1,160,40,14,0.9973333333333334,0.9194252720974184,1.498,0.1,balanced,0.01,,,
laboratory_model,svm,isotonic,0,2,160,40,14,0.9972527472527473,1.0,1.517,0.1,balanced,0.01,,,
laboratory_model,svm,isotonic,0,3,160,40,14,0.9965659340659341,0.9856711902068543,1.473,0.1,None,scale,,,
laboratory_model,svm,isotonic,0,4,160,40,14,0.9946465201465202,0.9261815161183609,1.467,0.1,None,scale,,,
laboratory_model,svm,isotonic,1,0,160,40,14,0.9953333333333334,0.9453740300572528,2.052,0.1,None,scale,,,
laboratory_model,svm,isotonic,1,1,160,40,14,0.9993333333333334,1.0,2.13,0.1,None,scale,,,
laboratory_model,svm,isotonic,1,2,160,40,14,0.9945457875457876,0.9062998686745638,1.789,0.1,None,0.01,,,
laboratory_model,svm,isotonic,1,3,160,40,14,0.9952326007326008,0.9648903565073095,1.63,0.1,balanced,0.01,,,
laboratory_model,svm,isotonic,1,4,160,40,14,0.9952124542124543,0.985532287530556,1.753,0.1,None,scale,,,
laboratory_model,svm,isotonic,2,0,160,40,14,0.9986263736263736,0.9416112457610615,2.039,0.1,None,0.01,,,
laboratory_model,svm,isotonic,2,1,160,40,14,0.998,0.9527604516401358,2.07,0.1,None,scale,,,
laboratory_model,svm,isotonic,2,2,160,40,14,0.9993131868131868,1.0,2.127,0.1,balanced,0.01,,,
laboratory_model,svm,isotonic,2,3,160,40,14,0.9951923076923077,0.9693909063143143,1.942,0.1,None,scale,,,
laboratory_model,svm,isotonic,2,4,160,40,14,0.9952728937728939,0.9972229039519194,2.056,0.1,balanced,scale,,,
laboratory_model,svm,isotonic,3,0,160,40,14,0.9973131868131868,0.9973943652121855,1.837,0.1,None,scale,,,
laboratory_model,svm,isotonic,3,1,160,40,14,0.9979798534798535,0.9700966386980295,1.828,10.0,None,scale,,,
laboratory_model,svm,isotonic,3,2,160,40,14,0.9932124542124543,0.9791995157724345,1.781,0.1,None,scale,,,
laboratory_model,svm,isotonic,3,3,160,40,14,1.0,0.9750647132476156,1.699,0.1,None,0.01,,,
laboratory_model,svm,isotonic,3,4,160,40,14,0.9952326007326008,0.9593737191700331,1.806,0.1,None,scale,,,
laboratory_model,svm,isotonic,4,0,160,40,14,0.9966465201465202,0.9413026594020678,1.831,0.1,None,0.01,,,
laboratory_model,svm,isotonic,4,1,160,40,14,0.9965659340659341,0.9968289168337127,1.837,1.0,None,scale,,,
laboratory_model,svm,isotonic,4,2,160,40,14,0.9958992673992675,1.0,1.75,0.1,None,scale,,,
laboratory_model,svm,isotonic,4,3,160,40,14,0.9986465201465202,0.9363372988719691,1.532,0.1,None,scale,,,
laboratory_model,svm,isotonic,4,4,160,40,14,0.9953333333333334,0.9814526240379613,1.549,0.1,balanced,scale,,,
laboratory_model,svm,isotonic,5,0,160,40,14,1.0,0.9848867675905436,2.061,1.0,balanced,0.01,,,
laboratory_model,svm,isotonic,5,1,160,40,14,0.998,0.8932518960962248,2.138,0.1,balanced,0.01,,,
laboratory_model,svm,isotonic,5,2,160,40,14,0.9946263736263737,0.9492943178201916,2.145,0.1,balanced,0.01,,,
laboratory_model,svm,isotonic,5,3,160,40,14,0.9965659340659341,0.9386811643110363,1.776,0.1,None,scale,,,
laboratory_model,svm,isotonic,5,4,160,40,14,0.9979395604395604,0.9285553445029122,1.608,10.0,None,scale,,,
laboratory_model,svm,isotonic,6,0,160,40,14,0.996,0.9741072447741368,1.446,10.0,balanced,scale,,,
laboratory_model,svm,isotonic,6,1,160,40,14,0.997959706959707,0.9715770903355059,1.705,0.1,None,scale,,,
laboratory_model,svm,isotonic,6,2,160,40,14,0.9946263736263736,0.9698547413759055,1.744,0.1,None,scale,,,
laboratory_model,svm,isotonic,6,3,160,40,14,0.9939798534798535,0.9581355416536892,1.805,0.1,None,scale,,,
laboratory_model,svm,isotonic,6,4,160,40,14,0.9958992673992675,0.9445929961586017,1.834,0.1,None,scale,,,
laboratory_model,svm,isotonic,7,0,160,40,14,0.9993333333333334,0.9824937360587123,1.504,0.1,None,0.01,,,
laboratory_model,svm,isotonic,7,1,160,40,14,0.9966062271062271,0.9011007953894926,1.532,0.1,balanced,scale,,,
laboratory_model,svm,isotonic,7,2,160,40,14,0.9972527472527473,0.9856969807701368,1.513,0.1,None,0.01,,,
laboratory_model,svm,isotonic,7,3,160,40,14,0.9952124542124543,0.930791322136436,1.608,0.1,balanced,scale,,,
laboratory_model,svm,isotonic,7,4,160,40,14,0.9952326007326008,0.9721781725090933,1.72,0.1,balanced,0.01,,,
laboratory_model,svm,isotonic,8,0,160,40,14,0.9953131868131868,0.977752544959102,2.208,0.1,balanced,0.01,,,
laboratory_model,svm,isotonic,8,1,160,40,14,0.996,0.9102502436912026,2.094,0.1,balanced,scale,,,
laboratory_model,svm,isotonic,8,2,160,40,14,0.9993131868131868,1.0,1.774,0.1,balanced,0.01,,,
laboratory_model,svm,isotonic,8,3,160,40,14,0.9938388278388279,0.9457755565900039,1.71,0.1,balanced,0.01,,,
laboratory_model,svm,isotonic,8,4,160,40,14,0.9965860805860807,0.9599675820730011,1.692,0.1,balanced,scale,,,
laboratory_model,svm,isotonic,9,0,160,40,14,0.9979798534798535,0.9708228351673376,2.193,0.1,balanced,0.01,,,
laboratory_model,svm,isotonic,9,1,160,40,14,0.9926062271062273,0.9843913032429545,1.991,0.1,None,scale,,,
laboratory_model,svm,isotonic,9,2,160,40,14,0.9952930402930404,0.8769086572101604,1.712,0.1,balanced,0.01,,,
laboratory_model,svm,isotonic,9,3,160,40,14,0.9972930402930403,0.9572672204358416,1.71,0.1,balanced,scale,,,
laboratory_model,svm,isotonic,9,4,160,40,14,1.0,0.9538116612123313,1.652,0.1,None,scale,,,
laboratory_model,svm,isotonic,10,0,160,40,14,0.9966062271062271,0.9052156614876381,2.069,0.1,None,0.01,,,
laboratory_model,svm,isotonic,10,1,160,40,14,0.9933131868131868,0.8935938467681019,2.035,10.0,balanced,scale,,,
laboratory_model,svm,isotonic,10,2,160,40,14,1.0,0.990261147551952,1.789,0.1,None,scale,,,
laboratory_model,svm,isotonic,10,3,160,40,14,0.9979395604395604,0.9788554474801257,1.618,1.0,balanced,scale,,,
laboratory_model,svm,isotonic,10,4,160,40,14,0.995919413919414,0.9677128541445454,1.617,0.1,balanced,scale,,,
laboratory_model,svm,isotonic,11,0,160,40,14,0.995919413919414,0.9788919370342823,1.904,0.1,balanced,scale,,,
laboratory_model,svm,isotonic,11,1,160,40,14,0.9959798534798535,0.9496733572082546,1.756,10.0,None,scale,,,
laboratory_model,svm,isotonic,11,2,160,40,14,0.9973333333333334,0.9278377011682779,1.796,0.1,None,scale,,,
laboratory_model,svm,isotonic,11,3,160,40,14,0.9972527472527473,0.982484194499489,1.822,0.1,None,scale,,,
laboratory_model,svm,isotonic,11,4,160,40,14,0.9979395604395604,0.9703465952826882,1.846,0.1,None,scale,,,
laboratory_model,svm,isotonic,12,0,160,40,14,0.9945054945054945,1.0,1.746,1.0,None,scale,,,
laboratory_model,svm,isotonic,12,1,160,40,14,0.997959706959707,1.0,1.819,0.1,balanced,0.01,,,
laboratory_model,svm,isotonic,12,2,160,40,14,0.9973333333333334,0.9834832944637666,1.807,10.0,balanced,scale,,,
laboratory_model,svm,isotonic,12,3,160,40,14,0.9959395604395604,0.9048211127801958,1.805,1.0,balanced,scale,,,
laboratory_model,svm,isotonic,12,4,160,40,14,0.998,0.9859215334138114,1.855,0.1,None,scale,,,
laboratory_model,svm,isotonic,13,0,160,40,14,0.9973131868131868,1.0,1.699,10.0,None,scale,,,
laboratory_model,svm,isotonic,13,1,160,40,14,0.9986465201465202,0.9921269278160526,1.634,0.1,None,0.01,,,
laboratory_model,svm,isotonic,13,2,160,40,14,0.9952930402930403,1.0,1.644,0.1,balanced,scale,,,
laboratory_model,svm,isotonic,13,3,160,40,14,0.9958791208791209,0.9405897997308629,1.619,0.1,None,scale,,,
laboratory_model,svm,isotonic,13,4,160,40,14,0.9979395604395604,0.9656634022745473,1.813,0.1,None,0.01,,,
laboratory_model,svm,isotonic,14,0,160,40,14,0.9972527472527473,0.9166969469935933,1.509,10.0,balanced,scale,,,
laboratory_model,svm,isotonic,14,1,160,40,14,0.9958992673992675,0.9200540022224564,1.586,0.1,None,0.01,,,
laboratory_model,svm,isotonic,14,2,160,40,14,0.9945457875457876,0.9182780146473141,1.547,1.0,balanced,scale,,,
laboratory_model,svm,isotonic,14,3,160,40,14,0.9958791208791209,0.9771362718551712,1.628,0.1,balanced,0.01,,,
laboratory_model,svm,isotonic,14,4,160,40,14,0.998,0.8359914240009345,1.609,0.1,balanced,0.01,,,
laboratory_model,svm,isotonic,15,0,160,40,14,0.9972930402930403,0.9649632031270075,1.671,0.1,None,scale,,,
laboratory_model,svm,isotonic,15,1,160,40,14,0.9918388278388279,0.9206054162454478,1.596,0.1,balanced,0.01,,,
laboratory_model,svm,isotonic,15,2,160,40,14,0.996,0.9760263691050094,1.615,0.1,None,scale,,,
laboratory_model,svm,isotonic,15,3,160,40,14,0.9972527472527473,0.9990845522744554,1.591,0.1,None,scale,,,
laboratory_model,svm,isotonic,15,4,160,40,14,0.9958791208791209,0.9639115693097322,1.597,0.1,balanced,scale,,,
laboratory_model,svm,isotonic,16,0,160,40,14,0.9966666666666667,0.9391186286192521,1.835,0.1,balanced,scale,,,
laboratory_model,svm,isotonic,16,1,160,40,14,0.9972728937728939,0.9779452229063227,1.787,1.0,balanced,scale,,,
laboratory_model,svm,isotonic,16,2,160,40,14,0.9926465201465202,0.9796203900917095,1.86,0.1,None,scale,,,
laboratory_model,svm,isotonic,16,3,160,40,14,0.9952527472527473,0.9617715209490703,1.802,0.1,None,scale,,,
laboratory_model,svm,isotonic,16,4,160,40,14,0.995919413919414,1.0,1.746,0.1,None,0.01,,,
laboratory_model,svm,isotonic,17,0,160,40,14,1.0,0.9608348107571959,1.845,0.1,balanced,0.01,,,
laboratory_model,svm,isotonic,17,1,160,40,14,0.9946666666666668,0.960676003020655,1.838,0.1,balanced,0.01,,,
laboratory_model,svm,isotonic,17,2,160,40,14,0.9966062271062271,0.9751470992257903,1.86,0.1,None,scale,,,
laboratory_model,svm,isotonic,17,3,160,40,14,0.9986465201465202,0.9612472816995642,1.83,0.1,balanced,scale,,,
laboratory_model,svm,isotonic,17,4,160,40,14,0.997959706959707,0.9375,1.823,10.0,balanced,0.01,,,
laboratory_model,svm,isotonic,18,0,160,40,14,0.9986465201465202,0.9790803609568253,1.581,0.1,None,scale,,,
laboratory_model,svm,isotonic,18,1,160,40,14,0.9972728937728939,0.9785004098075951,1.568,0.1,None,scale,,,
laboratory_model,svm,isotonic,18,2,160,40,14,0.9938992673992675,0.8864624514347741,1.616,0.1,balanced,scale,,,
laboratory_model,svm,isotonic,18,3,160,40,14,0.9965659340659341,0.995334087124529,1.59,0.1,None,scale,,,
laboratory_model,svm,isotonic,18,4,160,40,14,0.9965659340659341,0.9649202302785287,1.588,0.1,None,scale,,,
laboratory_model,svm,isotonic,19,0,160,40,14,0.9945659340659341,0.8580481362009484,1.622,0.1,None,0.01,,,
laboratory_model,svm,isotonic,19,1,160,40,14,0.9972930402930403,1.0,1.739,0.1,None,scale,,,
laboratory_model,svm,isotonic,19,2,160,40,14,0.9945457875457876,0.9615693545901607,1.639,0.1,None,scale,,,
laboratory_model,svm,isotonic,19,3,160,40,14,0.9972527472527473,0.875,1.562,10.0,balanced,0.01,,,
laboratory_model,svm,isotonic,19,4,160,40,14,0.9952326007326008,0.9809209100203614,1.553,10.0,balanced,scale,,,
laboratory_model,random_forest,none,0,0,160,40,14,0.9945054945054945,0.6991382425560694,25.048,,balanced,,3,sqrt,1
laboratory_model,random_forest,none,0,1,160,40,14,0.9913333333333334,0.6999964923462657,24.47,,None,,3,sqrt,1
laboratory_model,random_forest,none,0,2,160,40,14,0.9938589743589743,0.8233333333333334,24.73,,None,,None,sqrt,1
laboratory_model,random_forest,none,0,3,160,40,14,0.9931520146520147,0.9033333333333333,24.884,,None,,None,sqrt,1
laboratory_model,random_forest,none,0,4,160,40,14,0.9926263736263736,0.7333333333333333,24.898,,None,,None,sqrt,1
laboratory_model,random_forest,none,1,0,160,40,14,0.9940000000000001,0.8633333333333333,25.469,,None,,None,sqrt,1
laboratory_model,random_forest,none,1,1,160,40,14,0.9945457875457876,0.86,24.823,,balanced,,None,sqrt,1
laboratory_model,random_forest,none,1,2,160,40,14,0.988485347985348,0.77,24.88,,balanced,,None,sqrt,1
laboratory_model,random_forest,none,1,3,160,40,14,0.9911721611721612,0.8233333333333334,24.974,,None,,None,sqrt,1
laboratory_model,random_forest,none,1,4,160,40,14,0.9931923076923077,0.8433333333333334,25.365,,None,,None,sqrt,1
laboratory_model,random_forest,none,2,0,160,40,14,0.9959395604395604,0.8533333333333334,26.15,,balanced,,None,sqrt,1
laboratory_model,random_forest,none,2,1,160,40,14,0.9918186813186813,0.7524764119885511,23.649,,None,,3,sqrt,1
laboratory_model,random_forest,none,2,2,160,40,14,0.9922527472527473,0.8433333333333334,23.746,,None,,None,sqrt,1
laboratory_model,random_forest,none,2,3,160,40,14,0.9958992673992674,0.8233333333333334,23.636,,balanced,,None,sqrt,1
laboratory_model,random_forest,none,2,4,160,40,14,0.9925256410256411,0.7666666666666667,24.175,,None,,None,sqrt,1
laboratory_model,random_forest,none,3,0,160,40,14,0.9912124542124543,0.7027687489414495,26.857,,None,,3,sqrt,1
laboratory_model,random_forest,none,3,1,160,40,14,0.9952124542124543,0.8366666666666667,26.8,,None,,None,sqrt,1
laboratory_model,random_forest,none,3,2,160,40,14,0.9911721611721612,0.6524662968194872,27.537,,balanced,,3,sqrt,1
laboratory_model,random_forest,none,3,3,160,40,14,0.9993131868131868,0.8366666666666667,27.181,,balanced,,None,sqrt,1
laboratory_model,random_forest,none,3,4,160,40,14,0.9945659340659341,0.7833333333333333,25.312,,None,,None,sqrt,1
laboratory_model,random_forest,none,4,0,160,40,14,0.9917985347985349,0.7031169869622215,23.41,,None,,3,sqrt,1
laboratory_model,random_forest,none,4,1,160,40,14,0.9931923076923077,0.8033333333333333,26.979,,None,,None,sqrt,1
laboratory_model,random_forest,none,4,2,160,40,14,0.9938992673992675,0.71,27.353,,balanced,,None,sqrt,1
laboratory_model,random_forest,none,4,3,160,40,14,0.994525641025641,0.8133333333333334,26.152,,balanced,,None,sqrt,1
laboratory_model,random_forest,none,4,4,160,40,14,0.9893333333333334,0.6910674433961042,23.345,,balanced,,3,sqrt,1
laboratory_model,random_forest,none,5,0,160,40,14,0.993919413919414,0.8033333333333333,25.411,,balanced,,None,sqrt,1
laboratory_model,random_forest,none,5,1,160,40,14,0.9917985347985349,0.77,24.612,,balanced,,None,sqrt,1
laboratory_model,random_forest,none,5,2,160,40,14,0.995919413919414,0.71,24.67,,balanced,,None,sqrt,1
laboratory_model,random_forest,none,5,3,160,40,14,0.9917582417582418,0.8166666666666667,24.664,,balanced,,None,sqrt,1
laboratory_model,random_forest,none,5,4,160,40,14,0.9965860805860807,0.9066666666666666,25.45,,None,,None,sqrt,1
laboratory_model,random_forest,none,6,0,160,40,14,0.991919413919414,0.8433333333333334,24.103,,balanced,,None,sqrt,1
laboratory_model,random_forest,none,6,1,160,40,14,0.9972728937728937,0.75,24.145,,balanced,,None,sqrt,1
laboratory_model,random_forest,none,6,2,160,40,14,0.9892326007326008,0.6417029262707363,23.838,,balanced,,3,sqrt,1
laboratory_model,random_forest,none,6,3,160,40,14,0.9926062271062271,0.7866666666666666,23.818,,balanced,,None,sqrt,1
laboratory_model,random_forest,none,6,4,160,40,14,0.9948690476190476,0.69,27.238,,balanced,,None,sqrt,1
laboratory_model,random_forest,none,7,0,160,40,14,0.9986666666666667,0.7533333333333333,24.545,,balanced,,None,sqrt,1
laboratory_model,random_forest,none,7,1,160,40,14,0.9925860805860807,0.701956765855214,24.583,,balanced,,3,sqrt,5
laboratory_model,random_forest,none,7,2,160,40,14,0.9910714285714286,0.8233333333333334,25.057,,balanced,,None,sqrt,1
laboratory_model,random_forest,none,7,3,160,40,14,0.9938186813186813,0.8533333333333334,24.563,,None,,None,sqrt,1
laboratory_model,random_forest,none,7,4,160,40,14,0.9911117216117217,0.8266666666666667,24.915,,None,,None,sqrt,1
laboratory_model,random_forest,none,8,0,160,40,14,0.993959706959707,0.7966666666666666,26.372,,None,,None,sqrt,1
laboratory_model,random_forest,none,8,1,160,40,14,0.9918388278388279,0.6697532908994375,26.996,,balanced,,None,sqrt,5
laboratory_model,random_forest,none,8,2,160,40,14,0.9986263736263736,0.8666666666666667,27.305,,balanced,,None,sqrt,1
laboratory_model,random_forest,none,8,3,160,40,14,0.995919413919414,0.82,27.229,,None,,None,sqrt,1
laboratory_model,random_forest,none,8,4,160,40,14,0.9945457875457876,0.77,26.953,,balanced,,None,sqrt,1
laboratory_model,random_forest,none,9,0,160,40,14,0.9966666666666667,0.85,27.071,,None,,None,sqrt,1
laboratory_model,random_forest,none,9,1,160,40,14,0.9919395604395604,0.76,27.047,,None,,None,sqrt,1
laboratory_model,random_forest,none,9,2,160,40,14,0.9925457875457876,0.76,27.383,,None,,None,sqrt,1
laboratory_model,random_forest,none,9,3,160,40,14,0.9873342490842492,0.84,27.571,,None,,None,sqrt,1
laboratory_model,random_forest,none,9,4,160,40,14,0.9958791208791209,0.7648923124231465,27.403,,None,,3,sqrt,1
laboratory_model,random_forest,none,10,0,160,40,14,0.9897179487179487,0.8066666666666666,24.915,,balanced,,None,sqrt,1
laboratory_model,random_forest,none,10,1,160,40,14,0.9896666666666666,0.7733333333333333,23.733,,None,,None,sqrt,1
laboratory_model,random_forest,none,10,2,160,40,14,0.9972930402930402,0.8933333333333333,23.696,,None,,None,sqrt,1
laboratory_model,random_forest,none,10,3,160,40,14,0.9951923076923077,0.8231565264278657,23.524,,None,,3,sqrt,1
laboratory_model,random_forest,none,10,4,160,40,14,0.9931318681318682,0.7466666666666667,24.227,,balanced,,None,sqrt,1
laboratory_model,random_forest,none,11,0,160,40,14,0.9931923076923077,0.8366666666666667,23.79,,None,,None,sqrt,1
laboratory_model,random_forest,none,11,1,160,40,14,0.9939798534798535,0.8666666666666667,23.754,,balanced,,None,sqrt,1
laboratory_model,random_forest,none,11,2,160,40,14,0.993879120879121,0.8433333333333334,23.634,,None,,None,sqrt,1
laboratory_model,random_forest,none,11,3,160,40,14,0.9945054945054945,0.6537579958463995,24.873,,balanced,,3,sqrt,1
laboratory_model,random_forest,none,11,4,160,40,14,0.9945860805860807,0.6929508512017373,26.032,,balanced,,3,sqrt,1
laboratory_model,random_forest,none,12,0,160,40,14,0.9938388278388278,0.7933333333333333,27.185,,None,,None,sqrt,1
laboratory_model,random_forest,none,12,1,160,40,14,0.9952326007326007,0.8533333333333334,23.459,,balanced,,None,sqrt,1
laboratory_model,random_forest,none,12,2,160,40,14,0.9918992673992675,0.7133333333333334,23.505,,balanced,,None,sqrt,1
laboratory_model,random_forest,none,12,3,160,40,14,0.9918086080586082,0.7633333333333333,23.772,,balanced,,None,sqrt,1
laboratory_model,random_forest,none,12,4,160,40,14,0.9966465201465201,0.7433333333333333,25.055,,None,,None,sqrt,1
laboratory_model,random_forest,none,13,0,160,40,14,0.9911721611721612,0.8218304526325433,27.807,,None,,3,sqrt,1
laboratory_model,random_forest,none,13,1,160,40,14,0.995919413919414,0.7133333333333334,24.762,,balanced,,None,sqrt,1
laboratory_model,random_forest,none,13,2,160,40,14,0.993919413919414,0.6547650549713696,24.966,,balanced,,3,sqrt,1
laboratory_model,random_forest,none,13,3,160,40,14,0.9917582417582418,0.6797882557544543,25.267,,balanced,,3,sqrt,1
laboratory_model,random_forest,none,13,4,160,40,14,0.9938186813186813,0.8466666666666667,24.076,,balanced,,None,sqrt,1
laboratory_model,random_forest,none,14,0,160,40,14,0.9925054945054945,0.8033333333333333,27.379,,balanced,,None,sqrt,1
laboratory_model,random_forest,none,14,1,160,40,14,0.9931318681318682,0.8023158373356166,23.578,,None,,3,sqrt,1
laboratory_model,random_forest,none,14,2,160,40,14,0.9918186813186813,0.7766666666666666,23.699,,None,,None,sqrt,1
laboratory_model,random_forest,none,14,3,160,40,14,0.9903846153846153,0.71,23.836,,balanced,,None,sqrt,1
laboratory_model,random_forest,none,14,4,160,40,14,0.9953333333333333,0.8433333333333334,24.169,,None,,None,sqrt,1
laboratory_model,random_forest,none,15,0,160,40,14,0.995919413919414,0.7306880543801362,25.295,,None,,3,sqrt,1
laboratory_model,random_forest,none,15,1,160,40,14,0.984404761904762,0.7756535875767816,27.391,,None,,3,sqrt,1
laboratory_model,random_forest,none,15,2,160,40,14,0.9866465201465202,0.7766666666666666,27.437,,balanced,,None,sqrt,1
laboratory_model,random_forest,none,15,3,160,40,14,0.9965659340659341,0.76,27.561,,None,,None,sqrt,1
laboratory_model,random_forest,none,15,4,160,40,14,0.9958791208791209,0.8433333333333334,27.981,,balanced,,None,sqrt,1
laboratory_model,random_forest,none,16,0,160,40,14,0.994,0.8,27.917,,balanced,,None,sqrt,1
laboratory_model,random_forest,none,16,1,160,40,14,0.9938791208791209,0.84,24.66,,None,,None,sqrt,1
laboratory_model,random_forest,none,16,2,160,40,14,0.9966465201465202,0.7733333333333333,24.8,,None,,None,sqrt,1
laboratory_model,random_forest,none,16,3,160,40,14,0.9925054945054945,0.7950126990123254,24.972,,None,,3,sqrt,1
laboratory_model,random_forest,none,16,4,160,40,14,0.9948489010989011,0.7666666666666667,25.861,,balanced,,None,sqrt,1
laboratory_model,random_forest,none,17,0,160,40,14,0.9979395604395604,0.8966666666666666,27.379,,balanced,,None,sqrt,1
laboratory_model,random_forest,none,17,1,160,40,14,0.9912728937728937,0.8033333333333333,24.417,,None,,None,sqrt,1
laboratory_model,random_forest,none,17,2,160,40,14,0.9931923076923078,0.7332429009100363,24.635,,None,,3,sqrt,1
laboratory_model,random_forest,none,17,3,160,40,14,0.9966062271062271,0.85,25.129,,None,,None,sqrt,1
laboratory_model,random_forest,none,17,4,160,40,14,0.9942628205128206,0.7433333333333333,25.725,,balanced,,None,sqrt,1
laboratory_model,random_forest,none,18,0,160,40,14,0.994606227106227,0.87,24.988,,balanced,,None,sqrt,1
laboratory_model,random_forest,none,18,1,160,40,14,0.9972527472527473,0.7566666666666667,24.653,,None,,None,sqrt,1
laboratory_model,random_forest,none,18,2,160,40,14,0.9911117216117217,0.7633333333333333,24.766,,balanced,,None,sqrt,1
laboratory_model,random_forest,none,18,3,160,40,14,0.9938186813186813,0.6703568850468334,25.304,,balanced,,3,sqrt,1
laboratory_model,random_forest,none,18,4,160,40,14,0.992445054945055,0.6617898161465674,25.203,,balanced,,3,sqrt,1
laboratory_model,random_forest,none,19,0,160,40,14,0.997959706959707,0.78,25.674,,None,,None,sqrt,1
laboratory_model,random_forest,none,19,1,160,40,14,0.9946062271062271,0.8,27.143,,None,,None,sqrt,1
laboratory_model,random_forest,none,19,2,160,40,14,0.9895054945054945,0.7366666666666667,27.215,,None,,None,sqrt,1
laboratory_model,random_forest,none,19,3,160,40,14,0.9938186813186813,0.7666666666666667,27.701,,balanced,,None,sqrt,1
laboratory_model,random_forest,none,19,4,160,40,14,0.9979395604395604,0.8933333333333333,25.36,,None,,None,sqrt,1
laboratory_model,random_forest,sigmoid,0,0,160,40,14,0.9945054945054945,0.8320011264266208,39.049,,balanced,,3,sqrt,1
laboratory_model,random_forest,sigmoid,0,1,160,40,14,0.9913333333333334,0.8137317860739545,39.793,,None,,3,sqrt,1
laboratory_model,random_forest,sigmoid,0,2,160,40,14,0.9938589743589743,0.8638490751496435,36.55,,None,,None,sqrt,1
laboratory_model,random_forest,sigmoid,0,3,160,40,14,0.9931520146520147,0.8967901263007731,40.261,,None,,None,sqrt,1
laboratory_model,random_forest,sigmoid,0,4,160,40,14,0.9926263736263736,0.8180320383359314,40.096,,None,,None,sqrt,1
laboratory_model,random_forest,sigmoid,1,0,160,40,14,0.9940000000000001,0.8717480976505024,39.825,,None,,None,sqrt,1
laboratory_model,random_forest,sigmoid,1,1,160,40,14,0.9945457875457876,0.9007063083511829,37.265,,balanced,,None,sqrt,1
laboratory_model,random_forest,sigmoid,1,2,160,40,14,0.988485347985348,0.8465557910444801,35.711,,balanced,,None,sqrt,1
laboratory_model,random_forest,sigmoid,1,3,160,40,14,0.9911721611721612,0.863548176566328,38.352,,None,,None,sqrt,1
laboratory_model,random_forest,sigmoid,1,4,160,40,14,0.9931923076923077,0.8737427037974629,34.558,,None,,None,sqrt,1
laboratory_model,random_forest,sigmoid,2,0,160,40,14,0.9959395604395604,0.909788901581982,35.0,,balanced,,None,sqrt,1
laboratory_model,random_forest,sigmoid,2,1,160,40,14,0.9918186813186813,0.8496065812576259,34.724,,None,,3,sqrt,1
laboratory_model,random_forest,sigmoid,2,2,160,40,14,0.9922527472527473,0.8936761497373052,38.638,,None,,None,sqrt,1
laboratory_model,random_forest,sigmoid,2,3,160,40,14,0.9958992673992674,0.8758951614767512,40.904,,balanced,,None,sqrt,1
laboratory_model,random_forest,sigmoid,2,4,160,40,14,0.9925256410256411,0.8462460591647688,40.68,,None,,None,sqrt,1
laboratory_model,random_forest,sigmoid,3,0,160,40,14,0.9912124542124543,0.8193585978151914,34.578,,None,,3,sqrt,1
laboratory_model,random_forest,sigmoid,3,1,160,40,14,0.9952124542124543,0.8763960444100861,37.42,,None,,None,sqrt,1
laboratory_model,random_forest,sigmoid,3,2,160,40,14,0.9911721611721612,0.7806064984581345,38.883,,balanced,,3,sqrt,1
laboratory_model,random_forest,sigmoid,3,3,160,40,14,0.9993131868131868,0.8928476627871904,35.163,,balanced,,None,sqrt,1
laboratory_model,random_forest,sigmoid,3,4,160,40,14,0.9945659340659341,0.8476049736234073,34.797,,None,,None,sqrt,1
laboratory_model,random_forest,sigmoid,4,0,160,40,14,0.9917985347985349,0.8330925798887595,37.139,,None,,3,sqrt,1
laboratory_model,random_forest,sigmoid,4,1,160,40,14,0.9931923076923077,0.8681558984767928,40.009,,None,,None,sqrt,1
laboratory_model,random_forest,sigmoid,4,2,160,40,14,0.9938992673992675,0.79194343122942,40.199,,balanced,,None,sqrt,1
laboratory_model,random_forest,sigmoid,4,3,160,40,14,0.994525641025641,0.8626495643940658,40.11,,balanced,,None,sqrt,1
laboratory_model,random_forest,sigmoid,4,4,160,40,14,0.9893333333333334,0.8386046211924671,37.35,,balanced,,3,sqrt,1
laboratory_model,random_forest,sigmoid,5,0,160,40,14,0.993919413919414,0.8338612149909119,37.486,,balanced,,None,sqrt,1
laboratory_model,random_forest,sigmoid,5,1,160,40,14,0.9917985347985349,0.834863042658563,36.776,,balanced,,None,sqrt,1
laboratory_model,random_forest,sigmoid,5,2,160,40,14,0.995919413919414,0.8063715409971274,36.689,,balanced,,None,sqrt,1
laboratory_model,random_forest,sigmoid,5,3,160,40,14,0.9917582417582418,0.8746694682386891,37.085,,balanced,,None,sqrt,1
laboratory_model,random_forest,sigmoid,5,4,160,40,14,0.9965860805860807,0.9096314819496969,38.122,,None,,None,sqrt,1
laboratory_model,random_forest,sigmoid,6,0,160,40,14,0.991919413919414,0.8941978736683658,35.412,,balanced,,None,sqrt,1
laboratory_model,random_forest,sigmoid,6,1,160,40,14,0.9972728937728937,0.832318290792093,36.588,,balanced,,None,sqrt,1
laboratory_model,random_forest,sigmoid,6,2,160,40,14,0.9892326007326008,0.8383341655187361,36.512,,balanced,,3,sqrt,1
laboratory_model,random_forest,sigmoid,6,3,160,40,14,0.9926062271062271,0.8693165162602852,36.935,,balanced,,None,sqrt,1
laboratory_model,random_forest,sigmoid,6,4,160,40,14,0.9948690476190476,0.799384381640435,34.921,,balanced,,None,sqrt,1
laboratory_model,random_forest,sigmoid,7,0,160,40,14,0.9986666666666667,0.8727159669673854,34.978,,balanced,,None,sqrt,1
laboratory_model,random_forest,sigmoid,7,1,160,40,14,0.9925860805860807,0.8482733310333288,34.969,,balanced,,3,sqrt,5
laboratory_model,random_forest,sigmoid,7,2,160,40,14,0.9910714285714286,0.8719257920685164,35.218,,balanced,,None,sqrt,1
laboratory_model,random_forest,sigmoid,7,3,160,40,14,0.9938186813186813,0.8908544928833378,34.786,,None,,None,sqrt,1
laboratory_model,random_forest,sigmoid,7,4,160,40,14,0.9911117216117217,0.8690820059350846,36.925,,None,,None,sqrt,1
laboratory_model,random_forest,sigmoid,8,0,160,40,14,0.993959706959707,0.866721717209054,36.576,,None,,None,sqrt,1
laboratory_model,random_forest,sigmoid,8,1,160,40,14,0.9918388278388279,0.8125715608529724,36.731,,balanced,,None,sqrt,5
laboratory_model,random_forest,sigmoid,8,2,160,40,14,0.9986263736263736,0.9180921427096195,36.731,,balanced,,None,sqrt,1
laboratory_model,random_forest,sigmoid,8,3,160,40,14,0.995919413919414,0.8595135146547513,36.911,,None,,None,sqrt,1
laboratory_model,random_forest,sigmoid,8,4,160,40,14,0.9945457875457876,0.8570426777549611,40.454,,balanced,,None,sqrt,1
laboratory_model,random_forest,sigmoid,9,0,160,40,14,0.9966666666666667,0.8887263664495477,36.68,,None,,None,sqrt,1
laboratory_model,random_forest,sigmoid,9,1,160,40,14,0.9919395604395604,0.8311789695571685,36.355,,None,,None,sqrt,1
laboratory_model,random_forest,sigmoid,9,2,160,40,14,0.9925457875457876,0.842416715303631,36.207,,None,,None,sqrt,1
laboratory_model,random_forest,sigmoid,9,3,160,40,14,0.9873342490842492,0.8851946488182312,36.986,,None,,None,sqrt,1
laboratory_model,random_forest,sigmoid,9,4,160,40,14,0.9958791208791209,0.8525824329173494,37.051,,None,,3,sqrt,1
laboratory_model,random_forest,sigmoid,10,0,160,40,14,0.9897179487179487,0.8806832277162754,40.631,,balanced,,None,sqrt,1
laboratory_model,random_forest,sigmoid,10,1,160,40,14,0.9896666666666666,0.8407759681046127,40.62,,None,,None,sqrt,1
laboratory_model,random_forest,sigmoid,10,2,160,40,14,0.9972930402930402,0.9097504703634328,39.822,,None,,None,sqrt,1
laboratory_model,random_forest,sigmoid,10,3,160,40,14,0.9951923076923077,0.8873475348310025,36.396,,None,,3,sqrt,1
laboratory_model,random_forest,sigmoid,10,4,160,40,14,0.9931318681318682,0.8401507094651438,38.659,,balanced,,None,sqrt,1
laboratory_model,random_forest,sigmoid,11,0,160,40,14,0.9931923076923077,0.8885588009409144,34.797,,None,,None,sqrt,1
laboratory_model,random_forest,sigmoid,11,1,160,40,14,0.9939798534798535,0.8956375152575154,35.103,,balanced,,None,sqrt,1
laboratory_model,random_forest,sigmoid,11,2,160,40,14,0.993879120879121,0.8810945935877917,34.76,,None,,None,sqrt,1
laboratory_model,random_forest,sigmoid,11,3,160,40,14,0.9945054945054945,0.8183011560950332,35.026,,balanced,,3,sqrt,1
laboratory_model,random_forest,sigmoid,11,4,160,40,14,0.9945860805860807,0.8509367270906606,34.987,,balanced,,3,sqrt,1
laboratory_model,random_forest,sigmoid,12,0,160,40,14,0.9938388278388278,0.8712148195212853,34.704,,None,,None,sqrt,1
laboratory_model,random_forest,sigmoid,12,1,160,40,14,0.9952326007326007,0.9025759324536567,35.178,,balanced,,None,sqrt,1
laboratory_model,random_forest,sigmoid,12,2,160,40,14,0.9918992673992675,0.8317970826670268,40.929,,balanced,,None,sqrt,1
laboratory_model,random_forest,sigmoid,12,3,160,40,14,0.9918086080586082,0.8466364501691083,40.541,,balanced,,None,sqrt,1
laboratory_model,random_forest,sigmoid,12,4,160,40,14,0.9966465201465201,0.8368357765989501,39.958,,None,,None,sqrt,1
laboratory_model,random_forest,sigmoid,13,0,160,40,14,0.9911721611721612,0.8944299073097359,34.681,,None,,3,sqrt,1
laboratory_model,random_forest,sigmoid,13,1,160,40,14,0.995919413919414,0.8215697006823026,35.439,,balanced,,None,sqrt,1
laboratory_model,random_forest,sigmoid,13,2,160,40,14,0.993919413919414,0.8278385886579924,34.853,,balanced,,3,sqrt,1
laboratory_model,random_forest,sigmoid,13,3,160,40,14,0.9917582417582418,0.8399587522750724,35.502,,balanced,,3,sqrt,1
laboratory_model,random_forest,sigmoid,13,4,160,40,14,0.9938186813186813,0.8993203672741207,38.46,,balanced,,None,sqrt,1
laboratory_model,random_forest,sigmoid,14,0,160,40,14,0.9925054945054945,0.8697362785233693,40.003,,balanced,,None,sqrt,1
laboratory_model,random_forest,sigmoid,14,1,160,40,14,0.9931318681318682,0.8486074733493535,40.435,,None,,3,sqrt,1
laboratory_model,random_forest,sigmoid,14,2,160,40,14,0.9918186813186813,0.8574482359145403,40.846,,None,,None,sqrt,1
laboratory_model,random_forest,sigmoid,14,3,160,40,14,0.9903846153846153,0.8185937374645993,39.237,,balanced,,None,sqrt,1
laboratory_model,random_forest,sigmoid,14,4,160,40,14,0.9953333333333333,0.8837666774271989,34.646,,None,,None,sqrt,1
laboratory_model,random_forest,sigmoid,15,0,160,40,14,0.995919413919414,0.8389474648314217,39.555,,None,,3,sqrt,1
laboratory_model,random_forest,sigmoid,15,1,160,40,14,0.984404761904762,0.8757793061622411,40.297,,None,,3,sqrt,1
laboratory_model,random_forest,sigmoid,15,2,160,40,14,0.9866465201465202,0.8625741628420187,41.304,,balanced,,None,sqrt,1
laboratory_model,random_forest,sigmoid,15,3,160,40,14,0.9965659340659341,0.8666574497568225,40.368,,None,,None,sqrt,1
laboratory_model,random_forest,sigmoid,15,4,160,40,14,0.9958791208791209,0.8890015478011974,41.205,,balanced,,None,sqrt,1
laboratory_model,random_forest,sigmoid,16,0,160,40,14,0.994,0.8865431148200612,37.163,,balanced,,None,sqrt,1
laboratory_model,random_forest,sigmoid,16,1,160,40,14,0.9938791208791209,0.8686799154295327,36.502,,None,,None,sqrt,1
laboratory_model,random_forest,sigmoid,16,2,160,40,14,0.9966465201465202,0.8186588706681146,37.045,,None,,None,sqrt,1
laboratory_model,random_forest,sigmoid,16,3,160,40,14,0.9925054945054945,0.8835173045347684,36.971,,None,,3,sqrt,1
laboratory_model,random_forest,sigmoid,16,4,160,40,14,0.9948489010989011,0.8386715647343723,38.195,,balanced,,None,sqrt,1
laboratory_model,random_forest,sigmoid,17,0,160,40,14,0.9979395604395604,0.9145833677402043,35.447,,balanced,,None,sqrt,1
laboratory_model,random_forest,sigmoid,17,1,160,40,14,0.9912728937728937,0.8521085052134487,34.557,,None,,None,sqrt,1
laboratory_model,random_forest,sigmoid,17,2,160,40,14,0.9931923076923078,0.8207690318782848,34.803,,None,,3,sqrt,1
laboratory_model,random_forest,sigmoid,17,3,160,40,14,0.9966062271062271,0.8876597554380032,37.454,,None,,None,sqrt,1
laboratory_model,random_forest,sigmoid,17,4,160,40,14,0.9942628205128206,0.877461564513405,37.069,,balanced,,None,sqrt,1
laboratory_model,random_forest,sigmoid,18,0,160,40,14,0.994606227106227,0.8878293945976822,37.121,,balanced,,None,sqrt,1
laboratory_model,random_forest,sigmoid,18,1,160,40,14,0.9972527472527473,0.8569104179051621,36.709,,None,,None,sqrt,1
laboratory_model,random_forest,sigmoid,18,2,160,40,14,0.9911117216117217,0.8187218528409246,37.758,,balanced,,None,sqrt,1
laboratory_model,random_forest,sigmoid,18,3,160,40,14,0.9938186813186813,0.8212273870577222,37.444,,balanced,,3,sqrt,1
laboratory_model,random_forest,sigmoid,18,4,160,40,14,0.992445054945055,0.7902464828363885,37.118,,balanced,,3,sqrt,1
laboratory_model,random_forest,sigmoid,19,0,160,40,14,0.997959706959707,0.8397723488025043,34.887,,None,,None,sqrt,1
laboratory_model,random_forest,sigmoid,19,1,160,40,14,0.9946062271062271,0.86592296434488,34.573,,None,,None,sqrt,1
laboratory_model,random_forest,sigmoid,19,2,160,40,14,0.9895054945054945,0.8144621927032798,35.553,,None,,None,sqrt,1
laboratory_model,random_forest,sigmoid,19,3,160,40,14,0.9938186813186813,0.8481283283690565,35.322,,balanced,,None,sqrt,1
laboratory_model,random_forest,sigmoid,19,4,160,40,14,0.9979395604395604,0.9104275330578875,41.045,,None,,None,sqrt,1
laboratory_model,random_forest,isotonic,0,0,160,40,14,0.9945054945054945,0.9114019575911355,35.11,,balanced,,3,sqrt,1
laboratory_model,random_forest,isotonic,0,1,160,40,14,0.9913333333333334,0.8767221702774775,34.637,,None,,3,sqrt,1
laboratory_model,random_forest,isotonic,0,2,160,40,14,0.9938589743589743,0.8930137844611528,36.919,,None,,None,sqrt,1
laboratory_model,random_forest,isotonic,0,3,160,40,14,0.9931520146520147,0.9338235294117647,37.018,,None,,None,sqrt,1
laboratory_model,random_forest,isotonic,0,4,160,40,14,0.9926263736263736,0.7082987910189982,36.742,,None,,None,sqrt,1
laboratory_model,random_forest,isotonic,1,0,160,40,14,0.9940000000000001,0.9397804054054055,36.498,,None,,None,sqrt,1
laboratory_model,random_forest,isotonic,1,1,160,40,14,0.9945457875457876,0.9940298507462686,36.876,,balanced,,None,sqrt,1
laboratory_model,random_forest,isotonic,1,2,160,40,14,0.988485347985348,0.9304306468350053,35.257,,balanced,,None,sqrt,1
laboratory_model,random_forest,isotonic,1,3,160,40,14,0.9911721611721612,0.9503083414475819,34.804,,None,,None,sqrt,1
laboratory_model,random_forest,isotonic,1,4,160,40,14,0.9931923076923077,0.928030303030303,38.933,,None,,None,sqrt,1
laboratory_model,random_forest,isotonic,2,0,160,40,14,0.9959395604395604,0.9841954022988505,36.83,,balanced,,None,sqrt,1
laboratory_model,random_forest,isotonic,2,1,160,40,14,0.9918186813186813,0.9377314686988506,36.751,,None,,3,sqrt,1
laboratory_model,random_forest,isotonic,2,2,160,40,14,0.9922527472527473,0.9813084112149533,36.039,,None,,None,sqrt,1
laboratory_model,random_forest,isotonic,2,3,160,40,14,0.9958992673992674,0.9644308943089431,35.23,,balanced,,None,sqrt,1
laboratory_model,random_forest,isotonic,2,4,160,40,14,0.9925256410256411,0.873,40.12,,None,,None,sqrt,1
laboratory_model,random_forest,isotonic,3,0,160,40,14,0.9912124542124543,0.8565937594065638,39.875,,None,,3,sqrt,1
laboratory_model,random_forest,isotonic,3,1,160,40,14,0.9952124542124543,0.8768115942028986,40.232,,None,,None,sqrt,1
laboratory_model,random_forest,isotonic,3,2,160,40,14,0.9911721611721612,0.8972763599833695,40.555,,balanced,,3,sqrt,1
laboratory_model,random_forest,isotonic,3,3,160,40,14,0.9993131868131868,0.9605597964376591,37.822,,balanced,,None,sqrt,1
laboratory_model,random_forest,isotonic,3,4,160,40,14,0.9945659340659341,0.9469279960046034,38.453,,None,,None,sqrt,1
laboratory_model,random_forest,isotonic,4,0,160,40,14,0.9917985347985349,0.9945398503357517,40.481,,None,,3,sqrt,1
laboratory_model,random_forest,isotonic,4,1,160,40,14,0.9931923076923077,0.9376265182186234,40.454,,None,,None,sqrt,1
laboratory_model,random_forest,isotonic,4,2,160,40,14,0.9938992673992675,0.8119178165792991,41.368,,balanced,,None,sqrt,1
laboratory_model,random_forest,isotonic,4,3,160,40,14,0.994525641025641,0.9306426332288401,41.051,,balanced,,None,sqrt,1
laboratory_model,random_forest,isotonic,4,4,160,40,14,0.9893333333333334,0.9915733592574921,36.609,,balanced,,3,sqrt,1
laboratory_model,random_forest,isotonic,5,0,160,40,14,0.993919413919414,0.894727564102564,37.501,,balanced,,None,sqrt,1
laboratory_model,random_forest,isotonic,5,1,160,40,14,0.9917985347985349,0.8890247915752523,36.219,,balanced,,None,sqrt,1
laboratory_model,random_forest,isotonic,5,2,160,40,14,0.995919413919414,0.857936507936508,40.823,,balanced,,None,sqrt,1
laboratory_model,random_forest,isotonic,5,3,160,40,14,0.9917582417582418,0.9107142857142857,41.096,,balanced,,None,sqrt,1
laboratory_model,random_forest,isotonic,5,4,160,40,14,0.9965860805860807,0.9166666666666666,36.282,,None,,None,sqrt,1
laboratory_model,random_forest,isotonic,6,0,160,40,14,0.991919413919414,0.9794372294372294,38.796,,balanced,,None,sqrt,1
laboratory_model,random_forest,isotonic,6,1,160,40,14,0.9972728937728937,0.8857142857142857,37.961,,balanced,,None,sqrt,1
laboratory_model,random_forest,isotonic,6,2,160,40,14,0.9892326007326008,0.9325978959036615,40.018,,balanced,,3,sqrt,1
laboratory_model,random_forest,isotonic,6,3,160,40,14,0.9926062271062271,0.9275137362637362,35.147,,balanced,,None,sqrt,1
laboratory_model,random_forest,isotonic,6,4,160,40,14,0.9948690476190476,0.7870689655172414,39.275,,balanced,,None,sqrt,1
laboratory_model,random_forest,isotonic,7,0,160,40,14,0.9986666666666667,0.9819182389937107,41.18,,balanced,,None,sqrt,1
laboratory_model,random_forest,isotonic,7,1,160,40,14,0.9925860805860807,0.9522874574062462,38.942,,balanced,,3,sqrt,5
laboratory_model,random_forest,isotonic,7,2,160,40,14,0.9910714285714286,0.943069306930693,37.822,,balanced,,None,sqrt,1
laboratory_model,random_forest,isotonic,7,3,160,40,14,0.9938186813186813,0.9647058823529412,35.37,,None,,None,sqrt,1
laboratory_model,random_forest,isotonic,7,4,160,40,14,0.9911117216117217,0.9502793478463634,38.535,,None,,None,sqrt,1
laboratory_model,random_forest,isotonic,8,0,160,40,14,0.993959706959707,0.9132653061224489,37.199,,None,,None,sqrt,1
laboratory_model,random_forest,isotonic,8,1,160,40,14,0.9918388278388279,0.9082217022947221,37.066,,balanced,,None,sqrt,5
laboratory_model,random_forest,isotonic,8,2,160,40,14,0.9986263736263736,1.0,36.523,,balanced,,None,sqrt,1
laboratory_model,random_forest,isotonic,8,3,160,40,14,0.995919413919414,0.8928571428571432,35.865,,None,,None,sqrt,1
laboratory_model,random_forest,isotonic,8,4,160,40,14,0.9945457875457876,0.875,36.66,,balanced,,None,sqrt,1
laboratory_model,random_forest,isotonic,9,0,160,40,14,0.9966666666666667,0.9615384615384616,37.271,,None,,None,sqrt,1
laboratory_model,random_forest,isotonic,9,1,160,40,14,0.9919395604395604,0.908427495291902,36.578,,None,,None,sqrt,1
laboratory_model,random_forest,isotonic,9,2,160,40,14,0.9925457875457876,0.8541666666666667,34.378,,None,,None,sqrt,1
laboratory_model,random_forest,isotonic,9,3,160,40,14,0.9873342490842492,0.9362745098039216,36.1,,None,,None,sqrt,1
laboratory_model,random_forest,isotonic,9,4,160,40,14,0.9958791208791209,0.977092663909049,36.301,,None,,3,sqrt,1
laboratory_model,random_forest,isotonic,10,0,160,40,14,0.9897179487179487,0.9071757246376811,41.049,,balanced,,None,sqrt,1
laboratory_model,random_forest,isotonic,10,1,160,40,14,0.9896666666666666,0.9461988304093567,40.048,,None,,None,sqrt,1
laboratory_model,random_forest,isotonic,10,2,160,40,14,0.9972930402930402,0.9630447280671497,39.847,,None,,None,sqrt,1
laboratory_model,random_forest,isotonic,10,3,160,40,14,0.9951923076923077,0.9872405068017631,39.837,,None,,3,sqrt,1
laboratory_model,random_forest,isotonic,10,4,160,40,14,0.9931318681318682,0.9466666666666668,40.836,,balanced,,None,sqrt,1
laboratory_model,random_forest,isotonic,11,0,160,40,14,0.9931923076923077,0.9912280701754386,36.95,,None,,None,sqrt,1
laboratory_model,random_forest,isotonic,11,1,160,40,14,0.9939798534798535,0.9880573248407643,37.313,,balanced,,None,sqrt,1
laboratory_model,random_forest,isotonic,11,2,160,40,14,0.993879120879121,0.9007936507936507,35.924,,None,,None,sqrt,1
laboratory_model,random_forest,isotonic,11,3,160,40,14,0.9945054945054945,0.8237555395056,35.152,,balanced,,3,sqrt,1
laboratory_model,random_forest,isotonic,11,4,160,40,14,0.9945860805860807,0.934691388902769,35.324,,balanced,,3,sqrt,1
laboratory_model,random_forest,isotonic,12,0,160,40,14,0.9938388278388278,0.96,37.36,,None,,None,sqrt,1
laboratory_model,random_forest,isotonic,12,1,160,40,14,0.9952326007326007,0.9603960396039604,37.345,,balanced,,None,sqrt,1
laboratory_model,random_forest,isotonic,12,2,160,40,14,0.9918992673992675,0.9202898550724637,36.566,,balanced,,None,sqrt,1
laboratory_model,random_forest,isotonic,12,3,160,40,14,0.9918086080586082,0.6143410852713178,36.727,,balanced,,None,sqrt,1
laboratory_model,random_forest,isotonic,12,4,160,40,14,0.9966465201465201,0.8805970149253731,36.591,,None,,None,sqrt,1
laboratory_model,random_forest,isotonic,13,0,160,40,14,0.9911721611721612,0.9801683215275176,38.605,,None,,3,sqrt,1
laboratory_model,random_forest,isotonic,13,1,160,40,14,0.995919413919414,0.8677910052910054,36.509,,balanced,,None,sqrt,1
laboratory_model,random_forest,isotonic,13,2,160,40,14,0.993919413919414,0.9736083335251916,37.328,,balanced,,3,sqrt,1
laboratory_model,random_forest,isotonic,13,3,160,40,14,0.9917582417582418,0.875,34.696,,balanced,,3,sqrt,1
laboratory_model,random_forest,isotonic,13,4,160,40,14,0.9938186813186813,0.9312339606501283,35.716,,balanced,,None,sqrt,1
laboratory_model,random_forest,isotonic,14,0,160,40,14,0.9925054945054945,0.9824404761904763,35.329,,balanced,,None,sqrt,1
laboratory_model,random_forest,isotonic,14,1,160,40,14,0.9931318681318682,0.9386867569734947,35.142,,None,,3,sqrt,1
laboratory_model,random_forest,isotonic,14,2,160,40,14,0.9918186813186813,0.750598659003831,36.11,,None,,None,sqrt,1
laboratory_model,random_forest,isotonic,14,3,160,40,14,0.9903846153846153,0.890990990990991,36.487,,balanced,,None,sqrt,1
laboratory_model,random_forest,isotonic,14,4,160,40,14,0.9953333333333333,0.9383333333333334,36.324,,None,,None,sqrt,1
laboratory_model,random_forest,isotonic,15,0,160,40,14,0.995919413919414,0.9012252909207403,38.99,,None,,3,sqrt,1
laboratory_model,random_forest,isotonic,15,1,160,40,14,0.984404761904762,0.9590581854160667,34.245,,None,,3,sqrt,1
laboratory_model,random_forest,isotonic,15,2,160,40,14,0.9866465201465202,0.9800578034682081,35.149,,balanced,,None,sqrt,1
laboratory_model,random_forest,isotonic,15,3,160,40,14,0.9965659340659341,0.9074570815450644,35.102,,None,,None,sqrt,1
laboratory_model,random_forest,isotonic,15,4,160,40,14,0.9958791208791209,0.96875,36.611,,balanced,,None,sqrt,1
laboratory_model,random_forest,isotonic,16,0,160,40,14,0.994,0.9754901960784313,39.596,,balanced,,None,sqrt,1
laboratory_model,random_forest,isotonic,16,1,160,40,14,0.9938791208791209,0.9650000000000001,40.382,,None,,None,sqrt,1
laboratory_model,random_forest,isotonic,16,2,160,40,14,0.9966465201465202,0.8411572052401747,41.66,,None,,None,sqrt,1
laboratory_model,random_forest,isotonic,16,3,160,40,14,0.9925054945054945,0.9885524063658453,34.507,,None,,3,sqrt,1
laboratory_model,random_forest,isotonic,16,4,160,40,14,0.9948489010989011,0.8588726884779516,21.595,,balanced,,None,sqrt,1
laboratory_model,random_forest,isotonic,17,0,160,40,14,0.9979395604395604,1.0,39.32,,balanced,,None,sqrt,1
laboratory_model,random_forest,isotonic,17,1,160,40,14,0.9912728937728937,0.9629166666666668,40.223,,None,,None,sqrt,1
laboratory_model,random_forest,isotonic,17,2,160,40,14,0.9931923076923078,0.9060361380652967,41.186,,None,,3,sqrt,1
laboratory_model,random_forest,isotonic,17,3,160,40,14,0.9966062271062271,0.8933457711442787,34.596,,None,,None,sqrt,1
laboratory_model,random_forest,isotonic,17,4,160,40,14,0.9942628205128206,0.9324712643678161,21.698,,balanced,,None,sqrt,1
laboratory_model,random_forest,isotonic,18,0,160,40,14,0.994606227106227,0.9424603174603174,35.65,,balanced,,None,sqrt,1
laboratory_model,random_forest,isotonic,18,1,160,40,14,0.9972527472527473,0.9555555555555555,34.953,,None,,None,sqrt,1
laboratory_model,random_forest,isotonic,18,2,160,40,14,0.9911117216117217,0.875,35.498,,balanced,,None,sqrt,1
laboratory_model,random_forest,isotonic,18,3,160,40,14,0.9938186813186813,0.9645219656546062,33.078,,balanced,,3,sqrt,1
laboratory_model,random_forest,isotonic,18,4,160,40,14,0.992445054945055,0.9035693602768893,23.216,,balanced,,3,sqrt,1
laboratory_model,random_forest,isotonic,19,0,160,40,14,0.997959706959707,0.875,40.176,,None,,None,sqrt,1
laboratory_model,random_forest,isotonic,19,1,160,40,14,0.9946062271062271,0.9569444444444445,40.647,,None,,None,sqrt,1
laboratory_model,random_forest,isotonic,19,2,160,40,14,0.9895054945054945,0.9083199679230152,37.797,,None,,None,sqrt,1
laboratory_model,random_forest,isotonic,19,3,160,40,14,0.9938186813186813,0.9052187153931339,27.475,,balanced,,None,sqrt,1
laboratory_model,random_forest,isotonic,19,4,160,40,14,0.9979395604395604,0.99609375,20.108,,None,,None,sqrt,1
laboratory_model,logreg,none,0,0,160,40,14,0.995919413919414,0.4704965350779605,0.985,0.01,None,,,,
laboratory_model,logreg,none,0,1,160,40,14,0.9960000000000001,0.47213442847886017,0.987,0.01,None,,,,
laboratory_model,logreg,none,0,2,160,40,14,0.9972527472527473,0.44782442187473814,0.973,0.01,balanced,,,,
laboratory_model,logreg,none,0,3,160,40,14,0.9951923076923077,0.4720466849614978,0.973,0.01,None,,,,
laboratory_model,logreg,none,0,4,160,40,14,0.9939798534798535,0.4418104012389561,0.988,0.01,balanced,,,,
laboratory_model,logreg,none,1,0,160,40,14,0.9940000000000001,0.545462613323018,0.999,0.1,None,,,,
laboratory_model,logreg,none,1,1,160,40,14,0.9993333333333334,0.47215055980834525,0.997,0.01,None,,,,
laboratory_model,logreg,none,1,2,160,40,14,0.9945457875457876,0.4441480225252362,0.967,0.01,balanced,,,,
laboratory_model,logreg,none,1,3,160,40,14,0.9938589743589744,0.46726025257480747,1.005,0.01,None,,,,
laboratory_model,logreg,none,1,4,160,40,14,0.9938589743589744,0.4681966177320097,0.982,0.01,None,,,,
laboratory_model,logreg,none,2,0,160,40,14,0.997959706959707,0.4745287636731827,1.011,0.01,None,,,,
laboratory_model,logreg,none,2,1,160,40,14,0.9966263736263736,0.46632808440735396,1.015,0.01,None,,,,
laboratory_model,logreg,none,2,2,160,40,14,0.997959706959707,0.442451190073803,1.01,0.01,balanced,,,,
laboratory_model,logreg,none,2,3,160,40,14,0.9945054945054945,0.4740153606827654,0.986,0.01,None,,,,
laboratory_model,logreg,none,2,4,160,40,14,0.9931923076923077,0.4818634220317141,1.06,0.01,None,,,,
laboratory_model,logreg,none,3,0,160,40,14,0.9953131868131868,0.4683045398617544,0.931,0.01,None,,,,
laboratory_model,logreg,none,3,1,160,40,14,0.9959798534798535,0.4819866115993598,0.945,0.01,None,,,,
laboratory_model,logreg,none,3,2,160,40,14,0.9918791208791209,0.43809948492170503,0.934,0.01,balanced,,,,
laboratory_model,logreg,none,3,3,160,40,14,1.0,0.47102729117565795,0.947,0.01,None,,,,
laboratory_model,logreg,none,3,4,160,40,14,0.9938791208791209,0.4694024065050459,0.943,0.01,None,,,,
laboratory_model,logreg,none,4,0,160,40,14,0.9973131868131869,0.47184565008720863,1.065,0.01,None,,,,
laboratory_model,logreg,none,4,1,160,40,14,0.9951923076923077,0.48614158126283225,0.994,0.1,balanced,,,,
laboratory_model,logreg,none,4,2,160,40,14,0.9938589743589744,0.4755962144720907,0.995,0.01,None,,,,
laboratory_model,logreg,none,4,3,160,40,14,0.9972728937728939,0.4731117972366175,0.989,0.01,None,,,,
laboratory_model,logreg,none,4,4,160,40,14,0.9939395604395604,0.5588242503541024,1.011,0.1,None,,,,
laboratory_model,logreg,none,5,0,160,40,14,0.9986465201465202,0.44220472240520553,1.001,0.01,balanced,,,,
laboratory_model,logreg,none,5,1,160,40,14,0.9973333333333334,0.4368619134825829,1.008,0.01,balanced,,,,
laboratory_model,logreg,none,5,2,160,40,14,0.9952930402930404,0.4468867506074489,1.015,0.01,balanced,,,,
laboratory_model,logreg,none,5,3,160,40,14,0.9951923076923077,0.47485537101168945,1.016,0.01,None,,,,
laboratory_model,logreg,none,5,4,160,40,14,0.9958791208791209,0.47453580297123094,0.985,0.01,None,,,,
laboratory_model,logreg,none,6,0,160,40,14,0.9953333333333334,0.483549867765004,0.944,0.01,None,,,,
laboratory_model,logreg,none,6,1,160,40,14,0.9972728937728939,0.4667901657984476,0.942,0.01,None,,,,
laboratory_model,logreg,none,6,2,160,40,14,0.9932930402930403,0.4673859598217764,0.935,0.01,None,,,,
laboratory_model,logreg,none,6,3,160,40,14,0.993959706959707,0.47285233668939,0.949,0.01,None,,,,
laboratory_model,logreg,none,6,4,160,40,14,0.9938388278388279,0.47453940171037806,0.955,0.01,None,,,,
laboratory_model,logreg,none,7,0,160,40,14,0.9986666666666667,0.47236259457958774,1.013,0.01,None,,,,
laboratory_model,logreg,none,7,1,160,40,14,0.9939395604395604,0.4670248116405123,0.973,0.01,None,,,,
laboratory_model,logreg,none,7,2,160,40,14,0.9958791208791209,0.4760495467202691,0.993,0.01,None,,,,
laboratory_model,logreg,none,7,3,160,40,14,0.9938186813186813,0.47678094982248886,1.005,0.01,None,,,,
laboratory_model,logreg,none,7,4,160,40,14,0.9938589743589744,0.4362287719156602,1.015,0.01,balanced,,,,
laboratory_model,logreg,none,8,0,160,40,14,0.9939798534798535,0.48541946106719214,0.996,0.01,None,,,,
laboratory_model,logreg,none,8,1,160,40,14,0.9932728937728939,0.4571098509397358,0.996,0.01,None,,,,
laboratory_model,logreg,none,8,2,160,40,14,0.9986263736263736,0.46746597140424356,1.002,0.01,None,,,,
laboratory_model,logreg,none,8,3,160,40,14,0.9931721611721612,0.4616559903470357,1.031,0.01,None,,,,
laboratory_model,logreg,none,8,4,160,40,14,0.9945256410256411,0.46851010501969015,1.026,0.01,None,,,,
laboratory_model,logreg,none,9,0,160,40,14,0.9972930402930403,0.47355873476329835,0.947,0.01,None,,,,
laboratory_model,logreg,none,9,1,160,40,14,0.9912728937728938,0.43911343722199675,0.964,0.01,balanced,,,,
laboratory_model,logreg,none,9,2,160,40,14,0.9932527472527473,0.46637215330100706,0.943,0.01,None,,,,
laboratory_model,logreg,none,9,3,160,40,14,0.9966263736263736,0.4494596759299762,0.934,0.01,balanced,,,,
laboratory_model,logreg,none,9,4,160,40,14,1.0,0.4667242884721323,0.948,0.01,None,,,,
laboratory_model,logreg,none,10,0,160,40,14,0.995919413919414,0.47310641439696366,1.033,0.01,None,,,,
laboratory_model,logreg,none,10,1,160,40,14,0.9906666666666668,0.44590792672168195,1.002,0.01,balanced,,,,
laboratory_model,logreg,none,10,2,160,40,14,0.9986666666666667,0.4782038600241679,0.982,0.01,None,,,,
laboratory_model,logreg,none,10,3,160,40,14,0.9965860805860807,0.44215234919645413,1.026,0.01,balanced,,,,
laboratory_model,logreg,none,10,4,160,40,14,0.9945457875457876,0.4702270041978665,1.041,0.01,None,,,,
laboratory_model,logreg,none,11,0,160,40,14,0.9918992673992675,0.47370816730311444,1.025,0.01,None,,,,
laboratory_model,logreg,none,11,1,160,40,14,0.993959706959707,0.48240344545940333,1.034,0.01,None,,,,
laboratory_model,logreg,none,11,2,160,40,14,0.9960000000000001,0.46562701647611543,1.01,0.01,None,,,,
laboratory_model,logreg,none,11,3,160,40,14,0.9965659340659341,0.4587038058678829,1.013,0.01,None,,,,
laboratory_model,logreg,none,11,4,160,40,14,0.9972728937728939,0.4412875232070477,1.06,0.01,balanced,,,,
laboratory_model,logreg,none,12,0,160,40,14,0.9917582417582418,0.4707364070506016,0.94,0.01,None,,,,
laboratory_model,logreg,none,12,1,160,40,14,0.9965860805860807,0.4654964251352288,0.946,0.01,None,,,,
laboratory_model,logreg,none,12,2,160,40,14,0.9945860805860807,0.47774445399571774,0.928,0.01,None,,,,
laboratory_model,logreg,none,12,3,160,40,14,0.9945659340659341,0.46133681273905397,0.908,0.01,None,,,,
laboratory_model,logreg,none,12,4,160,40,14,0.9966666666666667,0.47808394702804363,0.946,0.01,None,,,,
laboratory_model,logreg,none,13,0,160,40,14,0.9965860805860807,0.47710586827861595,1.029,0.01,None,,,,
laboratory_model,logreg,none,13,1,160,40,14,0.9986465201465202,0.47252415972335615,1.052,0.01,None,,,,
laboratory_model,logreg,none,13,2,160,40,14,0.9932728937728939,0.469235974674065,1.065,0.01,None,,,,
laboratory_model,logreg,none,13,3,160,40,14,0.9951923076923077,0.46865891134110504,1.02,0.01,None,,,,
laboratory_model,logreg,none,13,4,160,40,14,0.9972527472527473,0.4737227628420753,1.016,0.01,None,,,,
laboratory_model,logreg,none,14,0,160,40,14,0.9965860805860807,0.47670498693971897,0.99,0.01,None,,,,
laboratory_model,logreg,none,14,1,160,40,14,0.9958992673992675,0.4659375622085133,1.024,0.01,None,,,,
laboratory_model,logreg,none,14,2,160,40,14,0.9938388278388279,0.4696095917568711,1.037,0.01,None,,,,
laboratory_model,logreg,none,14,3,160,40,14,0.9951923076923077,0.4709502913751101,1.01,0.01,None,,,,
laboratory_model,logreg,none,14,4,160,40,14,0.9973333333333334,0.4703851857895201,1.015,0.01,None,,,,
laboratory_model,logreg,none,15,0,160,40,14,0.9952728937728939,0.4744234578546945,0.952,0.01,None,,,,
laboratory_model,logreg,none,15,1,160,40,14,0.992485347985348,0.49069762194003014,0.942,0.03,None,,,,
laboratory_model,logreg,none,15,2,160,40,14,0.9933333333333334,0.44188927250837196,0.935,0.01,balanced,,,,
laboratory_model,logreg,none,15,3,160,40,14,0.9945054945054945,0.4751555778765321,0.926,0.01,None,,,,
laboratory_model,logreg,none,15,4,160,40,14,0.9951923076923077,0.4762671999906902,0.934,0.01,None,,,,
laboratory_model,logreg,none,16,0,160,40,14,0.9973333333333334,0.7431442717075721,1.014,1.0,None,,,,
laboratory_model,logreg,none,16,1,160,40,14,0.9965659340659341,0.47535472513254634,1.059,0.01,None,,,,
laboratory_model,logreg,none,16,2,160,40,14,0.9919798534798535,0.8107310255542511,1.031,3.0,None,,,,
laboratory_model,logreg,none,16,3,160,40,14,0.9952527472527473,0.47928532348878405,0.988,0.01,None,,,,
laboratory_model,logreg,none,16,4,160,40,14,0.9952326007326008,0.4693243394072481,1.045,0.01,None,,,,
laboratory_model,logreg,none,17,0,160,40,14,0.9986263736263736,0.7639028262835682,1.023,3.0,balanced,,,,
laboratory_model,logreg,none,17,1,160,40,14,0.9939798534798536,0.4351482116281742,1.017,0.01,balanced,,,,
laboratory_model,logreg,none,17,2,160,40,14,0.9952527472527473,0.4757656983916819,1.029,0.01,None,,,,
laboratory_model,logreg,none,17,3,160,40,14,0.9952728937728939,0.4858445758904213,1.036,0.01,None,,,,
laboratory_model,logreg,none,17,4,160,40,14,0.9972728937728939,0.8095069646389701,1.134,3.0,None,,,,
laboratory_model,logreg,none,18,0,160,40,14,0.997959706959707,0.48611593875133563,0.949,0.01,None,,,,
laboratory_model,logreg,none,18,1,160,40,14,0.9972728937728939,0.4675501334231706,0.939,0.01,None,,,,
laboratory_model,logreg,none,18,2,160,40,14,0.9931923076923077,0.46205704299179384,1.036,0.01,None,,,,
laboratory_model,logreg,none,18,3,160,40,14,0.9965659340659341,0.4696804705781634,0.947,0.01,None,,,,
laboratory_model,logreg,none,18,4,160,40,14,0.9938186813186813,0.4727145207991338,1.119,0.01,None,,,,
laboratory_model,logreg,none,19,0,160,40,14,0.9945659340659341,0.4749071531033691,1.011,0.01,None,,,,
laboratory_model,logreg,none,19,1,160,40,14,0.9965860805860807,0.47739039622565305,1.047,0.01,None,,,,
laboratory_model,logreg,none,19,2,160,40,14,0.9939395604395604,0.4775239861826216,1.035,0.01,None,,,,
laboratory_model,logreg,none,19,3,160,40,14,0.9945860805860807,0.4625545182362666,1.063,0.01,None,,,,
laboratory_model,logreg,none,19,4,160,40,14,0.9951923076923077,0.452529787171961,0.991,0.01,balanced,,,,
laboratory_model,logreg,sigmoid,0,0,160,40,14,0.995919413919414,0.6797306821649657,1.483,0.01,None,,,,
laboratory_model,logreg,sigmoid,0,1,160,40,14,0.9960000000000001,0.6759322808843994,1.545,0.01,None,,,,
laboratory_model,logreg,sigmoid,0,2,160,40,14,0.9972527472527473,0.6842661089952147,1.478,0.01,balanced,,,,
laboratory_model,logreg,sigmoid,0,3,160,40,14,0.9951923076923077,0.682674203761446,1.502,0.01,None,,,,
laboratory_model,logreg,sigmoid,0,4,160,40,14,0.9939798534798535,0.6910387910390269,1.436,0.01,balanced,,,,
laboratory_model,logreg,sigmoid,1,0,160,40,14,0.9940000000000001,0.6775678832208752,1.372,0.1,None,,,,
laboratory_model,logreg,sigmoid,1,1,160,40,14,0.9993333333333334,0.688937920289991,1.495,0.01,None,,,,
laboratory_model,logreg,sigmoid,1,2,160,40,14,0.9945457875457876,0.675996631434359,1.482,0.01,balanced,,,,
laboratory_model,logreg,sigmoid,1,3,160,40,14,0.9938589743589744,0.6716230918901241,1.442,0.01,None,,,,
laboratory_model,logreg,sigmoid,1,4,160,40,14,0.9938589743589744,0.6816633442044592,1.394,0.01,None,,,,
laboratory_model,logreg,sigmoid,2,0,160,40,14,0.997959706959707,0.6722023694441643,1.528,0.01,None,,,,
laboratory_model,logreg,sigmoid,2,1,160,40,14,0.9966263736263736,0.6690274732974808,1.523,0.01,None,,,,
laboratory_model,logreg,sigmoid,2,2,160,40,14,0.997959706959707,0.6724484691220832,1.513,0.01,balanced,,,,
laboratory_model,logreg,sigmoid,2,3,160,40,14,0.9945054945054945,0.6923482305747457,1.527,0.01,None,,,,
laboratory_model,logreg,sigmoid,2,4,160,40,14,0.9931923076923077,0.7048971218459749,1.478,0.01,None,,,,
laboratory_model,logreg,sigmoid,3,0,160,40,14,0.9953131868131868,0.6793557405649211,1.52,0.01,None,,,,
laboratory_model,logreg,sigmoid,3,1,160,40,14,0.9959798534798535,0.6953275680248141,1.56,0.01,None,,,,
laboratory_model,logreg,sigmoid,3,2,160,40,14,0.9918791208791209,0.6455466210854481,1.429,0.01,balanced,,,,
laboratory_model,logreg,sigmoid,3,3,160,40,14,1.0,0.6898940859554259,1.472,0.01,None,,,,
laboratory_model,logreg,sigmoid,3,4,160,40,14,0.9938791208791209,0.6725177743093806,1.444,0.01,None,,,,
laboratory_model,logreg,sigmoid,4,0,160,40,14,0.9973131868131869,0.6804286970214108,1.765,0.01,None,,,,
laboratory_model,logreg,sigmoid,4,1,160,40,14,0.9951923076923077,0.702580469002116,1.813,0.1,balanced,,,,
laboratory_model,logreg,sigmoid,4,2,160,40,14,0.9938589743589744,0.6946237059769724,1.529,0.01,None,,,,
laboratory_model,logreg,sigmoid,4,3,160,40,14,0.9972728937728939,0.6770334452637162,1.632,0.01,None,,,,
laboratory_model,logreg,sigmoid,4,4,160,40,14,0.9939395604395604,0.6949925430443366,1.636,0.1,None,,,,
laboratory_model,logreg,sigmoid,5,0,160,40,14,0.9986465201465202,0.6848057719677899,1.331,0.01,balanced,,,,
laboratory_model,logreg,sigmoid,5,1,160,40,14,0.9973333333333334,0.646394553672372,1.39,0.01,balanced,,,,
laboratory_model,logreg,sigmoid,5,2,160,40,14,0.9952930402930404,0.682447633548199,1.359,0.01,balanced,,,,
laboratory_model,logreg,sigmoid,5,3,160,40,14,0.9951923076923077,0.6902473945094257,1.473,0.01,None,,,,
laboratory_model,logreg,sigmoid,5,4,160,40,14,0.9958791208791209,0.69815438089921,1.372,0.01,None,,,,
laboratory_model,logreg,sigmoid,6,0,160,40,14,0.9953333333333334,0.710685660313211,1.354,0.01,None,,,,
laboratory_model,logreg,sigmoid,6,1,160,40,14,0.9972728937728939,0.6613412934280816,1.398,0.01,None,,,,
laboratory_model,logreg,sigmoid,6,2,160,40,14,0.9932930402930403,0.6760106104041143,1.36,0.01,None,,,,
laboratory_model,logreg,sigmoid,6,3,160,40,14,0.993959706959707,0.6876601884587041,1.361,0.01,None,,,,
laboratory_model,logreg,sigmoid,6,4,160,40,14,0.9938388278388279,0.6765839728439421,1.405,0.01,None,,,,
laboratory_model,logreg,sigmoid,7,0,160,40,14,0.9986666666666667,0.6855478061064706,1.411,0.01,None,,,,
laboratory_model,logreg,sigmoid,7,1,160,40,14,0.9939395604395604,0.6621816695355489,1.438,0.01,None,,,,
laboratory_model,logreg,sigmoid,7,2,160,40,14,0.9958791208791209,0.6752901493000201,1.482,0.01,None,,,,
laboratory_model,logreg,sigmoid,7,3,160,40,14,0.9938186813186813,0.6828184026864091,1.364,0.01,None,,,,
laboratory_model,logreg,sigmoid,7,4,160,40,14,0.9938589743589744,0.6688540008396965,1.231,0.01,balanced,,,,
laboratory_model,logreg,sigmoid,8,0,160,40,14,0.9939798534798535,0.7091458223771003,1.507,0.01,None,,,,
laboratory_model,logreg,sigmoid,8,1,160,40,14,0.9932728937728939,0.6338385514328715,1.416,0.01,None,,,,
laboratory_model,logreg,sigmoid,8,2,160,40,14,0.9986263736263736,0.6635596741328449,1.529,0.01,None,,,,
laboratory_model,logreg,sigmoid,8,3,160,40,14,0.9931721611721612,0.6645807261545933,1.428,0.01,None,,,,
laboratory_model,logreg,sigmoid,8,4,160,40,14,0.9945256410256411,0.6767495815298461,1.36,0.01,None,,,,
laboratory_model,logreg,sigmoid,9,0,160,40,14,0.9972930402930403,0.6909924865086728,1.39,0.01,None,,,,
laboratory_model,logreg,sigmoid,9,1,160,40,14,0.9912728937728938,0.6710473744469823,1.486,0.01,balanced,,,,
laboratory_model,logreg,sigmoid,9,2,160,40,14,0.9932527472527473,0.6645681354634163,1.452,0.01,None,,,,
laboratory_model,logreg,sigmoid,9,3,160,40,14,0.9966263736263736,0.6951928520613642,1.355,0.01,balanced,,,,
laboratory_model,logreg,sigmoid,9,4,160,40,14,1.0,0.6835176845343368,1.39,0.01,None,,,,
laboratory_model,logreg,sigmoid,10,0,160,40,14,0.995919413919414,0.6816364813065529,1.473,0.01,None,,,,
laboratory_model,logreg,sigmoid,10,1,160,40,14,0.9906666666666668,0.6702634468928836,1.44,0.01,balanced,,,,
laboratory_model,logreg,sigmoid,10,2,160,40,14,0.9986666666666667,0.7034884116570885,1.353,0.01,None,,,,
laboratory_model,logreg,sigmoid,10,3,160,40,14,0.9965860805860807,0.6745313182835526,1.389,0.01,balanced,,,,
laboratory_model,logreg,sigmoid,10,4,160,40,14,0.9945457875457876,0.667600212668835,1.371,0.01,None,,,,
laboratory_model,logreg,sigmoid,11,0,160,40,14,0.9918992673992675,0.681149593840113,1.41,0.01,None,,,,
laboratory_model,logreg,sigmoid,11,1,160,40,14,0.993959706959707,0.7073787447880993,1.542,0.01,None,,,,
laboratory_model,logreg,sigmoid,11,2,160,40,14,0.9960000000000001,0.6699579585057578,1.547,0.01,None,,,,
laboratory_model,logreg,sigmoid,11,3,160,40,14,0.9965659340659341,0.6578394046709235,1.8,0.01,None,,,,
laboratory_model,logreg,sigmoid,11,4,160,40,14,0.9972728937728939,0.6671831585604888,1.53,0.01,balanced,,,,
laboratory_model,logreg,sigmoid,12,0,160,40,14,0.9917582417582418,0.6692698772142194,1.592,0.01,None,,,,
laboratory_model,logreg,sigmoid,12,1,160,40,14,0.9965860805860807,0.6578438313528805,1.325,0.01,None,,,,
laboratory_model,logreg,sigmoid,12,2,160,40,14,0.9945860805860807,0.6975089471360039,1.384,0.01,None,,,,
laboratory_model,logreg,sigmoid,12,3,160,40,14,0.9945659340659341,0.6464481659214474,1.381,0.01,None,,,,
laboratory_model,logreg,sigmoid,12,4,160,40,14,0.9966666666666667,0.6932414016053217,1.412,0.01,None,,,,
laboratory_model,logreg,sigmoid,13,0,160,40,14,0.9965860805860807,0.7066721881631041,1.347,0.01,None,,,,
laboratory_model,logreg,sigmoid,13,1,160,40,14,0.9986465201465202,0.6743057049235899,1.281,0.01,None,,,,
laboratory_model,logreg,sigmoid,13,2,160,40,14,0.9932728937728939,0.6711643252839646,1.246,0.01,None,,,,
laboratory_model,logreg,sigmoid,13,3,160,40,14,0.9951923076923077,0.6739040486680985,1.247,0.01,None,,,,
laboratory_model,logreg,sigmoid,13,4,160,40,14,0.9972527472527473,0.6898587639322608,1.246,0.01,None,,,,
laboratory_model,logreg,sigmoid,14,0,160,40,14,0.9965860805860807,0.6895516911148323,1.26,0.01,None,,,,
laboratory_model,logreg,sigmoid,14,1,160,40,14,0.9958992673992675,0.66559648395771,1.261,0.01,None,,,,
laboratory_model,logreg,sigmoid,14,2,160,40,14,0.9938388278388279,0.6681950233605269,1.236,0.01,None,,,,
laboratory_model,logreg,sigmoid,14,3,160,40,14,0.9951923076923077,0.6827053719321845,1.236,0.01,None,,,,
laboratory_model,logreg,sigmoid,14,4,160,40,14,0.9973333333333334,0.6828400715552725,1.241,0.01,None,,,,
laboratory_model,logreg,sigmoid,15,0,160,40,14,0.9952728937728939,0.6938080608217889,1.381,0.01,None,,,,
laboratory_model,logreg,sigmoid,15,1,160,40,14,0.992485347985348,0.685593342450463,1.389,0.03,None,,,,
laboratory_model,logreg,sigmoid,15,2,160,40,14,0.9933333333333334,0.6783161189062734,1.38,0.01,balanced,,,,
laboratory_model,logreg,sigmoid,15,3,160,40,14,0.9945054945054945,0.6866515416970375,1.291,0.01,None,,,,
laboratory_model,logreg,sigmoid,15,4,160,40,14,0.9951923076923077,0.6819752521967827,1.34,0.01,None,,,,
laboratory_model,logreg,sigmoid,16,0,160,40,14,0.9973333333333334,0.7260668235745471,1.395,1.0,None,,,,
laboratory_model,logreg,sigmoid,16,1,160,40,14,0.9965659340659341,0.6986149632536196,1.389,0.01,None,,,,
laboratory_model,logreg,sigmoid,16,2,160,40,14,0.9919798534798535,0.7058678525446832,1.311,3.0,None,,,,
laboratory_model,logreg,sigmoid,16,3,160,40,14,0.9952527472527473,0.6942796843416863,1.316,0.01,None,,,,
laboratory_model,logreg,sigmoid,16,4,160,40,14,0.9952326007326008,0.6718160064139461,1.305,0.01,None,,,,
laboratory_model,logreg,sigmoid,17,0,160,40,14,0.9986263736263736,0.7327460183717612,1.391,3.0,balanced,,,,
laboratory_model,logreg,sigmoid,17,1,160,40,14,0.9939798534798536,0.6531286009881392,1.341,0.01,balanced,,,,
laboratory_model,logreg,sigmoid,17,2,160,40,14,0.9952527472527473,0.6817844808844343,1.318,0.01,None,,,,
laboratory_model,logreg,sigmoid,17,3,160,40,14,0.9952728937728939,0.7185527612826189,1.358,0.01,None,,,,
laboratory_model,logreg,sigmoid,17,4,160,40,14,0.9972728937728939,0.6785782842046488,1.289,3.0,None,,,,
laboratory_model,logreg,sigmoid,18,0,160,40,14,0.997959706959707,0.7178648296978027,1.238,0.01,None,,,,
laboratory_model,logreg,sigmoid,18,1,160,40,14,0.9972728937728939,0.6670196771726065,1.216,0.01,None,,,,
laboratory_model,logreg,sigmoid,18,2,160,40,14,0.9931923076923077,0.6567871956203585,1.243,0.01,None,,,,
laboratory_model,logreg,sigmoid,18,3,160,40,14,0.9965659340659341,0.6701323424564295,1.244,0.01,None,,,,
laboratory_model,logreg,sigmoid,18,4,160,40,14,0.9938186813186813,0.6830704636915985,1.224,0.01,None,,,,
laboratory_model,logreg,sigmoid,19,0,160,40,14,0.9945659340659341,0.6791088942845546,1.311,0.01,None,,,,
laboratory_model,logreg,sigmoid,19,1,160,40,14,0.9965860805860807,0.6840918986900558,1.304,0.01,None,,,,
laboratory_model,logreg,sigmoid,19,2,160,40,14,0.9939395604395604,0.679353163542495,1.313,0.01,None,,,,
laboratory_model,logreg,sigmoid,19,3,160,40,14,0.9945860805860807,0.6600101332769742,1.324,0.01,None,,,,
laboratory_model,logreg,sigmoid,19,4,160,40,14,0.9951923076923077,0.7172082686112001,1.354,0.01,balanced,,,,
laboratory_model,logreg,isotonic,0,0,160,40,14,0.995919413919414,1.0,1.479,0.01,None,,,,
laboratory_model,logreg,isotonic,0,1,160,40,14,0.9960000000000001,0.9025781850938686,1.491,0.01,None,,,,
laboratory_model,logreg,isotonic,0,2,160,40,14,0.9972527472527473,0.9658245316456677,1.493,0.01,balanced,,,,
laboratory_model,logreg,isotonic,0,3,160,40,14,0.9951923076923077,0.9950979946088813,1.419,0.01,None,,,,
laboratory_model,logreg,isotonic,0,4,160,40,14,0.9939798534798535,0.9094253065370657,1.378,0.01,balanced,,,,
laboratory_model,logreg,isotonic,1,0,160,40,14,0.9940000000000001,0.8706695543040059,1.515,0.1,None,,,,
laboratory_model,logreg,isotonic,1,1,160,40,14,0.9993333333333334,0.9800783788842655,1.505,0.01,None,,,,
laboratory_model,logreg,isotonic,1,2,160,40,14,0.9945457875457876,0.9166465548222202,1.446,0.01,balanced,,,,
laboratory_model,logreg,isotonic,1,3,160,40,14,0.9938589743589744,0.9039706586309671,1.389,0.01,None,,,,
laboratory_model,logreg,isotonic,1,4,160,40,14,0.9938589743589744,0.9837581815083644,1.429,0.01,None,,,,
laboratory_model,logreg,isotonic,2,0,160,40,14,0.997959706959707,0.9424185006379356,1.231,0.01,None,,,,
laboratory_model,logreg,isotonic,2,1,160,40,14,0.9966263736263736,0.9324620220111463,1.216,0.01,None,,,,
laboratory_model,logreg,isotonic,2,2,160,40,14,0.997959706959707,0.9999477292075498,1.21,0.01,balanced,,,,
laboratory_model,logreg,isotonic,2,3,160,40,14,0.9945054945054945,0.9701058071947603,1.196,0.01,None,,,,
laboratory_model,logreg,isotonic,2,4,160,40,14,0.9931923076923077,0.9790025666091271,1.269,0.01,None,,,,
laboratory_model,logreg,isotonic,3,0,160,40,14,0.9953131868131868,0.9752775746227741,1.299,0.01,None,,,,
laboratory_model,logreg,isotonic,3,1,160,40,14,0.9959798534798535,0.9180741198784934,1.251,0.01,None,,,,
laboratory_model,logreg,isotonic,3,2,160,40,14,0.9918791208791209,0.9449718262353484,1.331,0.01,balanced,,,,
laboratory_model,logreg,isotonic,3,3,160,40,14,1.0,0.9765997176189152,1.291,0.01,None,,,,
laboratory_model,logreg,isotonic,3,4,160,40,14,0.9938791208791209,0.9232058588035729,1.426,0.01,None,,,,
laboratory_model,logreg,isotonic,4,0,160,40,14,0.9973131868131869,0.954193317778146,1.301,0.01,None,,,,
laboratory_model,logreg,isotonic,4,1,160,40,14,0.9951923076923077,0.9455002865613705,1.302,0.1,balanced,,,,
laboratory_model,logreg,isotonic,4,2,160,40,14,0.9938589743589744,0.9894275527493228,1.304,0.01,None,,,,
laboratory_model,logreg,isotonic,4,3,160,40,14,0.9972728937728939,0.9425935133458674,1.386,0.01,None,,,,
laboratory_model,logreg,isotonic,4,4,160,40,14,0.9939395604395604,0.9365677092766469,1.439,0.1,None,,,,
laboratory_model,logreg,isotonic,5,0,160,40,14,0.9986465201465202,0.9970330504818861,1.195,0.01,balanced,,,,
laboratory_model,logreg,isotonic,5,1,160,40,14,0.9973333333333334,0.9294164877037752,1.193,0.01,balanced,,,,
laboratory_model,logreg,isotonic,5,2,160,40,14,0.9952930402930404,0.9262262903202597,1.264,0.01,balanced,,,,
laboratory_model,logreg,isotonic,5,3,160,40,14,0.9951923076923077,0.9413561901331238,1.368,0.01,None,,,,
laboratory_model,logreg,isotonic,5,4,160,40,14,0.9958791208791209,1.0,1.33,0.01,None,,,,
laboratory_model,logreg,isotonic,6,0,160,40,14,0.9953333333333334,0.9827573767434404,1.266,0.01,None,,,,
laboratory_model,logreg,isotonic,6,1,160,40,14,0.9972728937728939,0.9840080641380141,1.311,0.01,None,,,,
laboratory_model,logreg,isotonic,6,2,160,40,14,0.9932930402930403,0.974215474537653,1.353,0.01,None,,,,
laboratory_model,logreg,isotonic,6,3,160,40,14,0.993959706959707,0.963222476466981,1.52,0.01,None,,,,
laboratory_model,logreg,isotonic,6,4,160,40,14,0.9938388278388279,0.9688441427877498,1.572,0.01,None,,,,
laboratory_model,logreg,isotonic,7,0,160,40,14,0.9986666666666667,0.9818109945227896,1.287,0.01,None,,,,
laboratory_model,logreg,isotonic,7,1,160,40,14,0.9939395604395604,0.9746925100176993,1.345,0.01,None,,,,
laboratory_model,logreg,isotonic,7,2,160,40,14,0.9958791208791209,0.9727487376397768,1.509,0.01,None,,,,
laboratory_model,logreg,isotonic,7,3,160,40,14,0.9938186813186813,0.9526045106839948,1.578,0.01,None,,,,
laboratory_model,logreg,isotonic,7,4,160,40,14,0.9938589743589744,0.9444876340800998,1.446,0.01,balanced,,,,
laboratory_model,logreg,isotonic,8,0,160,40,14,0.9939798534798535,0.9910946370389311,1.6,0.01,None,,,,
laboratory_model,logreg,isotonic,8,1,160,40,14,0.9932728937728939,0.8972412702625873,1.661,0.01,None,,,,
laboratory_model,logreg,isotonic,8,2,160,40,14,0.9986263736263736,0.9863501668823174,1.591,0.01,None,,,,
laboratory_model,logreg,isotonic,8,3,160,40,14,0.9931721611721612,0.9266815729391576,1.307,0.01,None,,,,
laboratory_model,logreg,isotonic,8,4,160,40,14,0.9945256410256411,0.9262817136779293,1.363,0.01,None,,,,
laboratory_model,logreg,isotonic,9,0,160,40,14,0.9972930402930403,0.9692683542067612,1.572,0.01,None,,,,
laboratory_model,logreg,isotonic,9,1,160,40,14,0.9912728937728938,0.9058610692791469,1.69,0.01,balanced,,,,
laboratory_model,logreg,isotonic,9,2,160,40,14,0.9932527472527473,0.9871748334902597,1.522,0.01,None,,,,
laboratory_model,logreg,isotonic,9,3,160,40,14,0.9966263736263736,0.9588179349913873,1.523,0.01,balanced,,,,
laboratory_model,logreg,isotonic,9,4,160,40,14,1.0,0.9330794747034894,1.357,0.01,None,,,,
laboratory_model,logreg,isotonic,10,0,160,40,14,0.995919413919414,0.8874066983174975,1.313,0.01,None,,,,
laboratory_model,logreg,isotonic,10,1,160,40,14,0.9906666666666668,0.9686902803894214,1.347,0.01,balanced,,,,
laboratory_model,logreg,isotonic,10,2,160,40,14,0.9986666666666667,0.9771539856188447,1.314,0.01,None,,,,
laboratory_model,logreg,isotonic,10,3,160,40,14,0.9965860805860807,0.9740822789865902,1.25,0.01,balanced,,,,
laboratory_model,logreg,isotonic,10,4,160,40,14,0.9945457875457876,0.9151899571914814,1.235,0.01,None,,,,
laboratory_model,logreg,isotonic,11,0,160,40,14,0.9918992673992675,0.9642466537521268,1.435,0.01,None,,,,
laboratory_model,logreg,isotonic,11,1,160,40,14,0.993959706959707,1.0,1.571,0.01,None,,,,
laboratory_model,logreg,isotonic,11,2,160,40,14,0.9960000000000001,0.8996101946815636,1.305,0.01,None,,,,
laboratory_model,logreg,isotonic,11,3,160,40,14,0.9965659340659341,0.9399121358544522,1.217,0.01,None,,,,
laboratory_model,logreg,isotonic,11,4,160,40,14,0.9972728937728939,0.9088142544348559,1.232,0.01,balanced,,,,
laboratory_model,logreg,isotonic,12,0,160,40,14,0.9917582417582418,1.0,1.561,0.01,None,,,,
laboratory_model,logreg,isotonic,12,1,160,40,14,0.9965860805860807,1.0,1.376,0.01,None,,,,
laboratory_model,logreg,isotonic,12,2,160,40,14,0.9945860805860807,0.9230392948003359,1.321,0.01,None,,,,
laboratory_model,logreg,isotonic,12,3,160,40,14,0.9945659340659341,0.9010708152731873,1.398,0.01,None,,,,
laboratory_model,logreg,isotonic,12,4,160,40,14,0.9966666666666667,0.9824444900863989,1.255,0.01,None,,,,
laboratory_model,logreg,isotonic,13,0,160,40,14,0.9965860805860807,1.0,1.198,0.01,None,,,,
laboratory_model,logreg,isotonic,13,1,160,40,14,0.9986465201465202,0.9790455026175665,1.4,0.01,None,,,,
laboratory_model,logreg,isotonic,13,2,160,40,14,0.9932728937728939,0.973923865070228,1.499,0.01,None,,,,
laboratory_model,logreg,isotonic,13,3,160,40,14,0.9951923076923077,0.9731864579429754,1.404,0.01,None,,,,
laboratory_model,logreg,isotonic,13,4,160,40,14,0.9972527472527473,0.9757173592215598,1.38,0.01,None,,,,
laboratory_model,logreg,isotonic,14,0,160,40,14,0.9965860805860807,0.9634046755331632,1.302,0.01,None,,,,
laboratory_model,logreg,isotonic,14,1,160,40,14,0.9958992673992675,0.9189729927852587,1.374,0.01,None,,,,
laboratory_model,logreg,isotonic,14,2,160,40,14,0.9938388278388279,0.8617750212259259,1.428,0.01,None,,,,
laboratory_model,logreg,isotonic,14,3,160,40,14,0.9951923076923077,0.9833105920782326,1.266,0.01,None,,,,
laboratory_model,logreg,isotonic,14,4,160,40,14,0.9973333333333334,0.8437528486166836,1.33,0.01,None,,,,
laboratory_model,logreg,isotonic,15,0,160,40,14,0.9952728937728939,0.9854769999235985,1.36,0.01,None,,,,
laboratory_model,logreg,isotonic,15,1,160,40,14,0.992485347985348,0.8957494509463486,1.384,0.03,None,,,,
laboratory_model,logreg,isotonic,15,2,160,40,14,0.9933333333333334,0.9691730497888575,1.294,0.01,balanced,,,,
laboratory_model,logreg,isotonic,15,3,160,40,14,0.9945054945054945,0.9547310627537263,1.299,0.01,None,,,,
laboratory_model,logreg,isotonic,15,4,160,40,14,0.9951923076923077,0.9844853909319579,1.333,0.01,None,,,,
laboratory_model,logreg,isotonic,16,0,160,40,14,0.9973333333333334,0.8934890159287106,1.224,1.0,None,,,,
laboratory_model,logreg,isotonic,16,1,160,40,14,0.9965659340659341,0.9874940332446085,1.201,0.01,None,,,,
laboratory_model,logreg,isotonic,16,2,160,40,14,0.9919798534798535,0.7856864933696941,1.23,3.0,None,,,,
laboratory_model,logreg,isotonic,16,3,160,40,14,0.9952527472527473,0.9663268513924024,1.246,0.01,None,,,,
laboratory_model,logreg,isotonic,16,4,160,40,14,0.9952326007326008,1.0,1.298,0.01,None,,,,
laboratory_model,logreg,isotonic,17,0,160,40,14,0.9986263736263736,0.9972817686821203,1.385,3.0,balanced,,,,
laboratory_model,logreg,isotonic,17,1,160,40,14,0.9939798534798536,0.9348558917424195,1.309,0.01,balanced,,,,
laboratory_model,logreg,isotonic,17,2,160,40,14,0.9952527472527473,0.9761833745272717,1.291,0.01,None,,,,
laboratory_model,logreg,isotonic,17,3,160,40,14,0.9952728937728939,0.9817822437450529,1.317,0.01,None,,,,
laboratory_model,logreg,isotonic,17,4,160,40,14,0.9972728937728939,0.8438839906638973,1.295,3.0,None,,,,
laboratory_model,logreg,isotonic,18,0,160,40,14,0.997959706959707,0.9831176934645789,1.419,0.01,None,,,,
laboratory_model,logreg,isotonic,18,1,160,40,14,0.9972728937728939,0.9351256918605834,1.431,0.01,None,,,,
laboratory_model,logreg,isotonic,18,2,160,40,14,0.9931923076923077,0.8473439370518222,1.348,0.01,None,,,,
laboratory_model,logreg,isotonic,18,3,160,40,14,0.9965659340659341,1.0,1.342,0.01,None,,,,
laboratory_model,logreg,isotonic,18,4,160,40,14,0.9938186813186813,0.9501498435197941,1.154,0.01,None,,,,
laboratory_model,logreg,isotonic,19,0,160,40,14,0.9945659340659341,0.8514495084932254,1.21,0.01,None,,,,
laboratory_model,logreg,isotonic,19,1,160,40,14,0.9965860805860807,0.9699984090777763,1.256,0.01,None,,,,
laboratory_model,logreg,isotonic,19,2,160,40,14,0.9939395604395604,0.9135036008348523,1.359,0.01,None,,,,
laboratory_model,logreg,isotonic,19,3,160,40,14,0.9945860805860807,0.976095139763515,1.275,0.01,None,,,,
laboratory_model,logreg,isotonic,19,4,160,40,14,0.9951923076923077,0.99636721401436,1.005,0.01,balanced,,,,
