source,citation_or_title,year,doi_or_url,matched_term,quote,verdict,confidence,notes
direct_fetch,arxiv_2406.06728_ensemble_xai,,https://arxiv.org/abs/2406.06728,,nan,no_match,stated,HTTP 200
direct_fetch,arxiv_2012.12089_deep_neural_network,,https://arxiv.org/abs/2012.12089,,nan,no_match,stated,HTTP 200
direct_fetch,uci_857_card,,https://archive.ics.uci.edu/dataset/857/risk+factor+prediction+of+chronic+kidney+disease,enam medical college,"Algorithm at first you have to need to pre-process the data Additional Information This dataset is real Bangladeshi patient data. The dataset is collected from Enam Medical College, Savar, Dhaka, Bangladesh. Has Missing Values? No Introductory Paper Risk Factor Prediction of Chronic Kidney Disease based on Machine Lear",explicit_link,stated,HTTP 200
direct_fetch,uci_857_card,,https://archive.ics.uci.edu/dataset/857/risk+factor+prediction+of+chronic+kidney+disease,10.24432/c5wp64,"5 views Citation Islam, M. &amp; Akter, S. (2020). Risk Factor Prediction of Chronic Kidney Disease [Dataset]. UCI Machine Learning Repository. https://doi.org/10.24432/C5WP64. Style: APA MLA Chicago Vancouver IEEE BibTeX Keywords health Creators Md. Ashiqul Islam ashiqul15-951@diu.edu.bd Diu Journal Analytica R &amp;",no_match,stated,HTTP 200
direct_fetch,opendatabay_renal_bangladesh,,https://www.opendatabay.com/data/healthcare/cebbc2bc-8b56-4866-8e09-85a810a31f98,,nan,no_match,stated,HTTP 200
direct_fetch,semanticscholar_islam2020_native,,"https://api.semanticscholar.org/graph/v1/paper/a4b90dd7b9dfaffa9eff1efc6555bbce62a963d7?fields=title,abstract,year,venue,externalIds,citationCount,authors",,nan,inaccessible,stated,HTTP 429
openalex:native_paper_by_doi,Retracted: Risk Factor Prediction of Chronic Kidney Disease based on Machine Learning Algorithms,2020,https://doi.org/10.1109/iciss49785.2020.9315878,N/A - resolved by DOI,Chronic kidney disease (CKD) is an increasing medical issue that declines the productivity of renal capacities and subsequently damages the kidneys. CKD is very common nowadays; cardiovascular infection and end-stage renal illness are two life threatening diseases that can be caused as after-effects of CKD. These are conceivably preventable through early recognizable conditions and treatment of people who are in danger. The expectation of medical problems is a very troublesome assignment. CKD is particularly one of the most lethal diseases in the clinical field. Before it becomes too late to r,no_match,stated,
openalex:cites_native_paper,Machine Learning Techniques for Chronic Kidney Disease Risk Prediction,2022,https://doi.org/10.3390/bdcc6030098,,nan,no_match,stated,cites the dataset's native paper
openalex:cites_native_paper,Comprehensive Performance Assessment of Deep Learning Models in Early Prediction and Risk Identification of Chronic Kidney Disease,2021,https://doi.org/10.1109/access.2021.3129491,,nan,no_match,stated,cites the dataset's native paper
openalex:cites_native_paper,Machine learning models for chronic kidney disease diagnosis and prediction,2023,https://doi.org/10.1016/j.bspc.2023.105368,,nan,no_match,stated,cites the dataset's native paper
openalex:cites_native_paper,Privacy-First ML for Chronic Kidney Disease Prediction: Exploring a Decentralized Approach Using Blockchain and IPFS,2025,https://doi.org/10.1109/access.2025.3548645,,nan,no_match,stated,cites the dataset's native paper
openalex:cites_native_paper,An intelligent ensemble machine learning model for early detection of chronic kidney disease in aging populations,2026,https://doi.org/10.1038/s41598-025-32919-6,,nan,no_match,stated,cites the dataset's native paper
openalex:cites_native_paper,Hybrid feature selection based on SLI and genetic algorithm for microarray datasets,2022,https://doi.org/10.1007/s11227-022-04650-w,,nan,no_match,stated,cites the dataset's native paper
openalex:cites_native_paper,The Significance of Machine Learning in Clinical Disease Diagnosis: A Review,2023,https://doi.org/10.5120/ijca2023923147,,nan,no_match,stated,cites the dataset's native paper
openalex:cites_native_paper,Comparing Machine Learning Techniques for Detecting Chronic Kidney Disease in Early Stage,2024,https://doi.org/10.32996/jcsts.2024.6.1.3,,nan,no_match,stated,cites the dataset's native paper
openalex:cites_native_paper,Prediction of Chronic Disease in Kidneys Using Machine Learning Classifiers,2022,https://doi.org/10.1109/iccst55948.2022.10040329,,nan,no_match,stated,cites the dataset's native paper
openalex:cites_native_paper,Application of Biochemical Tests and Machine Learning Techniques to Diagnose and Evaluate Liver Disease,2021,https://doi.org/10.4236/abb.2021.126011,,nan,no_match,stated,cites the dataset's native paper
openalex:cites_native_paper,A Comparative Analysis of Machine Learning Approaches for Chronic Kidney Disease Detection,2023,https://doi.org/10.1109/iceeie59078.2023.10334765,,nan,no_match,stated,cites the dataset's native paper
openalex:cites_native_paper,Performance Analysis of Breast Cancer: A Machine Learning Approach,2021,https://doi.org/10.1109/icirca51532.2021.9544879,,nan,no_match,stated,cites the dataset's native paper
openalex:cites_native_paper,An Intelligent Diagnostic System to Analyze Early-Stage Chronic Kidney Disease for Clinical Application,2023,https://doi.org/10.1155/2023/3140270,,nan,no_match,stated,cites the dataset's native paper
openalex:cites_native_paper,Predicting Kidney Failure using an Ensemble Machine Learning Model: A Comparative Study,2023,https://doi.org/10.1109/eecsi59885.2023.10295641,,nan,no_match,stated,cites the dataset's native paper
openalex:cites_native_paper,Machine Learning-Based Chronic Kidney Cancer Prediction Application: A Predictive Analytics Approach,2023,https://doi.org/10.1007/s44174-023-00133-5,,nan,no_match,stated,cites the dataset's native paper
openalex:cites_native_paper,"From Data to Diagnosis: A Journey with Machine Learning, Hyperparameter Tuning, and Ensemble Learning for Disease Prognostication",2024,https://doi.org/10.1007/978-981-97-3937-0_28,,nan,no_match,stated,cites the dataset's native paper
openalex:cites_native_paper,DenseHillNet: a lightweight CNN for accurate classification of natural images,2024,https://doi.org/10.7717/peerj-cs.1995,,nan,no_match,stated,cites the dataset's native paper
openalex:cites_native_paper,Machine Learning Methods for Predicting the Prognosis of Chronic Kidney Disease,2025,https://doi.org/10.1016/j.procs.2025.04.370,,nan,no_match,stated,cites the dataset's native paper
openalex:cites_native_paper,Bayesian Optimization Meets Explainable AI: Enhanced Chronic Kidney Disease Risk Assessment,2025,https://doi.org/10.3390/math13172726,,nan,no_match,stated,cites the dataset's native paper
openalex:cites_native_paper,Deep learning based RAGAE-SVM for Chronic kidney disease diagnosis on internet of health things platform,2024,https://doi.org/10.1007/s11042-024-19926-x,,nan,no_match,stated,cites the dataset's native paper
openalex:cites_native_paper,Predicting and Staging Chronic Kidney Disease using Optimized Random Forest Algorithm,2021,https://doi.org/10.1109/icisat54145.2021.9678441,,nan,no_match,stated,cites the dataset's native paper
openalex:cites_native_paper,Optimizing Chronic Kidney Disease Prediction: A Machine Learning Approach with Minimal Diagnostic Predictors,2024,https://doi.org/10.59796/jcst.v15n1.2025.76,enam,"Chronic kidney disease (CKD) is a major public health issue that necessitates accurate diagnostic methods for effective management. This study involved training an open-source clinical dataset of 200 patients from Enam Medical College, comprising 28 clinical features, obtained from the UCI machine learning repository. After preprocessing to ensure a balanced dataset for objectivity, the data was split into training and testing sets in an 80:20 ratio. The research trained 22 machine learning models, including Naïve Bayes, decision trees, support vector machines (SVM), logistic regression, ensem",explicit_link,stated,cites the dataset's native paper
openalex:cites_native_paper,A LIME-Based Explainable Machine Learning Technique for the Risk Prediction of Chronic Kidney Disease,2023,https://doi.org/10.1109/ic2e357697.2023.10262425,,nan,no_match,stated,cites the dataset's native paper
openalex:cites_native_paper,A Survey of Medical Image Analysis Based on Machine Learning Techniques,2023,https://doi.org/10.29304/jqcm.2023.15.1.1139,,nan,no_match,stated,cites the dataset's native paper
openalex:cites_native_paper,Early Prediction of Chronic Kidney Disease using AI,2023,https://doi.org/10.1109/bmeicon60347.2023.10322036,,nan,no_match,stated,cites the dataset's native paper
openalex:cites_native_paper,An effective role-oriented binary Walrus Grey Wolf approach for feature selection in early-stage chronic kidney disease detection,2024,https://doi.org/10.1007/s11255-024-04067-9,,nan,no_match,stated,cites the dataset's native paper
openalex:cites_native_paper,Classification of Breast Cancer Cell Images using Multiple Convolution Neural Network Architectures,2021,https://doi.org/10.14569/ijacsa.2021.0120934,,nan,no_match,stated,cites the dataset's native paper
openalex:cites_native_paper,Forecast Breast Cancer Cells from Microscopic Biopsy Images using Big Transfer (BiT): A Deep Learning Approach,2021,https://doi.org/10.14569/ijacsa.2021.0121054,,nan,no_match,stated,cites the dataset's native paper
openalex:cites_native_paper,Detection of factors affecting kidney function using machine learning methods,2022,https://doi.org/10.1038/s41598-022-26160-8,,nan,no_match,stated,cites the dataset's native paper
openalex:cites_native_paper,Chronic Kidney Disease Prediction Using Machine Learning,2023,https://doi.org/10.36948/ijfmr.2023.v05i05.6459,,nan,no_match,stated,cites the dataset's native paper
openalex:cites_native_paper,Chronic Kidney Disease Prediction Using Machine Learning and Deep Learning Models,2025,https://doi.org/10.1109/iatmsi64286.2025.10985476,,nan,no_match,stated,cites the dataset's native paper
openalex:cites_native_paper,Chronic Kidney Disease Diagnosis Using Conditional Variational Generative Adversarial Networks and Squirrel Search Algorithm,2023,https://doi.org/10.5755/j01.itc.52.4.34233,,nan,no_match,stated,cites the dataset's native paper
openalex:cites_native_paper,An Analysis to Predict the Occurrence of Chronic Kidney Disease Using Ensemble Learning Algorithms,2024,https://doi.org/10.1109/icscss60660.2024.10625186,,nan,no_match,stated,cites the dataset's native paper
openalex:cites_native_paper,Prediction of CKD: A Performance Analysis of Six Machine Learning Algorithms,2025,https://doi.org/10.1007/978-981-97-8669-5_19,,nan,no_match,stated,cites the dataset's native paper
openalex:cites_native_paper,NefroAI: An Explainable and Real-Time Framework for Predicting Chronic Kidney Disease Using Diverse Machine Learning Models and Different Feature Selection Techniques,2025,https://doi.org/10.1109/access.2025.3649006,,nan,no_match,stated,cites the dataset's native paper
openalex:cites_native_paper,Bioinspired hybrid optimisation and deep belief neural networks for early chronic kidney disease detection: an explainable clinical AI framework,2026,https://doi.org/10.1080/0886022x.2026.2624917,,nan,no_match,stated,cites the dataset's native paper
openalex:cites_native_paper,A Model Based on Convolutional Neural Network (CNN) for Vehicle Classification,2022,https://doi.org/10.1007/978-981-16-9416-5_37,,nan,no_match,stated,cites the dataset's native paper
openalex:cites_native_paper,A Transfer Learning Approach for Face Recognition Using Average Pooling and MobileNetV2,2022,https://doi.org/10.1007/978-981-16-9416-5_38,,nan,no_match,stated,cites the dataset's native paper
openalex:cites_native_paper,Logistic Regression Classification for Assessing the Risk of Kidney Tumor,2023,https://doi.org/10.1109/eiceeai60672.2023.10590388,,nan,no_match,stated,cites the dataset's native paper
openalex:cites_native_paper,Broca’s Area of Brain to Analyze the Language Impairment Problem and Behavior Analysis of Autism,2022,https://doi.org/10.1007/978-3-030-82763-2_19,,nan,no_match,stated,cites the dataset's native paper
openalex:cites_native_paper,Meta Analysis of Human Body Diseases with the Application of Machine Learning,2023,https://doi.org/10.1109/icidca56705.2023.10100252,,nan,no_match,stated,cites the dataset's native paper
openalex:cites_native_paper,A Survey of Kidney Cancer Analysis Using Machine Learning and Deep Learning Algorithms,2024,https://doi.org/10.52783/jes.3237,,nan,no_match,stated,cites the dataset's native paper
openalex:cites_native_paper,Predicting Factors Affecting Kidney Functions using Machine Learning,2023,https://doi.org/10.1109/wiecon-ece60392.2023.10456511,,nan,no_match,stated,cites the dataset's native paper
openalex:cites_native_paper,EXAMINATION OF UNREMITTING KIDNEY ILLNESS BY UTILIZING MACHINE LEARNING CLASSIFIERS,2023,https://doi.org/10.33965/mccsis2023_202305l022,,nan,no_match,stated,cites the dataset's native paper
openalex:cites_native_paper,Performance Evaluation and Comparative Analysis of Machine Learning Techniques to Predict the Chronic Kidney Disease,2024,https://doi.org/10.1007/978-981-99-8479-4_35,,nan,no_match,stated,cites the dataset's native paper
openalex:cites_native_paper,A Study on Machine Learning and Deep Learning Techniques Applied in Predicting Chronic Kidney Diseases,2024,https://doi.org/10.1007/978-981-99-8451-0_7,,nan,no_match,stated,cites the dataset's native paper
openalex:cites_native_paper,Forecasting of Long term Renal disease using Machine learning,2024,https://doi.org/10.1109/iitcee59897.2024.10467727,,nan,no_match,stated,cites the dataset's native paper
openalex:cites_native_paper,Coupling of Rough Set Theory and Predictive Power of SVM Towards Mining of Missing Data,2024,https://doi.org/10.47857/irjms.2024.v05i02.0631,,nan,no_match,stated,cites the dataset's native paper
openalex:cites_native_paper,Performance Analysis of Kidney Disease Prediction Using Machine Learning Classification Algorithms and Ensemble Techniques,2024,https://doi.org/10.1109/akgec62572.2024.10868902,,nan,no_match,stated,cites the dataset's native paper
openalex:cites_native_paper,Systematic Review on Chronic Kidney Disease Detection Using Deep Learning,2025,https://doi.org/10.1109/icict64420.2025.11005285,,nan,no_match,stated,cites the dataset's native paper
openalex:cites_native_paper,Integrating feature importance techniques and causal inference to enhance early detection of heart disease,2025,https://doi.org/10.1371/journal.pone.0309275,,nan,no_match,stated,cites the dataset's native paper
openalex:cites_native_paper,Predicting the Risk of Chronic Kidney Disease Using Machine Learning,2023,https://doi.org/10.2139/ssrn.4636627,,nan,no_match,stated,cites the dataset's native paper
openalex:cites_native_paper,Convolutional Neural Network for Automatic Classification and Segmentation of Medical Images,2025,https://doi.org/10.2139/ssrn.5088938,,nan,no_match,stated,cites the dataset's native paper
openalex:cites_native_paper,Stagewise Classification of Chronic Kidney Disease and Diet Plan Recommendation,2022,https://doi.org/10.22214/ijraset.2022.44821,,nan,no_match,stated,cites the dataset's native paper
openalex:cites_native_paper,A Review: Heart Disease Prediction Based on Conventional and Machine Learning Algorithms,2022,https://doi.org/10.1109/ic3i56241.2022.10072945,,nan,no_match,stated,cites the dataset's native paper
openalex:cites_native_paper,A Survey on Public Data Sets Related to Chronic Diseases,2023,https://doi.org/10.1109/cbms58004.2023.00342,,nan,no_match,stated,cites the dataset's native paper
openalex:cites_native_paper,CRDP: Chronic Renal Disease Prediction and Evaluation with Reduced Prominent Features,2024,https://doi.org/10.1007/978-981-99-8438-1_16,,nan,no_match,stated,cites the dataset's native paper
openalex:cites_native_paper,The Research of Risk Factor Prediction of Chronic Kidney Disease,2024,https://doi.org/10.62051/excxmw08,,nan,no_match,stated,cites the dataset's native paper
openalex:cites_native_paper,A novel hybrid machine learning based prediction of chronic kidney disease,2024,https://doi.org/10.1063/5.0195841,,nan,no_match,stated,cites the dataset's native paper
openalex:cites_native_paper,Integrating feature importance techniques and causal inference to enhance early detection of heart disease,2024,https://doi.org/10.1101/2024.08.11.24311833,,nan,no_match,stated,cites the dataset's native paper
openalex:cites_native_paper,A Proposed Multilayer Perceptron Model and Kernel Principal Analysis Component for the Prediction of Chronic Kidney Disease,2024,https://doi.org/10.36079/lamintang.ijai-01102.783,,nan,no_match,stated,cites the dataset's native paper
openalex:cites_native_paper,Enhancing Chronic Kidney Disease Prediction : A Hybrid Approach Combining Logistic Regression and Random Forest Models,2025,https://doi.org/10.1109/icarc64760.2025.10962813,,nan,no_match,stated,cites the dataset's native paper
openalex:cites_native_paper,Predictive Modeling of Chronic Kidney Disease with Ensemble Algorithms,2025,https://doi.org/10.1007/978-3-031-86290-8_12,,nan,no_match,stated,cites the dataset's native paper
openalex:cites_native_paper,Modelling a hybridised Sequential Network model for chronic kidney disease using learning approaches,2025,https://doi.org/10.1080/21681163.2025.2549267,,nan,no_match,stated,cites the dataset's native paper
openalex:cites_native_paper,Review of the various ML and DL based Chronic Kidney Disease Diagnosis Techniques,2025,https://doi.org/10.1109/iccca66364.2025.11325207,,nan,no_match,stated,cites the dataset's native paper
openalex:cites_native_paper,Predictive Modeling for Chronic Kidney Disease with Machine Learning Algorithms,2026,https://doi.org/10.1007/978-981-95-2901-8_6,,nan,no_match,stated,cites the dataset's native paper
openalex:cites_native_paper,Review on Exploring Machine Learning Classifiers in the Diagnosis of Chronic Kidney Disease,2026,https://doi.org/10.3390/sci8040068,,nan,no_match,stated,cites the dataset's native paper
openalex:cites_native_paper,Efficacy of Machine Learning Application Within a Clinical Workflow for Chronic Kidney Disease,2026,https://doi.org/10.1007/978-3-032-21499-7_10,,nan,no_match,stated,cites the dataset's native paper
openalex:cites_native_paper,A Systematic Literature Review of Machine Learning-Based Chronic Disease Classification and Prediction: Challenges and Future Directions,2026,https://doi.org/10.1007/s40010-026-01108-z,,nan,no_match,stated,cites the dataset's native paper
openalex:search_enam_exact,Identifying predatory or pseudo-journals,2017,https://doi.org/10.11613/bm.2017.031,enam,"The World Association of Medical Journal Editors (WAME) Board has recently announced the publication of the WAME statement on Identifying Predatory or Pseudo-Journals (posted on February 18, 2017). Members of WAME are permitted to republish the statement in their journals. As Editor-in-Chief and Editor of Journal of Enam Medical College are members of WAME, we are republishing this important paper in Journal of Enam Medical College. J Enam Med Col 2017; 7(2): 62-68",mentions_enam_only,stated,
openalex:search_enam_exact,Identifying Predatory or Pseudo-Journals,2017,https://doi.org/10.15171/ijoem.2017.1048,enam,"The World Association of Medical Journal Editors (WAME) Board has recently announced the publication of the WAME statement on Identifying Predatory or Pseudo-Journals (posted on February 18, 2017). Members of WAME are permitted to republish the statement in their journals. As Editor-in-Chief and Editor of Journal of Enam Medical College are members of WAME, we are republishing this important paper in Journal of Enam Medical College. J Enam Med Col 2017; 7(2): 62-68",mentions_enam_only,stated,
openalex:search_enam_exact,Identifying Predatory or Pseudo-Journals,2017,https://doi.org/10.3329/jemc.v7i2.32650,enam,"The World Association of Medical Journal Editors (WAME) Board has recently announced the publication of the WAME statement on Identifying Predatory or Pseudo-Journals (posted on February 18, 2017). Members of WAME are permitted to republish the statement in their journals. As Editor-in-Chief and Editor of Journal of Enam Medical College are members of WAME, we are republishing this important paper in Journal of Enam Medical College.J Enam Med Col 2017; 7(2): 62-68",mentions_enam_only,stated,
openalex:search_enam_exact,"Prevalence of Overweight and Obesity among Medical Students of Enam Medical College, Savar, Dhaka",2021,https://doi.org/10.3329/jemc.v10i2.53533,enam,"Background: Overweight and obesity are recognized as “escalating epidemics” affecting both developed and developing countries. Of the factors contributing to obesity, stress seems to be particularly important as stressful condition leads to irregularity in diet, lack of exercise and addiction. Medical students are exposed to a lot of stress throughout their education. Hence, this study was undertaken to find out the prevalence of overweight and obesity among undergraduate medical students. Objectives: The present cross-sectional study was intended to find out the prevalence of overweight/obesi",mentions_enam_only,stated,
openalex:search_enam_exact,Isolation and Antimicrobial Susceptibility Pattern of Escherichia coli Causing Urinary Tract Infection in Enam Medical College Hospital,2012,https://doi.org/10.3329/jemc.v1i2.11463,enam,"Background: Since antibiotic resistance of uropathogens has gradually been rising, knowledge of antimicrobial resistance pattern of Escherichia coli (Esch. coli), the predominant pathogen of urinary tract infection (UTI), is important in selecting empirical antimicrobial therapy.Objectives: To find out the common organisms causing UTI with their antimicrobial susceptibility pattern in Enam Medical College Hospital.Materials and Methods: This study was carried out in the department of Microbiology, Enam Medical College Hospital, Savar, Dhaka between January 2010 to June 2011 to see the antimicr",mentions_enam_only,stated,
openalex:search_enam_exact,Tragedy in Savar: Management of Victims in Enam Medical College Hospital,2014,https://doi.org/10.3329/jemc.v4i1.18066,enam,"Background: Rana Plaza collapse is the worst and deadliest man-made industrial disaster in the history of garment sector in the world. Around 1200 people died and thousands more were injured. Most of the victims of the disaster were treated in Enam Medical College Hospital (EMCH). We conducted this study to give an overview on the disaster victims and services provided by EMCH. Objective: The study was done to observe the length of time between accident and admission in EMCH, length of time between admission and discharge, to observe the numbers, types and sites of injuries to the victims, med",mentions_enam_only,stated,
openalex:search_enam_exact,"Management of OPC and Carbamate Poisoning in Intensive Care Unit of Enam Medical College & Hospital, Savar, Dhaka",2018,https://doi.org/10.3329/jemc.v8i3.38364,enam,"Background: Bangladesh is an agriculture-dependent country. Organophosphorus insecticides are widely used for the better outcome of cultivation. It is used for suicidal purpose due to its easy availability all over the country. Worldwide, acute pesticide poisoning is causing major health problems with high mortality in developing countries.Objective: The objective of our study was to establish that early management of acute poisoning with organophosphorus and carbamate in ICU along with ventilatory support in severe respiratory distress reduces the mortality rate.Materials and Methods: This st",mentions_enam_only,stated,
openalex:search_enam_exact,Identifying Predatory or Pseudo-journals.,2018,,enam,"The World Association of Medical Journal Editors (WAME) Board has recently announced the publication of the WAME statement on Identifying Predatory or Pseudo-Journals (posted on February 18, 2017). Members of WAME are permitted to republish the statement in their journals. As Editor-in-Chief and Editor of Journal of Enam Medical College are members of WAME, we are republishing this important paper in Journal of Enam Medical College. J Enam Med Col 2017; 7(2): 62-68",mentions_enam_only,stated,
openalex:search_enam_exact,Effect of Cinnamon (Cinnamomum cassia) as a Lipid Lowering Agent on Hypercholesterolemic Rats,2013,https://doi.org/10.3329/jemc.v3i2.16132,enam,Background: Dyslipidemia is one of the important causes of cardiovascular disease related mortality and morbidity. Recently it has become a significant issue in public health problem of developing countries. The purpose of the study was to find a suitable solution for reducing blood lipid in dyslipidemic patients by conducting a research on the effect of cinnamon in hypercholesterolemic rats. Objective: To study the lipid lowering effect of Cinnamomum cassia on experimentally induced hypercholesterolemic rats. Materials and Methods: This study was done on 30 male Long Evans rats weighing about,no_match,stated,
openalex:search_enam_exact,Vitamin D Deficiency in South Asian Populations: A Serious Emerging Problem,2013,https://doi.org/10.3329/jemc.v3i2.16125,enam,Journal of Enam Medical College; Vol 3 No 2 July 2013; Page 63-66 DOI: http://dx.doi.org/10.3329/jemc.v3i2.16125,mentions_enam_only,stated,
openalex:search_enam_exact,Tragedy in Savar - Humanity in Debris and Unique Role of Enam Medical College,2013,https://doi.org/10.3329/jemc.v3i2.16124,enam,Journal of Enam Medical College; Vol 3 No 2 July 2013; Page 60-62 DOI: http://dx.doi.org/10.3329/jemc.v3i2.16124,mentions_enam_only,stated,
openalex:search_enam_exact,Depression and suicidal ideation among medical students in a private medical college of Bangladesh. A cross sectional web based survey,2022,https://doi.org/10.1371/journal.pone.0265367,enam,"This study was done to investigate the prevalence of depression and suicidal ideation among private medical students in Bangladesh. A total of 237 medical students participated in this cross-sectional web-based survey by e-questionnaire using the Google Form. The study was conducted from November 2020 to December 2020 at Enam Medical College and Hospital which is situated in Savar, Dhaka, Bangladesh. Out of 237 medical students, prevalence of depression was found 58.6%, and prevalence of suicidal ideation was found 27.4% which is higher than the global prevalence. Bivariate and multivariate an",mentions_enam_only,stated,
openalex:search_enam_exact,A 16-Year-Old Lady with Transformer Oil Poisoning in Intensive Care Unit of Enam Medical College Hospital,2016,https://doi.org/10.3329/jemc.v6i2.27768,enam,Transformer oil is one kind of highly refined oil which is used as coolant and heat exchanger in different electronic equipments. Poisoning with this oil is a rare type of chemical poisoning as it is not easily available for household purpose. The main constituent of transformer oil is polychlorinated biphenyl (PCB) which is responsible for producing toxicity in humans. Chronic exposure with PCB may cause some toxicity such as hepatotoxicity and neurotoxicity. Here we present a case of acute toxicity with transformer oil of a rural woman in Bangladesh who ingested this oil as suicidal attempt.,mentions_enam_only,stated,
openalex:search_enam_exact,Pattern of Sputum Bacteriology in Acute Exacerbations of Chronic Obstructive Pulmonary Disease,2018,https://doi.org/10.3329/jemc.v8i2.36730,enam,"Background: Chronic obstructive pulmonary disease (COPD) is a major cause of chronic morbidity and mortality worldwide. Acute exacerbation is an acute and sustained worsening of a patient’s condition from a stable state (beyond normal day-to-day variations) and it is caused in majority by infectious agents, particularly bacteria.Objectives: The aim of this study was to find out the pattern of sputum bacteriology and antibiotic sensitivity in patients admitted into respiratory ward of Enam Medical College Hospital (EMCH) with acute exacerbation of COPD (AECOPD).Materials and Methods: This study",mentions_enam_only,stated,
openalex:search_enam_exact,"How Accurately Physicians Measure Blood Pressure - An Observational Study in Enam Medical College and Hospital, Savar",2013,https://doi.org/10.3329/bjmed.v22i1.13594,enam,"Objective: The key to blood Pressure (BP) control is good BP measurement. If BP measurements are not done accurately and reliably, there is a potential for great harm and great cost. Measuring blood pressure is a routine procedure but errors are frequently committed during recording. The aim of the study was to look at the prevalent practices in the institute regarding BP recording. Methods and Materials: This study was conducted in the department of Medicine, Surgery and Gynaecology and Obstetrics in Enam Medical College, Savar. This is an prospective observational study performed amongst 50 ",mentions_enam_only,stated,
openalex:search_enam_exact,COVID-19 and Mental Health Challenges in Bangladesh,2020,https://doi.org/10.5530/amdhs.2020.2.8,enam,"Advances in Medical, Dental and Health Sciences,2020,3,2,31-33.DOI:10.5530/amdhs.2020.2.8Published:July 2020Type:Short CommunicationAuthors:KM Amran Hossain, Susmita Roy, Mohammad Mosayed Ullah, Russell Kabir, and SM Yasir Arafat Author(s) affiliations:KM Amran Hossain1,*, Susmita Roy2, Mohammad Mosayed Ullah3, Russell Kabir4, SM Yasir Arafat5 1Department of Physiotherapy, Bangladesh Health Professions Institute, Dhaka, BANGLADESH. 2Department of Psychiatry, Jalalabad Ragib Rabeya Medical College, Sylhet, BANGLADESH. 3Department of Occupational Therapy, School of Allied Health, La Trobe Univer",no_match,stated,
openalex:search_enam_exact,Measurements of HbA1c by High Performance Liquid Chromatography in D-10 analyzer and Immunological Method by Beckman Coulter AU480 System: A Comparative Study,2012,https://doi.org/10.3329/jemc.v2i2.12839,enam,"Background: HbA1c can be measured by different methods. Enzymatic, boronate affinity chromatographic and cation-exchange high performance liquid chromatographic (HPLC) methods are considered as gold standard methods. To make the test cost-effective many laboratories use the immunological method installed in a chemistry analyzer. Objective: To compare the values of HbA1c measured by high performance liquid chromatographic method and immunological method in two laboratory settings.Materials and Methods: This observational and comparative study was conducted in Bangladesh Institute of Health Scie",no_match,stated,
openalex:search_enam_exact,"Bacteriological Profile and Their Antimicrobial Susceptibility Pattern of Urinary Tract Infection Patients Attending at the Nephrology Department of Enam Medical College and Hospital, Savar, Dhaka.",2022,https://doi.org/10.3329/medtoday.v34i1.58677,enam+kidney,Introduction: Urinary tract infection (UTI) is one of the common bacterial infections encountered by clinicians in clinical practice. Distribution and susceptibility of UTI-causing pathogens change according to time and place. Area-specific studies to gain knowledge about the type of pathogens and their resistance patterns may help the clinician to choose the proper antimicrobials for empirical treatment. Objective: This study was conducted to determine the distribution and antimicrobial susceptibility of uropathogens. Materials and Methods: This study was conducted in the Enam Medical College,mentions_both_no_link,stated,
openalex:search_enam_exact,Admission Hypothermia Among Neonates Presented to Neonatal Intensive Care Unit,2013,https://doi.org/10.3126/jnps.v33i3.8312,enam,"Introduction: In developing countries, thermal protection of the newborn is not properly addressed. Neonates presented to Neonatal intensive care unit (NICU) for admission with various problems are frequently found to be hypothermic. The objective of this study was to determine the incidence and associated risk factors for neonatal hypothermia on admission to NICU. Materials and Methods: This was a prospective observational study carried over a period of three years at Enam Medical College and Hospital (EMCH) among the newborns admitted to NICU. Hypothermia has been defined as axillary tempera",mentions_enam_only,stated,
openalex:search_enam_exact,Pattern of Poisoning Cases in a Tertiary Hospital in Bangladesh,2012,https://doi.org/10.3329/jemc.v1i1.11133,enam,"Background: Poisoning with various substances is a global problem. It is one of the most important reasons for emergency admission in the hospital. The earlier the initial resuscitations, gastric decontamination and use of specific antidotes, the better is the outcome. Epidemiology of poisoning differs from region to region. This study was carried out to determine the pattern and severity of poisoning in a tertiary care hospital. Objective: To characterize the poisoning cases admitted in Enam Medical College Hospital. Materials and Methods: All cases admitted to the emergency department of Ena",mentions_enam_only,stated,
openalex:search_enam_exact,Pattern of Dermatological Cases Attending Skin-VD Outpatient Department in a Medical College Hospital of Bangladesh,2012,https://doi.org/10.3329/jemc.v1i2.11465,enam,Background: The pattern of skin diseases varies from one country to another and even from region to region of the same country. We are geographically placed in the tropical region with natural outcome of communicable diseases. We conducted this cross sectional study in a tertiary hospital of Bangladesh keeping the proposition in mind that infectious diseases occupy maximum percentage among skin and venereal diseases in outpatients in Bangladesh.Objectives: To classify the diseases attending the Skin & VD outpatient department of Enam Medical College Hospital (EMCH) and to draw comments and rec,mentions_enam_only,stated,
openalex:search_enam_exact,Pattern of Gynaecological Malignancies in a Tertiary Care Hospital,2019,https://doi.org/10.4236/ojog.2019.94044,enam,"Background: Gynaecological malignancies are the second most common cancer of females after cancer breast. Gynaecological malignancies contribute significantly to cancer burden and have a higher rate of mortality and morbidity. Carcinoma cervix is the commonest gynaecological malignancy in developing countries while in developed countries, ovarian cancer is the commonest. Comprehensive statistics on gynecologic malignancies reported from Bangladesh are deficient. This study was performed to ascertain the profile of gynecologic cancers reported at our center regarding demography, the frequency o",no_match,stated,
openalex:search_enam_exact,Gynaecological Cancers in Surgical Specimens A Hospital Based Analysis,2015,https://doi.org/10.3329/medtoday.v26i2.24225,enam,"Female genital tract malignancies have worldwide distribution, but the distribution and frequency vary from one region to another. The preventable carcinoma of the cervix is still the leading cause of cancer morbidity and mortality in the developing countries. Objective of this study is to determine the patterns and frequency of female genital tract malignancies in our population and to compare it with other national and international studies. A six-year retrospective analysis of histopathologically proven gynecological malignancies was performed in the Department of Pathology, Enam Medical Co",mentions_enam_only,stated,
openalex:search_enam_exact,Electrolyte Disturbances in Acute Exacerbation of COPD,2019,https://doi.org/10.3329/jemc.v9i1.39900,enam,Background: Chronic obstructive pulmonary disease (COPD) is a major cause of chronic morbidity and mortality worldwide. Acute exacerbation is an acute and sustained worsening of a patient’s condition from a stable state and it is associated with significant electrolyte disturbances. Objectives: The main objective of this study was to determine the prevalence of electrolyte disturbances in patients with acute exacerbation of COPD and to determine possible effects of these electrolyte disorders. Materials and Methods: This observational prospective study was carried out in the Department of Pulm,no_match,stated,
openalex:search_enam_exact,Scenario of Fine Needle Aspiration Cytology of Neck Masses in a Tertiary Care Hospital,2012,https://doi.org/10.3329/jemc.v1i1.11131,enam,"Background: Masses in the neck are very common and these may range from inflammatory to neoplastic lesions. Fine needle aspiration cytology (FNAC) is a simple, quick and minimally invasive procedure that is well recognized and widely accepted diagnostic tool in separating inflammatory lesions from cystic and neoplastic lesions of the neck. We designed this study in our populations for evaluation of FNAC of different neck masses and that might facilitate the diagnosis and management of these lesions. Objectives: To find out the frequency of different pathological conditions detected on FNAC, to",no_match,stated,
openalex:search_enam_exact,Are We Writing a Good Discharge Summary?,2014,https://doi.org/10.3329/jemc.v4i1.18061,enam,DOI: http://dx.doi.org/10.3329/jemc.v4i1.18061 Journal of Enam Medical College Vol 4 No 1 2014: 4-5,mentions_enam_only,stated,
openalex:search_enam_exact,Research on Suicide in Muslim majority countries: A bibliometric analysis,2022,https://doi.org/10.1515/openhe-2022-0029,enam,"Abstract Objectives. A bibliometric analysis of suicide would identify the potential research gaps in Muslim majority countries. For that purpose, the present study reviews articles on suicide in Muslim majority countries. Methods. The Scopus database was searched to identify publications from inception to the search date using search terms. Results. The search identified 154 articles published from 1970 to 2022 with a recent increase in the number of papers. The highest number of papers was published from Iran (38), followed by Bangladesh (32) and Turkey (23). No studywas found from 28 Islami",no_match,stated,
openalex:search_enam_exact,Histomorphological Pattern of Cervical Lymphadenopathy,2013,https://doi.org/10.3329/jemc.v3i1.13837,enam,"Background: Enlarged palpable cervical lymph nodes as a primary presenting sign are very common and may be due to inflammatory lesions and tumors. Correlation between clinical findings and laboratory data is essential in arriving at a diagnosis. In patients presenting with cervical lymphadenopathy, excision biopsy provides material to establish an early diagnosis. We designed this study in our population for histological evaluation of cervical lymph node biopsies that might be important in the management of these patients. Objective: Histopathological evaluation of different diseases involving",no_match,stated,
openalex:search_enam_exact,Diagnostic Role of Bone Marrow Examination in Detecting Haematological and Nonhaematological Disorders,2019,https://doi.org/10.3329/medtoday.v31i1.40315,enam,"Introduction: Bone marrow study has wide application in clinical medicine. It is important test not only for diagnosis of haematological diseases but also for various systemic illnesses. The aim of this study is to determine the indications, the spectrum of haemotological and non haematological disorders diagnosed by using this procedure. Materials & Methods: It was a prospective study comprising 152 patients who underwent bone marrow examination for evaluation of haematological and nonhaematological disorders in the Department of Haematology, Enam Medical College Hospital during the period of",mentions_enam_only,stated,
openalex:search_enam_exact,Comparison between Angiographic Findings of Coronary Artery Disease in STEMI and NSTEMI Patients of Bangladesh.,2016,,enam,Coronary Angiogram (CAG) has been used to detect coronary artery disease in myocardial infarction (both STEMI and NSTEMI) patients. The purpose of this study was to compare the degree of coronary artery disease among STEMI and NSTEMI patients. Among acute coronary syndrome in NSTEMI we found more widespread coronary artery disease other than STEMI. Lack of documentations encouraged us to perform this study in our center. In this retrospective observational study we summarized all myocardial infarction (MI) patients who underwent coronary angiography (CAG) from August 2013 to August 2014 at Ena,no_match,stated,
openalex:search_enam_exact,Panic buying research: A bibliometric review,2022,https://doi.org/10.3126/nje.v12i3.43436,enam,"Background: Panic buying has been reported during a period of crisis when people buy an extra amount of essential commodities and hoard them anticipating their future utility. As a newer entity, a bibliometric analysis would reveal the research gaps for further studies. We aimed to do a bibliometric analysis of researches published on panic buying over the past two decades. Methods: A literature search was conducted in the SCOPUS database using the keyword “panic buying”. All published research in the English language between 1st January 2001 to 1st August 2021 was included in the analysis of ",no_match,stated,
openalex:search_enam_exact,Unusual Foreign Body in Urinary Bladder: A Case Report,2012,https://doi.org/10.3329/jemc.v1i1.11139,enam,"In the urinary tract, foreign body is most commonly found in the urinary bladder. It is commonly self-inflicted but can rarely be introduced by other person. Various types of foreign bodies have been reported, which includes infusion set, aluminum rod, gold chain, pearl, fish, pencil etc. Here we report a case of a 28-year young man who gave the history of forceful introduction of a long wire of mobile charger into the bladder by another person. It could not be removed by himself and by the local doctors. Then he was referred to Enam Medical College & Hospital and subsequently was removed by s",mentions_enam_only,stated,
openalex:search_enam_exact,Assessment of Cranial Sonographic Findings of Hypoxic Ischemic Brain Injury in Perinatal Asphyxia,2016,https://doi.org/10.3329/jom.v17i1.30052,enam,"Background: In perinatal asphyxia, hypoxic ischemic brain injury remains most serious condition causing significant mortality and long term morbidity. Early detection of intracranial changes and its consequences will enhance timely intervention and better out come. Cranial sonography can be done to assess the abnormalities of brain in perinatal asphyxia. Objectives: The objective of this study was to evaluate usefulness of cranial sonography in perinatal asphyxia.Methods: This was an observational study conducted from March 2014 to February 2015 at department of radiology and imaging, Enam Med",mentions_enam_only,stated,
openalex:search_enam_exact,Cat Scratch Disease,2012,https://doi.org/10.3329/jemc.v2i1.11928,enam,"We report a case of cat scratch disease in a young boy who presented in the outpatient department of Enam Medical College Hospital, Savar, Dhaka with history of cat scratch and regional painful lymphadenopathy. The diagnosis was made on the basis of history, physical examination and common investigations including lymph node aspiration cytology DOI: http://dx.doi.org/10.3329/jemc.v2i1.11928 J Enam Med Col 2012; 2(1): 40-42",mentions_enam_only,stated,
openalex:search_enam_exact,Feto-maternal Outcomes in Cesarean Section Compared to Vaginal Delivery in Eclamptic Patients in a Tertiary Level Hospital,2013,https://doi.org/10.3329/jemc.v3i2.16128,enam+kidney,"Background: Over half-a-million women die each year from pregnancy-related causes, and 99 percent of these occur in developing countries. In Bangladesh though maternal mortality rate (MMR) declined significantly around 40% in the past decade, still eclampsia accounts for 20% of maternal deaths. Eclampsia is uniquely a disease of pregnancy, and the only cure is delivery regardless of gestational age. A rational therapy for general management of hypertension and convulsion has been established in Bangladesh by the Eclampsia Working Group. But controversy still exists regarding obstetric manageme",no_match,stated,
openalex:search_enam_exact,Serum Creatinine and Uric Acid Levels in Hypothyroid Patients: A Cross Sectional Study,2013,https://doi.org/10.3329/jemc.v3i2.16129,enam,Background: Hypothyroidism is associated with many biochemical abnormalities including increased serum creatinine and uric acid levels. Many studies were done abroad regarding serum creatinine and uric acid levels in hypothyroid patients. We designed this study in our population for evaluation of serum creatinine and uric acid levels in hypothyroid patients. Objective: To assess serum creatinine and uric acid levels in hypothyroid patients and to find out relationship of creatinine and uric acid levels with severity of hypothyroidism. Materials and Methods: This retrospective cross sectional s,no_match,stated,
openalex:search_enam_exact,Study of Association of Serum Lipid Levels with Migraine,2020,https://doi.org/10.3329/jemc.v10i1.45063,enam,"Background: Migraine is associated with increased prevalence of cardiovascular risk factors and vascular biomarkers and migraine with aura is associated with increased risk of ischemic stroke. Lipid abnormality is a risk factor for both cardiovascular and cerebrovascular disease. The vast majority of previous studies evaluated the association between lipid levels and migraine among young and middle aged persons abroad. So far we know, no study has been conducted in Bangladesh regarding association of lipid levels with migraine. Objectives: The present study is aimed to evaluate the association",no_match,stated,
openalex:search_enam_exact,Exercise for the Management of Diabetes Mellitus: A Review of the Evidence,2013,https://doi.org/10.3329/jemc.v3i2.16133,enam,"Diabetes mellitus is a public health problem in both developed and developing countries and has increased alarmingly, giving the disease the dimension of an epidemic. The aetiology of diabetes is multifactorial involving genetic, environmental, and behavioural origins. Exercise is an important part for the management of diabetes mellitus. Regularly planned exercise reduces insulin resistance, improves glucose tolerance, improves lipid profile and increases cardiovascular and cardiopulmonary function. This article critically reviews the more relevant evidence on the interrelationships between e",no_match,stated,
openalex:search_enam_exact,Assessment of Serum Magnesium Level in Patients with Bronchial Asthma,2019,https://doi.org/10.3329/jninb.v5i1.42167,enam,Background: Asthma is one of the most common chronic diseases worldwide and has been increasing in prevalence over the last few decades. Magnesium (Mg++) has been shown to relax bronchial smooth muscle and influence the function of respiratory muscles. Hypomagnesemia has been associated with diminished respiratory muscle power. Objective: The purpose of the present study was to assess the serum Mg++ level in bronchial asthma patients during stable state and during exacerbation (Acute severe asthma). Methodology: This comparative cross-sectional study was conducted in the OPD and IPD of Departm,no_match,stated,
openalex:search_enam_exact,Correlation of Anti Mullerian Hormone and Antral Follicular Count in Ovarian Reserve Testing,2022,https://doi.org/10.26502/ogr088,enam,"Background: Ovarian reserve defines a woman’s reproductive ability and the number and quality of oocytes she possesses. It is a complex clinical state dependent on age, genetics, and environmental issues. It can reflect women’s endocrine function and fertility which may gradually decrease with increasing age. Methods: This study was a cross-sectional study conducted at the out-patient department of Obstetrics and Gynae, in Enam Medical College Hospital, Savar and a local private hospital at Savar. The study was conducted during the period of July 2019-December 2019. The sample size for this st",mentions_enam_only,stated,
openalex:search_enam_exact,Characterization of extended spectrum β-Lactamase producing bactieria isolated from urinary tract infections,2019,https://doi.org/10.3329/bmrcb.v45i1.41805,enam,"Background: A unique challenge for clinical microbiologists, clinicians, infection control professionals is to deal with extended-spectrum β-lactamase (ESBL) producing pathogens. The study was aims to isolate ESBL producing bacteria from urine samples of Urinary Tract Infection (UTI)-patients and to analyses their phenotypic and genotypic characteristics. Methods: A total of 90 urine samples from UTI patients were collected from Enam Medical College Hospital and Gonoshastha Medical College Hospital, Savar, Dhaka, Bangladesh; between May-2012 to August-2012. A total 75gram negative isolates wer",mentions_enam_only,stated,
openalex:search_enam_exact,Pattern of Glucose Tolerance among Patients with Peripheral Spondyloarthritis,2020,https://doi.org/10.38124/ijisrt20sep549,enam,"Peripheral spondyloarthritis is a variant of spondyloarthritis which usually has a chronic course. There is an increased risk of cardiovascular diseases among patients with chronic inflammatory diseases in general. Coexisting diabetes mellitus can potentially add to the risk. The objective of this study was to determine the frequency of glucose intolerance in patients with spondyloarthritis The study was conducted among 35 participants with peripheral spondyloarthritis who visited the Department of Rheumatology, Enam Medical College & Hospital, Savar, Dhaka, Bangladesh from September, 2018 to ",mentions_enam_only,stated,
openalex:search_enam_exact,Comparative study between breast conservative surgery and modified radical mastectomy in early stage of breast carcinoma in a tertiary care hospital,2023,https://doi.org/10.18203/2320-6012.ijrms20230562,enam,"Background: Breast cancer is the most prevalent cancer in women globally, with two million new cases and more than half a million deaths each year. Surgery is the key component of treating breast cancer and there are two primary types of breast surgery available: breast conservative surgery and modified radical mastectomy. The aim of this study was to compare BCS and MRM in the treatment of early-stage breast carcinoma. Methods: This was a prospective observational study that involved 74 patients and was carried out in the Department of Surgery at Shaheed Suhrawardy Medical College & Hospital ",no_match,stated,
openalex:search_enam_exact,Priming Factors Related to Burn Injury among People in Bangladesh,2023,https://doi.org/10.1055/s-0043-1766126,enam,"Abstract Background Burns cause the most severe injuries and are a major public health concern worldwide. It is common in third-world countries and it greatly increases mortality and illness there. Because of the long period of time spent in the hospital and the effort required to recover from a burn, it is one of the most costly injuries to treat. Objectives The aim of this study was to identify the priming factors related to burn injury among people in Bangladesh. Materials and Methods The study design was cross-sectional. Total 121 samples were selected conveniently for the study and the st",no_match,stated,
openalex:search_enam_exact,CT-Guided FNAC of Lung Lesions and Cytological Sub-Classification of Bronchogenic Carcinoma of 246 cases at a Tertiary Care Hospital,2022,https://doi.org/10.3329/jemc.v10i3.59358,enam,"Background: CT-guided fine needle aspiration cytology (FNAC) is a useful tool for evaluating lung nodules or masses. In view of the relative paucity of published studies regionally, this study was undertaken in the Department of Pathology, Enam Medical College & Hospital to see the use of the technique. Materials and Methods: Two forty six CT guided lung FNACs were performed during January 2017 to December 2018 and cytological diagnoses were made. Reported results and relevant data were recorded in the data sheet and then analyzed by standard statistical method. Results: Total number of cases ",mentions_enam_only,stated,
openalex:search_enam_exact,A Clinical and Laboratory Profile of Multiple Myeloma,2018,https://doi.org/10.3329/jemc.v8i3.38366,enam+kidney,"Background: Myeloma, the most common malignant disease of bone, is incurable and occurring with increasing frequency in elderly population. Typical clinical features are weakness, fatigability, bone pain, anemia, renal insufficiency and hypercalcemia. Incidental discovery on comprehensive laboratory panels is common. Serum or urine protein electrophoresis or immunofixation and bone marrow aspirate analysis help the diagnosis of multiple myeloma.Objective: The aim of this study was to define and evaluate the clinico-laboratory features of newly diagnosed adult multiple myeloma (MM) patients in ",no_match,stated,
openalex:search_enam_exact,Bilateral Lumbar Micro-Foraminotomy and Micro-Discectomy with 18 Months Postoperative Follow-Up: A Series of 27 Cases,2025,https://doi.org/10.3329/jninb.v10i1.76283,enam,Background: Bilateral lumbar micro foraminotomy and bilateral micro-discectomy is considered as a gold standard surgical technique for the treatment of patients with lumbar disc hernia (LDH) with lateral recess stenosis (LRS) although various types of treatment are being developed. Objective: This study aimed to investigate the safety and efficacy of bilateral lumbar micro-foraminotomy and bilateral micro-discectomy for the treatment of patients with lumbar disc hernia (LDH). Methodology: This was a retrospective cohort study conducted in the Department of Neurosurgery & Neuro-ICU at Enam Medi,mentions_enam_only,stated,
openalex:search_enam_exact,Causes and management of secondary postpartum haemorrhage in a tertiary medical college hospital in Bangladesh,2017,https://doi.org/10.18203/2320-1770.ijrcog20172896,enam,"Background: Globally postpartum haemorrhage remains a leading cause of maternal death. It affects only 1-2% of postnatal women. This low incidence of secondary PPH and linkage to maternal morbidity rather than mortality was the reason for the little attention among obstetricians, but it is recently gaining importance and interest with the increase morbidity and mortality related to secondary PPH.Methods: A retrospective study was conducted on the diagnosed patients of secondary PPH admitted in Enam Medical College and Hospital, Dhaka, Bangladesh, from January 2015 to December 2016. Among 33 ca",mentions_enam_only,stated,
openalex:search_enam_exact,Complications of Parotid surgery: A study in 60 cases,2021,https://doi.org/10.3329/bjo.v27i1.53208,enam,"Objective: To evaluate the common complications following parotid surgery. Material & methods: A retrospective study was done from January 2011 to December 2019 in the Department of ENT & Head Neck Surgery, Enam Medical College & hospital, Savar. Sixty (60) patients with both benign & malignant parotid disease underwent surgical treatment was selected for this study. All cases were diagnosed preoperatively by Fine Needle Aspiration Cytology (FNAC). Patients with preoperative facial nerve palsy were excluded from this study. Patients were followed up for six months and per operative & postopera",mentions_enam_only,stated,
openalex:search_enam_exact,Rational use of fluconazole prior to attending skin & vd-opd in a tertiary Medical College Hospital in Bangladesh,2011,,enam,"This study was done keeping the hypothesis in mind that Fluconazole is used irrationally irrespective of diagnosis. Material: All patients attending at Skin-VD OPD of Enam Medical College Hospital during a 6-month time-period (July-Dec, 2009) were considered for this research. Structured questionnaire, check-list and face-to-face interview were used as data collection tools. After careful analysis, 274 cases were found valid out of 976 respondents. The cases were mostly adult (>20 yrs., 70.4%), dominated by male (58%), marriage (54%), literacy (71.6%) and coming from far (>5 km; 65.9%). The re",mentions_enam_only,stated,
openalex:search_enam_exact,Iron Deficiency and Iron Deficiency Anemia in Women with Bronchial Asthma.,2019,,enam,"This case control study was conducted in the out patient department (OPD), Enam Medical College & Hospital (EMCH), Dhaka, Bangladesh from 1st January 2017 to 31st December 2017. The aim of our study was to find the possible association between serum iron state and iron deficiency anemia with bronchial asthma in women. We investigated 40 diagnosed female cases of well controlled bronchial asthma and 20 healthy female as control. In both groups complete blood count (CBC) with peripheral smear was done, C-reactive protein (CRP), serum iron, serum ferritin, and serum total iron binding capacity (T",mentions_enam_only,stated,
openalex:search_enam_exact,Cinnamon: A Multifaceted Medicinal Plant,2014,https://doi.org/10.1155/2014/642942,,"Cinnamon (Cinnamomum zeylanicum, and Cinnamon cassia), the eternal tree of tropical medicine, belongs to the Lauraceae family. Cinnamon is one of the most important spices used daily by people all over the world. Cinnamon primarily contains vital oils and other derivatives, such as cinnamaldehyde, cinnamic acid, and cinnamate. In addition to being an antioxidant, anti-inflammatory, antidiabetic, antimicrobial, anticancer, lipid-lowering, and cardiovascular-disease-lowering compound, cinnamon has also been reported to have activities against neurological disorders, such as Parkinson's and Alzhe",no_match,stated,
openalex:search_enam_exact,Clinical and Endoscopic Characteristics of Medication Induced Esophageal Injury,2020,https://doi.org/10.3329/fmcj.v14i1.46157,enam,"Medications can cause several complications in the esophagus and lead to medication-induced esophageal injury. This study was carried out among patients diagnosed as medication-induced esophageal injury from June 2015 to October, 2018 in the Department of Gastroenterology, Enam Medical College and Hospital, Savar, Dhaka to investigate clinical and endoscopic characteristics of medication-induced esophageal injury as well as outcome of these patients with treatment. Patients diagnosed as malignancy, viral or fungal esophagitis, esophageal varix, corrosive and sclerotherapy induced ulcer and GER",mentions_enam_only,stated,
openalex:search_enam_exact,Clinical and Endoscopic Profile of Patients with Upper Gastro-Intestinal Bleeding (UGIB),2019,https://doi.org/10.3329/jemc.v9i2.41408,enam,Background: Upper gastro-intestinal bleeding (UGIB) is a cause of significant morbidity and mortality. Prevalence as well as mortality is higher in elderly persons above sixty years because of increasing use of nonsteroidal anti-inflammatory drugs and associated comorbidity. Conventionally upper GI bleeding is divided as variceal and nonvariceal sources and the treatment protocol varies accordingly. There are limited data regarding UGIB in our country. Objective: This observational study was designed to delineate the clinical and endoscopic profile of patients with UGIB in our country. Materia,no_match,stated,
openalex:search_enam_exact,Benefits and Challenges of Online Teaching Learning from the Students’ View,2024,https://doi.org/10.3329/dmcj.v9i2.74868,enam,Background: Online learning is the major concept in education which converts the traditional educational shape into a new form that transforms in person or physical learning into a virtual approach of learning. It is an alternative to traditional classroom learning and involves using primarily the internet and one or more other technologies. Objective: This study explores the perception of students regarding its benefits and challenges and recommendations. Materials and method: Data were collected from 273 students of 1st and 2nd year MBBS from January 2021 to February 2021 at Enam Medical Col,mentions_enam_only,stated,
openalex:search_enam_exact,Prescribing Pattern in Outpatient Departments of Two Tertiary Care Teaching Hospitals in Dhaka,2015,https://doi.org/10.3329/jemc.v5i3.24747,enam,"Background: Medically inappropriate, ineffective and economically inefficient use of drugs is very common in our country. About 40% or more drugs expenditure may be wasted through irrational prescribing and dispensing. The need for promoting rational use of drugs is not only because of economic considerations; also it is an essential element for achieving quality of the health and medical care for patients and the community. For this purpose a cross sectional study was carried out among the individuals attending the outpatient departments (OPD) of Medicine, Surgery, Gynecology & Obstetrics, Pe",no_match,stated,
openalex:search_enam_exact,Efficacy of Immunodiagnosis of Falciparum Malaria at Different Levels of Parasitemia,2013,https://doi.org/10.3329/jemc.v3i2.16130,enam,"Background: Among the several human species of malarial parasites, Plasmodium falciparum can cause severe infection and if left untreated, there may be fatal complications. Early diagnosis and prompt treatment have been proposed to reduce the morbidity and mortality from malaria. Objective: To assess the diagnostic efficacy of antigen detection by immunochromatographic test (ICT) at different levels of parasitemia for diagnosis of malaria. Materials and Methods: This study was carried out in the department of Microbiology, Mymensingh Medical College for a period of one year from July 2005 to J",no_match,stated,
openalex:search_enam_exact,Management of penile emergencies- one year observation,2021,https://doi.org/10.18203/2349-2902.isj20211803,enam,"Background: Penis is a very sensitive organ and even minor injury or discomfort may cause a patient to seek emergency evaluation. Penile emergencies and their management often rely on the results of imaging examinations. But most of the time the traumatic emergencies require urgent exploration to ensure a fair outcome. Objective was to present different types of penile emergencies and to determine the overall outcome of their managements.Methods: It was an observational study conducted at surgery department of Enam Medical College and Hospital, for one year. All patients with penile emergencie",mentions_enam_only,stated,
openalex:search_enam_exact,Progression of diabetic nephropathy in patients with uncontrolled type 2 diabetes mellitus: a cross-sectional study,2025,https://doi.org/10.18203/2349-3933.ijam20251932,enam+kidney,"Background: Diabetic nephropathy (DN) is a major complication of uncontrolled type 2 diabetes mellitus (T2DM), leading to chronic kidney disease (CKD) and end-stage renal disease (ESRD). This study aimed to assess the progression of DN in patients with uncontrolled T2DM and its association with clinical and biochemical parameters. Methods: A cross-sectional study was conducted on 147 T2DM patients aged 45-60 years at Enam medical college, Sir Salimullah medical college, and Dhaka medical college from March 2024 to December 2024. Purposive sampling technique was applied in sample selection Pati",mentions_both_no_link,stated,
openalex:search_enam_exact,Scalpel versus diathermy skin incision in elective surgery: a comparative study,2024,https://doi.org/10.18203/2320-6012.ijrms20243692,enam,"Background: Elective surgeries often employ either diathermy or scalpel for skin incisions, yet there is limited comprehensive research comparing the two methods. This observational study aims to compare the clinical and medical outcomes of diathermy and scalpel skin incisions in elective surgeries. Methods: This retrospective observational study was conducted at the Enam Medical College, Dhaka, Bangladesh, over a period of 1.5 years. A total of 150 patients were included, with 75 in Group A (Scalpel Incision) and 75 in Group B (Diathermy). Various outcomes such as comorbidities, incision time",mentions_enam_only,stated,
openalex:search_enam_exact,Factors Associated with Pediatric Constipation- A Single Center Study,2023,https://doi.org/10.36349/easjms.2023.v05i11.001,enam,Introduction: Constipation or difficulty in bowel movement is a common problem in children. It is often results from without any previous illness or previous painful bowel movements. Dietary influences such as low fiber intake and inadequate hydration play a role too. Many factors have been associated with the occurrence of constipation. Aim of the study: The aim of this study was to investigate the factors associated with pediatric constipation and its management. Methods: This cross-sectional study was conducted in out-patient Department of Pediatrics surgery in Enam Medical College and Hosp,mentions_enam_only,stated,
openalex:search_enam_exact,Retrospective Review and Analysis on Outcome of Cranioplasty: A Series of 38 Cases,2024,https://doi.org/10.3329/jemc.v12i2.75784,enam,"Background: Cranioplasty is a straightforward procedure; it may result in a significant number of complications. These include infections, seizures, intracranial hematomas, and others. Objective: To evaluate the outcome following cranioplasty with titanium mesh-plate and screw. Materials and Methods: This retrospective study included patients who underwent decompressive craniectomy due to traumatic brain injury with raised intracranial pressure, acute subdural hematoma, compound comminuted skull fracture and intracranial hemorrhage, between January 2019 to December 2020 at Enam Medical College",mentions_enam_only,stated,
openalex:search_enam_exact,Comparison of Maternal and Neonatal Complications in Women with and without Gestational Diabetes Mellitus,2024,https://doi.org/10.3329/jrpmc.v9i1.72710,enam,Background: Gestational Diabetes Mellitus (GDM) is a common pregnancy-related metabolic disorder associated with adverse maternal and neonatal outcomes. Gestational Diabetes Mellitus is characterized by glucose intolerance that develops during pregnancy. It affects approximately 7% of all pregnancies and has been linked to an increased risk of maternal and neonatal complications. Objective: The study was aimed to provide a comprehensive comparison of maternal and neonatal complications in women with and without GDM involving a thorough examination of medical records and clinical data to identi,no_match,stated,
openalex:search_enam_exact,The outcome of Autogenous Venous Graft Vs Prosthetic Graft in Peripheral Arterial Disease- Study in Bangladesh,2024,https://doi.org/10.3329/uhj.v3i1.73744,enam,"Graft insertion is a surgical intervention employed to address advanced stages of peripheral artery disease (PAD) or peripheral vascular disease (PVD). Peripheral artery disease (PAD) or peripheral vascular disease (PVD) refers to the narrowing or blockage of blood vessels, typically in the lower extremities resulting from the accumulation of fatty deposits (atherosclerosis). This condition leads to diminished blood flow to the affected regions. These symptoms may include leg pain, cramping, numbness, and, in severe instances, tissue damage and gangrene. Objective: This study aims to evaluate ",no_match,stated,
openalex:search_enam_exact,Safety and Efficacy of Tenecteplase among Patients with ST Elevated Myocardial Infarction - Experience in a Tertiary Care Hospital in Bangladesh,2023,https://doi.org/10.26502/fccm.92920346,enam,"Introduction: The re-establishment of the blood flow to closed vessels as quickly as possible (reperfusion), is the standard treatment for ST-elevated myocardial infarction (STEMI), with the aim of preventing myocardial necrosis and preserving myocardial muscle mass in order to lower the risk of heart failure and ultimately increase the patient's survival. Aim of the study: To evaluate the safety and efficacy of Tenecteplase (TNK-tPA) among STEMI patients. Methodology & Materials: This was an observational study and was conducted in the Department of Cardiology, Enam Medical College Hospital, ",mentions_enam_only,stated,
openalex:search_enam_exact,Is Audio Visual Method Better than Traditional for Medical Students? - A Better Survey Report,2013,https://doi.org/10.3329/bjmed.v21i2.13612,enam,"Objectives: Different teaching aids are advocated in the medical colleges for delivery of lectures such as power point presentation, blackboard, transparency sheet, overhead projectors, extempore and lecture sheets .The aim of our study was to compare the more acceptable teaching methods between the students of Dhaka Medical College and Enam Medical College. Materials and Methods: Total one hundred students were selected from fourth year in each medical college. They were asked to fill in a fourteen item questionnaire about their perception of five lecture delivery methods. Questionnaire was p",mentions_enam_only,stated,
openalex:search_enam_exact,Assessment of the Cases Undergone Peripartum Hysterectomy in a Tertiary Care Hospital in the Last Three Years,2018,https://doi.org/10.4236/ojog.2018.811101,enam,"Background: Emergency peripartum hysterectomy (EPH), although rare in modern obstetrics, remains a life-saving procedure in cases of severe hemorrhage. Objective: To assess the incidence, indications, outcomes & complications of peripartum hysterecomty performed in a tertiary care hospital & compare the results with other reports in the literature. Methods: Twenty nine peripartum hysterectomy cases carried out between July 2015 and June 2018 in Enam Medical College & Hospital, Savar, Dhaka were evaluated retrospectively. Maternal characteristics and characteristics of the present pregnancy and",mentions_enam_only,stated,
openalex:search_enam_exact,Exclusive Breastfeeding among Preterm Low Birth Weight Infants at One Month Follow-up after Hospital Discharge,2012,https://doi.org/10.3329/jemc.v1i1.11135,enam,Background: Establishment and maintenance of breastfeeding in preterm low birth weight (PT LBW) neonates after discharge from hospital is challenging and may be affected by multiple factors. We designed this study to find out the association of these factors with breastfeeding in our population. Objectives: To observe the rate of exclusive breasrfeeding (EBF) among the PT LBW neonates at one month follow up and to identify the factors that are related with the maintenance of EBF. Materials and Methods: This observational study was conducted during the period from July 2009 to October 2011 in E,no_match,stated,
openalex:search_enam_exact,"Study of Prevalence, Risk Factors and Angiographic Profile of Patients with Myocardial Bridges in a Tertiary Care Hospital, Dhaka, Bangladesh",2020,https://doi.org/10.11648/j.ccr.20200402.16,enam,"Background: Band of Myocardial tissue overlying a segment of an epicardial coronary artery is termed myocardial bridge (MB). The aim of this study was to identify the prevalence, risk factors and angiographic profile of patients with myocardial bridge in a tertiary care hospital, Dhaka, Bangladesh. Materials and Methods: This retrospective observational study included a total of 1480 patients with suspected coronary artery disease admitted to Enam Medical College and Hospital, Savar, Dhaka, Bangladesh for coronary angiography between April 2016 to June 20019 of them 43 cases were found to have",mentions_enam_only,stated,
openalex:search_enam_exact,Study of risk factors and in hospital outcome of patients with Peripartum Cardiomyopathy in a tertiary Hospital of Bangladesh,2021,,enam,"Background: Peripartum cardiomyopathy is an uncommon cause of heart failure associated with pregnancy that can lead high maternal mortality in developing countries. The risk factors and in hospital outcome of this condition remains poorly understood. Methods and Materials: This prospective observational study was conducted from January 2016 to December 2020 in the department of cardiology, Enam Medical College and Hospital, Savar, Dhaka, Bangladesh. PPCM was diagnosed as left ventricular ejection fraction (LVEF) ≤ 45% toward the end of pregnancy or within 05 months after delivery by standard E",mentions_enam_only,stated,
openalex:search_enam_exact,CLINICAL PROFILE WITH NON-ALCOHOLIC FATTY LIVER DISEASE AND METABOLIC SYNDROME PATIENTS,2021,https://doi.org/10.21474/ijar01/13195,enam,"Background:The non-alcoholic fatty liver disease is increasingly being recognized as a major cause of liver related morbidity and mortality among 15-40% of the general population. The rising incidence of obesity is associated with health complications. Currently, a liver biopsy is the gold standard method for diagnosing NAFLD. Ultrasonography is relatively inexpensive and widely available in clinical settings. NAFLD is considered to be an integral part of the metabolic syndrome. Objective: To find out the clinical profile with non-alcoholic fatty liver disease and metabolic syndrome patients.M",no_match,stated,
openalex:search_enam_exact,Role of Resistance Index in Differentiation of Benign and Malignant Breast Masses Compared with Histopathological Diagnosis,2019,https://doi.org/10.3329/jemc.v9i2.41411,enam,Background: Breast tumor remains a worldwide public health problem for women. Linear array sonography is currently one of the main diagnostic methods for detecting breast lumps. Duplex color Doppler sonography has been helpful to distinguish malignant from benign breast disease and also to predict the disease prognosis. Objectives: The purpose of this study was to evaluate the role of spectral Doppler as a method to measure the vascular resistance index in differential diagnosis between the benign and malignant breast neoplasm. Materials and Methods: This cross-sectional study was carried out ,no_match,stated,
openalex:search_enam_exact,A Comparative Study to Evaluate the Efficacy and Safety of Clindamycin 1% with Adapalene 0.1% over Adapalene 0.1% alone in the Treatment of Mild to Moderate Facial Acne Vulgaris,2023,https://doi.org/10.36347/sjams.2023.v11i08.005,enam,"Background: Acne is an inflammatory disorder of pilosebaceous unit. Various topical medications are used for acne treatment such as antibiotics, retinoids, etc. Retinoids are commonly used to treat comedonal acne due to their keratolytic and anti-inflammatory properties. Antibiotics are effective against inflammatory acne lesions and are often combined with retinoids to minimize formation of antibiotic resistance. Objective: To compare safety and efficacy of clindamycin 1% with adapalene 0.1% combination over adapalene 0.1% alone in treatment of mild to moderate facial acne vulgaris. Methods: ",no_match,stated,
openalex:search_enam_exact,Effect of Spinal Anaesthesia in Children of 4-10 Years,2017,https://doi.org/10.3329/jemc.v7i1.30744,enam,"Background: Though paediatric spinal anaesthesia has been used since early 20th century in developed countries even in neonates, still it is not common in our country. Spinal anaesthesia can be given in neonates and children for infraumbilical surgeries with an expert and experienced anaesthesiologist.Objective: The objective of this study was to establish spinal anaesthesia as a safe and effective regional anaesthetic procedure in children of 410 years.Materials and Methods: The study was done in the Department of Anaesthesiology & Intensive Care Unit of Enam Medical College & Hospital durin",mentions_enam_only,stated,
openalex:search_enam_exact,Milk - An Effective Low-Attenuation Computed Tomography Oral Contrast Medium,2013,https://doi.org/10.3329/jemc.v3i2.16126,enam,"Background: To evaluate gastrointestinal pathology in computed tomography (CT) scan, optimum distention, mural visualization and gastrointestinal tract discrimination are necessary. High attenuation oral contrast material in the form of iodine solution has drawbacks in mural visualization and tolerance. Milk can be used as a low attenuation CT oral contrast agent in gastrointestinal tract discrimination and mural visualization with better tolerance. Objective: The purpose of our study was to compare the effectiveness, cost, and tolerance of milk and iopamiro (iodinated positive contrast medium",no_match,stated,
openalex:search_enam_exact,Outcome of Spinal Anesthesia during Emergency Cesarean Section for Severe Preeclampsia and Eclampsia Patients in a Tertiary Care Hospital,2019,https://doi.org/10.3329/jemc.v9i3.43246,enam,"Background: In Bangladesh eclampsia and severe preeclampsia or toxemia (PET) are the leading cause of perinatal morbidity and mortality. Its management is challenging for the obstetrician and anesthesiologist. Still now general anesthesia is commonly practiced for emergency LUCS in developing countries, but the outcome of spinal anesthesia is better than GA. Recently in developed countries like the UK and United States, spinal anesthesia is also accepted as a safer anesthetic technique. Objective: The objective of our study was to establish spinal anesthesia as a preferable method to reduce ma",no_match,stated,
openalex:search_enam_exact,Comparison between Laparoscopy and Laparotomy in the Management of Ectopic Pregnancy,2024,https://doi.org/10.3329/jemc.v12i2.75791,enam,"Introduction: Ectopic pregnancy has become one of the most alarming causes of maternal mortality and morbidity and the number of maternal death due to ectopic pregnancy is also in increasing trend. Usually ruptured ectopic pregnancy is managed by laparotomy. But nowadays due to improved anesthesia and cardiovascular monitoring support together with advanced laparoscopic surgical skills and experience, operative laparoscopy for surgical management of ectopic pregnancy is justified, even in women with significant hemoperitoneum. Objectives: The aim of this study was to assess the clinical profil",no_match,stated,
openalex:search_enam_exact,Smoking Pattern in Students of a Selected Medical College in Bangladesh,2016,https://doi.org/10.3329/jemc.v6i3.29682,enam,Background: Smoking is a recognized harmful factor for general health. The prevalence of smoking is gradually increasing among the young people. Medical students are also vulnerable in this arena. Worldwide studies revealed that students start and continue smoking during their school and college periods.Objectives: To determine the current tobacco use among medical college students and to find out the risk factors associated with smoking and also to assess the knowledge of students regarding smoking.Materials and Methods: This cross-sectional study was conducted among medical students of diffe,no_match,stated,
openalex:search_enam_exact,Online Health Information Seeking Behaviour and Perceived Trust on Health Communication Channels among Undergraduate Students of Bangladesh,2025,https://doi.org/10.3329/jmcwh.v21i1.80080,enam,"Background: Health communication channels include traditional media like television, radio and print newspapers along with online newspapers and digital social media platforms like Facebook, YouTube, Twitter (X), and Blogs. The internet has become a valuable resource for accessing health information allowing individuals to actively engage in their health-related decision making. Objective: Our study aims to observe online health information seeking behaviour and perceived trust on those online health communication channels among the undergraduate level students of Dhaka City in Bangladesh. Mat",no_match,stated,
openalex:search_enam_exact,Correlation between Hepatic Vein Wave form Changes on Doppler Ultrasound and the Severity of Diseases in Cirrhotic Patients,2021,https://doi.org/10.3329/jom.v22i2.56698,enam,Background: Cirrhosis is a common problem and is a leading cause of chronic liver disease. Early diagnosis with assessment of severity of diseases may help prevent the associated complications and patients’ sufferings. Now a days Hepatic venous Doppler can be a tool for diagnosis of cirrhosis and to assess correlation between waveform changes and severity of diseases. Objective: The purposes of this study was to determine the significance of hepatic vein waveform changes on doppler ultrasound in cirrhotic patients and to correlate with liver dysfunction. Materials and methods: This study was c,no_match,stated,
openalex:search_enam_exact,"Management of mass casualty in Rana Plaza tragedy, the worst industrial disaster in Bangladesh",2015,https://doi.org/10.3329/jafmc.v9i2.21819,enam+kidney,"Introduction: On April 24, 2013, Rana Plaza, an 8 storied building accommodating 5 garment factories, a bank, a number of commercial shops and offices collapsed at Savar, Dhaka, Bangladesh, while more than 4 thousand people were working inside. A massive rescue operation was carried out in following 21 days by the Government of Bangladesh involving all of her associated organs with a key role played by the Armed Forces. A total of 2438 injured victims were rescued between 24 Apr 2013 and 10 May 2013 including a female garment worker who was rescued after 17 days of the building collapse. The d",no_match,stated,
openalex:search_enam_exact,Association of Obesity with Lipid Profile and Blood Pressure Among the Medical Students of Enam Medical College,2024,https://doi.org/10.3329/jemc.v12i2.75773,enam,"Background: Overweight and obesity are well recognized as “escalating epidemic” in both developed and developing countries. Obesity can cause many health related problems, like cardio vascular diseases (CVD). Both obesity and serum lipids are modifiable factors for CVD. Serum lipid profile of young medical students in Enam Medical College was estimated to determine their CVD risk. Objective: To find out the association of obesity with lipid profile and blood pressure. Materials and Methods: This cross-sectional analytical study was carried out at Enam Medical College, Savar, Dhaka from July 20",mentions_enam_only,stated,
openalex:search_enam_exact,Prescribing Trends of Analgesics Used in Postoperative Patients in a Surgical Unit of Enam Medical College Hospital,1970,https://doi.org/10.3329/bjpp.v25i1.5742,enam,"The present study was conducted to evaluate the prescribing trends of analgesics used in the postoperative patients in a surgical unit of Enam Medical College Hospital. Treatment records of 180 patients, who underwent surgery in Enam Medical College Hospital, were randomly selected. Data pertaining to pain medications prescribed from the day of operation to sixth postoperative day were recorded. 180 prescriptions containing analgesics were collected randomly from the period of July 2007 to June 2008. In the operation day 65.6% patients received Nalbuphine and 33.3% patients received Pethidine.",mentions_enam_only,stated,
openalex:search_enam_exact,Maternal and Perinatal Outcome in Placenta Previa: One Year Study in Enam Medical College Hospital,2022,https://doi.org/10.36347/sjams.2022.v10i04.032,enam,"Introduction: Placenta previa is a key risk factor for obstetric hemorrhage particularly occurs in women with a previous uterine scar. It can be defined as an embedding of the placenta in the lower uterine segment, overlying or approaching the internal cervical os. One-third of all cases of APH caused due to placenta previa. Aim of the study: To assess the maternal complications and perinatal outcomes of patients with placenta previa by analyzing its obstetrical factors. Methods: This study is a cross-sectional observational study conducted at the Department of Obstetrics and Gynae, in Enam Me",mentions_enam_only,stated,
openalex:search_enam_exact,Clinico-demographic Profile and Outcome of COVID-19 Patients Admitted in the ICU of Enam Medical College Hospital,2024,https://doi.org/10.3329/jemc.v12i1.71693,enam+kidney,"Background: COVID-19 is an acute respiratory disease caused by a novel coronavirus (SARS-CoV-2) which first emerged in China in December 2019. Then it rapidly spread globally including Bangladesh with devastating damage to the public health. The aim of the study was to describe the demographic characteristics, clinical features and outcome of COVID-19 patients admitted into the ICU of Enam Medical College Hospital (EMCH) from 1 February 2021 to 30 April 2021. Materials and Methods: It was a prospective observational study with a convenient sampling technique. Separate preset questionnaire was ",mentions_enam_only,stated,
openalex:search_enam_exact,"Surgical Management of Zygomatico-Maxillary Complex Fractures in Enam Medical College Hospital, Savar: A Retrospective Study of 70 Cases",2024,https://doi.org/10.3329/jemc.v12i2.75777,enam,"Background: The incidence of maxillofacial injuries is on the rise due to motor vehicle accidents and increased incidence of violence in recent times. Zygomatic bone is closely associated with the maxilla, frontal, and temporal bones which are usually involved when a zygomatic bone fracture occurs. Objective: The aim of this retrospective study was to determine clinical presentations, the pattern of fractures, their management (open reduction and internal fixation), outcome and complications in a tertiary level hospital. Materials and Methods: This retrospective analysis of all operative cases",mentions_enam_only,stated,
openalex:search_enam_exact,"Management of Critically Ill Obstetric Patients Admitted in Intensive Care Unit of Enam Medical College Hospital, Savar, Dhaka",2024,https://doi.org/10.3329/jemc.v12i1.71686,enam,"Background: Pregnancy related complications are more observed in developing countries than developed countries and sometimes need intensive care support to reduce both morbidity and mortality. Any critical condition with acute respiratory failure or hemodynamic insufficiency are the main cause of admission. The management is a great challenge as it is a little bit different from other critically ill patient, should give emphasis on several factors for the fetomaternal wellbeing and needs multidimensional approach. Objectives: The aim of our study was to evaluate the indication of critically il",mentions_enam_only,stated,
openalex:search_enam_exact,"Assessment of Women's Risk Factors and Preventive Measures toward Cervical Cancer: A study in Enam Medical College and Hospital, Dhaka, Bangladesh",2020,https://doi.org/10.36347/sjams.2020.v08i01.038,enam,nan,mentions_enam_only,stated,
openalex:search_enam_exact,Outcome of Acute Kidney Injury (AKI) Patients in the Intensive Care Unit of Enam Medical College & Hospital During the Period of July 2018 to May 2019,2023,https://doi.org/10.3329/jemc.v11i1.63170,enam+kidney,"Background: Acute kidney injury (AKI) is a public health issue associated with multiple clinical conditions which may occur due to slight elevation in serum creatinine to anuric renal failure with electrolytes and acid-base imbalance, chronic kidney diseases, end-stage renal diseases, impaired innate immunity associated with higher infection rate, and increased duration of hospital stay with higher cost. Sometimes severe AKI patients may need intensive care support and renal replacement therapy. Severe sepsis is the most common cause of ICU admission. Materials and Methods: This observational ",mentions_both_no_link,stated,
openalex:search_enam_exact,From the Desk of the Editor-in-Chief Vol.4(1),2014,https://doi.org/10.3329/jemc.v4i1.18048,enam,DOI: http://dx.doi.org/10.3329/jemc.v4i1.18048 Journal of Enam Medical College Vol 4 No 1 2014,mentions_enam_only,stated,
openalex:search_enam_exact,Acute Retrograde Jejunogastric Intussusception,2013,https://doi.org/10.3329/jemc.v3i2.16136,enam,Journal of Enam Medical College; Vol 3 No 2 July 2013; Page 117-119 DOI: http://dx.doi.org/10.3329/jemc.v3i2.16136,mentions_enam_only,stated,
openalex:search_enam_exact,From the Desk of Editor-in-Chief Vol.3(2),2013,https://doi.org/10.3329/jemc.v3i2.16123,enam,Journal of Enam Medical College; Vol 3 No 2 July 2013; Page 59 DOI: http://dx.doi.org/10.3329/jemc.v3i2.16123,mentions_enam_only,stated,
openalex:search_enam_exact,College News Vol.3(2),2013,https://doi.org/10.3329/jemc.v3i2.16137,enam,Journal of Enam Medical College; Vol 3 No 2 July 2013; Page 120-122 DOI: http://dx.doi.org/10.3329/jemc.v3i2.16137,mentions_enam_only,stated,
openalex:search_enam_exact,Insulin resistance and obesity among infertile women with different polycystic ovary syndrome phenotypes,2017,https://doi.org/10.1038/s41598-017-05717-y,,"Abstract Polycystic ovary syndrome (PCOS) is a common problem among Arab women and is the main cause of infertility due to anovulation. This study investigates insulin resistance (IR) and obesity in different PCOS phenotypes among infertile women (n = 213), of whom 159 had PCOS and 54 women without PCOS, recruited as a control group. Biometric, hormonal and clinical parameters were studied. IR was observed in 133 (83.6%) women with PCOS and in 25 (46.3%) women without PCOS (p < 0.001). IR was significantly associated with PCOS only among women with central obesity (χ2 = 35.0, p < 0.001) and no",no_match,stated,
openalex:search_enam_exact,Risk factors for suicide in Bangladesh: case–control psychological autopsy study,2020,https://doi.org/10.1192/bjo.2020.152,,"BACKGROUND: Suicide is an important, understudied public health problem in Bangladesh, where risk factors for suicide have not been investigated by case-control psychological autopsy study. AIMS: To identify the major risk factors for suicide in Dhaka, Bangladesh. METHODS: We designed a matched case-control psychological autopsy study. We conducted a semi-structured interview with the next-of-kin of 100 individuals who died by suicide and 100 living controls, matched for age, gender and area of residence. The study was conducted from July 2019 to July 2020. RESULTS: The odds ratios for the ris",no_match,stated,
openalex:search_enam_exact,"Genotypic to Phenotypic Resistance Discrepancies Identified Involving β-Lactamase Genes, blaKPC, blaIMP, blaNDM-1, and blaVIM in Uropathogenic Klebsiella pneumoniae",2020,https://doi.org/10.2147/idr.s262493,,"Introduction: Klebsiella pneumoniae carbapenemase (KPC) belongs to the Group-A β-lactamases that incorporate serine at their active site and hydrolyze various penicillins, cephalosporins, and carbapenems. Metallo-beta-lactamases (MBLs) are group-B enzymes that contain one or two essential zinc ions in the active sites and hydrolyze almost all clinically available β-lactam antibiotics. Klebsiella pneumoniae remains the pathogen with the most antimicrobial resistance to KPC and MBLs. Methods: This research investigated the bla KPC, and MBL genes, namely, bla IMP, bla VIM, and bla NDM-1 and their",no_match,stated,
openalex:search_enam_exact,Association of Premature Rupture of Membrane and Urinary Tract Infection among Pregnant Women,2025,https://doi.org/10.3329/jninb.v10i1.76284,enam,"Background: Prelabour rupture of membranes among pregnant women is a common obstetrics problem encountered by the obstetricians. Objective: This present study was aimed to see the association of premature rupture of membrane and urinary tract infection among pregnant women. Methodology: This cross-sectional study was conducted in the Department of Obstetrics and Gynaecology at Enam Medical College, Savar, Dhaka, Bangladesh from January 2022 to December 2022 for a period of one year. Pregnant women with preterm premature rupture of membrane who were admitted in the Department of Obstetrics & Gy",mentions_enam_only,stated,
openalex:search_enam_exact,Current Trend of Antibiotic Resistance in Lower Respiratory Tract Infections (LRTIs): An Experience in a Teaching Hospital in Bangladesh,2016,https://doi.org/10.3329/bpj.v19i1.29243,,"Lower respiratory tract infections (LTRIs) are responsible for the vital causes of morbidity and mortality in all ages. In recent years, antibiotic resistance among respiratory pathogens is increasing emergently. The present study aimed to find out the bacterial etiology of LRTIs in Bangladesh and to update the clinicians about the current scenario of antibiotic resistance in lower respiratory tract infections. A total 64 bacterial pathogens from 100 patients with LRTIs were isolated from sputum specimens from a teaching hospital in Savar, Bangladesh between July- 2014 to June- 2015. The sputu",no_match,stated,
openalex:search_enam_exact,"Analysis of Mortality in Neuro ICU Admitted Between 2017-2021 in EMCH, Savar, and Dhaka, Bangladesh",2022,https://doi.org/10.36347/sjams.2022.v10i04.023,enam,"Background: Mortality in the intensive care unit (ICU) has been associated to an array of risk factors. Identification of risk factors potentially contributes to predict and reduce mortality rates in the ICU. Objective: To evaluate the mortality in Neuro ICU admitted in Enam Medical College & Hospital (EMCH), Savar, and Dhaka, Bangladesh. Method: This was a cross-sectional study in clinical and surgical Neuro intensive care units of the Enam Medical College & Hospital, Bangladesh. ICU patients admitted between 2017 to 2021 were considered for the study. Data were collected using a structured q",mentions_enam_only,stated,
openalex:search_enam_kidney,The Current Health and Wellbeing of the Survivors of the Rana Plaza Building Collapse in Bangladesh: A Qualitative Study,2019,https://doi.org/10.3390/ijerph16132342,kidney,"This study aims to identify the ongoing physical and psychological health vulnerabilities of the readymade garment (RMG) factory workers involved in the Rana Plaza building collapse in 2013, along with their experiences within the current socioeconomic and political contexts of Bangladesh. Seventeen Rana Plaza survivors participated in unstructured, face-to-face, in-depth interviews. Interviews were thematically analyzed using Haddon's matrix to examine pre-event, event, and post-event injury experiences. The collapse of the Rana Plaza building resulted in significant physical and emotional tr",no_match,stated,
openalex:search_enam_kidney,Hyperparameter Tuning Decision Tree and Recursive Feature Elimination Technique for Improved Chronic Kidney Disease Classification,2024,https://doi.org/10.15294/sji.v11i3.12990,kidney,"Purpose: This study has the purpose of classifying patients with chronic kidney disease based on specific features and improving the classification models by tuning hyperparameters. This study aims to detect chronic kidney disease at an early stage. Methods: In this study, a machine learning classifier in the form of a decision tree is used to classify chronic kidney disease on the Risk Factor Prediction of Chronic Kidney Disease dataset. After that, the performance of the classifier model is improved by using feature selection, namely Recursive Feature Elimination and Hyperparameter tuning wi",no_match,stated,
openalex:search_enam_kidney,Serum potassium trajectory during AKI and mortality risk,2022,https://doi.org/10.21203/rs.3.rs-1285007/v3,kidney,"Abstract Background: Kidneys play a primary role in potassium homeostasis. The association between potassium (sK+) level and mortality or the need for kidney replacement therapy (KRT) during acute kidney injury (AKI) has not been adequately explored. Methods: In this prospective cohort study, AKI patients admitted to the Hospital Civil de Guadalajara were enrolled from August 2017 to June 2021 with AKI. We divided patients into 8 groups based on the serum potassium level trajectories up to ten days following hospitalization, (1) normokalemia (normoK), defined as sK+ values between 3.5 and 5.5 ",no_match,stated,
openalex:search_enam_kidney,Young man with severe metabolic acidosis after transformer oil ingestion: a case report,2018,https://doi.org/10.1186/s13256-018-1827-4,kidney,"BACKGROUND: Transformer oil is used in oil-filled transformers for its insulating as well as coolant properties. Transformer oil ingestion for attempted suicide is seldom heard of. Our patient's case presented us with a major diagnostic as well as treatment challenge because we encountered such a case for the first time and were totally unaware of the fact that methanol might make up the main component of an aged transformer oil. CASE PRESENTATION: A 19-year-old Pakistani/Asian man was brought to our hospital with altered sensorium. He was found to have elevated anion gap acidosis, increased o",no_match,stated,
openalex:search_enam_kidney,Serum potassium trajectory during AKI and mortality risk,2022,https://doi.org/10.21203/rs.3.rs-1285007/v1,kidney,"Abstract Background: Kidneys play a primary role in potassium homeostasis. The association between potassium (sK+) level and mortality or the need for kidney replacement therapy (KRT) during acute kidney injury (AKI) has not been adequately explored. Methods: In this prospective cohort study, AKI patients admitted to the Hospital Civil de Guadalajara were enrolled from August 2017 to June 2021 with AKI. We divided patients into 8 groups based on the serum potassium level trajectories up to ten days following hospitalization, (1) normokalemia (normoK), defined as sK+ values between 3.5 and 5.5 ",no_match,stated,
openalex:search_enam_kidney,"Snakebite knowledge assessment and training of healthcare professionals in Asia, Africa, and the Middle East: A review",2022,https://doi.org/10.1016/j.toxcx.2022.100142,,"Snakebite envenoming (SBE) is a common neglected tropical disease in rural communities of Asia, Africa and Latin America. Among the several challenges besetting the control of SBE is inadequate access to high-quality care by snakebite victims, partly contributed by inadequate knowledge of SBE among healthcare professionals (HCPs). This narrative review examined the existing literature on the knowledge of snakebites among HCPs, the factors associated with their knowledge of snakebites and their training needs. Data on the knowledge of healthcare professionals regarding snakebites appeared scant",no_match,stated,
openalex:search_enam_kidney,Raised Inflammatory Markers as Predictors of Acute Kidney Injury in Hospitalized Covid-19 Patients: A Retrospective Cohort Study.,2025,,enam+kidney,"Covid-19 infection can affect the multiple-organ system. Acute kidney injury (AKI) is one of the complications and is associated with poor outcomes. Of many potential risk factors for the development of AKI, raised inflammatory markers are postulated to be responsible. A retrospective cohort study was conducted on 135 patients who were admitted in the ward and intensive care unit (ICU) from June 2020 to September 2020 in Enam Medical College and Hospital, Savar, Dhaka, Bangladesh. Patients aged ≥18 years with positive RT-PCR Covid-19 were included. AKI was defined and staged according to KDIGO",mentions_both_no_link,stated,
openalex:search_enam_kidney,Phytomedicines Used for Diabetes Mellitus in Ghana: A Systematic Search and Review of Preclinical and Clinical Evidence,2019,https://doi.org/10.1155/2019/6021209,,"Background. Available data indicate that diabetes mellitus leads to elevated cost of healthcare. This imposes a huge economic burden on households, societies, and nations. As a result many Ghanaians, especially rural folks, resort to the use of phytomedicine, which is relatively less expensive. This paper aims at obtaining information on plants used in Ghana to treat diabetes mellitus, gather and present evidence-based data available to support their uses and their mechanisms of action, and identify areas for future research.Method. A catalogue of published textbooks, monographs, theses, and p",no_match,stated,
openalex:search_enam_kidney,Using Machine Learning to Optimize Kidney Transplants,2024,https://doi.org/10.47611/jsrhs.v13i4.8273,kidney,"Currently, 100,000 people are waiting on the organ donation list in the United States, 17 of which die each day. This is due to the demand for organs far outweighing their supply. There needs to be objective criteria regardless of race, economic status, or sex for the distribution of organs. The most common types of transplants are kidney transplants. For this reason, the allocation of kidneys must be given to the patients who require the kidneys the most. The operational definition for needing kidneys the most should be the patients who are most likely to progress to chronic kidney disease (C",no_match,stated,
openalex:search_enam_kidney,In the Quiet of the Everyday: Chronic Kidney Disease in the Lives of Young Filipinos,2025,https://doi.org/10.51386/25815946/ijsms-v8i4p111,kidney,"This study investigated the lived experiences, challenges, and coping mechanisms of young adults living with chronic kidney disease (CKD) in the Philippines. Employing a qualitative research design, data were gathered through virtual semi-structured interviews and analyzed using Colaizzi’s method. The findings reveal how CKD profoundly affects participants’ lives, including their physical health, emotional stability, social relationships, financial well-being, and life goals. Despite facing disrupted ambitions, social stigma, and emotional exhaustion, many participants found strength in faith,",no_match,stated,
openalex:search_enam_kidney,"Nutrients of Cubiu Fruits (Solanum sessiliflorum Dunal, Solanaceae) as a Function of Tissues and Ripening Stages",2017,https://doi.org/10.12691/jfnr-5-9-7,,"Cubiu fruits (Solanum sessiliflorum Dunal, Solanaceae) are nutritionally dense. However, most studies have investigated cubiu nutrients in whole fruits. This study evaluated cubiu fruit nutrients as a function of different tissues (peel, pulp, and placenta) and ripening stages (green, turning, ripe, and fully ripe). Fruits (n = 118) were harvested to investigate weight, macronutrients (moisture, ash, proteins, lipids, carbohydrates, and energy) and selected macrominerals-calcium (Ca), magnesium (Mg), phosphorus (P), and potassium (K). Analyses were performed at the Instituto Nacional de Pesqui",no_match,stated,
openalex:search_enam_kidney,Effectiveness of retrograde intrarenal surgery for upper ureteric and renal stones: a retrospective cohort study,2026,https://doi.org/10.18203/2349-2902.isj20261988,enam+kidney,"Background: Retrograde intrarenal surgery (RIRS) has become an increasingly preferred minimally invasive procedure for the management of upper ureteric and renal stones due to its favorable safety profile and high stone clearance rate. This study aimed to evaluate the effectiveness and perioperative outcomes of RIRS in patients with upper urinary tract calculi. Methods: This retrospective cohort study was conducted at the Department of Urology, Enam Medical College and Hospital, from July 2018 to January 2026. A total of 382 adult patients with upper ureteric or renal stones who underwent RIRS",mentions_both_no_link,stated,
openalex:search_enam_kidney,ROLE OF CT ANGIOGRAPHY IN EVALUATING AORTO-FEMORAL STENOSIS COMPARED WITH DUPLEX ULTRASONOGRAPHY IN THE BANGLADESHI POPULATION,2015,https://doi.org/10.53555/571ma027,enam,"Aorto-femoral stenosis is a critical manifestation of peripheral arterial disease. While Digital Subtraction Angiography (DSA) is the gold standard, it is invasive. Computed Tomography Angiography (CTA) and Duplex Ultrasonography (DUS) are widely used non-invasive alternatives. Objective: To compare the diagnostic efficacy of CTA and DUS for evaluating aorto-femoral stenosis in the Bangladeshi population. Methods: This comparative, multicenter study was conducted at Bangabandhu Sheikh Mujib Medical University (BSMMU), Popular Diagnostic Center (Savar), Super Medical Hospital (Savar) and Enam M",mentions_enam_only,stated,
openalex:search_enam_kidney,Pseudomonas aeruginosa: The Alarming Pathogen of Hospital Acquired Infection,2023,https://doi.org/10.5772/intechopen.110249,,"Pseudomonas aeruginosa is a Gram-negative bacillus that is ubiquitous. It is found in abundant amount in the environment, especially in moist places. Immunocompetent persons get less infected by P. aeruginosa, while immunocompromised patients get more infected by them. The burn patients, patients with cystic fibrosis, and patients who are dependent on any device like ventilator, intravenous catheter, or indwelling bladder catheter are more prone to acquire the infection. It is the main cause of ventilator-associated pneumonia. Patients with neutropenia are more susceptible to P. aeruginosa inf",no_match,stated,
openalex:search_enam_kidney,Comparison of Lipid Peroxidation and Anti-Oxidant Ac-tivities in Pre-Eclamptic & Normal Pregnancies in Nigerian Population,2013,https://doi.org/10.4236/ijcm.2013.45042,,"Purpose: To compare the serum malondialdehyde (MDA) and total antioxidant status in women with preeclampsia and normal pregnancy in our environment. Materials & Methods: This was a 3-year, cross-sectional, case control study of 100 preeclamptic and 200 normotensive pregnant women at Ladoke Akintola University of Technology (LAUTECH) Teaching Hospital, Osogbo, Nigeria. The study protocol was reviewed and approved by our Institutional Ethical Review Committee and all participants gave their consent. The fasting serum of recruited patients were analysed for Malondialdehyde (MDA) with rapid, sensi",no_match,stated,
openalex:search_enam_kidney,Fingerprint pattern similarity: a family-based study using novel classification,2019,https://doi.org/10.2399/ana.19.065,,"Objectives: Establishing that certain traits are inherited can be assessed from the extent of morphological similarity of the offspring and their parents. This study, evaluated the pattern similarity of the fingerprint of offspring to that of their parents using a novel classification. Methods: Fifty families (comprising of father, mother and a child) without ethnic considerations were recruited and digital fingerprints were obtained. The fingerprints; arch (A), loop (L), and whorl (W) were identified and a novel classification (A, L, W, AL, AW, and LW) for heredity study as described by Aigbo",no_match,stated,
openalex:search_enam_kidney,An Advanced GRU-CapsNet Framework for Accurate Chronic Kidney Disease Detection and Prediction,2025,https://doi.org/10.22266/ijies2025.0731.51,kidney,"Chronic Kidney Disease (CKD) is a progressive disorder that causes the kidneys to gradually lose their function that results in severe outcomes such as kidney failure.Conventional diagnostic techniques, such as serum creatinine tests and imaging, fail to determine CKD at its early stages due to late identification and high false negative rates.To address these issues, this study proposes a hybrid deep learning (DL) method, which integrates gated recurrent unit (GRU) and Capsule Network (CapsNet) for identifying temporal features and spatial hierarchies.This hybrid approach enhances the CKD det",no_match,stated,
openalex:search_enam_kidney,"Effect of combination of garlic powder with black pepper, cinnamon and aloe vera powder on the growth performance, blood profile, and meat sensory qualities of broiler chickens",2020,https://doi.org/10.56093/ijans.v89i12.96642,,This study was conducted to evaluate dual herb combinations as phytogenic alternative to antibiotic growth promoters in broilers. One-day old broiler chicks (225) were randomly distributed to 5 treatments with 3 replicates of each. The dietary treatments comprised basal diet as control (C); antibiotic group receiving 0.1 g/kg of oxytetracycline (AB); 1.5% garlic powder + 0.5% black pepper (GB); 1.5% garlic powder + 0.5% cinnamon powder (GC) and basal diet with 1.5% garlic powder + 1.0% whole leaf aloe vera powder (GA). Body weight and feed consumed were recorded weekly and accordingly feed con,no_match,stated,
openalex:search_enam_kidney,Psychological states of Bangladeshi people and associated factors during the outbreak of COVID-19: A cross-sectional survey,2021,https://doi.org/10.1016/j.etdah.2021.100012,kidney,"COVID-19 is imposing an extremely serious challenge to individuals’ physical and mental health. The enforcement of lockdown, restriction on public gathering, social distancing strategy, and unprecedented quarantine measures has affected many aspects of peoples’ lives in Bangladesh with potential consequences on their mental and physical health. This study aimed to assess the psychological states and their related factors among general people in Bangladesh during the COVID-19 outbreak. An e-questionnaire-based cross-sectional survey was conducted among 565 Bangladeshi general people between Apr",no_match,stated,
openalex:search_enam_kidney,Antibiotic Susceptibility Patterns in Patients with Chronic Kidney Disease in Bangladesh: A Comprehensive Analysis of Clinical Isolates,2025,https://doi.org/10.3329/jmj.v21i2.83216,kidney,"Chronic kidney disease (CKD) is a significant health concern in Bangladesh, with patients frequently experiencing infectious complications due to immunocompromised status. The study aimed to investigate the antibiotic susceptibility patterns among patients with chronic kidney disease (CKD) in Bangladesh. This cross-sectional study was conducted at Jalalabad Ragib-Rabeya Medical College in Sylhet, Bangladesh, from June 2022 to May 2023. Through a comprehensive analysis of clinical isolates from 205 CKD patients, the study reveals varying susceptibility profiles across multiple antibiotics. Amon",no_match,stated,
openalex:search_enam_kidney,Leveraging machine learning to evaluate factors influencing vitamin D insufficiency in SLE patients: A case study from southern Bangladesh,2023,https://doi.org/10.1371/journal.pgph.0002475,,"Vitamin D insufficiency appears to be prevalent in SLE patients. Multiple factors potentially contribute to lower vitamin D levels, including limited sun exposure, the use of sunscreen, darker skin complexion, aging, obesity, specific medical conditions, and certain medications. The study aims to assess the risk factors associated with low vitamin D levels in SLE patients in the southern part of Bangladesh, a region noted for a high prevalence of SLE. The research additionally investigates the possible correlation between vitamin D and the SLEDAI score, seeking to understand the potential bene",no_match,stated,
openalex:search_enam_kidney,Protective Effects of Withania Somnifera Against Cisplatin-Induced Acute Kidney Injury in Rats: A Histomorphometric Analysis,2025,https://doi.org/10.37185/lns.1.1.661,kidney,"Objective: This research aims to analyze the toxic effects of cisplatin and its amelioration by the root extract of Withania Somnifera on acute kidney injury in rat models through histomorphometric parameters.Study Design: Experimental study.Place and Duration of Study: The study was conducted at the Department of Anatomy and Animal House, Baqai Medical University Karachi, Pakistan, from November 2018 to February 2019.Methods: 80 adult male Albino Wistar rats split evenly into four groups for study purposes. No intervention was administered to Group A (control group), and Group B (treatment gr",no_match,stated,
openalex:search_enam_kidney,"Incidence of ventilator associated pneumonia (VAP) in neuro ICU, in a Tertiary Hospital",2026,https://doi.org/10.3329/jbsa.v36i1.91607,enam,"Background: Ventilator-associated pneumonia (VAP) is the most common nosocomial infection diagnosed in the intensive care unit (ICU), in spite of advances in diagnostic techniques and management it remains a common cause of hospital morbidity and mortality. Early and rapid diagnosis and initiation of the appropriate antibiotic treatment reduce mortality and decrease the development of MDR organisms. Objective: To determine the incidence of ventilator-associated pneumonia (VAP) and its effect on patients’ outcome. Materials and Methods: A retrospective study was conducted in Enam Medical Colleg",mentions_enam_only,stated,
openalex:search_enam_kidney,Epidemiology of Anemia at the Internal Medicine Department in Borgou Departmental Hospital Center (DHC) in Parakou (Benin),2018,https://doi.org/10.4236/ojim.2018.82013,kidney,Objective: To describe clinical and biological characteristics of anemia in the Internal Medicine department of Borgou Departmental Hospital Center (DHC). Methods: This was a transversal and descriptive study for an analytic purpose. All patients hospitalized in the Internal Medicine department of Borgou DHC who had a hemogram for their care were included in the study. Anemia was defined as a hemoglobin level lower than 12 g/dL for men and lower than 11.5 g/dL for women. Results: Frequency of anemia was 61.8% (76 of 123 patients). Anemia was moderate in 47.4% of the cases and severe in 27.6% o,no_match,stated,
openalex:search_enam_kidney,Early Risk Factor Prediction in Chronic Kidney Disease Diagnosis Using Feature Selection and Machine Learning Algorithms,2025,https://doi.org/10.1055/a-2797-4380,kidney,"Abstract Chronic kidney disease, CKD in short, is a kind of long-term kidney illness in which rapid deterioration of kidney function is observed over a period of time. Unlike other organs, this damage in kidney function cannot be recovered and reversed as well. Moreover, in its early stages, asymptomatic renal disease is highly prevalent, making early identification with conventional clinical approaches difficult. Thus, early and accurate detection of risk factors is a very challenging step in CKD diagnosis. This research work showed earlier and effective identification of risk factors using n",no_match,stated,
openalex:search_enam_kidney,Study on Risk Factor Evaluation of Ischaemic Stroke Patients Admitted in a Tertiary Care Hospital: 100 Cases,2020,https://doi.org/10.11648/j.ajbls.20200806.16,enam,"Background: Stroke is defined as a sudden onset focal neurological deficit of vascular etiology and is a major cause of mortality and morbidity around the globe. The aim of this study was to find out the proportion of major risk factor or factors related in infarctive stroke cases. Methods: This hospital based descriptive cross sectional study was carried out in one hundred (100) ischemic stroke patients admitted in Medicine units associated with Neurology ward in Enam Medical College & Hospital, Savar, Dhaka, Bangladesh during the period from January 2015 to September 2017. Permission for the",mentions_enam_only,stated,
openalex:search_enam_kidney,Vitamin D Deficiency- Current status and its Impact in Clinical Medicine,2017,https://doi.org/10.3329/bjmed.v28i1.31895,,Abstract not availableBangladesh J Medicine Jan 2017; 28(1) : 1-3,no_match,stated,
openalex:search_enam_kidney,Scabies- Major Childhood Skin Infestation in Bangladesh - An Updated Review,2023,https://doi.org/10.3329/jawmc.v10i1.67482,,"Background: Globally distributed scabies- a highly prevalent contagious skin disease particularly infests children and elderly population. Since scabies often remain un-recognized/un-diagnosed or under-reported, but >130 million people suffer from scabies, WHO listed it under neglected tropical disease (NTD). Objective(s): This updated review focus on scabies etiology and association with socio-economic profile, water sanitation, personal hygiene, poor living condition, and environmental pollution. However, few plausible risk factors of childhood scabies have also been covered in this review. ",no_match,stated,
openalex:search_enam_kidney,The Efficacy of the Spinal Anesthesia during Emergency Cesarean Section for Severe Preeclampsia and Eclampsia Patients,2023,https://doi.org/10.36348/sjmps.2023.v09i01.006,kidney,"Background: The most common causes of prenatal morbidity and death in Bangladesh are eclampsia and severe preeclampsia or toxemia (PET). Obstetricians and anesthesiologists have complex challenges while dealing with this condition. Despite the improved result of spinal anesthesia over general anesthesia, general anesthesia is still routinely used for emergency LUCS in underdeveloped nations. More and more people in industrialized nations, such as the United Kingdom and the United States, recognize spinal anesthesia for its safety. Objective: In this study our main aim is to evaluate the effica",no_match,stated,
openalex:search_enam_kidney,Comparative analysis of organophosphorus versus carbamate pesticide poisoning: a case study,2024,https://doi.org/10.2478/aiht-2024-75-3781,,"Organophosphorus poisoning is a critical condition that can cause central nervous system depression, respiratory failure, and death early on. As its clinical manifestations closely resemble those of carbamate pesticide poisoning, the aim of this case study is to present a case of misdiagnosis, initially identifying carbofuran poisoning as organophosphate in a patient suspect of a heatstroke. We also present a case of intentional self-poisoning with organophosphate dichlorvos to underline the likelihood of pesticide poisoning in patients exhibiting acute cholinergic symptoms when the ingested s",no_match,stated,
openalex:search_enam_kidney,Bilateral Adrenal Histoplasmosis in an Immunocompetent Man,2013,https://doi.org/10.4172/2329-9126.1000e103,kidney,Histoplasmosis is a deep fungal infection caused by Histoplasma capsulatum. It presents commonly with transient pulmonary infection but disseminated form can involve any system in the body. Adrenal gland is affected frequently in histoplasmosis but bilateral involvement is unusual. Adrenal histoplasmosis is also common in immunocompromised host. We report a case of bilateral adrenal histoplasmosis in an immunocompetent patient without any features of adrenal insufficiency. Histoplasmosis was diagnosed by fine needle aspiration cytology (FNAC) from adrenal gland. Patient was treated with itraco,no_match,stated,
openalex:search_enam_kidney,GROSS MORPHOLOGY AND DIAMETER OF RENAL CORPUSCLES OF YOUNG HUMAN ADULT OF UPPER ASSAM REGION OF INDIA,2018,https://doi.org/10.14260/jemds/2018/905,kidney,The Upper Assam region is known for different tribes and groups with distinct genetic makeup. No systematic study of human kidneys in the population of this part of India has been carried out before. The present work is an attempt to study the kidneys of young human adult population of Upper Assam region of India with the following aims and objectives. Aims and Objectives:,no_match,stated,
openalex:search_enam_kidney,A Study on Highly Sensitive C-Reactive Protein (Hs-CRP) in Patients with Bronchial Asthma,2018,https://doi.org/10.3329/dmcj.v6i2.38213,,"Background: Asthma is a chronic inflammatory disorder of the airways. Relevance of highly sensitive C-reactive protein (hs-CRP), an acute phase reactant and a sensitive marker of low-grade systemic inflammation in bronchial asthma has not been fully studied.Objectives: Reported studies have found an inverse relationship between lung function and markers of systemic inflammation. The aim of this study was to clarify the relationship between serum level of hs-CRP and bronchial asthma.Materials and method: In this study, hs-CRP was measured in 60 patients with asthma and 40 healthy control subjec",no_match,stated,
openalex:search_enam_kidney,TCTAP A-130 Impact of Renal Impairment on Coronary Vasculature Among Patients Undergoing Primary Percutaneous Coronary Intervention and Its Effect on Hospital Stay Outcome,2018,https://doi.org/10.1016/j.jacc.2018.03.065,kidney,nan,no_match,stated,
openalex:search_enam_kidney,Clinical Practice Guidance for Management of Anti HBc Positive Patients,2019,https://doi.org/10.3329/jbcps.v37i4.43350,,"Hepatitis B core antibody (Anti HBc) is currently considered the most sensitive serological marker for a patient’s history of hepatitis B virus (HBV) infection given its long-term persistence in the bloodstream. The serological pattern of isolated Anti HBc (IAHBc) has been of clinical interest over the past several years.,Thegrowing data of IAHBcsuggestingit as a marker for occult HBV infection (OBI). Occult HBV infection defined as HBV DNA detection in serum or the liver by sensitive diagnostic tests in HBsAg negative individuals with or without serologic markers of previous viral exposure. O",no_match,stated,
openalex:search_enam_kidney,Fatal Paraquat Poisoning in a 15-Year-Old Girl,2017,https://doi.org/10.3329/jemc.v7i2.32657,enam,"Paraquat (dipyridylium) is a highly toxic compound with a pungent smell. It is commonly used for weed killing. Intoxication occurs mainly by oral ingestion. After ingestion severe impairment of multiple organs develops. There is no specific antidote. Treatment includes repeated activated charcoal hemoperfusion with pulse methylprednisolone, cyclophosphamide, and antioxidants. Here we report a case of 15-year-old girl who presented with history of attempted suicide with paraquat. Patient died due to respiratory failure despite aggressive treatment and hemodialysis.J Enam Med Col 2017; 7(2): 107",mentions_enam_only,stated,
openalex:search_enam_kidney,Vitamin D status in Pulmonary Tuberculosis : a case control study,2022,https://doi.org/10.3329/bsmmuj.v14i3.56604,,"Pulmonary tuberculosis is the major cause of morbidity and mortality in the developing world. In South Asia, 80% of the apparently healthy population have vitamin D deficiency (<20 ng/mL). An association between vitamin D levels with tuberculosis has been described in several studies. But there are scarcities of studies carried out in Bangladesh to determine the association. This study, a case-control study with 2 years duration, determined and compared vitamin D concentration between pulmonary tuberculosis patients and healthy controls. Patients were recruited from the department of internal ",no_match,stated,
openalex:search_enam_kidney,Bilateral Adrenal Histoplasmosis in an Immunocompetent Man,2013,https://doi.org/10.4172/2329-9126.1000103,kidney,Histoplasmosis is a deep fungal infection caused by Histoplasma capsulatum. It presents commonly with transient pulmonary infection but disseminated form can involve any system in the body. Adrenal gland is affected frequently in histoplasmosis but bilateral involvement is unusual. Adrenal histoplasmosis is also common in immunocompromised host. We report a case of bilateral adrenal histoplasmosis in an immunocompetent patient without any features of adrenal insufficiency. Histoplasmosis was diagnosed by fine needle aspiration cytology (FNAC) from adrenal gland. Patient was treated with itraco,no_match,stated,
openalex:search_enam_kidney,Evaluation of Changes in Biochemical and Haematological Parameters of Albino Rats Following Subacute Oral Administration of Cinnamomum cassia (Cinnamon) Extract,2021,https://doi.org/10.9734/arrb/2021/v36i630393,,"Background: Cinnamomum cassia stem bark is used traditionally for the treatment of digestive disorders, diabetes and to alleviate symptoms of cold or flu. Aim: The present study evaluated biochemical and haematological changes in male albino rats after exposure to the stem bark ethanolic extract of Cinnamomum cassia (SBECC). Study Design: An experimental study which lasted for 19 days. Place and Duration of Study: Department of Medical Laboratory Sciences and Animal House, College of Medicine, University of Nigeria, Enugu Campus, between April 2019 and August 2019. Methodology: Twenty (20) rat",no_match,stated,
openalex:search_enam_kidney,Saleekha(Cinnamomum Cassia Blume): A Review,2022,https://doi.org/10.5281/zenodo.6120323,,"Cinnamomum cassiaBlume(Cinnamon) is a well-known traditional medicine with therapeutic benefits for centuries. The plant Cinnamon cassia Blume is commonly known as Chinese cinnamon. Mostly its bark and leaves are used in medicine. C. cassia is safe when used in small amounts as in foods and medicinal doses. Cinnamomum cassia Blume (Family: Lauraceae) is often used as a substitute for cinnamon.The bark of cassia is coarser and thicker with a more intense aroma than the true cinnamon, C. verum. Around 250 species of this genus are identified around the world. The Chinese cinnamon bark (C. cassia",no_match,stated,
openalex:search_enam_kidney,Serum Potassium Trajectory During AKI and Mortality Risk,2022,https://doi.org/10.21203/rs.3.rs-1285007/v2,kidney,"Abstract Background: Kidneys play a primary role in potassium homeostasis. The association between potassium (sK+) level and mortality or the need for kidney replacement therapy (KRT) during acute kidney injury (AKI) has not been adequately explored.Methods: In this prospective cohort study, AKI patients admitted to the Hospital Civil de Guadalajara were enrolled from August 2017 to June 2021 with AKI. We divided patients into 8 groups based on the serum potassium level trajectories up to ten days following hospitalization, (1) normokalemia (normoK), defined as sK+ values between 3.5 and 5.5 m",no_match,stated,
openalex:search_enam_kidney,Clinical Presentation and Outcome of COVID-19 Infected Cancer Patients: A Prospective Study,2021,https://doi.org/10.3329/bjm.v32i2.53794,,"Background: Patients with active cancer are considered to be a high-risk group during the COVID- 19 pandemic. Reports of studies on the impact of COVID-19 infection on cancer patients in Bangladesh are sparse. This study was conducted to describe the clinical presentation and assess the outcome of COVID-19 infected cancer patients. Methods: In this prospective study, we enrolled 43 patients with active cancer from different cancer hospitals in Dhaka, Bangladesh who were tested positive for RTPCR of COVID-19. The study period was from August to October 2020 (three months) following ethical appr",no_match,stated,
openalex:search_enam_kidney,Antinociceptive and Anti-inflammatory Effects of Diclofenac Sodium Along with B Vitamins on Acute Pulpitis,2016,https://doi.org/10.3329/jbsp.v11i1.29707,,"Background: In acute pulpitis intense pain and inflammatory changes are the main features of the patients. Diclofenac sodium is commonly used in the treatment of dental pain but has many side effects. To reduce the dose and duration of traditional analgesic drugs several members of B vitamins (B1, B6, B12) can be used.Objective: To observe the combined effects of diclofenac sodium with B vitamins in acute pulpitis patients.Method: This prospective interventional study was carried out in the Department of Physiology, Sir Salimullah Medical College (SSMC), Dhaka between July 2014 and June 2015. ",no_match,stated,
openalex:search_enam_kidney,How hospital patients use antiulcer drugs: An observational study in a general hospital in Bangladesh,2023,https://doi.org/10.30574/gscbps.2023.25.2.0508,,"According to reports, anti-ulcer medications proton pump inhibitor (PPI) have been used in unsuitable clinical contexts, which frequently increases the risk of side effects, drug interactions, and expenses. Examining the suitability of PPI medication and its use with frequency for patients in Bangladeshi hospital was the goal of this study. In a tertiary care hospital, a two-month cross-sectional study was conducted to assess the types of PPI prescription, their appropriateness, and their tendency to be used. Following signed informed consent, 166 patients who were prescribed PPI at the time o",no_match,stated,
openalex:search_enam_kidney,KARAKTERISTIK PASIEN GANGGUAN GINJAL AKUT DI RSUD Dr. H. CHASAN BOESOIRIE TERNATE,2026,https://doi.org/10.51878/healthy.v5i4.14599,kidney,"Acute Kidney Injury (AKI) is a condition characterized by a sudden decline in kidney function in previously healthy kidneys, typically occurring over a period ranging from a few hours to several weeks. This results in the retention of metabolic waste products and imbalances in the body's fluid, electrolyte, and acid-base status. Southeast Asia records the highest prevalence of AKI cases, at 31.0%. If not promptly managed, AKI can lead to significant morbidity and mortality. This study aimed to identify the characteristics of AKI patients at Dr. H. Chasan Boesoirie Regional General Hospital (RS",no_match,stated,
openalex:search_enam_kidney,"Effect of dual herb combinations on the growth performance, benefit cost ratio, blood profile, meat sensory qualities of broiler chickens",2021,https://doi.org/10.56093/ijans.v91i6.115454,,"Herbs being natural and within farmers acquaintance, are one of the most tried antibiotic alternative supplement to enhance the growth of poultry birds. Based on results of our previous studies on single herb supplementation, the present study was conducted to evaluate the effect of two herb combinations on growth performance of broiler chicks. One day old IBL-80 broiler chicks (Average weight ~37 g) were randomly distributed to five treatments with three replicates of each. Dietary regimen consist of control (CO), antibiotic group receiving 0.1 g/kg of oxytetracycline (AN), control diet with ",no_match,stated,
openalex:search_enam_kidney,Determination of the prevalence and antibiotic susceptibility pattern of the members of Enterobacteriaceae family from the urine samples of UTI suspected patients from a diagnostic center in Dhaka city,2018,,,"This thesis report is submitted in partial fulfilment of the requirement for the degree of B.Sc in Microbiology, 2018.",no_match,stated,
openalex:search_enam_kidney,"Microbial and Heavy Metal Contaminants in Herbal Preparations Sold in Maseru, Lesotho",2021,https://doi.org/10.11648/j.ijpc.20210704.13,,"The majority of the populations, both from developed and developing countries, use herbal preparations for primary healthcare purposes. In particular, the use of herbal preparations in Lesotho is high due to inadequate healthcare facilities and inaccessibility of healthcare services. Herbal preparations are inexpensive, easily accessible and culturally accepted than conventional medicines. Although herbal preparations are popularly used, they could be contaminated with pathogenic microbes, toxic heavy metals and non-metals, agrochemical residues, mycotoxins and endotoxins and, thus World Healt",no_match,stated,
openalex:search_enam_kidney,Scabies Prevalence and Management in Bangladesh: A Narrative Review,2025,https://doi.org/10.3329/bjid.v12i1.83987,,"A parasitic skin illness, scabies disproportionately affects underprivileged population. Significant morbidity is brought on by the illness, which also includes immune-mediated illness and serious bacterial infections. Sarcoptes scabiei is an obligatory parasite of human skin, is the cause of the infectious illness scabies. People of all ages, genders, and socioeconomic backgrounds are impacted by the disease. Direct contact with an infected individuals and personal objects like clothing and bed linens are the primary ways that the infection is spread. The etiology of scabies in Bangladesh is ",no_match,stated,
openalex:search_enam_kidney,An annotated bibliography of medical mycology in Iraq: 1962 -2021,2021,https://doi.org/10.21608/mb.2021.90064.1035,,"One of the gaps in knowledge concerning diversity of fungi in Iraq is checklists and documentation of fungal data. For a country like Iraq no updated checklists of fungi at all or any mycological bibliographic studies up till now. We decided in our newly born Iraqi Mycologists’ Network to start a long road for documentation of fungi in Iraq by all available means. By screening of available sources of information (websites, dissertations, theses, journals), it was possible to figure out a range of four hundred and fifty-five articles published since 1962 in Iraq collected from various sources a",no_match,stated,
openalex:search_enam_kidney,"Evaluation of Renal Supportive Care by Assessment of Symptoms, Quality of Life and Functional Status",2024,https://doi.org/10.3329/jemc.v12i2.75775,enam+kidney,"Introduction: Like other chronic diseases, CKD patients experience a high symptom burden, reduced quality of life and poor functional status. Identification of these symptoms, measurement of quality of life (QOL) and functional status of these patients by using validated tool and taking necessary steps accordingly is an important aspect of renal supportive care. Objective: Assessment of symptom burden, QOL and functional status in CKD patients (including those on maintenance hemodialysis) and healthy individuals. Materials and Methods: This cross sectional study was conducted in the department",no_match,stated,
openalex:search_enam_kidney,Critical care bed capacity of Bangladesh: A Pre and Post COVID-19 pandemic survey,2022,https://doi.org/10.3329/bccj.v10i2.62200,,Background: Intensive care unit (ICU) is the backbone of critical care service delivery in a hospital. Bangladesh has been lagging behind in critical care service delivery since first ICU was established in 1978. In 2017-19 an international study reported that Bangladesh had 0.7 Critical care (ICU and HDU) bed per one lac population. This was quite low compared to South Asian countries. Growth of critical care beds across our country has been reported to be heterogeneous. The aim of this survey is to determine current strength and growth of critical care beds before the beginning of recent COV,no_match,stated,
openalex:search_enam_kidney,Comparative Study between Slow Shock Wave Lithotripsy and Fast Shock Wave Lithotripsy in the Management of Renal Stone,2013,https://doi.org/10.3329/jemc.v3i1.13870,enam+kidney,"Background: Renal calculi are frequent causes of ureteric colic. Extracorporeal shock wave lithotripsy is the most common treatment of these stones. It uses focused sound waves to break up stones externally. Objective: To compare the efficiency of slow and fast delivery rate of shock waves on stone fragmentation and treatment outcome in patients with renal calculi.Materials and Methods: This prospective study was done in the department of Urology, National Institute of Kidney diseases and Urology, Sher-e-Bangla Nagar, Dhaka from July 2006 to June 2007. Total 90 patients were treated using the ",no_match,stated,
openalex:search_enam_kidney,Levels of Liver Enzymes and Some Changes in Renal Functions in Iraqi Hypothyroid Patients Women,2023,https://doi.org/10.35950/cbej.v20i86.9738,kidney,"The present study aimed to investigate physiological disorders in some liver and kidney functions in hypothyroid Iraqi women .The study was carried on 120 subjects in the Specialist Center of Endocrine and Diabetic diseases at Rusafa region, near AL-Kindey Hospital . That study began on 20/10/2013 to 25/1/2014 The subjects were divided into 4 groups (control, euthyroid ,subclinical and overt hypothyroid).Each group included 30 females ,their ages ranged (39.45 ±1.79) years. The results showed a significant(P˂ 0.05) increase in the level of TSH in subclinical (18.23 ± 2.34mu/l) and overt hypoth",no_match,stated,
openalex:search_enam_kidney,ESTADO NUTRICIONAL DE VEGETARIANOS E ONÍVOROS USUÁRIOS DE RESTAURANTES UNIVERSITÁRIOS,2015,,,Orientadora: Profª. Drª. Regina Maria Vilela,no_match,stated,
openalex:search_enam_kidney,TCTAP A-128 Raised Level of Cardiac Troponin I (50 Folds Upper Limit of Normal) Is a Sensitive and Specific Marker for Extent of Coronary Artery Disease in First Attack of Non-ST Segment Elevation Myocardial Infarction in Bangladeshi Population.,2018,https://doi.org/10.1016/j.jacc.2018.03.063,,nan,no_match,stated,
openalex:search_enam_kidney,The Impact of Obesity on the Severity and Degree of Hypertension among Students of the Open Educational College,2026,https://doi.org/10.58613/crhs414,,"The purpose of this study was to determine the effect of obesity on blood pressure and blood glucose of open education students and to see whether this effect remained after accounting for several co-occurring factors. A descriptive-analytical study with cross-sectional design was used in this study with a random sample of 100 students male and female. Demographic, behavioral, and health data were collected, along with weight and height, and body mass index (BMI) was calculated, as well as systolic and diastolic blood pressure and blood glucose levels. The results showed that 66% of the sample",no_match,stated,
openalex:search_enam_kidney,"Epidemiology and clinical profile of scabies patients presenting to dermatology OPD, Hayat Abad medical complex, Peshawar",2023,https://doi.org/10.53730/ijhs.v6ns8.14056,,"Scabies is a Contiguous skin disease characterized by generalized itching of skin. It is caused by skin infestation with Sarcoptesscabiei Vor hominis. Patients present with itching and many other cutaneous complications. Objective: - Objective of this study was to find epidemiology and clinical profile of scabies patients presenting to skin OPD, Hayat Abad Medical Complex (HMC), and Peshawar. Methods - This non-interventional, cross-sectionalStudy was carried out in Dermatology OPD of HM, Peshawar from 15 Oct 2022 to 15 January 2023.Permission was taken from Hospital Ethical Committee, HMC, Pe",no_match,stated,
openalex:search_enam_kidney,Association of serum vitamin-D level with renal function in a rural population of Bangladesh,2023,https://doi.org/10.3329/mumcj.v5i2.68806,kidney,"Background: Vitamin D deficiency is an emerging global health problem. Recent studies have indicated that the prevalence of vitamin D deficiency even in tropical countries is as high as that observed in Western populations. Vitamin D deficiency has high impact on renal disorders which are leading causes of death in humans. Methods: This was a cross sectional analytical study. According to inclusion criteria of the study total 259 participants were recruited from a rural area, Baidyerbazar union of Narayanganj district. After taking history and clinical examination, relevant investigations were",no_match,stated,
openalex:search_enam_kidney,Presenting Features and Short-Term Outcomes of Paraquat Poisoning in a Tertiary Care Hospital of Bangladesh,2026,https://doi.org/10.26502/fjhs.405,kidney,"Background Paraquat poisoning is a major cause of pesticide-related morbidity and poor clinical outcomes in low-and middle-income countries.Data from Bangladesh is still scarce.This study was conducted to evaluate clinical features, renal involvement, and short-term outcomes of paraquat poisoning and compare findings with existing literature. MethodsThis prospective observational study was conducted from January to July 2023 at Mymensingh Medical College Hospital.Fifty-four patients with confirmed paraquat ingestion were enrolled.Clinical features, laboratory findings, renal outcomes, and five",no_match,stated,
openalex:search_enam_kidney,"Efficacy, safety, and Outcomes of Retrograde Intrarenal Surgery for Upper Ureteric and Renal Stones: A Single-Center Retrospective Study of 382 Cases",2026,https://doi.org/10.5281/zenodo.20387559,kidney,"Efficacy, safety, and Outcomes of Retrograde Intrarenal Surgery for Upper Ureteric and Renal Stones: A Single-Center Retrospective Study of 382 Cases",no_match,stated,
openalex:search_enam_kidney,Administration of Nitrates After Spontaneous Delivery in Rheumatic Heart Disease,2023,https://doi.org/10.20473/ijar.v5i12023.45-50,,Introduction: Heart disease is one of the most common causes of maternal death. The incidence has increased since women with congenital and acquired heart disease reached fertile age. The circulation system changes during pregnancy which are induced by changes in the progesterone. The changes in progesterone levels increase heart work and cause death in pregnant women. Objective: This report aims to elaborate on the administration of nitrates as the management of labor in rheumatic heart disease (RHD). Case Report: A 27-year-old woman complained of shortness of breath and wanted to give birth.,no_match,stated,
openalex:search_enam_kidney,Evaluation of the antidiabetic potential of Aloe vera and Cinnamon aqueous extracts in induced diabetic rats,2025,https://doi.org/10.22271/letters.2025.v5.i2c.159,kidney,"The World Health Organization (WHO) has recognized herbal medicine as a key strategy within the food industry for managing diabetes. This study investigated the therapeutic effects of a combined Aloe vera and Cinnamon aqueous extract on diabetic complicationsA 30-day study was conducted using thirty male Albino rats with induced diabetes. The animals were divided into three groups: a healthy control, an untreated diabetic control, and a diabetic group treated with the combined Aloe vera and Cinnamon aqueous extract (250 mg/kg). The treatment successfully counteracted several diabetic alteratio",no_match,stated,
openalex:search_enam_kidney,The role of bone marrow aspirate and bone marrow biopsy in the diagnosis of multiple myeloma,2024,https://doi.org/10.33762/mjbu.2024.147219.1201,,"Background: Multiple myeloma (MM) is a malignancy of terminally differentiated clonal plasma cells. Expansion of the malignant plasma cells throughout the bone marrow (BM) leads to cytopenias, bone resorption and production of monoclonal immunoglobulins known as M components or paraproteins. BM analysis is an important element in establishing the diagnosis of MM. The study aims to evaluate the diagnostic yield of bone marrow aspirate and bone marrow biopsy in patients with MM. and to Compare the newly diagnosed and follow-up cases (regarding the bone marrow examination, hematological and bioch",no_match,stated,
openalex:search_enam_kidney,"Clinical Profile and Predictors of Posterior Reversible Encephalopathy Syndrome at Tertiary Care Hospital, Peshawar",2025,https://doi.org/10.54393/pjhs.v6i7.3240,,"Posterior Reversible Encephalopathy Syndrome is an acute neurological condition characterized by reversible subcortical vasogenic edema, often presenting with seizures, headache, visual disturbances, and altered mental status. Objectives: To evaluate the clinical profile, risk factors, radiological findings, and outcomes of Posterior Reversible Encephalopathy Syndrome patients at a tertiary care hospital in Peshawar. Methods: This prospective cohort study was conducted at Northwest General Hospital and Research Center, Peshawar, from January 2023 to March 2025. Ninety patients diagnosed with P",no_match,stated,
openalex:search_enam_kidney,Frequency of Pulmonary Hypertension in Patients with Chronic Obstructive Pulmonary Disease,2025,https://doi.org/10.70749/ijbr.v3i7.1942,,"Introduction: Chronic obstructive pulmonary disease (COPD) is frequently associated with pulmonary hypertension, which significantly impacts patient outcomes. This study aimed to determine the frequency of pulmonary hypertension in patients with COPD. Methodology: This descriptive cross-sectional study was conducted at the Department of Pulmonology, Liaquat National Hospital, Karachi. A total of 162 COPD patients aged 18-80 years were enrolled using non-probability consecutive sampling. Pulmonary hypertension was diagnosed via echocardiography when pulmonary artery systolic pressure was >35 mm",no_match,stated,
openalex:search_enam_kidney,Pregnancy with Medical Disorders: the Challenge to Meet,2012,https://doi.org/10.3329/jemc.v2i2.12837,enam,Not available DOI: http://dx.doi.org/10.3329/jemc.v2i2.12837J Enam Med Col 2012; 2(2): 51-53,mentions_enam_only,stated,
openalex:search_enam_kidney,Impact of Sunlight Exposure and Dietary Habit on Vitamin D Status of Workers Coming from Middle East,2025,https://doi.org/10.70818/taj.v038i02.0266,,"Background: Vitamin D deficiency is a global health concern, particularly among populations with limited sunlight exposure and restricted dietary intake of Vitamin D-rich foods.Expatriate workers from the Middle East living in tropical countries like Bangladesh represent a vulnerable group, yet their Vitamin D status remains understudied.This study aimed to assess the prevalence of Vitamin D deficiency among Middle Eastern expatriate workers in Bangladesh and investigate the association of sunlight exposure, clothing styles, and dietary habits with Vitamin D levels.Methods: A cross-sectional o",no_match,stated,
openalex:search_enam_kidney,Dandy-Walker Malformation — A Rare Cause of Congenital Hydrocephalus,2018,https://doi.org/10.3329/jemc.v8i2.36737,enam,Abstract not availableJ Enam Med Col 2018; 8(2): 114-115,mentions_enam_only,stated,
openalex:search_enam_kidney,Risk Factors for Diabetic Ketoacidosis In Sohag University Hospitals,2022,https://doi.org/10.21608/svuijm.2022.111031.1255,,"Background: Diabetic ketoacidosis (DKA) is considered one of the pathological developments resulting from diabetes mellitus (DM), which threatens the patient's life. In Egypt, many factors participated in DKA prevalence, which increases the need for further deep studies. Objectives: The current study aimed to measure and evaluate clinical profiles, the possible risk factors for DKA in Sohag Governorate, Egypt. Patients and Methods: 60 patients diagnosed with DKA were recruited for six months between September 2018 and March 2019. The medical history and clinical investigations were applied to ",no_match,stated,
openalex:search_enam_kidney,Prevalence of ischemic heart disease (IHD) patients in Non-alcoholic fatty liver disease (NAFLD) on ultrasonography (USG) in Tertiary Care Hospital Sargodha.,2024,https://doi.org/10.29309/tpmj/2024.31.09.8229,,"Objective: To assess the prevalence of IHD in patients of NAFLD. Study Design: Cross-sectional. Setting: Tertiary Care Hospital, Sargodha. Period: June 2022 to June 2023. Methods: The present research included sample size of 190 patients, who were checked for presence of IHD. Results: Overall prevalence of IHD among NAFLD patients was found to be 84.2%. Conclusion: NAFLD is associated with higher risk of IHD occurrence.",no_match,stated,
openalex:search_enam_kidney,Study the Prevalence and Correlation of Various Musculoskeletal Manifestations among Type II Diabetic Patients,2022,https://doi.org/10.21275/sr22629231237,,"Objective: Diabetes mellitus is a most common major public health problem worldwide. The prevalence of DM is increasing worldwide therefore the complication of DM is increasing significantly. The Musculoskeletal manifestation is generally ignored and there is little of literature about musculoskeletal prevalence in our Northern India so my aim is to estimate the prevalence of musculoskeletal manifestation among Type-2 Diabetic patients and it?s correlation to different variables like age, BMI, duration of diabetes, controlled or uncontrolled diabetes, HbA1c and vitamin-D level. Material and Me",no_match,stated,
openalex:search_enam_kidney,Assessment of Advanced Oxidation Protein Products and Some Biochemical Parameters in Iraqi Patients with Migraine,2026,https://doi.org/10.24996/ijs.2026.67.6.25,,"The molecular mechanisms of migraine, a complex neurological disease, are yet unknown. The pathogenesis of migraine is thought to be influenced by oxidative stress. The presented work aims to evaluate the fasting blood sugar (FBS), advanced oxidation protein product (AOPP), homeostasis model assessment of insulin resistance (HOMA-IR), insulin, lipid profile, triglyceride-glucose index (TyG), copper, magnesium, vitamin D, potassium, and B12 vitamin in patients with migraine. The studied groups were divided into two groups: Group 1 (G1) is the healthy control group (HC) (n=50, males n=21/ female",no_match,stated,
openalex:search_enam_kidney,دراسات بيولوجية وکيميائية وتکنولوجية لبعض التوليفات العشبيه والنباتية على الحالة الصحية لاناث الفئران المصابة بالسمنة,2020,https://doi.org/10.21608/mkas.2020.159939,,تأثير بذور الرجلة ، الزعتر ، بذور الحبة ، البردقوش ، بذور الکتان ، الهيل ، الروزمارى، زنجبيل ، القرفة ، الشوفان ، قشر الرمان و بذور الشيا على الحالة البيولوجية والکيميائية الهستوبا ثولوجى للفئران البدناء تمت التجربة على 35 من الفئران البالغة الإناث البينو من الاسبرجس الدولى، الترجيح (190 ± 5 جرام) والعمر (3 أشهر). کل الفئران تتغذي علي الغذاءالاساسى لمده 15 يوما ثم تتغذي الفئران علي نظام غذائي عالي السعرات الحرارية (الواردة 25 ٪ من الدهون) لمده 15 يوما متتالية للحث علي السمنة والجرذان مقسمه إلى 7 مجموعات ، واحده تغذي مجموعه علي النظام الغذائي الاساسى کمجموعه ضابطة ، في حين تم اضافة الاعشاب والن,no_match,stated,
openalex:search_enam_kidney,Hematological and Histomorphological Amelioration by Withania Somnifera of Cisplatin-induced Splenotoxicity in Rats,2024,https://doi.org/10.58397/ashkmdc.v29i3.812,,"Objective: This study was designed to analyse the toxic effects of the anti-cancer drug cisplatin on rat spleen and blood parameters and its amelioration by the root extract of a naturally occurring antioxidant Withania Somnifera. Methods: This experimental study was conducted in Baqai Medical University and Jinnah Medical and Dental College, Anatomy department, after the approval of Institutional Animal Ethical Committee. 60 male Albino Wistar rats, 14-16 weeks old and weighing 200-250gm were randomly divided in to 4 groups. Group A received no treatment, group B was given intraperitoneal inj",no_match,stated,
openalex:search_enam_kidney,Minimally Invasive Approaches to Hernia Repair A Multicenter Study of Laparoscopic Techniques in Bangladesh,2024,https://doi.org/10.70818/iarjmsr.2024.v05i05.0141,,"Background: Hernia repair is a common surgical procedure globally, and minimally invasive techniques like laparoscopic surgery are gaining prominence for their reduced recovery time and postoperative complications. Objective: This study aimed to evaluate the outcomes of laparoscopic hernia repair in a multicenter setting across Bangladesh, comparing it with conventional open surgery. Method: A prospective multicenter study was conducted from June 2022 to December 2023 in tertiary-level hospitals in Bangladesh. A total of 224 patients were included, all undergoing laparoscopic or open hernia re",no_match,stated,
openalex:search_enam_kidney,"Clinical and haematological correlates of severe dengue using 2023 epidemic data: A multicentre tertiary hospital-based analysis from Dhaka, Bangladesh",2026,https://doi.org/10.1371/journal.pntd.0013729,,"Abstract Background Dengue fever, caused by the dengue virus (DENV), is a significant public health threat in tropical and subtropical regions. The 2023 outbreak in Dhaka City, Bangladesh, resulted in over 321,000 reported cases and 1,705 deaths, highlighting the urgent need for understanding factors associated with disease severity. Methods This multi-center, hospital-based study analyzed 466 laboratory-confirmed dengue cases admitted to four tertiary hospitals in Dhaka during the peak epidemic period (September 1 to October 31, 2023). Demographic, clinical, and laboratory data were collected",no_match,stated,
openalex:search_enam_kidney,nan,2023,https://doi.org/10.26655/jmchemsci.2023.10.9,,"Vitamin D (VD) is an important nutrient for the human body because it is associated with many diseases. There were many health problems in which vitamin D deficiency had a role, the most important of which are rickets in infants and cardiovascular diseases, especially in areas where there is less awareness of the risks of vitamin D deficiency. Unfortunately, there is very little research on this topic in Saudi Arabia. Vitamin D deficiency and awareness of the importance of vitamin D among the population has not been investigated and evaluated at a level that could make the importance of vitami",no_match,stated,
openalex:search_enam_kidney,Serum Electrolytes in Acute Exacerbation of COPD Patients in Delhi – A Cross-Sectional Study,2026,https://doi.org/10.25258/ijcpr.18.3.160,,"Introduction: Chronic Obstructive Pulmonary Disease (COPD) is a major global health problem, with acute exacerbations (AECOPD) contributing significantly to morbidity, mortality, and healthcare costs. Electrolyte disturbances are common in AECOPD and may worsen clinical outcomes, yet limited data exist from highburden regions such as Delhi. This study aimed to assess the prevalence and pattern of serum electrolyte abnormalities in AECOPD patients and their association with disease severity. Materials and Methods: A cross-sectional study was conducted over 18 months in the Department of General",no_match,stated,
openalex:search_enam_kidney,Serum 25-Hydroxy Vitamin D Level in Patients with Alopecia Areata and Its Relationship with Severity of the Disease,2025,https://doi.org/10.3329/jdmc.v32i2.83430,,Background: Alopecia areata (AA) is a common autoimmune disease in which autoantigens play an important role in activating T lymphocytes. Vitamin D is associated with various autoimmune diseases and Vitamin D receptors are strongly expressed in hair follicles and their expression in keratinocytes is necessary for the maintenance of the normal hair cycle. Several studies showed that there is an influence of vitamin D on patients with AA. Aims and Objectives: To find out serum 25-Hydroxy vitamin D level in patients with AA and its relationship with severity of the disease in a tertiary care hosp,no_match,stated,
openalex:search_enam_kidney,Male Sexual Dysfunction and Pathological Jealousy: Clinical Intricacies,2022,https://doi.org/10.5281/zenodo.6806304,,"Sexual dysfunction among males is a common health concern seen with increasing ages. Premature ejaculation and erection disorders are some of the typical troubles that males encounter as part of the dysfunction. Pathological jealousy is a psychotic disorder manifested by the infidelity of a partner. A detailed history is one of the fundamental components of diagnosing and managing the issues. Nonetheless, several clinical intricacies make the assessment complex, such as sexual dysfunction, alcoholism, the extramarital affair of the partner, and pathological jealousy. Alcoholism may be associat",no_match,stated,
openalex:search_enam_kidney,Lipid Profile of Postmenopausal Women with Central Obesity,2013,https://doi.org/10.3329/jemc.v3i1.13836,enam,"Background: Following menopause there are changes in values of lipid profile parameters. Abdominal obesity has also been linked to significant metabolic abnormalities including changes in lipid parameter values. So, we designed this study to observe the pattern of lipid profile parameters in postmenopausal central obese women.Objective: To assess the lipid profile status of postmenopausal women with central obesity. Materials and Methods: This cross sectional study was carried out in the department of Biochemistry, Bangabandhu Sheikh Mujib Medical University, Dhaka, Bangladesh during the perio",no_match,stated,
openalex:search_enam_kidney,THANATOPHORIC DYSPLASIA: LITERATURE REVIEW AND CLINICAL CASE IN MONOCHORIC DIAMNIOTIC TWINS,2023,https://doi.org/10.24061/2413-4260.xiii.3.49.2023.18,,"Thanatophoric dysplasia, TD (OMIM: 187600, 87601) belongs to the group of FGFR3 chondrodysplasias and is divided intotypes I and II. The incidence of TD is approximately 1:20,000-50,000 newborns. TD is usually caused by pathogenic variantsin the FGFR3 gene, which provides instructions for making a protein involved in the development and maintenance of bone andbrain tissue. Mutations in the gene result in excessive protein activity. TD is inherited as an autosomal dominant trait, althoughcases of autosomal recessive inheritance have been described.According to the radiologic changes of the bone",no_match,stated,
openalex:search_enam_kidney,Covid-19 — An Epic Pandemic is on the Loose!,2021,https://doi.org/10.3329/jemc.v10i2.53530,enam,Abstract not available J Enam Med Col 2020; 10(2): 64-68,mentions_enam_only,stated,
openalex:search_enam_kidney,"Malnutrition in maintenance hemodialysis: Prevalence, patterns, and clinical implications in Bangladesh",2026,https://doi.org/10.1371/journal.pone.0354173,kidney,"Malnutrition is a major clinical challenge among individuals receiving maintenance hemodialysis (HD), contributing to increased complications and reduced survival. The burden is particularly pronounced in resource-limited settings, where gaps in nutritional assessment and management persist. This cross-sectional study evaluated the prevalence and determinants of malnutrition among 181 HD patients from four districts in Bangladesh. Based on the International Society of Renal Nutrition and Metabolism (ISRNM) criteria, 42.5% of patients were malnourished, including 10.5% with severe malnutrition,",no_match,stated,
openalex:search_enam_kidney,Juvenile Localized Scleroderma: A Very Rare Case,2015,https://doi.org/10.3329/dmcj.v3i2.24431,,"Juvenile localized scleroderma (JLS) is a rare chronic inflammatory and fibrosing disorder. It can result in significant morbidity, disfigurement, and severe functional, aesthetic and psychological disabilities. Patients with JLS should be identified early, evaluated extensively, treated aggressively, and monitored carefully. Here the case of a 2 year old boy is reported who was admitted into the department of Paediatrics of Delta Medical College & Hospital, Dhaka, Bangladesh with painful swelling of all fingers of both hands for 6 months and blackish patches over the fingers for the last one ",no_match,stated,
openalex:search_enam_kidney,Enhancing Premier League Match Outcome Prediction Using Support Vector Machine with Ensemble Techniques: A Comparative Study on Bagging and Boosting,2025,https://doi.org/10.29207/resti.v9i1.6173,,"Predicting football match outcomes is a significant challenge in sports analytics, requiring models that are both accurate and resilient. This study evaluates the effectiveness of ensemble techniques, specifically Bagging and Boosting, in enhancing the performance of Support Vector Machine (SVM) models for predicting match outcomes in the English Premier League. The dataset comprises detailed match statistics from 1,520 matches across multiple seasons, including features such as team performance, player statistics, and match outcomes. Four models were examined: baseline SVM, SVM with Bagging, ",no_match,stated,
openalex:search_enam_kidney,Unwholesome heart (Hypercholesterolemia) and naturally available drugs: A comprehensive review,2022,https://doi.org/10.55006/biolsciences.2022.2202,,"Hypercholesterolemia is a common disorder in developed countries. It refers to abnormalities in lipid metabolism, plasma lipid transport, or a disorder in the synthesis and degradation of plasma lipoproteins which leads to a high level of fat in the blood. The utilization of natural medicines for the treatment of several diseases and disorders dates back to ancient times. A lot of herbal medicines have got their place on the world market as options to the prescribed drugs to manage and treat various ailments. Hypercholesterolemia contributes a lot to the manifestation and development of athero",no_match,stated,
openalex:search_enam_kidney,"Epidemiological Investigation of Scabies Infestation in Dhaka Megacity, Bangladesh, 2024: Understanding the Severity along with It’s Associated Factors",2025,https://doi.org/10.51521/ijfmph.2025.42.125,,"Being a neglected tropical disease and a major public health concern, scabies is undoubtedly common and contagious specially for low socio-economic and densely populated areas like us. In spite of high burden, the epidemiology has not been well assessed specially for Dhaka, Bangladesh. Therefore, this study aimed to investigate the epidemiological characteristics, severity along with it’s associated factors among the scabies infected individuals residing in Dhaka megacity, Bangladesh. This cross-sectional observational study was conducted among 406 confirmed scabies infected individual residin",no_match,stated,
