target,fold_id,repeat,fold,method,feature,importance
shap_capable,0,0,0,permutation,age,0.0
shap_capable,0,0,0,permutation,bp (Diastolic),0.0
shap_capable,0,0,0,permutation,bp limit,0.0
shap_capable,0,0,0,permutation,htn,0.002609890109890134
shap_capable,0,0,0,permutation,dm,0.0
shap_capable,0,0,0,permutation,cad,0.0
shap_capable,0,0,0,permutation,appet,0.0
shap_capable,0,0,0,permutation,pe,0.0
shap_capable,0,0,0,permutation,sg,0.015865384615384653
shap_capable,0,0,0,permutation,al,0.01346153846153847
shap_capable,0,0,0,permutation,su,0.0
shap_capable,0,0,0,permutation,rbc,0.0
shap_capable,0,0,0,permutation,pc,0.0
shap_capable,0,0,0,permutation,pcc,0.0
shap_capable,0,0,0,permutation,ba,0.0
shap_capable,0,0,0,permutation,ane,0.0
shap_capable,0,0,0,permutation,bgr,0.0
shap_capable,0,0,0,permutation,bu,0.0
shap_capable,0,0,0,permutation,sc,0.0
shap_capable,0,0,0,permutation,sod,0.0018543956043956089
shap_capable,0,0,0,permutation,pot,0.0
shap_capable,0,0,0,permutation,hemo,0.010714285714285737
shap_capable,0,0,0,permutation,pcv,0.007142857142857145
shap_capable,0,0,0,permutation,rbcc,0.0029532967032967206
shap_capable,0,0,0,permutation,wbcc,0.0
shap_capable,0,0,0,shap,age,0.049239102220714454
shap_capable,0,0,0,shap,bp (Diastolic),0.0031346404782088637
shap_capable,0,0,0,shap,bp limit,0.05523467478254869
shap_capable,0,0,0,shap,htn,0.13728359725522069
shap_capable,0,0,0,shap,dm,0.13348570949901506
shap_capable,0,0,0,shap,cad,0.023455082018329708
shap_capable,0,0,0,shap,appet,0.0781673865883907
shap_capable,0,0,0,shap,pe,0.03671247753402178
shap_capable,0,0,0,shap,sg,0.18489110626989563
shap_capable,0,0,0,shap,al,0.14461278058503693
shap_capable,0,0,0,shap,su,0.04848505637013524
shap_capable,0,0,0,shap,rbc,0.01940869301549451
shap_capable,0,0,0,shap,pc,0.059408812598242974
shap_capable,0,0,0,shap,pcc,0.0330148266545965
shap_capable,0,0,0,shap,ba,0.012740481490775288
shap_capable,0,0,0,shap,ane,0.028728710149867664
shap_capable,0,0,0,shap,bgr,0.03512598042276742
shap_capable,0,0,0,shap,bu,0.04347730379466859
shap_capable,0,0,0,shap,sc,0.013214143730626038
shap_capable,0,0,0,shap,sod,0.08571015557445175
shap_capable,0,0,0,shap,pot,0.011245458543839137
shap_capable,0,0,0,shap,hemo,0.2029019220377659
shap_capable,0,0,0,shap,pcv,0.14917577651325986
shap_capable,0,0,0,shap,rbcc,0.13520194517770653
shap_capable,0,0,0,shap,wbcc,0.03891698278628619
shap_capable,0,0,0,coefficient,age,0.06191427731652604
shap_capable,0,0,0,coefficient,bp (Diastolic),-0.0032611663808409016
shap_capable,0,0,0,coefficient,bp limit,0.05868236053717911
shap_capable,0,0,0,coefficient,htn,0.13280133837230648
shap_capable,0,0,0,coefficient,dm,0.14569803757387748
shap_capable,0,0,0,coefficient,cad,0.04117417375595454
shap_capable,0,0,0,coefficient,appet,0.09770923323548837
shap_capable,0,0,0,coefficient,pe,0.08061148247723626
shap_capable,0,0,0,coefficient,sg,-0.2074671961557113
shap_capable,0,0,0,coefficient,al,0.1309669361164351
shap_capable,0,0,0,coefficient,su,0.07356095835445742
shap_capable,0,0,0,coefficient,rbc,0.04817194702377864
shap_capable,0,0,0,coefficient,pc,0.06549205992524663
shap_capable,0,0,0,coefficient,pcc,0.04371856573807711
shap_capable,0,0,0,coefficient,ba,0.030899537689212955
shap_capable,0,0,0,coefficient,ane,0.04156186599214119
shap_capable,0,0,0,coefficient,bgr,0.08095909417498956
shap_capable,0,0,0,coefficient,bu,0.0620244557071941
shap_capable,0,0,0,coefficient,sc,0.031215573252743267
shap_capable,0,0,0,coefficient,sod,-0.1364652231503595
shap_capable,0,0,0,coefficient,pot,0.016462829351247273
shap_capable,0,0,0,coefficient,hemo,-0.228916850195744
shap_capable,0,0,0,coefficient,pcv,-0.1773639687363029
shap_capable,0,0,0,coefficient,rbcc,-0.1730755102196328
shap_capable,0,0,0,coefficient,wbcc,0.060554710009966296
shap_capable,0,0,0,coefficient_abs,age,0.06191427731652604
shap_capable,0,0,0,coefficient_abs,bp (Diastolic),0.0032611663808409016
shap_capable,0,0,0,coefficient_abs,bp limit,0.05868236053717911
shap_capable,0,0,0,coefficient_abs,htn,0.13280133837230648
shap_capable,0,0,0,coefficient_abs,dm,0.14569803757387748
shap_capable,0,0,0,coefficient_abs,cad,0.04117417375595454
shap_capable,0,0,0,coefficient_abs,appet,0.09770923323548837
shap_capable,0,0,0,coefficient_abs,pe,0.08061148247723626
shap_capable,0,0,0,coefficient_abs,sg,0.2074671961557113
shap_capable,0,0,0,coefficient_abs,al,0.1309669361164351
shap_capable,0,0,0,coefficient_abs,su,0.07356095835445742
shap_capable,0,0,0,coefficient_abs,rbc,0.04817194702377864
shap_capable,0,0,0,coefficient_abs,pc,0.06549205992524663
shap_capable,0,0,0,coefficient_abs,pcc,0.04371856573807711
shap_capable,0,0,0,coefficient_abs,ba,0.030899537689212955
shap_capable,0,0,0,coefficient_abs,ane,0.04156186599214119
shap_capable,0,0,0,coefficient_abs,bgr,0.08095909417498956
shap_capable,0,0,0,coefficient_abs,bu,0.0620244557071941
shap_capable,0,0,0,coefficient_abs,sc,0.031215573252743267
shap_capable,0,0,0,coefficient_abs,sod,0.1364652231503595
shap_capable,0,0,0,coefficient_abs,pot,0.016462829351247273
shap_capable,0,0,0,coefficient_abs,hemo,0.228916850195744
shap_capable,0,0,0,coefficient_abs,pcv,0.1773639687363029
shap_capable,0,0,0,coefficient_abs,rbcc,0.1730755102196328
shap_capable,0,0,0,coefficient_abs,wbcc,0.060554710009966296
shap_capable,1,0,1,permutation,age,0.0
shap_capable,1,0,1,permutation,bp (Diastolic),0.0
shap_capable,1,0,1,permutation,bp limit,0.0
shap_capable,1,0,1,permutation,htn,0.0
shap_capable,1,0,1,permutation,dm,0.0
shap_capable,1,0,1,permutation,cad,0.0
shap_capable,1,0,1,permutation,appet,0.0
shap_capable,1,0,1,permutation,pe,0.0
shap_capable,1,0,1,permutation,sg,0.0004120879120879106
shap_capable,1,0,1,permutation,al,0.0
shap_capable,1,0,1,permutation,su,0.0
shap_capable,1,0,1,permutation,rbc,0.0
shap_capable,1,0,1,permutation,pc,0.0
shap_capable,1,0,1,permutation,pcc,0.0
shap_capable,1,0,1,permutation,ba,0.0
shap_capable,1,0,1,permutation,ane,0.0
shap_capable,1,0,1,permutation,bgr,0.0
shap_capable,1,0,1,permutation,bu,0.0
shap_capable,1,0,1,permutation,sc,0.0
shap_capable,1,0,1,permutation,sod,0.00041208791208791615
shap_capable,1,0,1,permutation,pot,0.0
shap_capable,1,0,1,permutation,hemo,0.0034340659340659496
shap_capable,1,0,1,permutation,pcv,0.0008241758241758323
shap_capable,1,0,1,permutation,rbcc,0.000549450549450553
shap_capable,1,0,1,permutation,wbcc,0.0
shap_capable,1,0,1,shap,age,0.032152245826747486
shap_capable,1,0,1,shap,bp (Diastolic),0.027511221617532205
shap_capable,1,0,1,shap,bp limit,0.06786620286798128
shap_capable,1,0,1,shap,htn,0.1457911815833231
shap_capable,1,0,1,shap,dm,0.13917738192109325
shap_capable,1,0,1,shap,cad,0.04430434237990368
shap_capable,1,0,1,shap,appet,0.070412066281933
shap_capable,1,0,1,shap,pe,0.04827766555260017
shap_capable,1,0,1,shap,sg,0.16992401784999295
shap_capable,1,0,1,shap,al,0.11288140037443913
shap_capable,1,0,1,shap,su,0.05390256569477001
shap_capable,1,0,1,shap,rbc,0.04504266006818527
shap_capable,1,0,1,shap,pc,0.047152386647714054
shap_capable,1,0,1,shap,pcc,0.03331634351454229
shap_capable,1,0,1,shap,ba,0.011670251518242547
shap_capable,1,0,1,shap,ane,0.04036628472749561
shap_capable,1,0,1,shap,bgr,0.1008414187318959
shap_capable,1,0,1,shap,bu,0.056443016971692
shap_capable,1,0,1,shap,sc,0.02205954441075006
shap_capable,1,0,1,shap,sod,0.12683123617158348
shap_capable,1,0,1,shap,pot,0.0
shap_capable,1,0,1,shap,hemo,0.17371827555965758
shap_capable,1,0,1,shap,pcv,0.16401643472458255
shap_capable,1,0,1,shap,rbcc,0.1161776093183879
shap_capable,1,0,1,shap,wbcc,0.04311589612713568
shap_capable,1,0,1,coefficient,age,0.04210594382837688
shap_capable,1,0,1,coefficient,bp (Diastolic),0.02771084564706723
shap_capable,1,0,1,coefficient,bp limit,0.07844513547239906
shap_capable,1,0,1,coefficient,htn,0.142587580377806
shap_capable,1,0,1,coefficient,dm,0.13003615166413734
shap_capable,1,0,1,coefficient,cad,0.03912161540834055
shap_capable,1,0,1,coefficient,appet,0.08801508285241626
shap_capable,1,0,1,coefficient,pe,0.07293244035024035
shap_capable,1,0,1,coefficient,sg,-0.22969256447052552
shap_capable,1,0,1,coefficient,al,0.14022804701812006
shap_capable,1,0,1,coefficient,su,0.060676987073112414
shap_capable,1,0,1,coefficient,rbc,0.05714131416514199
shap_capable,1,0,1,coefficient,pc,0.06949177707697508
shap_capable,1,0,1,coefficient,pcc,0.05244935726820368
shap_capable,1,0,1,coefficient,ba,0.01833133225719689
shap_capable,1,0,1,coefficient,ane,0.05075907418761599
shap_capable,1,0,1,coefficient,bgr,0.09342114543146535
shap_capable,1,0,1,coefficient,bu,0.06607251252982878
shap_capable,1,0,1,coefficient,sc,0.030990550976745416
shap_capable,1,0,1,coefficient,sod,-0.14189245970924844
shap_capable,1,0,1,coefficient,pot,0.008264046019218048
shap_capable,1,0,1,coefficient,hemo,-0.22193841370519166
shap_capable,1,0,1,coefficient,pcv,-0.1792656748799219
shap_capable,1,0,1,coefficient,rbcc,-0.15629338470040074
shap_capable,1,0,1,coefficient,wbcc,0.05097768533940153
shap_capable,1,0,1,coefficient_abs,age,0.04210594382837688
shap_capable,1,0,1,coefficient_abs,bp (Diastolic),0.02771084564706723
shap_capable,1,0,1,coefficient_abs,bp limit,0.07844513547239906
shap_capable,1,0,1,coefficient_abs,htn,0.142587580377806
shap_capable,1,0,1,coefficient_abs,dm,0.13003615166413734
shap_capable,1,0,1,coefficient_abs,cad,0.03912161540834055
shap_capable,1,0,1,coefficient_abs,appet,0.08801508285241626
shap_capable,1,0,1,coefficient_abs,pe,0.07293244035024035
shap_capable,1,0,1,coefficient_abs,sg,0.22969256447052552
shap_capable,1,0,1,coefficient_abs,al,0.14022804701812006
shap_capable,1,0,1,coefficient_abs,su,0.060676987073112414
shap_capable,1,0,1,coefficient_abs,rbc,0.05714131416514199
shap_capable,1,0,1,coefficient_abs,pc,0.06949177707697508
shap_capable,1,0,1,coefficient_abs,pcc,0.05244935726820368
shap_capable,1,0,1,coefficient_abs,ba,0.01833133225719689
shap_capable,1,0,1,coefficient_abs,ane,0.05075907418761599
shap_capable,1,0,1,coefficient_abs,bgr,0.09342114543146535
shap_capable,1,0,1,coefficient_abs,bu,0.06607251252982878
shap_capable,1,0,1,coefficient_abs,sc,0.030990550976745416
shap_capable,1,0,1,coefficient_abs,sod,0.14189245970924844
shap_capable,1,0,1,coefficient_abs,pot,0.008264046019218048
shap_capable,1,0,1,coefficient_abs,hemo,0.22193841370519166
shap_capable,1,0,1,coefficient_abs,pcv,0.1792656748799219
shap_capable,1,0,1,coefficient_abs,rbcc,0.15629338470040074
shap_capable,1,0,1,coefficient_abs,wbcc,0.05097768533940153
shap_capable,2,0,2,permutation,age,0.0
shap_capable,2,0,2,permutation,bp (Diastolic),0.0
shap_capable,2,0,2,permutation,bp limit,0.0
shap_capable,2,0,2,permutation,htn,0.0
shap_capable,2,0,2,permutation,dm,0.0
shap_capable,2,0,2,permutation,cad,0.0
shap_capable,2,0,2,permutation,appet,0.0
shap_capable,2,0,2,permutation,pe,0.0
shap_capable,2,0,2,permutation,sg,0.004807692307692341
shap_capable,2,0,2,permutation,al,0.0
shap_capable,2,0,2,permutation,su,0.0
shap_capable,2,0,2,permutation,rbc,0.0
shap_capable,2,0,2,permutation,pc,0.0
shap_capable,2,0,2,permutation,pcc,0.0
shap_capable,2,0,2,permutation,ba,0.0
shap_capable,2,0,2,permutation,ane,0.0
shap_capable,2,0,2,permutation,bgr,0.0
shap_capable,2,0,2,permutation,bu,0.0
shap_capable,2,0,2,permutation,sc,0.0
shap_capable,2,0,2,permutation,sod,0.00027472527472527375
shap_capable,2,0,2,permutation,pot,0.0
shap_capable,2,0,2,permutation,hemo,0.004739010989010989
shap_capable,2,0,2,permutation,pcv,0.0008241758241758268
shap_capable,2,0,2,permutation,rbcc,0.00013736263736264243
shap_capable,2,0,2,permutation,wbcc,0.0
shap_capable,2,0,2,shap,age,0.03205925859180846
shap_capable,2,0,2,shap,bp (Diastolic),0.0057862543356584865
shap_capable,2,0,2,shap,bp limit,0.05097405109942765
shap_capable,2,0,2,shap,htn,0.13417900474276417
shap_capable,2,0,2,shap,dm,0.11669087501125223
shap_capable,2,0,2,shap,cad,0.017583656175065812
shap_capable,2,0,2,shap,appet,0.06922640377422276
shap_capable,2,0,2,shap,pe,0.04924133413541247
shap_capable,2,0,2,shap,sg,0.19249025004210718
shap_capable,2,0,2,shap,al,0.08284540880608808
shap_capable,2,0,2,shap,su,0.0458466765462406
shap_capable,2,0,2,shap,rbc,0.033044057807538614
shap_capable,2,0,2,shap,pc,0.04230932333744943
shap_capable,2,0,2,shap,pcc,0.02602306219139271
shap_capable,2,0,2,shap,ba,0.0
shap_capable,2,0,2,shap,ane,0.0308953032791107
shap_capable,2,0,2,shap,bgr,0.046259299237408
shap_capable,2,0,2,shap,bu,0.04799315644104477
shap_capable,2,0,2,shap,sc,0.02098986844514664
shap_capable,2,0,2,shap,sod,0.10623594913377055
shap_capable,2,0,2,shap,pot,0.0027253567704416007
shap_capable,2,0,2,shap,hemo,0.18134930454684556
shap_capable,2,0,2,shap,pcv,0.13254427838307614
shap_capable,2,0,2,shap,rbcc,0.10316084306042586
shap_capable,2,0,2,shap,wbcc,0.0404848599461775
shap_capable,2,0,2,coefficient,age,0.04031688618591265
shap_capable,2,0,2,coefficient,bp (Diastolic),0.005907869053346916
shap_capable,2,0,2,coefficient,bp limit,0.06057946080202594
shap_capable,2,0,2,coefficient,htn,0.1768812040473576
shap_capable,2,0,2,coefficient,dm,0.1506472718576504
shap_capable,2,0,2,coefficient,cad,0.04099610204374269
shap_capable,2,0,2,coefficient,appet,0.08653300471777843
shap_capable,2,0,2,coefficient,pe,0.05208764055022963
shap_capable,2,0,2,coefficient,sg,-0.20297327375186167
shap_capable,2,0,2,coefficient,al,0.12872637871496828
shap_capable,2,0,2,coefficient,su,0.06877854231828627
shap_capable,2,0,2,coefficient,rbc,0.0499579195812511
shap_capable,2,0,2,coefficient,pc,0.05574674782143706
shap_capable,2,0,2,coefficient,pcc,0.04096766758012553
shap_capable,2,0,2,coefficient,ba,0.03170631000928837
shap_capable,2,0,2,coefficient,ane,0.04469627936563919
shap_capable,2,0,2,coefficient,bgr,0.07566440834754648
shap_capable,2,0,2,coefficient,bu,0.07274807116338917
shap_capable,2,0,2,coefficient,sc,0.02843311524891366
shap_capable,2,0,2,coefficient,sod,-0.1338949755032137
shap_capable,2,0,2,coefficient,pot,-0.00470687331357982
shap_capable,2,0,2,coefficient,hemo,-0.22254219056759814
shap_capable,2,0,2,coefficient,pcv,-0.1906790897993671
shap_capable,2,0,2,coefficient,rbcc,-0.1431378015275748
shap_capable,2,0,2,coefficient,wbcc,0.05246724269224822
shap_capable,2,0,2,coefficient_abs,age,0.04031688618591265
shap_capable,2,0,2,coefficient_abs,bp (Diastolic),0.005907869053346916
shap_capable,2,0,2,coefficient_abs,bp limit,0.06057946080202594
shap_capable,2,0,2,coefficient_abs,htn,0.1768812040473576
shap_capable,2,0,2,coefficient_abs,dm,0.1506472718576504
shap_capable,2,0,2,coefficient_abs,cad,0.04099610204374269
shap_capable,2,0,2,coefficient_abs,appet,0.08653300471777843
shap_capable,2,0,2,coefficient_abs,pe,0.05208764055022963
shap_capable,2,0,2,coefficient_abs,sg,0.20297327375186167
shap_capable,2,0,2,coefficient_abs,al,0.12872637871496828
shap_capable,2,0,2,coefficient_abs,su,0.06877854231828627
shap_capable,2,0,2,coefficient_abs,rbc,0.0499579195812511
shap_capable,2,0,2,coefficient_abs,pc,0.05574674782143706
shap_capable,2,0,2,coefficient_abs,pcc,0.04096766758012553
shap_capable,2,0,2,coefficient_abs,ba,0.03170631000928837
shap_capable,2,0,2,coefficient_abs,ane,0.04469627936563919
shap_capable,2,0,2,coefficient_abs,bgr,0.07566440834754648
shap_capable,2,0,2,coefficient_abs,bu,0.07274807116338917
shap_capable,2,0,2,coefficient_abs,sc,0.02843311524891366
shap_capable,2,0,2,coefficient_abs,sod,0.1338949755032137
shap_capable,2,0,2,coefficient_abs,pot,0.00470687331357982
shap_capable,2,0,2,coefficient_abs,hemo,0.22254219056759814
shap_capable,2,0,2,coefficient_abs,pcv,0.1906790897993671
shap_capable,2,0,2,coefficient_abs,rbcc,0.1431378015275748
shap_capable,2,0,2,coefficient_abs,wbcc,0.05246724269224822
shap_capable,3,0,3,permutation,age,0.0
shap_capable,3,0,3,permutation,bp (Diastolic),0.0
shap_capable,3,0,3,permutation,bp limit,0.0
shap_capable,3,0,3,permutation,htn,0.0
shap_capable,3,0,3,permutation,dm,0.0
shap_capable,3,0,3,permutation,cad,0.0
shap_capable,3,0,3,permutation,appet,0.0
shap_capable,3,0,3,permutation,pe,0.0
shap_capable,3,0,3,permutation,sg,0.002933333333333332
shap_capable,3,0,3,permutation,al,0.0
shap_capable,3,0,3,permutation,su,0.0
shap_capable,3,0,3,permutation,rbc,0.0
shap_capable,3,0,3,permutation,pc,0.0
shap_capable,3,0,3,permutation,pcc,0.0
shap_capable,3,0,3,permutation,ba,0.0
shap_capable,3,0,3,permutation,ane,0.0
shap_capable,3,0,3,permutation,bgr,0.0
shap_capable,3,0,3,permutation,bu,0.0
shap_capable,3,0,3,permutation,sc,0.0
shap_capable,3,0,3,permutation,sod,0.0
shap_capable,3,0,3,permutation,pot,0.0
shap_capable,3,0,3,permutation,hemo,0.0033999999999999976
shap_capable,3,0,3,permutation,pcv,0.0016666666666666663
shap_capable,3,0,3,permutation,rbcc,0.0
shap_capable,3,0,3,permutation,wbcc,0.0
shap_capable,3,0,3,shap,age,0.04463020956046486
shap_capable,3,0,3,shap,bp (Diastolic),0.02893046961074055
shap_capable,3,0,3,shap,bp limit,0.07112960662182914
shap_capable,3,0,3,shap,htn,0.14126825519883382
shap_capable,3,0,3,shap,dm,0.1256104166051492
shap_capable,3,0,3,shap,cad,0.020717677147371057
shap_capable,3,0,3,shap,appet,0.06518783473969988
shap_capable,3,0,3,shap,pe,0.04252887442613089
shap_capable,3,0,3,shap,sg,0.18011174896745077
shap_capable,3,0,3,shap,al,0.11792658665507498
shap_capable,3,0,3,shap,su,0.02661275923935156
shap_capable,3,0,3,shap,rbc,0.034777016342466605
shap_capable,3,0,3,shap,pc,0.053456273747618244
shap_capable,3,0,3,shap,pcc,0.029228347618101412
shap_capable,3,0,3,shap,ba,0.01600647034563422
shap_capable,3,0,3,shap,ane,0.02646983139725263
shap_capable,3,0,3,shap,bgr,0.03978854955748429
shap_capable,3,0,3,shap,bu,0.023543359234522037
shap_capable,3,0,3,shap,sc,0.009628503608399909
shap_capable,3,0,3,shap,sod,0.09410960550896093
shap_capable,3,0,3,shap,pot,0.0
shap_capable,3,0,3,shap,hemo,0.17666480279566518
shap_capable,3,0,3,shap,pcv,0.14050969024191914
shap_capable,3,0,3,shap,rbcc,0.08850136201116729
shap_capable,3,0,3,shap,wbcc,0.024219576923301043
shap_capable,3,0,3,coefficient,age,0.05484125848204477
shap_capable,3,0,3,coefficient,bp (Diastolic),0.029140391838125616
shap_capable,3,0,3,coefficient,bp limit,0.07870789712010383
shap_capable,3,0,3,coefficient,htn,0.14724462818252138
shap_capable,3,0,3,coefficient,dm,0.13710225062213474
shap_capable,3,0,3,coefficient,cad,0.036368802207512846
shap_capable,3,0,3,coefficient,appet,0.09134471197716118
shap_capable,3,0,3,coefficient,pe,0.055963890026807996
shap_capable,3,0,3,coefficient,sg,-0.20488865322737687
shap_capable,3,0,3,coefficient,al,0.12816101207542513
shap_capable,3,0,3,coefficient,su,0.0559362147762491
shap_capable,3,0,3,coefficient,rbc,0.0525779066188547
shap_capable,3,0,3,coefficient,pc,0.051497748229990974
shap_capable,3,0,3,coefficient,pcc,0.04601369432728735
shap_capable,3,0,3,coefficient,ba,0.013901559268387976
shap_capable,3,0,3,coefficient,ane,0.04532009726153208
shap_capable,3,0,3,coefficient,bgr,0.07796496678945034
shap_capable,3,0,3,coefficient,bu,0.06642560472529843
shap_capable,3,0,3,coefficient,sc,0.029562012539301005
shap_capable,3,0,3,coefficient,sod,-0.14949086796101171
shap_capable,3,0,3,coefficient,pot,0.011300625189854054
shap_capable,3,0,3,coefficient,hemo,-0.22765610837178316
shap_capable,3,0,3,coefficient,pcv,-0.17953017589075992
shap_capable,3,0,3,coefficient,rbcc,-0.1434522634760154
shap_capable,3,0,3,coefficient,wbcc,0.05621723451278025
shap_capable,3,0,3,coefficient_abs,age,0.05484125848204477
shap_capable,3,0,3,coefficient_abs,bp (Diastolic),0.029140391838125616
shap_capable,3,0,3,coefficient_abs,bp limit,0.07870789712010383
shap_capable,3,0,3,coefficient_abs,htn,0.14724462818252138
shap_capable,3,0,3,coefficient_abs,dm,0.13710225062213474
shap_capable,3,0,3,coefficient_abs,cad,0.036368802207512846
shap_capable,3,0,3,coefficient_abs,appet,0.09134471197716118
shap_capable,3,0,3,coefficient_abs,pe,0.055963890026807996
shap_capable,3,0,3,coefficient_abs,sg,0.20488865322737687
shap_capable,3,0,3,coefficient_abs,al,0.12816101207542513
shap_capable,3,0,3,coefficient_abs,su,0.0559362147762491
shap_capable,3,0,3,coefficient_abs,rbc,0.0525779066188547
shap_capable,3,0,3,coefficient_abs,pc,0.051497748229990974
shap_capable,3,0,3,coefficient_abs,pcc,0.04601369432728735
shap_capable,3,0,3,coefficient_abs,ba,0.013901559268387976
shap_capable,3,0,3,coefficient_abs,ane,0.04532009726153208
shap_capable,3,0,3,coefficient_abs,bgr,0.07796496678945034
shap_capable,3,0,3,coefficient_abs,bu,0.06642560472529843
shap_capable,3,0,3,coefficient_abs,sc,0.029562012539301005
shap_capable,3,0,3,coefficient_abs,sod,0.14949086796101171
shap_capable,3,0,3,coefficient_abs,pot,0.011300625189854054
shap_capable,3,0,3,coefficient_abs,hemo,0.22765610837178316
shap_capable,3,0,3,coefficient_abs,pcv,0.17953017589075992
shap_capable,3,0,3,coefficient_abs,rbcc,0.1434522634760154
shap_capable,3,0,3,coefficient_abs,wbcc,0.05621723451278025
shap_capable,4,0,4,permutation,age,0.0002666666666666595
shap_capable,4,0,4,permutation,bp (Diastolic),0.0
shap_capable,4,0,4,permutation,bp limit,0.00013333333333332976
shap_capable,4,0,4,permutation,htn,0.004399999999999965
shap_capable,4,0,4,permutation,dm,0.004933333333333284
shap_capable,4,0,4,permutation,cad,0.0006666666666666488
shap_capable,4,0,4,permutation,appet,0.0031999999999999364
shap_capable,4,0,4,permutation,pe,0.0023999999999999464
shap_capable,4,0,4,permutation,sg,0.013733333333333264
shap_capable,4,0,4,permutation,al,0.004799999999999932
shap_capable,4,0,4,permutation,su,0.000533333333333319
shap_capable,4,0,4,permutation,rbc,0.0007999999999999785
shap_capable,4,0,4,permutation,pc,0.0007999999999999785
shap_capable,4,0,4,permutation,pcc,0.0002666666666666595
shap_capable,4,0,4,permutation,ba,0.0
shap_capable,4,0,4,permutation,ane,0.0002666666666666595
shap_capable,4,0,4,permutation,bgr,0.0019999999999999463
shap_capable,4,0,4,permutation,bu,0.002133333333333287
shap_capable,4,0,4,permutation,sc,0.0
shap_capable,4,0,4,permutation,sod,0.009333333333333266
shap_capable,4,0,4,permutation,pot,0.0
shap_capable,4,0,4,permutation,hemo,0.02359999999999997
shap_capable,4,0,4,permutation,pcv,0.011866666666666631
shap_capable,4,0,4,permutation,rbcc,0.00519999999999996
shap_capable,4,0,4,permutation,wbcc,0.0
shap_capable,4,0,4,shap,age,0.05965257853463818
shap_capable,4,0,4,shap,bp (Diastolic),0.02430064466516865
shap_capable,4,0,4,shap,bp limit,0.07083390382018788
shap_capable,4,0,4,shap,htn,0.15097597445944083
shap_capable,4,0,4,shap,dm,0.14016649867460368
shap_capable,4,0,4,shap,cad,0.01660257373113096
shap_capable,4,0,4,shap,appet,0.0865584596098069
shap_capable,4,0,4,shap,pe,0.06712847488357937
shap_capable,4,0,4,shap,sg,0.17791397824852825
shap_capable,4,0,4,shap,al,0.11158420110591734
shap_capable,4,0,4,shap,su,0.03898749513979062
shap_capable,4,0,4,shap,rbc,0.03861006340330616
shap_capable,4,0,4,shap,pc,0.05204695392693691
shap_capable,4,0,4,shap,pcc,0.03952699570705848
shap_capable,4,0,4,shap,ba,0.00565011685048255
shap_capable,4,0,4,shap,ane,0.0387635552207499
shap_capable,4,0,4,shap,bgr,0.07572953295091991
shap_capable,4,0,4,shap,bu,0.057944507690074254
shap_capable,4,0,4,shap,sc,0.01650990491413471
shap_capable,4,0,4,shap,sod,0.09837299493235477
shap_capable,4,0,4,shap,pot,0.0
shap_capable,4,0,4,shap,hemo,0.17953656955642533
shap_capable,4,0,4,shap,pcv,0.14747877094907644
shap_capable,4,0,4,shap,rbcc,0.08841459022365718
shap_capable,4,0,4,shap,wbcc,0.030320396584658554
shap_capable,4,0,4,coefficient,age,0.06685405633437815
shap_capable,4,0,4,coefficient,bp (Diastolic),0.024623868516432154
shap_capable,4,0,4,coefficient,bp limit,0.08284244913450055
shap_capable,4,0,4,coefficient,htn,0.1532341289497831
shap_capable,4,0,4,coefficient,dm,0.14202308948447884
shap_capable,4,0,4,coefficient,cad,0.03870871905669862
shap_capable,4,0,4,coefficient,appet,0.09809593754429015
shap_capable,4,0,4,coefficient,pe,0.07100871517423825
shap_capable,4,0,4,coefficient,sg,-0.20941582716733856
shap_capable,4,0,4,coefficient,al,0.12924911349450752
shap_capable,4,0,4,coefficient,su,0.06360107896019902
shap_capable,4,0,4,coefficient,rbc,0.048980894101826884
shap_capable,4,0,4,coefficient,pc,0.06857704606376282
shap_capable,4,0,4,coefficient,pcc,0.05234204553992827
shap_capable,4,0,4,coefficient,ba,0.028054882648775408
shap_capable,4,0,4,coefficient,ane,0.043254243007008426
shap_capable,4,0,4,coefficient,bgr,0.08592754659395221
shap_capable,4,0,4,coefficient,bu,0.07552697657168563
shap_capable,4,0,4,coefficient,sc,0.03088865431645773
shap_capable,4,0,4,coefficient,sod,-0.1299377415765834
shap_capable,4,0,4,coefficient,pot,0.006293435115563068
shap_capable,4,0,4,coefficient,hemo,-0.22544443052666197
shap_capable,4,0,4,coefficient,pcv,-0.18849729192473172
shap_capable,4,0,4,coefficient,rbcc,-0.1536589170609682
shap_capable,4,0,4,coefficient,wbcc,0.04997455862027992
shap_capable,4,0,4,coefficient_abs,age,0.06685405633437815
shap_capable,4,0,4,coefficient_abs,bp (Diastolic),0.024623868516432154
shap_capable,4,0,4,coefficient_abs,bp limit,0.08284244913450055
shap_capable,4,0,4,coefficient_abs,htn,0.1532341289497831
shap_capable,4,0,4,coefficient_abs,dm,0.14202308948447884
shap_capable,4,0,4,coefficient_abs,cad,0.03870871905669862
shap_capable,4,0,4,coefficient_abs,appet,0.09809593754429015
shap_capable,4,0,4,coefficient_abs,pe,0.07100871517423825
shap_capable,4,0,4,coefficient_abs,sg,0.20941582716733856
shap_capable,4,0,4,coefficient_abs,al,0.12924911349450752
shap_capable,4,0,4,coefficient_abs,su,0.06360107896019902
shap_capable,4,0,4,coefficient_abs,rbc,0.048980894101826884
shap_capable,4,0,4,coefficient_abs,pc,0.06857704606376282
shap_capable,4,0,4,coefficient_abs,pcc,0.05234204553992827
shap_capable,4,0,4,coefficient_abs,ba,0.028054882648775408
shap_capable,4,0,4,coefficient_abs,ane,0.043254243007008426
shap_capable,4,0,4,coefficient_abs,bgr,0.08592754659395221
shap_capable,4,0,4,coefficient_abs,bu,0.07552697657168563
shap_capable,4,0,4,coefficient_abs,sc,0.03088865431645773
shap_capable,4,0,4,coefficient_abs,sod,0.1299377415765834
shap_capable,4,0,4,coefficient_abs,pot,0.006293435115563068
shap_capable,4,0,4,coefficient_abs,hemo,0.22544443052666197
shap_capable,4,0,4,coefficient_abs,pcv,0.18849729192473172
shap_capable,4,0,4,coefficient_abs,rbcc,0.1536589170609682
shap_capable,4,0,4,coefficient_abs,wbcc,0.04997455862027992
shap_capable,5,1,0,permutation,age,0.0
shap_capable,5,1,0,permutation,bp (Diastolic),0.0
shap_capable,5,1,0,permutation,bp limit,0.0
shap_capable,5,1,0,permutation,htn,0.0
shap_capable,5,1,0,permutation,dm,0.0
shap_capable,5,1,0,permutation,cad,0.0
shap_capable,5,1,0,permutation,appet,0.0
shap_capable,5,1,0,permutation,pe,0.0
shap_capable,5,1,0,permutation,sg,0.003434065934065961
shap_capable,5,1,0,permutation,al,0.0
shap_capable,5,1,0,permutation,su,0.0
shap_capable,5,1,0,permutation,rbc,0.0
shap_capable,5,1,0,permutation,pc,0.0
shap_capable,5,1,0,permutation,pcc,0.0
shap_capable,5,1,0,permutation,ba,0.0
shap_capable,5,1,0,permutation,ane,0.0
shap_capable,5,1,0,permutation,bgr,0.0
shap_capable,5,1,0,permutation,bu,0.0
shap_capable,5,1,0,permutation,sc,0.0
shap_capable,5,1,0,permutation,sod,0.00013736263736263687
shap_capable,5,1,0,permutation,pot,0.0
shap_capable,5,1,0,permutation,hemo,0.0002747252747252793
shap_capable,5,1,0,permutation,pcv,0.00041208791208791615
shap_capable,5,1,0,permutation,rbcc,0.0
shap_capable,5,1,0,permutation,wbcc,0.0
shap_capable,5,1,0,shap,age,0.029069827599128108
shap_capable,5,1,0,shap,bp (Diastolic),0.026171860887692244
shap_capable,5,1,0,shap,bp limit,0.06027472676947522
shap_capable,5,1,0,shap,htn,0.1489288099861017
shap_capable,5,1,0,shap,dm,0.1475464209552623
shap_capable,5,1,0,shap,cad,0.03102980736744456
shap_capable,5,1,0,shap,appet,0.06593950014839678
shap_capable,5,1,0,shap,pe,0.07495375912512037
shap_capable,5,1,0,shap,sg,0.22108580066628702
shap_capable,5,1,0,shap,al,0.14791265960171143
shap_capable,5,1,0,shap,su,0.05934397812026722
shap_capable,5,1,0,shap,rbc,0.01898247071965184
shap_capable,5,1,0,shap,pc,0.04163152965993847
shap_capable,5,1,0,shap,pcc,0.0322350289582536
shap_capable,5,1,0,shap,ba,0.012729313115703864
shap_capable,5,1,0,shap,ane,0.02693585310994432
shap_capable,5,1,0,shap,bgr,0.06211838613658338
shap_capable,5,1,0,shap,bu,0.046944271607070605
shap_capable,5,1,0,shap,sc,0.012129326947662823
shap_capable,5,1,0,shap,sod,0.10901757964786603
shap_capable,5,1,0,shap,pot,0.0
shap_capable,5,1,0,shap,hemo,0.1667229543698417
shap_capable,5,1,0,shap,pcv,0.12425619082808985
shap_capable,5,1,0,shap,rbcc,0.08253159472216745
shap_capable,5,1,0,shap,wbcc,0.04924320945407341
shap_capable,5,1,0,coefficient,age,0.04783688251267513
shap_capable,5,1,0,coefficient,bp (Diastolic),0.026228876991140848
shap_capable,5,1,0,coefficient,bp limit,0.07792807239957199
shap_capable,5,1,0,coefficient,htn,0.14799753467798427
shap_capable,5,1,0,coefficient,dm,0.1495007633392541
shap_capable,5,1,0,coefficient,cad,0.04371228553714224
shap_capable,5,1,0,coefficient,appet,0.09239798611235497
shap_capable,5,1,0,coefficient,pe,0.07257366520680834
shap_capable,5,1,0,coefficient,sg,-0.20823814286245323
shap_capable,5,1,0,coefficient,al,0.13543949574414998
shap_capable,5,1,0,coefficient,su,0.06523808870048975
shap_capable,5,1,0,coefficient,rbc,0.047114072707393956
shap_capable,5,1,0,coefficient,pc,0.06135530318150238
shap_capable,5,1,0,coefficient,pcc,0.042685949780203465
shap_capable,5,1,0,coefficient,ba,0.019994879096230635
shap_capable,5,1,0,coefficient,ane,0.046117992383273035
shap_capable,5,1,0,coefficient,bgr,0.07949124322155643
shap_capable,5,1,0,coefficient,bu,0.06571533591191668
shap_capable,5,1,0,coefficient,sc,0.025792457967158317
shap_capable,5,1,0,coefficient,sod,-0.13882209868491824
shap_capable,5,1,0,coefficient,pot,0.009256005363005866
shap_capable,5,1,0,coefficient,hemo,-0.22437364989554381
shap_capable,5,1,0,coefficient,pcv,-0.18204159267038603
shap_capable,5,1,0,coefficient,rbcc,-0.1503171106051842
shap_capable,5,1,0,coefficient,wbcc,0.048300471021755914
shap_capable,5,1,0,coefficient_abs,age,0.04783688251267513
shap_capable,5,1,0,coefficient_abs,bp (Diastolic),0.026228876991140848
shap_capable,5,1,0,coefficient_abs,bp limit,0.07792807239957199
shap_capable,5,1,0,coefficient_abs,htn,0.14799753467798427
shap_capable,5,1,0,coefficient_abs,dm,0.1495007633392541
shap_capable,5,1,0,coefficient_abs,cad,0.04371228553714224
shap_capable,5,1,0,coefficient_abs,appet,0.09239798611235497
shap_capable,5,1,0,coefficient_abs,pe,0.07257366520680834
shap_capable,5,1,0,coefficient_abs,sg,0.20823814286245323
shap_capable,5,1,0,coefficient_abs,al,0.13543949574414998
shap_capable,5,1,0,coefficient_abs,su,0.06523808870048975
shap_capable,5,1,0,coefficient_abs,rbc,0.047114072707393956
shap_capable,5,1,0,coefficient_abs,pc,0.06135530318150238
shap_capable,5,1,0,coefficient_abs,pcc,0.042685949780203465
shap_capable,5,1,0,coefficient_abs,ba,0.019994879096230635
shap_capable,5,1,0,coefficient_abs,ane,0.046117992383273035
shap_capable,5,1,0,coefficient_abs,bgr,0.07949124322155643
shap_capable,5,1,0,coefficient_abs,bu,0.06571533591191668
shap_capable,5,1,0,coefficient_abs,sc,0.025792457967158317
shap_capable,5,1,0,coefficient_abs,sod,0.13882209868491824
shap_capable,5,1,0,coefficient_abs,pot,0.009256005363005866
shap_capable,5,1,0,coefficient_abs,hemo,0.22437364989554381
shap_capable,5,1,0,coefficient_abs,pcv,0.18204159267038603
shap_capable,5,1,0,coefficient_abs,rbcc,0.1503171106051842
shap_capable,5,1,0,coefficient_abs,wbcc,0.048300471021755914
shap_capable,6,1,1,permutation,age,0.00013736263736263687
shap_capable,6,1,1,permutation,bp (Diastolic),0.0
shap_capable,6,1,1,permutation,bp limit,0.0
shap_capable,6,1,1,permutation,htn,0.0013736263736263798
shap_capable,6,1,1,permutation,dm,0.001236263736263743
shap_capable,6,1,1,permutation,cad,0.00027472527472527375
shap_capable,6,1,1,permutation,appet,0.001098901098901095
shap_capable,6,1,1,permutation,pe,0.00013736263736263687
shap_capable,6,1,1,permutation,sg,0.004945054945054955
shap_capable,6,1,1,permutation,al,0.001923076923076944
shap_capable,6,1,1,permutation,su,0.0
shap_capable,6,1,1,permutation,rbc,0.0004120879120879106
shap_capable,6,1,1,permutation,pc,0.00027472527472527375
shap_capable,6,1,1,permutation,pcc,0.0004120879120879106
shap_capable,6,1,1,permutation,ba,0.0
shap_capable,6,1,1,permutation,ane,0.00027472527472527375
shap_capable,6,1,1,permutation,bgr,0.0
shap_capable,6,1,1,permutation,bu,0.0004120879120879106
shap_capable,6,1,1,permutation,sc,0.0
shap_capable,6,1,1,permutation,sod,0.0023351648351648325
shap_capable,6,1,1,permutation,pot,0.0
shap_capable,6,1,1,permutation,hemo,0.0164835164835165
shap_capable,6,1,1,permutation,pcv,0.010851648351648358
shap_capable,6,1,1,permutation,rbcc,0.0012362637362637319
shap_capable,6,1,1,permutation,wbcc,0.00027472527472527375
shap_capable,6,1,1,shap,age,0.05834756843304312
shap_capable,6,1,1,shap,bp (Diastolic),0.02422088662102887
shap_capable,6,1,1,shap,bp limit,0.06922649232783948
shap_capable,6,1,1,shap,htn,0.14834530575296834
shap_capable,6,1,1,shap,dm,0.1218443552855025
shap_capable,6,1,1,shap,cad,0.02133820688006736
shap_capable,6,1,1,shap,appet,0.0903393373200129
shap_capable,6,1,1,shap,pe,0.05233604305271202
shap_capable,6,1,1,shap,sg,0.1751403632256773
shap_capable,6,1,1,shap,al,0.11234986387256518
shap_capable,6,1,1,shap,su,0.023558095569158385
shap_capable,6,1,1,shap,rbc,0.04162158898635403
shap_capable,6,1,1,shap,pc,0.056621769595142014
shap_capable,6,1,1,shap,pcc,0.02419164623475766
shap_capable,6,1,1,shap,ba,0.010999474282934152
shap_capable,6,1,1,shap,ane,0.034073711669642744
shap_capable,6,1,1,shap,bgr,0.03830457373592984
shap_capable,6,1,1,shap,bu,0.04112383299435518
shap_capable,6,1,1,shap,sc,0.01513464026473572
shap_capable,6,1,1,shap,sod,0.07647707480912405
shap_capable,6,1,1,shap,pot,0.0002608694623436308
shap_capable,6,1,1,shap,hemo,0.2010381179638839
shap_capable,6,1,1,shap,pcv,0.15746394614130335
shap_capable,6,1,1,shap,rbcc,0.1115923479201419
shap_capable,6,1,1,shap,wbcc,0.04954016282872699
shap_capable,6,1,1,coefficient,age,0.05576755343985993
shap_capable,6,1,1,coefficient,bp (Diastolic),0.02439663566821475
shap_capable,6,1,1,coefficient,bp limit,0.08327639716704374
shap_capable,6,1,1,coefficient,htn,0.1597232109151342
shap_capable,6,1,1,coefficient,dm,0.13946018080761283
shap_capable,6,1,1,coefficient,cad,0.03745810980468122
shap_capable,6,1,1,coefficient,appet,0.0940281634566864
shap_capable,6,1,1,coefficient,pe,0.06886917646803864
shap_capable,6,1,1,coefficient,sg,-0.22065727562584359
shap_capable,6,1,1,coefficient,al,0.11983114328659197
shap_capable,6,1,1,coefficient,su,0.06454652395319424
shap_capable,6,1,1,coefficient,rbc,0.04008124237921698
shap_capable,6,1,1,coefficient,pc,0.06779713352950628
shap_capable,6,1,1,coefficient,pcc,0.04715167627429434
shap_capable,6,1,1,coefficient,ba,0.026677066358374347
shap_capable,6,1,1,coefficient,ane,0.049294487322295355
shap_capable,6,1,1,coefficient,bgr,0.08233065206123226
shap_capable,6,1,1,coefficient,bu,0.05879355983152063
shap_capable,6,1,1,coefficient,sc,0.02938789706891388
shap_capable,6,1,1,coefficient,sod,-0.12296350066732364
shap_capable,6,1,1,coefficient,pot,0.009220035205060095
shap_capable,6,1,1,coefficient,hemo,-0.2351148492811144
shap_capable,6,1,1,coefficient,pcv,-0.17892562072302176
shap_capable,6,1,1,coefficient,rbcc,-0.16230940003141997
shap_capable,6,1,1,coefficient,wbcc,0.058463661744742636
shap_capable,6,1,1,coefficient_abs,age,0.05576755343985993
shap_capable,6,1,1,coefficient_abs,bp (Diastolic),0.02439663566821475
shap_capable,6,1,1,coefficient_abs,bp limit,0.08327639716704374
shap_capable,6,1,1,coefficient_abs,htn,0.1597232109151342
shap_capable,6,1,1,coefficient_abs,dm,0.13946018080761283
shap_capable,6,1,1,coefficient_abs,cad,0.03745810980468122
shap_capable,6,1,1,coefficient_abs,appet,0.0940281634566864
shap_capable,6,1,1,coefficient_abs,pe,0.06886917646803864
shap_capable,6,1,1,coefficient_abs,sg,0.22065727562584359
shap_capable,6,1,1,coefficient_abs,al,0.11983114328659197
shap_capable,6,1,1,coefficient_abs,su,0.06454652395319424
shap_capable,6,1,1,coefficient_abs,rbc,0.04008124237921698
shap_capable,6,1,1,coefficient_abs,pc,0.06779713352950628
shap_capable,6,1,1,coefficient_abs,pcc,0.04715167627429434
shap_capable,6,1,1,coefficient_abs,ba,0.026677066358374347
shap_capable,6,1,1,coefficient_abs,ane,0.049294487322295355
shap_capable,6,1,1,coefficient_abs,bgr,0.08233065206123226
shap_capable,6,1,1,coefficient_abs,bu,0.05879355983152063
shap_capable,6,1,1,coefficient_abs,sc,0.02938789706891388
shap_capable,6,1,1,coefficient_abs,sod,0.12296350066732364
shap_capable,6,1,1,coefficient_abs,pot,0.009220035205060095
shap_capable,6,1,1,coefficient_abs,hemo,0.2351148492811144
shap_capable,6,1,1,coefficient_abs,pcv,0.17892562072302176
shap_capable,6,1,1,coefficient_abs,rbcc,0.16230940003141997
shap_capable,6,1,1,coefficient_abs,wbcc,0.058463661744742636
shap_capable,7,1,2,permutation,age,0.0
shap_capable,7,1,2,permutation,bp (Diastolic),0.0
shap_capable,7,1,2,permutation,bp limit,0.0
shap_capable,7,1,2,permutation,htn,0.0
shap_capable,7,1,2,permutation,dm,0.0
shap_capable,7,1,2,permutation,cad,0.0
shap_capable,7,1,2,permutation,appet,0.0
shap_capable,7,1,2,permutation,pe,0.0
shap_capable,7,1,2,permutation,sg,0.001785714285714285
shap_capable,7,1,2,permutation,al,0.0
shap_capable,7,1,2,permutation,su,0.0
shap_capable,7,1,2,permutation,rbc,0.0
shap_capable,7,1,2,permutation,pc,0.0
shap_capable,7,1,2,permutation,pcc,0.0
shap_capable,7,1,2,permutation,ba,0.0
shap_capable,7,1,2,permutation,ane,0.0
shap_capable,7,1,2,permutation,bgr,0.0
shap_capable,7,1,2,permutation,bu,0.0
shap_capable,7,1,2,permutation,sc,0.0
shap_capable,7,1,2,permutation,sod,0.0
shap_capable,7,1,2,permutation,pot,0.0
shap_capable,7,1,2,permutation,hemo,0.0
shap_capable,7,1,2,permutation,pcv,0.0
shap_capable,7,1,2,permutation,rbcc,0.0
shap_capable,7,1,2,permutation,wbcc,0.0
shap_capable,7,1,2,shap,age,0.047173911033204535
shap_capable,7,1,2,shap,bp (Diastolic),0.02129224649307094
shap_capable,7,1,2,shap,bp limit,0.06303744482596763
shap_capable,7,1,2,shap,htn,0.14263477293921234
shap_capable,7,1,2,shap,dm,0.14111441888284643
shap_capable,7,1,2,shap,cad,0.02236332929294302
shap_capable,7,1,2,shap,appet,0.0599590469164305
shap_capable,7,1,2,shap,pe,0.036158519122148326
shap_capable,7,1,2,shap,sg,0.15897189421267216
shap_capable,7,1,2,shap,al,0.09888534999345192
shap_capable,7,1,2,shap,su,0.03523838733447135
shap_capable,7,1,2,shap,rbc,0.03072008188319183
shap_capable,7,1,2,shap,pc,0.048797851347021165
shap_capable,7,1,2,shap,pcc,0.02071160943606586
shap_capable,7,1,2,shap,ba,0.0
shap_capable,7,1,2,shap,ane,0.033569927049200796
shap_capable,7,1,2,shap,bgr,0.04784296143362826
shap_capable,7,1,2,shap,bu,0.035921357649806473
shap_capable,7,1,2,shap,sc,0.013281427141374433
shap_capable,7,1,2,shap,sod,0.08972754004665394
shap_capable,7,1,2,shap,pot,0.010678421748086402
shap_capable,7,1,2,shap,hemo,0.17174004142353383
shap_capable,7,1,2,shap,pcv,0.16862745106603091
shap_capable,7,1,2,shap,rbcc,0.11210771664928895
shap_capable,7,1,2,shap,wbcc,0.02304730594977719
shap_capable,7,1,2,coefficient,age,0.05588702383489268
shap_capable,7,1,2,coefficient,bp (Diastolic),0.02126373984741884
shap_capable,7,1,2,coefficient,bp limit,0.07115588143348776
shap_capable,7,1,2,coefficient,htn,0.14174285523618618
shap_capable,7,1,2,coefficient,dm,0.13901446228417957
shap_capable,7,1,2,coefficient,cad,0.03925765876025001
shap_capable,7,1,2,coefficient,appet,0.09618764433518774
shap_capable,7,1,2,coefficient,pe,0.05462420373569773
shap_capable,7,1,2,coefficient,sg,-0.20605254878657378
shap_capable,7,1,2,coefficient,al,0.14007905821666103
shap_capable,7,1,2,coefficient,su,0.06758332928118783
shap_capable,7,1,2,coefficient,rbc,0.05762977562269897
shap_capable,7,1,2,coefficient,pc,0.06429602977985968
shap_capable,7,1,2,coefficient,pcc,0.05330107258652148
shap_capable,7,1,2,coefficient,ba,0.029529101440032027
shap_capable,7,1,2,coefficient,ane,0.04221291181654304
shap_capable,7,1,2,coefficient,bgr,0.0822765190328774
shap_capable,7,1,2,coefficient,bu,0.07877732079437569
shap_capable,7,1,2,coefficient,sc,0.035852090519191186
shap_capable,7,1,2,coefficient,sod,-0.14016630853339998
shap_capable,7,1,2,coefficient,pot,0.016213019377036283
shap_capable,7,1,2,coefficient,hemo,-0.22633766277739645
shap_capable,7,1,2,coefficient,pcv,-0.18790591554533642
shap_capable,7,1,2,coefficient,rbcc,-0.14705933725582668
shap_capable,7,1,2,coefficient,wbcc,0.05795531093251632
shap_capable,7,1,2,coefficient_abs,age,0.05588702383489268
shap_capable,7,1,2,coefficient_abs,bp (Diastolic),0.02126373984741884
shap_capable,7,1,2,coefficient_abs,bp limit,0.07115588143348776
shap_capable,7,1,2,coefficient_abs,htn,0.14174285523618618
shap_capable,7,1,2,coefficient_abs,dm,0.13901446228417957
shap_capable,7,1,2,coefficient_abs,cad,0.03925765876025001
shap_capable,7,1,2,coefficient_abs,appet,0.09618764433518774
shap_capable,7,1,2,coefficient_abs,pe,0.05462420373569773
shap_capable,7,1,2,coefficient_abs,sg,0.20605254878657378
shap_capable,7,1,2,coefficient_abs,al,0.14007905821666103
shap_capable,7,1,2,coefficient_abs,su,0.06758332928118783
shap_capable,7,1,2,coefficient_abs,rbc,0.05762977562269897
shap_capable,7,1,2,coefficient_abs,pc,0.06429602977985968
shap_capable,7,1,2,coefficient_abs,pcc,0.05330107258652148
shap_capable,7,1,2,coefficient_abs,ba,0.029529101440032027
shap_capable,7,1,2,coefficient_abs,ane,0.04221291181654304
shap_capable,7,1,2,coefficient_abs,bgr,0.0822765190328774
shap_capable,7,1,2,coefficient_abs,bu,0.07877732079437569
shap_capable,7,1,2,coefficient_abs,sc,0.035852090519191186
shap_capable,7,1,2,coefficient_abs,sod,0.14016630853339998
shap_capable,7,1,2,coefficient_abs,pot,0.016213019377036283
shap_capable,7,1,2,coefficient_abs,hemo,0.22633766277739645
shap_capable,7,1,2,coefficient_abs,pcv,0.18790591554533642
shap_capable,7,1,2,coefficient_abs,rbcc,0.14705933725582668
shap_capable,7,1,2,coefficient_abs,wbcc,0.05795531093251632
shap_capable,8,1,3,permutation,age,0.0
shap_capable,8,1,3,permutation,bp (Diastolic),0.0
shap_capable,8,1,3,permutation,bp limit,0.0002666666666666595
shap_capable,8,1,3,permutation,htn,0.0030666666666666455
shap_capable,8,1,3,permutation,dm,0.002799999999999975
shap_capable,8,1,3,permutation,cad,0.00013333333333332976
shap_capable,8,1,3,permutation,appet,0.0014666666666666496
shap_capable,8,1,3,permutation,pe,0.0002666666666666595
shap_capable,8,1,3,permutation,sg,0.011066666666666619
shap_capable,8,1,3,permutation,al,0.0021333333333332983
shap_capable,8,1,3,permutation,su,0.0002666666666666595
shap_capable,8,1,3,permutation,rbc,0.0009333333333333083
shap_capable,8,1,3,permutation,pc,0.0009333333333333083
shap_capable,8,1,3,permutation,pcc,0.00039999999999998923
shap_capable,8,1,3,permutation,ba,0.00039999999999998923
shap_capable,8,1,3,permutation,ane,0.0006666666666666488
shap_capable,8,1,3,permutation,bgr,0.002399999999999969
shap_capable,8,1,3,permutation,bu,0.003199999999999953
shap_capable,8,1,3,permutation,sc,0.0011999999999999678
shap_capable,8,1,3,permutation,sod,0.007199999999999973
shap_capable,8,1,3,permutation,pot,0.0
shap_capable,8,1,3,permutation,hemo,0.024466666666666657
shap_capable,8,1,3,permutation,pcv,0.005999999999999972
shap_capable,8,1,3,permutation,rbcc,0.004533333333333306
shap_capable,8,1,3,permutation,wbcc,0.0002666666666666595
shap_capable,8,1,3,shap,age,0.06334766307350412
shap_capable,8,1,3,shap,bp (Diastolic),0.017129300019326544
shap_capable,8,1,3,shap,bp limit,0.06680411343355358
shap_capable,8,1,3,shap,htn,0.14217216991700887
shap_capable,8,1,3,shap,dm,0.12766671945213715
shap_capable,8,1,3,shap,cad,0.02045893257371347
shap_capable,8,1,3,shap,appet,0.08010707415587416
shap_capable,8,1,3,shap,pe,0.04119202181102198
shap_capable,8,1,3,shap,sg,0.19684468156372734
shap_capable,8,1,3,shap,al,0.09679987975667613
shap_capable,8,1,3,shap,su,0.06030314502814295
shap_capable,8,1,3,shap,rbc,0.047736253796127684
shap_capable,8,1,3,shap,pc,0.06128578019079696
shap_capable,8,1,3,shap,pcc,0.04439355297831042
shap_capable,8,1,3,shap,ba,0.01892794292685828
shap_capable,8,1,3,shap,ane,0.044830333090317774
shap_capable,8,1,3,shap,bgr,0.10035691482237748
shap_capable,8,1,3,shap,bu,0.06535491078171825
shap_capable,8,1,3,shap,sc,0.03424904646750578
shap_capable,8,1,3,shap,sod,0.137916896962182
shap_capable,8,1,3,shap,pot,0.0033913324286502637
shap_capable,8,1,3,shap,hemo,0.20556488964402903
shap_capable,8,1,3,shap,pcv,0.14846187251886236
shap_capable,8,1,3,shap,rbcc,0.11059873330916314
shap_capable,8,1,3,shap,wbcc,0.03209512778859762
shap_capable,8,1,3,coefficient,age,0.07473254618832763
shap_capable,8,1,3,coefficient,bp (Diastolic),0.017820703120086174
shap_capable,8,1,3,coefficient,bp limit,0.06607910391918598
shap_capable,8,1,3,coefficient,htn,0.14818678313728503
shap_capable,8,1,3,coefficient,dm,0.13934668031118644
shap_capable,8,1,3,coefficient,cad,0.03591458959696379
shap_capable,8,1,3,coefficient,appet,0.09078463940640798
shap_capable,8,1,3,coefficient,pe,0.07349831250280442
shap_capable,8,1,3,coefficient,sg,-0.2126987607623206
shap_capable,8,1,3,coefficient,al,0.13062170265506942
shap_capable,8,1,3,coefficient,su,0.0575452202578952
shap_capable,8,1,3,coefficient,rbc,0.06055841886563297
shap_capable,8,1,3,coefficient,pc,0.059040398012868416
shap_capable,8,1,3,coefficient,pcc,0.044878289979649155
shap_capable,8,1,3,coefficient,ba,0.029731528081902957
shap_capable,8,1,3,coefficient,ane,0.05002384612378759
shap_capable,8,1,3,coefficient,bgr,0.08195305957834041
shap_capable,8,1,3,coefficient,bu,0.06765239158037985
shap_capable,8,1,3,coefficient,sc,0.029612886150748682
shap_capable,8,1,3,coefficient,sod,-0.14703900842091974
shap_capable,8,1,3,coefficient,pot,-0.005857057791118218
shap_capable,8,1,3,coefficient,hemo,-0.220405229832013
shap_capable,8,1,3,coefficient,pcv,-0.19054672574175802
shap_capable,8,1,3,coefficient,rbcc,-0.14528018978768706
shap_capable,8,1,3,coefficient,wbcc,0.05381752575193534
shap_capable,8,1,3,coefficient_abs,age,0.07473254618832763
shap_capable,8,1,3,coefficient_abs,bp (Diastolic),0.017820703120086174
shap_capable,8,1,3,coefficient_abs,bp limit,0.06607910391918598
shap_capable,8,1,3,coefficient_abs,htn,0.14818678313728503
shap_capable,8,1,3,coefficient_abs,dm,0.13934668031118644
shap_capable,8,1,3,coefficient_abs,cad,0.03591458959696379
shap_capable,8,1,3,coefficient_abs,appet,0.09078463940640798
shap_capable,8,1,3,coefficient_abs,pe,0.07349831250280442
shap_capable,8,1,3,coefficient_abs,sg,0.2126987607623206
shap_capable,8,1,3,coefficient_abs,al,0.13062170265506942
shap_capable,8,1,3,coefficient_abs,su,0.0575452202578952
shap_capable,8,1,3,coefficient_abs,rbc,0.06055841886563297
shap_capable,8,1,3,coefficient_abs,pc,0.059040398012868416
shap_capable,8,1,3,coefficient_abs,pcc,0.044878289979649155
shap_capable,8,1,3,coefficient_abs,ba,0.029731528081902957
shap_capable,8,1,3,coefficient_abs,ane,0.05002384612378759
shap_capable,8,1,3,coefficient_abs,bgr,0.08195305957834041
shap_capable,8,1,3,coefficient_abs,bu,0.06765239158037985
shap_capable,8,1,3,coefficient_abs,sc,0.029612886150748682
shap_capable,8,1,3,coefficient_abs,sod,0.14703900842091974
shap_capable,8,1,3,coefficient_abs,pot,0.005857057791118218
shap_capable,8,1,3,coefficient_abs,hemo,0.220405229832013
shap_capable,8,1,3,coefficient_abs,pcv,0.19054672574175802
shap_capable,8,1,3,coefficient_abs,rbcc,0.14528018978768706
shap_capable,8,1,3,coefficient_abs,wbcc,0.05381752575193534
shap_capable,9,1,4,permutation,age,0.0
shap_capable,9,1,4,permutation,bp (Diastolic),0.0
shap_capable,9,1,4,permutation,bp limit,0.0
shap_capable,9,1,4,permutation,htn,0.010199999999999992
shap_capable,9,1,4,permutation,dm,0.008533333333333327
shap_capable,9,1,4,permutation,cad,0.00013333333333332976
shap_capable,9,1,4,permutation,appet,0.00039999999999998923
shap_capable,9,1,4,permutation,pe,0.00039999999999998923
shap_capable,9,1,4,permutation,sg,0.005133333333333328
shap_capable,9,1,4,permutation,al,0.005199999999999994
shap_capable,9,1,4,permutation,su,0.0002666666666666595
shap_capable,9,1,4,permutation,rbc,0.00013333333333332976
shap_capable,9,1,4,permutation,pc,0.00013333333333332976
shap_capable,9,1,4,permutation,pcc,0.00013333333333332976
shap_capable,9,1,4,permutation,ba,0.00013333333333332976
shap_capable,9,1,4,permutation,ane,0.0002666666666666595
shap_capable,9,1,4,permutation,bgr,0.0002666666666666595
shap_capable,9,1,4,permutation,bu,0.00039999999999998923
shap_capable,9,1,4,permutation,sc,0.0
shap_capable,9,1,4,permutation,sod,0.00026666666666666505
shap_capable,9,1,4,permutation,pot,0.0
shap_capable,9,1,4,permutation,hemo,0.009533333333333343
shap_capable,9,1,4,permutation,pcv,0.009599999999999987
shap_capable,9,1,4,permutation,rbcc,0.002933333333333327
shap_capable,9,1,4,permutation,wbcc,0.00013333333333332976
shap_capable,9,1,4,shap,age,0.021789886940709317
shap_capable,9,1,4,shap,bp (Diastolic),0.004385906947486673
shap_capable,9,1,4,shap,bp limit,0.05545225591299502
shap_capable,9,1,4,shap,htn,0.14830735547025015
shap_capable,9,1,4,shap,dm,0.13005594448215535
shap_capable,9,1,4,shap,cad,0.028279698142895292
shap_capable,9,1,4,shap,appet,0.07092200600835209
shap_capable,9,1,4,shap,pe,0.048094532924570735
shap_capable,9,1,4,shap,sg,0.1654617835420343
shap_capable,9,1,4,shap,al,0.10862277357315468
shap_capable,9,1,4,shap,su,0.035616512631300265
shap_capable,9,1,4,shap,rbc,0.027246144668670806
shap_capable,9,1,4,shap,pc,0.04896838956474613
shap_capable,9,1,4,shap,pcc,0.035981331095840265
shap_capable,9,1,4,shap,ba,0.01145348661296258
shap_capable,9,1,4,shap,ane,0.0255975785190655
shap_capable,9,1,4,shap,bgr,0.043267035366003376
shap_capable,9,1,4,shap,bu,0.03573997483058709
shap_capable,9,1,4,shap,sc,0.011386663552706122
shap_capable,9,1,4,shap,sod,0.09859797422813894
shap_capable,9,1,4,shap,pot,0.0
shap_capable,9,1,4,shap,hemo,0.17385428823966714
shap_capable,9,1,4,shap,pcv,0.1436995940586614
shap_capable,9,1,4,shap,rbcc,0.10871873877987
shap_capable,9,1,4,shap,wbcc,0.0222294447818314
shap_capable,9,1,4,coefficient,age,0.03219168676465471
shap_capable,9,1,4,coefficient,bp (Diastolic),-0.004478089351557511
shap_capable,9,1,4,coefficient,bp limit,0.06164181570443396
shap_capable,9,1,4,coefficient,htn,0.15458151855994806
shap_capable,9,1,4,coefficient,dm,0.13633567452619108
shap_capable,9,1,4,coefficient,cad,0.03983815385922695
shap_capable,9,1,4,coefficient,appet,0.08865250751044013
shap_capable,9,1,4,coefficient,pe,0.06328775891203946
shap_capable,9,1,4,coefficient,sg,-0.21092674131656494
shap_capable,9,1,4,coefficient,al,0.1309600018773202
shap_capable,9,1,4,coefficient,su,0.06830853177705055
shap_capable,9,1,4,coefficient,rbc,0.05111279357293013
shap_capable,9,1,4,coefficient,pc,0.05863321598360669
shap_capable,9,1,4,coefficient,pcc,0.047646840775945803
shap_capable,9,1,4,coefficient,ba,0.017990843494450393
shap_capable,9,1,4,coefficient,ane,0.03703205339128715
shap_capable,9,1,4,coefficient,bgr,0.0872373848312018
shap_capable,9,1,4,coefficient,bu,0.06997488406338691
shap_capable,9,1,4,coefficient,sc,0.031341581489360275
shap_capable,9,1,4,coefficient,sod,-0.1427338300526186
shap_capable,9,1,4,coefficient,pot,0.009906148111062519
shap_capable,9,1,4,coefficient,hemo,-0.22065965036721444
shap_capable,9,1,4,coefficient,pcv,-0.17542169445992364
shap_capable,9,1,4,coefficient,rbcc,-0.16398729664233197
shap_capable,9,1,4,coefficient,wbcc,0.04941570471075861
shap_capable,9,1,4,coefficient_abs,age,0.03219168676465471
shap_capable,9,1,4,coefficient_abs,bp (Diastolic),0.004478089351557511
shap_capable,9,1,4,coefficient_abs,bp limit,0.06164181570443396
shap_capable,9,1,4,coefficient_abs,htn,0.15458151855994806
shap_capable,9,1,4,coefficient_abs,dm,0.13633567452619108
shap_capable,9,1,4,coefficient_abs,cad,0.03983815385922695
shap_capable,9,1,4,coefficient_abs,appet,0.08865250751044013
shap_capable,9,1,4,coefficient_abs,pe,0.06328775891203946
shap_capable,9,1,4,coefficient_abs,sg,0.21092674131656494
shap_capable,9,1,4,coefficient_abs,al,0.1309600018773202
shap_capable,9,1,4,coefficient_abs,su,0.06830853177705055
shap_capable,9,1,4,coefficient_abs,rbc,0.05111279357293013
shap_capable,9,1,4,coefficient_abs,pc,0.05863321598360669
shap_capable,9,1,4,coefficient_abs,pcc,0.047646840775945803
shap_capable,9,1,4,coefficient_abs,ba,0.017990843494450393
shap_capable,9,1,4,coefficient_abs,ane,0.03703205339128715
shap_capable,9,1,4,coefficient_abs,bgr,0.0872373848312018
shap_capable,9,1,4,coefficient_abs,bu,0.06997488406338691
shap_capable,9,1,4,coefficient_abs,sc,0.031341581489360275
shap_capable,9,1,4,coefficient_abs,sod,0.1427338300526186
shap_capable,9,1,4,coefficient_abs,pot,0.009906148111062519
shap_capable,9,1,4,coefficient_abs,hemo,0.22065965036721444
shap_capable,9,1,4,coefficient_abs,pcv,0.17542169445992364
shap_capable,9,1,4,coefficient_abs,rbcc,0.16398729664233197
shap_capable,9,1,4,coefficient_abs,wbcc,0.04941570471075861
shap_capable,10,2,0,permutation,age,0.0
shap_capable,10,2,0,permutation,bp (Diastolic),0.0
shap_capable,10,2,0,permutation,bp limit,0.0
shap_capable,10,2,0,permutation,htn,0.0
shap_capable,10,2,0,permutation,dm,0.0
shap_capable,10,2,0,permutation,cad,0.0
shap_capable,10,2,0,permutation,appet,0.0
shap_capable,10,2,0,permutation,pe,0.0
shap_capable,10,2,0,permutation,sg,0.0015109890109890277
shap_capable,10,2,0,permutation,al,0.0
shap_capable,10,2,0,permutation,su,0.0
shap_capable,10,2,0,permutation,rbc,0.0
shap_capable,10,2,0,permutation,pc,0.0
shap_capable,10,2,0,permutation,pcc,0.0
shap_capable,10,2,0,permutation,ba,0.0
shap_capable,10,2,0,permutation,ane,0.0
shap_capable,10,2,0,permutation,bgr,0.0
shap_capable,10,2,0,permutation,bu,0.0
shap_capable,10,2,0,permutation,sc,0.0
shap_capable,10,2,0,permutation,sod,0.0
shap_capable,10,2,0,permutation,pot,0.0
shap_capable,10,2,0,permutation,hemo,0.00013736263736263687
shap_capable,10,2,0,permutation,pcv,0.00013736263736263687
shap_capable,10,2,0,permutation,rbcc,0.0
shap_capable,10,2,0,permutation,wbcc,0.0
shap_capable,10,2,0,shap,age,0.03015442968825796
shap_capable,10,2,0,shap,bp (Diastolic),0.016808766215393428
shap_capable,10,2,0,shap,bp limit,0.06573177115300717
shap_capable,10,2,0,shap,htn,0.14398245641653276
shap_capable,10,2,0,shap,dm,0.11750098047106543
shap_capable,10,2,0,shap,cad,0.01743015560309044
shap_capable,10,2,0,shap,appet,0.095539902729303
shap_capable,10,2,0,shap,pe,0.05224195307154913
shap_capable,10,2,0,shap,sg,0.2160736521551044
shap_capable,10,2,0,shap,al,0.09994419051120158
shap_capable,10,2,0,shap,su,0.03738524429851763
shap_capable,10,2,0,shap,rbc,0.0311452047165156
shap_capable,10,2,0,shap,pc,0.06141719480781198
shap_capable,10,2,0,shap,pcc,0.05005572144188607
shap_capable,10,2,0,shap,ba,0.009367070545798125
shap_capable,10,2,0,shap,ane,0.04572087576683505
shap_capable,10,2,0,shap,bgr,0.04747549117234107
shap_capable,10,2,0,shap,bu,0.09404155381272399
shap_capable,10,2,0,shap,sc,0.036292941238849234
shap_capable,10,2,0,shap,sod,0.10314488720413555
shap_capable,10,2,0,shap,pot,0.0029507770456895957
shap_capable,10,2,0,shap,hemo,0.163854463360135
shap_capable,10,2,0,shap,pcv,0.13393620117845956
shap_capable,10,2,0,shap,rbcc,0.13569356632161883
shap_capable,10,2,0,shap,wbcc,0.037744736604372345
shap_capable,10,2,0,coefficient,age,0.04209912117613301
shap_capable,10,2,0,coefficient,bp (Diastolic),0.017916739619973546
shap_capable,10,2,0,coefficient,bp limit,0.07229828749591402
shap_capable,10,2,0,coefficient,htn,0.1461360085406481
shap_capable,10,2,0,coefficient,dm,0.1421698497774479
shap_capable,10,2,0,coefficient,cad,0.04063821713915732
shap_capable,10,2,0,coefficient,appet,0.09944108355194584
shap_capable,10,2,0,coefficient,pe,0.061144464568460705
shap_capable,10,2,0,coefficient,sg,-0.21113507099354728
shap_capable,10,2,0,coefficient,al,0.12609340746655937
shap_capable,10,2,0,coefficient,su,0.056720453781062635
shap_capable,10,2,0,coefficient,rbc,0.058427290863370895
shap_capable,10,2,0,coefficient,pc,0.05599288415527019
shap_capable,10,2,0,coefficient,pcc,0.04535236622298143
shap_capable,10,2,0,coefficient,ba,0.022717991433602622
shap_capable,10,2,0,coefficient,ane,0.045994356088790926
shap_capable,10,2,0,coefficient,bgr,0.08778869393964016
shap_capable,10,2,0,coefficient,bu,0.06531041255266254
shap_capable,10,2,0,coefficient,sc,0.023573917448920782
shap_capable,10,2,0,coefficient,sod,-0.14871612545653107
shap_capable,10,2,0,coefficient,pot,-0.004895774052820904
shap_capable,10,2,0,coefficient,hemo,-0.22528814452820772
shap_capable,10,2,0,coefficient,pcv,-0.17574753164218263
shap_capable,10,2,0,coefficient,rbcc,-0.17569144449266683
shap_capable,10,2,0,coefficient,wbcc,0.04833119573529605
shap_capable,10,2,0,coefficient_abs,age,0.04209912117613301
shap_capable,10,2,0,coefficient_abs,bp (Diastolic),0.017916739619973546
shap_capable,10,2,0,coefficient_abs,bp limit,0.07229828749591402
shap_capable,10,2,0,coefficient_abs,htn,0.1461360085406481
shap_capable,10,2,0,coefficient_abs,dm,0.1421698497774479
shap_capable,10,2,0,coefficient_abs,cad,0.04063821713915732
shap_capable,10,2,0,coefficient_abs,appet,0.09944108355194584
shap_capable,10,2,0,coefficient_abs,pe,0.061144464568460705
shap_capable,10,2,0,coefficient_abs,sg,0.21113507099354728
shap_capable,10,2,0,coefficient_abs,al,0.12609340746655937
shap_capable,10,2,0,coefficient_abs,su,0.056720453781062635
shap_capable,10,2,0,coefficient_abs,rbc,0.058427290863370895
shap_capable,10,2,0,coefficient_abs,pc,0.05599288415527019
shap_capable,10,2,0,coefficient_abs,pcc,0.04535236622298143
shap_capable,10,2,0,coefficient_abs,ba,0.022717991433602622
shap_capable,10,2,0,coefficient_abs,ane,0.045994356088790926
shap_capable,10,2,0,coefficient_abs,bgr,0.08778869393964016
shap_capable,10,2,0,coefficient_abs,bu,0.06531041255266254
shap_capable,10,2,0,coefficient_abs,sc,0.023573917448920782
shap_capable,10,2,0,coefficient_abs,sod,0.14871612545653107
shap_capable,10,2,0,coefficient_abs,pot,0.004895774052820904
shap_capable,10,2,0,coefficient_abs,hemo,0.22528814452820772
shap_capable,10,2,0,coefficient_abs,pcv,0.17574753164218263
shap_capable,10,2,0,coefficient_abs,rbcc,0.17569144449266683
shap_capable,10,2,0,coefficient_abs,wbcc,0.04833119573529605
shap_capable,11,2,1,permutation,age,0.0
shap_capable,11,2,1,permutation,bp (Diastolic),0.0
shap_capable,11,2,1,permutation,bp limit,0.0
shap_capable,11,2,1,permutation,htn,0.0
shap_capable,11,2,1,permutation,dm,0.0
shap_capable,11,2,1,permutation,cad,0.0
shap_capable,11,2,1,permutation,appet,0.0
shap_capable,11,2,1,permutation,pe,0.0
shap_capable,11,2,1,permutation,sg,0.0030219780219780277
shap_capable,11,2,1,permutation,al,0.0
shap_capable,11,2,1,permutation,su,0.0
shap_capable,11,2,1,permutation,rbc,0.0
shap_capable,11,2,1,permutation,pc,0.0
shap_capable,11,2,1,permutation,pcc,0.0
shap_capable,11,2,1,permutation,ba,0.0
shap_capable,11,2,1,permutation,ane,0.0
shap_capable,11,2,1,permutation,bgr,0.0
shap_capable,11,2,1,permutation,bu,0.0
shap_capable,11,2,1,permutation,sc,0.0
shap_capable,11,2,1,permutation,sod,0.0
shap_capable,11,2,1,permutation,pot,0.0
shap_capable,11,2,1,permutation,hemo,0.0006868131868131954
shap_capable,11,2,1,permutation,pcv,0.0
shap_capable,11,2,1,permutation,rbcc,0.0
shap_capable,11,2,1,permutation,wbcc,0.0
shap_capable,11,2,1,shap,age,0.04429274639817886
shap_capable,11,2,1,shap,bp (Diastolic),0.00030778353326507446
shap_capable,11,2,1,shap,bp limit,0.1011406271982056
shap_capable,11,2,1,shap,htn,0.20993659010616644
shap_capable,11,2,1,shap,dm,0.19150385120129707
shap_capable,11,2,1,shap,cad,0.017017052739449097
shap_capable,11,2,1,shap,appet,0.0942141670263554
shap_capable,11,2,1,shap,pe,0.09675039525525517
shap_capable,11,2,1,shap,sg,0.3811091327439734
shap_capable,11,2,1,shap,al,0.20505324808537084
shap_capable,11,2,1,shap,su,0.09964506702773109
shap_capable,11,2,1,shap,rbc,0.04790399327278015
shap_capable,11,2,1,shap,pc,0.039812581902003395
shap_capable,11,2,1,shap,pcc,0.016952952010728765
shap_capable,11,2,1,shap,ba,0.009736732026030783
shap_capable,11,2,1,shap,ane,0.022655510432057786
shap_capable,11,2,1,shap,bgr,0.12324269729467818
shap_capable,11,2,1,shap,bu,0.03641150234754911
shap_capable,11,2,1,shap,sc,0.012238240874997499
shap_capable,11,2,1,shap,sod,0.18536354980488046
shap_capable,11,2,1,shap,pot,0.0
shap_capable,11,2,1,shap,hemo,0.3343904558897767
shap_capable,11,2,1,shap,pcv,0.31330170589455814
shap_capable,11,2,1,shap,rbcc,0.1373347449515125
shap_capable,11,2,1,shap,wbcc,0.043590334245979294
shap_capable,11,2,1,coefficient,age,0.04818287082154549
shap_capable,11,2,1,coefficient,bp (Diastolic),0.00030659612898567605
shap_capable,11,2,1,coefficient,bp limit,0.12484501165110264
shap_capable,11,2,1,coefficient,htn,0.2030822377678991
shap_capable,11,2,1,coefficient,dm,0.1844168428442186
shap_capable,11,2,1,coefficient,cad,0.023972248990750577
shap_capable,11,2,1,coefficient,appet,0.1320179752181505
shap_capable,11,2,1,coefficient,pe,0.09367816739064709
shap_capable,11,2,1,coefficient,sg,-0.3997917536391344
shap_capable,11,2,1,coefficient,al,0.2070504493423969
shap_capable,11,2,1,coefficient,su,0.0847353683014911
shap_capable,11,2,1,coefficient,rbc,0.07242403028953567
shap_capable,11,2,1,coefficient,pc,0.06703246169558624
shap_capable,11,2,1,coefficient,pcc,0.043628213851222016
shap_capable,11,2,1,coefficient,ba,0.023614532812275765
shap_capable,11,2,1,coefficient,ane,0.038789439980984636
shap_capable,11,2,1,coefficient,bgr,0.12417264904112145
shap_capable,11,2,1,coefficient,bu,0.09634714291909649
shap_capable,11,2,1,coefficient,sc,0.03757458530628156
shap_capable,11,2,1,coefficient,sod,-0.21909395792317257
shap_capable,11,2,1,coefficient,pot,0.003594931513503897
shap_capable,11,2,1,coefficient,hemo,-0.39684403803048335
shap_capable,11,2,1,coefficient,pcv,-0.3111301005446806
shap_capable,11,2,1,coefficient,rbcc,-0.22269001976953567
shap_capable,11,2,1,coefficient,wbcc,0.07565682270430879
shap_capable,11,2,1,coefficient_abs,age,0.04818287082154549
shap_capable,11,2,1,coefficient_abs,bp (Diastolic),0.00030659612898567605
shap_capable,11,2,1,coefficient_abs,bp limit,0.12484501165110264
shap_capable,11,2,1,coefficient_abs,htn,0.2030822377678991
shap_capable,11,2,1,coefficient_abs,dm,0.1844168428442186
shap_capable,11,2,1,coefficient_abs,cad,0.023972248990750577
shap_capable,11,2,1,coefficient_abs,appet,0.1320179752181505
shap_capable,11,2,1,coefficient_abs,pe,0.09367816739064709
shap_capable,11,2,1,coefficient_abs,sg,0.3997917536391344
shap_capable,11,2,1,coefficient_abs,al,0.2070504493423969
shap_capable,11,2,1,coefficient_abs,su,0.0847353683014911
shap_capable,11,2,1,coefficient_abs,rbc,0.07242403028953567
shap_capable,11,2,1,coefficient_abs,pc,0.06703246169558624
shap_capable,11,2,1,coefficient_abs,pcc,0.043628213851222016
shap_capable,11,2,1,coefficient_abs,ba,0.023614532812275765
shap_capable,11,2,1,coefficient_abs,ane,0.038789439980984636
shap_capable,11,2,1,coefficient_abs,bgr,0.12417264904112145
shap_capable,11,2,1,coefficient_abs,bu,0.09634714291909649
shap_capable,11,2,1,coefficient_abs,sc,0.03757458530628156
shap_capable,11,2,1,coefficient_abs,sod,0.21909395792317257
shap_capable,11,2,1,coefficient_abs,pot,0.003594931513503897
shap_capable,11,2,1,coefficient_abs,hemo,0.39684403803048335
shap_capable,11,2,1,coefficient_abs,pcv,0.3111301005446806
shap_capable,11,2,1,coefficient_abs,rbcc,0.22269001976953567
shap_capable,11,2,1,coefficient_abs,wbcc,0.07565682270430879
shap_capable,12,2,2,permutation,age,0.0
shap_capable,12,2,2,permutation,bp (Diastolic),0.0
shap_capable,12,2,2,permutation,bp limit,0.0009615384615384581
shap_capable,12,2,2,permutation,htn,0.0031593406593406702
shap_capable,12,2,2,permutation,dm,0.0020604395604395644
shap_capable,12,2,2,permutation,cad,0.0
shap_capable,12,2,2,permutation,appet,0.0008241758241758268
shap_capable,12,2,2,permutation,pe,0.0006868131868131844
shap_capable,12,2,2,permutation,sg,0.01332417582417587
shap_capable,12,2,2,permutation,al,0.003434065934065966
shap_capable,12,2,2,permutation,su,0.0
shap_capable,12,2,2,permutation,rbc,0.0006868131868131844
shap_capable,12,2,2,permutation,pc,0.0009615384615384581
shap_capable,12,2,2,permutation,pcc,0.0009615384615384581
shap_capable,12,2,2,permutation,ba,0.0
shap_capable,12,2,2,permutation,ane,0.0006868131868131844
shap_capable,12,2,2,permutation,bgr,0.0006868131868131954
shap_capable,12,2,2,permutation,bu,0.0006868131868131899
shap_capable,12,2,2,permutation,sc,0.0
shap_capable,12,2,2,permutation,sod,0.0013736263736264076
shap_capable,12,2,2,permutation,pot,0.0
shap_capable,12,2,2,permutation,hemo,0.020260989010989022
shap_capable,12,2,2,permutation,pcv,0.004670329670329709
shap_capable,12,2,2,permutation,rbcc,0.0031593406593406815
shap_capable,12,2,2,permutation,wbcc,0.00013736263736263687
shap_capable,12,2,2,shap,age,0.06776823104331384
shap_capable,12,2,2,shap,bp (Diastolic),0.011344616157837611
shap_capable,12,2,2,shap,bp limit,0.06185231522250315
shap_capable,12,2,2,shap,htn,0.14588625759657692
shap_capable,12,2,2,shap,dm,0.13530486752186638
shap_capable,12,2,2,shap,cad,0.02149518988608325
shap_capable,12,2,2,shap,appet,0.059101791226603737
shap_capable,12,2,2,shap,pe,0.032174685165002284
shap_capable,12,2,2,shap,sg,0.17078875888237793
shap_capable,12,2,2,shap,al,0.09813845824223973
shap_capable,12,2,2,shap,su,0.024266898631245253
shap_capable,12,2,2,shap,rbc,0.02771803942300311
shap_capable,12,2,2,shap,pc,0.03655951118879094
shap_capable,12,2,2,shap,pcc,0.029373899154242173
shap_capable,12,2,2,shap,ba,0.006508171877512034
shap_capable,12,2,2,shap,ane,0.020825086578774216
shap_capable,12,2,2,shap,bgr,0.060892174547107304
shap_capable,12,2,2,shap,bu,0.032580653961379755
shap_capable,12,2,2,shap,sc,0.008650549198430378
shap_capable,12,2,2,shap,sod,0.07475128064245984
shap_capable,12,2,2,shap,pot,0.0
shap_capable,12,2,2,shap,hemo,0.17887974735651366
shap_capable,12,2,2,shap,pcv,0.11692172712337154
shap_capable,12,2,2,shap,rbcc,0.09261790085378986
shap_capable,12,2,2,shap,wbcc,0.030643632349187277
shap_capable,12,2,2,coefficient,age,0.0878549203870342
shap_capable,12,2,2,coefficient,bp (Diastolic),0.011369330709516437
shap_capable,12,2,2,coefficient,bp limit,0.06952356534153317
shap_capable,12,2,2,coefficient,htn,0.15707555674542406
shap_capable,12,2,2,coefficient,dm,0.14768362655535694
shap_capable,12,2,2,coefficient,cad,0.03773368528812566
shap_capable,12,2,2,coefficient,appet,0.09481241558092984
shap_capable,12,2,2,coefficient,pe,0.07064761747516542
shap_capable,12,2,2,coefficient,sg,-0.20303947570590714
shap_capable,12,2,2,coefficient,al,0.1330083887916837
shap_capable,12,2,2,coefficient,su,0.06745380712383751
shap_capable,12,2,2,coefficient,rbc,0.05199805126570271
shap_capable,12,2,2,coefficient,pc,0.07236906386156428
shap_capable,12,2,2,coefficient,pcc,0.057252349443033666
shap_capable,12,2,2,coefficient,ba,0.03231543755879431
shap_capable,12,2,2,coefficient,ane,0.04396026574743788
shap_capable,12,2,2,coefficient,bgr,0.0817885274951155
shap_capable,12,2,2,coefficient,bu,0.07004817079517528
shap_capable,12,2,2,coefficient,sc,0.029471816877879066
shap_capable,12,2,2,coefficient,sod,-0.14010680558260621
shap_capable,12,2,2,coefficient,pot,0.010118626650414419
shap_capable,12,2,2,coefficient,hemo,-0.21888825506216378
shap_capable,12,2,2,coefficient,pcv,-0.18703031508945508
shap_capable,12,2,2,coefficient,rbcc,-0.14934559176358037
shap_capable,12,2,2,coefficient,wbcc,0.0476497795360429
shap_capable,12,2,2,coefficient_abs,age,0.0878549203870342
shap_capable,12,2,2,coefficient_abs,bp (Diastolic),0.011369330709516437
shap_capable,12,2,2,coefficient_abs,bp limit,0.06952356534153317
shap_capable,12,2,2,coefficient_abs,htn,0.15707555674542406
shap_capable,12,2,2,coefficient_abs,dm,0.14768362655535694
shap_capable,12,2,2,coefficient_abs,cad,0.03773368528812566
shap_capable,12,2,2,coefficient_abs,appet,0.09481241558092984
shap_capable,12,2,2,coefficient_abs,pe,0.07064761747516542
shap_capable,12,2,2,coefficient_abs,sg,0.20303947570590714
shap_capable,12,2,2,coefficient_abs,al,0.1330083887916837
shap_capable,12,2,2,coefficient_abs,su,0.06745380712383751
shap_capable,12,2,2,coefficient_abs,rbc,0.05199805126570271
shap_capable,12,2,2,coefficient_abs,pc,0.07236906386156428
shap_capable,12,2,2,coefficient_abs,pcc,0.057252349443033666
shap_capable,12,2,2,coefficient_abs,ba,0.03231543755879431
shap_capable,12,2,2,coefficient_abs,ane,0.04396026574743788
shap_capable,12,2,2,coefficient_abs,bgr,0.0817885274951155
shap_capable,12,2,2,coefficient_abs,bu,0.07004817079517528
shap_capable,12,2,2,coefficient_abs,sc,0.029471816877879066
shap_capable,12,2,2,coefficient_abs,sod,0.14010680558260621
shap_capable,12,2,2,coefficient_abs,pot,0.010118626650414419
shap_capable,12,2,2,coefficient_abs,hemo,0.21888825506216378
shap_capable,12,2,2,coefficient_abs,pcv,0.18703031508945508
shap_capable,12,2,2,coefficient_abs,rbcc,0.14934559176358037
shap_capable,12,2,2,coefficient_abs,wbcc,0.0476497795360429
shap_capable,13,2,3,permutation,age,-0.00013333333333332976
shap_capable,13,2,3,permutation,bp (Diastolic),0.0
shap_capable,13,2,3,permutation,bp limit,-0.00039999999999997817
shap_capable,13,2,3,permutation,htn,0.011666666666666709
shap_capable,13,2,3,permutation,dm,0.01673333333333336
shap_capable,13,2,3,permutation,cad,0.0005333333333333412
shap_capable,13,2,3,permutation,appet,0.000400000000000017
shap_capable,13,2,3,permutation,pe,0.00026666666666667617
shap_capable,13,2,3,permutation,sg,0.013000000000000017
shap_capable,13,2,3,permutation,al,0.0006666666666666876
shap_capable,13,2,3,permutation,su,0.00026666666666667617
shap_capable,13,2,3,permutation,rbc,0.0005333333333333356
shap_capable,13,2,3,permutation,pc,0.00013333333333335752
shap_capable,13,2,3,permutation,pcc,0.0005333333333333412
shap_capable,13,2,3,permutation,ba,0.00040000000000000593
shap_capable,13,2,3,permutation,ane,0.0007999999999999952
shap_capable,13,2,3,permutation,bgr,0.0007999999999999952
shap_capable,13,2,3,permutation,bu,0.00013333333333334085
shap_capable,13,2,3,permutation,sc,0.0001333333333333353
shap_capable,13,2,3,permutation,sod,0.012133333333333374
shap_capable,13,2,3,permutation,pot,0.0
shap_capable,13,2,3,permutation,hemo,0.011666666666666737
shap_capable,13,2,3,permutation,pcv,0.01100000000000001
shap_capable,13,2,3,permutation,rbcc,0.005133333333333362
shap_capable,13,2,3,permutation,wbcc,0.0001333333333333353
shap_capable,13,2,3,shap,age,0.04153185457807758
shap_capable,13,2,3,shap,bp (Diastolic),0.01525316513358923
shap_capable,13,2,3,shap,bp limit,0.05149610226453564
shap_capable,13,2,3,shap,htn,0.14108335886450613
shap_capable,13,2,3,shap,dm,0.13200926546921318
shap_capable,13,2,3,shap,cad,0.012767654243523548
shap_capable,13,2,3,shap,appet,0.08405385901873427
shap_capable,13,2,3,shap,pe,0.04731267303403862
shap_capable,13,2,3,shap,sg,0.14994988264930298
shap_capable,13,2,3,shap,al,0.10754262474686557
shap_capable,13,2,3,shap,su,0.027906102175119695
shap_capable,13,2,3,shap,rbc,0.03240484550956477
shap_capable,13,2,3,shap,pc,0.05037223318945254
shap_capable,13,2,3,shap,pcc,0.020487478522164836
shap_capable,13,2,3,shap,ba,0.0053376787804798554
shap_capable,13,2,3,shap,ane,0.03117319596092255
shap_capable,13,2,3,shap,bgr,0.03443058050330056
shap_capable,13,2,3,shap,bu,0.040646191867591844
shap_capable,13,2,3,shap,sc,0.011331130911889262
shap_capable,13,2,3,shap,sod,0.1174960722911484
shap_capable,13,2,3,shap,pot,0.0
shap_capable,13,2,3,shap,hemo,0.17134937147989987
shap_capable,13,2,3,shap,pcv,0.1240388693655631
shap_capable,13,2,3,shap,rbcc,0.10513323183138205
shap_capable,13,2,3,shap,wbcc,0.0417635851628387
shap_capable,13,2,3,coefficient,age,0.04924116530190203
shap_capable,13,2,3,coefficient,bp (Diastolic),0.016756481070844723
shap_capable,13,2,3,coefficient,bp limit,0.06600959044042044
shap_capable,13,2,3,coefficient,htn,0.1519042815015411
shap_capable,13,2,3,coefficient,dm,0.1510946977188949
shap_capable,13,2,3,coefficient,cad,0.04444741836055502
shap_capable,13,2,3,coefficient,appet,0.08748603022160945
shap_capable,13,2,3,coefficient,pe,0.07147463872514441
shap_capable,13,2,3,coefficient,sg,-0.2162616292232806
shap_capable,13,2,3,coefficient,al,0.1275464093872266
shap_capable,13,2,3,coefficient,su,0.06501664130905278
shap_capable,13,2,3,coefficient,rbc,0.041108927734994076
shap_capable,13,2,3,coefficient,pc,0.0603141343716984
shap_capable,13,2,3,coefficient,pcc,0.03993192301091666
shap_capable,13,2,3,coefficient,ba,0.012945492426622025
shap_capable,13,2,3,coefficient,ane,0.039199113248283554
shap_capable,13,2,3,coefficient,bgr,0.083708765996958
shap_capable,13,2,3,coefficient,bu,0.060457023175937555
shap_capable,13,2,3,coefficient,sc,0.029571501980206236
shap_capable,13,2,3,coefficient,sod,-0.12586791994447313
shap_capable,13,2,3,coefficient,pot,0.010199210110849247
shap_capable,13,2,3,coefficient,hemo,-0.23255062051063338
shap_capable,13,2,3,coefficient,pcv,-0.18484218768533242
shap_capable,13,2,3,coefficient,rbcc,-0.1466308936030168
shap_capable,13,2,3,coefficient,wbcc,0.07151241587270585
shap_capable,13,2,3,coefficient_abs,age,0.04924116530190203
shap_capable,13,2,3,coefficient_abs,bp (Diastolic),0.016756481070844723
shap_capable,13,2,3,coefficient_abs,bp limit,0.06600959044042044
shap_capable,13,2,3,coefficient_abs,htn,0.1519042815015411
shap_capable,13,2,3,coefficient_abs,dm,0.1510946977188949
shap_capable,13,2,3,coefficient_abs,cad,0.04444741836055502
shap_capable,13,2,3,coefficient_abs,appet,0.08748603022160945
shap_capable,13,2,3,coefficient_abs,pe,0.07147463872514441
shap_capable,13,2,3,coefficient_abs,sg,0.2162616292232806
shap_capable,13,2,3,coefficient_abs,al,0.1275464093872266
shap_capable,13,2,3,coefficient_abs,su,0.06501664130905278
shap_capable,13,2,3,coefficient_abs,rbc,0.041108927734994076
shap_capable,13,2,3,coefficient_abs,pc,0.0603141343716984
shap_capable,13,2,3,coefficient_abs,pcc,0.03993192301091666
shap_capable,13,2,3,coefficient_abs,ba,0.012945492426622025
shap_capable,13,2,3,coefficient_abs,ane,0.039199113248283554
shap_capable,13,2,3,coefficient_abs,bgr,0.083708765996958
shap_capable,13,2,3,coefficient_abs,bu,0.060457023175937555
shap_capable,13,2,3,coefficient_abs,sc,0.029571501980206236
shap_capable,13,2,3,coefficient_abs,sod,0.12586791994447313
shap_capable,13,2,3,coefficient_abs,pot,0.010199210110849247
shap_capable,13,2,3,coefficient_abs,hemo,0.23255062051063338
shap_capable,13,2,3,coefficient_abs,pcv,0.18484218768533242
shap_capable,13,2,3,coefficient_abs,rbcc,0.1466308936030168
shap_capable,13,2,3,coefficient_abs,wbcc,0.07151241587270585
shap_capable,14,2,4,permutation,age,0.0
shap_capable,14,2,4,permutation,bp (Diastolic),0.0
shap_capable,14,2,4,permutation,bp limit,0.0
shap_capable,14,2,4,permutation,htn,0.0
shap_capable,14,2,4,permutation,dm,0.0
shap_capable,14,2,4,permutation,cad,0.0
shap_capable,14,2,4,permutation,appet,0.0
shap_capable,14,2,4,permutation,pe,0.0
shap_capable,14,2,4,permutation,sg,0.0011999999999999732
shap_capable,14,2,4,permutation,al,0.0
shap_capable,14,2,4,permutation,su,0.0
shap_capable,14,2,4,permutation,rbc,0.0
shap_capable,14,2,4,permutation,pc,0.0
shap_capable,14,2,4,permutation,pcc,0.0
shap_capable,14,2,4,permutation,ba,0.0
shap_capable,14,2,4,permutation,ane,0.0
shap_capable,14,2,4,permutation,bgr,0.0
shap_capable,14,2,4,permutation,bu,0.0
shap_capable,14,2,4,permutation,sc,0.0
shap_capable,14,2,4,permutation,sod,0.0
shap_capable,14,2,4,permutation,pot,0.0
shap_capable,14,2,4,permutation,hemo,0.004333333333333328
shap_capable,14,2,4,permutation,pcv,0.0035333333333333328
shap_capable,14,2,4,permutation,rbcc,0.0
shap_capable,14,2,4,permutation,wbcc,0.0
shap_capable,14,2,4,shap,age,0.026154195784763738
shap_capable,14,2,4,shap,bp (Diastolic),0.02482195859427032
shap_capable,14,2,4,shap,bp limit,0.07286238891464589
shap_capable,14,2,4,shap,htn,0.15055288657874316
shap_capable,14,2,4,shap,dm,0.1395895818385206
shap_capable,14,2,4,shap,cad,0.037686082163262045
shap_capable,14,2,4,shap,appet,0.06491774529421004
shap_capable,14,2,4,shap,pe,0.05212621206659266
shap_capable,14,2,4,shap,sg,0.1657007442119643
shap_capable,14,2,4,shap,al,0.12800793568947144
shap_capable,14,2,4,shap,su,0.05378870244624036
shap_capable,14,2,4,shap,rbc,0.03750789776913547
shap_capable,14,2,4,shap,pc,0.0566427534433261
shap_capable,14,2,4,shap,pcc,0.0362805642353954
shap_capable,14,2,4,shap,ba,0.02889811212612181
shap_capable,14,2,4,shap,ane,0.038240674600442004
shap_capable,14,2,4,shap,bgr,0.059479834703582
shap_capable,14,2,4,shap,bu,0.03817722684822858
shap_capable,14,2,4,shap,sc,0.016000745958599846
shap_capable,14,2,4,shap,sod,0.10374438684053285
shap_capable,14,2,4,shap,pot,0.00992862362905771
shap_capable,14,2,4,shap,hemo,0.2125989628633879
shap_capable,14,2,4,shap,pcv,0.1808343254078604
shap_capable,14,2,4,shap,rbcc,0.11393679645185162
shap_capable,14,2,4,shap,wbcc,0.029168039034888554
shap_capable,14,2,4,coefficient,age,0.03330271356806037
shap_capable,14,2,4,coefficient,bp (Diastolic),0.024697536965679664
shap_capable,14,2,4,coefficient,bp limit,0.07603666147833431
shap_capable,14,2,4,coefficient,htn,0.15692204717111385
shap_capable,14,2,4,coefficient,dm,0.13442377171593034
shap_capable,14,2,4,coefficient,cad,0.03327756001874473
shap_capable,14,2,4,coefficient,appet,0.09096624807043908
shap_capable,14,2,4,coefficient,pe,0.068593059162094
shap_capable,14,2,4,coefficient,sg,-0.20678520634572056
shap_capable,14,2,4,coefficient,al,0.13605965465476763
shap_capable,14,2,4,coefficient,su,0.0733556997720166
shap_capable,14,2,4,coefficient,rbc,0.04758268199204401
shap_capable,14,2,4,coefficient,pc,0.05456748200687722
shap_capable,14,2,4,coefficient,pcc,0.041553831338511024
shap_capable,14,2,4,coefficient,ba,0.03283762352503398
shap_capable,14,2,4,coefficient,ane,0.048086199959496374
shap_capable,14,2,4,coefficient,bgr,0.07399805006192496
shap_capable,14,2,4,coefficient,bu,0.0747467516479651
shap_capable,14,2,4,coefficient,sc,0.03434750926019954
shap_capable,14,2,4,coefficient,sod,-0.14790480085044677
shap_capable,14,2,4,coefficient,pot,0.01507460288446274
shap_capable,14,2,4,coefficient,hemo,-0.2237139323475744
shap_capable,14,2,4,coefficient,pcv,-0.17771525337619268
shap_capable,14,2,4,coefficient,rbcc,-0.1511835824537692
shap_capable,14,2,4,coefficient,wbcc,0.04772962065428078
shap_capable,14,2,4,coefficient_abs,age,0.03330271356806037
shap_capable,14,2,4,coefficient_abs,bp (Diastolic),0.024697536965679664
shap_capable,14,2,4,coefficient_abs,bp limit,0.07603666147833431
shap_capable,14,2,4,coefficient_abs,htn,0.15692204717111385
shap_capable,14,2,4,coefficient_abs,dm,0.13442377171593034
shap_capable,14,2,4,coefficient_abs,cad,0.03327756001874473
shap_capable,14,2,4,coefficient_abs,appet,0.09096624807043908
shap_capable,14,2,4,coefficient_abs,pe,0.068593059162094
shap_capable,14,2,4,coefficient_abs,sg,0.20678520634572056
shap_capable,14,2,4,coefficient_abs,al,0.13605965465476763
shap_capable,14,2,4,coefficient_abs,su,0.0733556997720166
shap_capable,14,2,4,coefficient_abs,rbc,0.04758268199204401
shap_capable,14,2,4,coefficient_abs,pc,0.05456748200687722
shap_capable,14,2,4,coefficient_abs,pcc,0.041553831338511024
shap_capable,14,2,4,coefficient_abs,ba,0.03283762352503398
shap_capable,14,2,4,coefficient_abs,ane,0.048086199959496374
shap_capable,14,2,4,coefficient_abs,bgr,0.07399805006192496
shap_capable,14,2,4,coefficient_abs,bu,0.0747467516479651
shap_capable,14,2,4,coefficient_abs,sc,0.03434750926019954
shap_capable,14,2,4,coefficient_abs,sod,0.14790480085044677
shap_capable,14,2,4,coefficient_abs,pot,0.01507460288446274
shap_capable,14,2,4,coefficient_abs,hemo,0.2237139323475744
shap_capable,14,2,4,coefficient_abs,pcv,0.17771525337619268
shap_capable,14,2,4,coefficient_abs,rbcc,0.1511835824537692
shap_capable,14,2,4,coefficient_abs,wbcc,0.04772962065428078
shap_capable,15,3,0,permutation,age,0.0
shap_capable,15,3,0,permutation,bp (Diastolic),0.0
shap_capable,15,3,0,permutation,bp limit,0.0
shap_capable,15,3,0,permutation,htn,0.0013736263736263854
shap_capable,15,3,0,permutation,dm,0.0006868131868131899
shap_capable,15,3,0,permutation,cad,0.0
shap_capable,15,3,0,permutation,appet,0.0
shap_capable,15,3,0,permutation,pe,0.0
shap_capable,15,3,0,permutation,sg,0.006730769230769235
shap_capable,15,3,0,permutation,al,0.0028846153846153965
shap_capable,15,3,0,permutation,su,0.00027472527472527375
shap_capable,15,3,0,permutation,rbc,0.0
shap_capable,15,3,0,permutation,pc,0.0
shap_capable,15,3,0,permutation,pcc,0.0
shap_capable,15,3,0,permutation,ba,0.0
shap_capable,15,3,0,permutation,ane,0.0
shap_capable,15,3,0,permutation,bgr,0.0008241758241758212
shap_capable,15,3,0,permutation,bu,0.0
shap_capable,15,3,0,permutation,sc,0.0
shap_capable,15,3,0,permutation,sod,0.0004120879120879106
shap_capable,15,3,0,permutation,pot,0.0
shap_capable,15,3,0,permutation,hemo,0.009752747252747268
shap_capable,15,3,0,permutation,pcv,0.013804945054945094
shap_capable,15,3,0,permutation,rbcc,0.0012362637362637319
shap_capable,15,3,0,permutation,wbcc,0.0
shap_capable,15,3,0,shap,age,0.04752419479077507
shap_capable,15,3,0,shap,bp (Diastolic),0.0355398270763892
shap_capable,15,3,0,shap,bp limit,0.07540936900372686
shap_capable,15,3,0,shap,htn,0.1389954293972427
shap_capable,15,3,0,shap,dm,0.13382444552325956
shap_capable,15,3,0,shap,cad,0.024973627274960632
shap_capable,15,3,0,shap,appet,0.06568159560091646
shap_capable,15,3,0,shap,pe,0.04525988364642427
shap_capable,15,3,0,shap,sg,0.17502896386704273
shap_capable,15,3,0,shap,al,0.11041201251980648
shap_capable,15,3,0,shap,su,0.04934666846441062
shap_capable,15,3,0,shap,rbc,0.032819363512543845
shap_capable,15,3,0,shap,pc,0.05064206017736783
shap_capable,15,3,0,shap,pcc,0.0301578404599582
shap_capable,15,3,0,shap,ba,0.009426857254074841
shap_capable,15,3,0,shap,ane,0.03202725634530025
shap_capable,15,3,0,shap,bgr,0.06694834995471491
shap_capable,15,3,0,shap,bu,0.03587427183516038
shap_capable,15,3,0,shap,sc,0.010949664674016119
shap_capable,15,3,0,shap,sod,0.08148263081353398
shap_capable,15,3,0,shap,pot,0.009436614646192804
shap_capable,15,3,0,shap,hemo,0.16455878597316292
shap_capable,15,3,0,shap,pcv,0.1589355318731091
shap_capable,15,3,0,shap,rbcc,0.08643441972671351
shap_capable,15,3,0,shap,wbcc,0.0409355948449634
shap_capable,15,3,0,coefficient,age,0.0662166406358102
shap_capable,15,3,0,coefficient,bp (Diastolic),0.03536168145794894
shap_capable,15,3,0,coefficient,bp limit,0.0834436339426595
shap_capable,15,3,0,coefficient,htn,0.16291727639051715
shap_capable,15,3,0,coefficient,dm,0.15317231007888085
shap_capable,15,3,0,coefficient,cad,0.035180828337547786
shap_capable,15,3,0,coefficient,appet,0.0920365963422965
shap_capable,15,3,0,coefficient,pe,0.0683735165426588
shap_capable,15,3,0,coefficient,sg,-0.2137022466359996
shap_capable,15,3,0,coefficient,al,0.12466220183020288
shap_capable,15,3,0,coefficient,su,0.07050999905210896
shap_capable,15,3,0,coefficient,rbc,0.04961821373806758
shap_capable,15,3,0,coefficient,pc,0.06672595861080376
shap_capable,15,3,0,coefficient,pcc,0.03454118871680137
shap_capable,15,3,0,coefficient,ba,0.022862992362103478
shap_capable,15,3,0,coefficient,ane,0.04027306183443626
shap_capable,15,3,0,coefficient,bgr,0.09505319501129138
shap_capable,15,3,0,coefficient,bu,0.0733819135420241
shap_capable,15,3,0,coefficient,sc,0.02936142632788935
shap_capable,15,3,0,coefficient,sod,-0.11358688315563056
shap_capable,15,3,0,coefficient,pot,0.014327586952609876
shap_capable,15,3,0,coefficient,hemo,-0.22605367052322836
shap_capable,15,3,0,coefficient,pcv,-0.17642697431387896
shap_capable,15,3,0,coefficient,rbcc,-0.1543423520011589
shap_capable,15,3,0,coefficient,wbcc,0.05325684737451703
shap_capable,15,3,0,coefficient_abs,age,0.0662166406358102
shap_capable,15,3,0,coefficient_abs,bp (Diastolic),0.03536168145794894
shap_capable,15,3,0,coefficient_abs,bp limit,0.0834436339426595
shap_capable,15,3,0,coefficient_abs,htn,0.16291727639051715
shap_capable,15,3,0,coefficient_abs,dm,0.15317231007888085
shap_capable,15,3,0,coefficient_abs,cad,0.035180828337547786
shap_capable,15,3,0,coefficient_abs,appet,0.0920365963422965
shap_capable,15,3,0,coefficient_abs,pe,0.0683735165426588
shap_capable,15,3,0,coefficient_abs,sg,0.2137022466359996
shap_capable,15,3,0,coefficient_abs,al,0.12466220183020288
shap_capable,15,3,0,coefficient_abs,su,0.07050999905210896
shap_capable,15,3,0,coefficient_abs,rbc,0.04961821373806758
shap_capable,15,3,0,coefficient_abs,pc,0.06672595861080376
shap_capable,15,3,0,coefficient_abs,pcc,0.03454118871680137
shap_capable,15,3,0,coefficient_abs,ba,0.022862992362103478
shap_capable,15,3,0,coefficient_abs,ane,0.04027306183443626
shap_capable,15,3,0,coefficient_abs,bgr,0.09505319501129138
shap_capable,15,3,0,coefficient_abs,bu,0.0733819135420241
shap_capable,15,3,0,coefficient_abs,sc,0.02936142632788935
shap_capable,15,3,0,coefficient_abs,sod,0.11358688315563056
shap_capable,15,3,0,coefficient_abs,pot,0.014327586952609876
shap_capable,15,3,0,coefficient_abs,hemo,0.22605367052322836
shap_capable,15,3,0,coefficient_abs,pcv,0.17642697431387896
shap_capable,15,3,0,coefficient_abs,rbcc,0.1543423520011589
shap_capable,15,3,0,coefficient_abs,wbcc,0.05325684737451703
shap_capable,16,3,1,permutation,age,0.0
shap_capable,16,3,1,permutation,bp (Diastolic),0.0
shap_capable,16,3,1,permutation,bp limit,0.0
shap_capable,16,3,1,permutation,htn,0.0
shap_capable,16,3,1,permutation,dm,0.0
shap_capable,16,3,1,permutation,cad,0.0
shap_capable,16,3,1,permutation,appet,0.0
shap_capable,16,3,1,permutation,pe,0.0
shap_capable,16,3,1,permutation,sg,0.004258241758241793
shap_capable,16,3,1,permutation,al,0.0
shap_capable,16,3,1,permutation,su,0.0
shap_capable,16,3,1,permutation,rbc,0.0
shap_capable,16,3,1,permutation,pc,0.0
shap_capable,16,3,1,permutation,pcc,0.0
shap_capable,16,3,1,permutation,ba,0.0
shap_capable,16,3,1,permutation,ane,0.0
shap_capable,16,3,1,permutation,bgr,0.0
shap_capable,16,3,1,permutation,bu,0.0
shap_capable,16,3,1,permutation,sc,0.0
shap_capable,16,3,1,permutation,sod,0.0
shap_capable,16,3,1,permutation,pot,0.0
shap_capable,16,3,1,permutation,hemo,0.0032967032967032963
shap_capable,16,3,1,permutation,pcv,0.0008241758241758323
shap_capable,16,3,1,permutation,rbcc,0.0020604395604395752
shap_capable,16,3,1,permutation,wbcc,0.0
shap_capable,16,3,1,shap,age,0.04187421074572538
shap_capable,16,3,1,shap,bp (Diastolic),0.008187962324618997
shap_capable,16,3,1,shap,bp limit,0.06200884020282806
shap_capable,16,3,1,shap,htn,0.15302532047209072
shap_capable,16,3,1,shap,dm,0.1382666811436589
shap_capable,16,3,1,shap,cad,0.02341163622688696
shap_capable,16,3,1,shap,appet,0.08899673447130371
shap_capable,16,3,1,shap,pe,0.057763531441567005
shap_capable,16,3,1,shap,sg,0.2169315797773188
shap_capable,16,3,1,shap,al,0.11163734459209038
shap_capable,16,3,1,shap,su,0.04626589879260446
shap_capable,16,3,1,shap,rbc,0.03955495559485088
shap_capable,16,3,1,shap,pc,0.05366907288632457
shap_capable,16,3,1,shap,pcc,0.03585350206010167
shap_capable,16,3,1,shap,ba,0.018516777706186014
shap_capable,16,3,1,shap,ane,0.03179269266338687
shap_capable,16,3,1,shap,bgr,0.05016552256080614
shap_capable,16,3,1,shap,bu,0.038184265643160735
shap_capable,16,3,1,shap,sc,0.019046553192256246
shap_capable,16,3,1,shap,sod,0.11244096859198568
shap_capable,16,3,1,shap,pot,0.00022412175886291473
shap_capable,16,3,1,shap,hemo,0.22970389519699969
shap_capable,16,3,1,shap,pcv,0.1813960998935213
shap_capable,16,3,1,shap,rbcc,0.13795319423956093
shap_capable,16,3,1,shap,wbcc,0.03515467897002874
shap_capable,16,3,1,coefficient,age,0.06684542274414794
shap_capable,16,3,1,coefficient,bp (Diastolic),0.008518459340478214
shap_capable,16,3,1,coefficient,bp limit,0.0646620622239455
shap_capable,16,3,1,coefficient,htn,0.14966275700415663
shap_capable,16,3,1,coefficient,dm,0.14009810771099573
shap_capable,16,3,1,coefficient,cad,0.03298042155153945
shap_capable,16,3,1,coefficient,appet,0.09263073810621424
shap_capable,16,3,1,coefficient,pe,0.06760697090977515
shap_capable,16,3,1,coefficient,sg,-0.20386455372016185
shap_capable,16,3,1,coefficient,al,0.1293811498792844
shap_capable,16,3,1,coefficient,su,0.06749918115910372
shap_capable,16,3,1,coefficient,rbc,0.050179588439317434
shap_capable,16,3,1,coefficient,pc,0.059164591646922636
shap_capable,16,3,1,coefficient,pcc,0.04747756828026863
shap_capable,16,3,1,coefficient,ba,0.029085680281539354
shap_capable,16,3,1,coefficient,ane,0.045994533869147695
shap_capable,16,3,1,coefficient,bgr,0.07652135606307406
shap_capable,16,3,1,coefficient,bu,0.07286253754124787
shap_capable,16,3,1,coefficient,sc,0.03712756150015496
shap_capable,16,3,1,coefficient,sod,-0.14828146071871798
shap_capable,16,3,1,coefficient,pot,0.007921243400325946
shap_capable,16,3,1,coefficient,hemo,-0.22702576728319343
shap_capable,16,3,1,coefficient,pcv,-0.1910057442150477
shap_capable,16,3,1,coefficient,rbcc,-0.16131376198688097
shap_capable,16,3,1,coefficient,wbcc,0.043966802363584995
shap_capable,16,3,1,coefficient_abs,age,0.06684542274414794
shap_capable,16,3,1,coefficient_abs,bp (Diastolic),0.008518459340478214
shap_capable,16,3,1,coefficient_abs,bp limit,0.0646620622239455
shap_capable,16,3,1,coefficient_abs,htn,0.14966275700415663
shap_capable,16,3,1,coefficient_abs,dm,0.14009810771099573
shap_capable,16,3,1,coefficient_abs,cad,0.03298042155153945
shap_capable,16,3,1,coefficient_abs,appet,0.09263073810621424
shap_capable,16,3,1,coefficient_abs,pe,0.06760697090977515
shap_capable,16,3,1,coefficient_abs,sg,0.20386455372016185
shap_capable,16,3,1,coefficient_abs,al,0.1293811498792844
shap_capable,16,3,1,coefficient_abs,su,0.06749918115910372
shap_capable,16,3,1,coefficient_abs,rbc,0.050179588439317434
shap_capable,16,3,1,coefficient_abs,pc,0.059164591646922636
shap_capable,16,3,1,coefficient_abs,pcc,0.04747756828026863
shap_capable,16,3,1,coefficient_abs,ba,0.029085680281539354
shap_capable,16,3,1,coefficient_abs,ane,0.045994533869147695
shap_capable,16,3,1,coefficient_abs,bgr,0.07652135606307406
shap_capable,16,3,1,coefficient_abs,bu,0.07286253754124787
shap_capable,16,3,1,coefficient_abs,sc,0.03712756150015496
shap_capable,16,3,1,coefficient_abs,sod,0.14828146071871798
shap_capable,16,3,1,coefficient_abs,pot,0.007921243400325946
shap_capable,16,3,1,coefficient_abs,hemo,0.22702576728319343
shap_capable,16,3,1,coefficient_abs,pcv,0.1910057442150477
shap_capable,16,3,1,coefficient_abs,rbcc,0.16131376198688097
shap_capable,16,3,1,coefficient_abs,wbcc,0.043966802363584995
shap_capable,17,3,2,permutation,age,0.0
shap_capable,17,3,2,permutation,bp (Diastolic),0.0
shap_capable,17,3,2,permutation,bp limit,0.0
shap_capable,17,3,2,permutation,htn,0.0
shap_capable,17,3,2,permutation,dm,0.0
shap_capable,17,3,2,permutation,cad,0.0
shap_capable,17,3,2,permutation,appet,0.0
shap_capable,17,3,2,permutation,pe,0.0
shap_capable,17,3,2,permutation,sg,0.00041208791208792174
shap_capable,17,3,2,permutation,al,0.0
shap_capable,17,3,2,permutation,su,0.0
shap_capable,17,3,2,permutation,rbc,0.0
shap_capable,17,3,2,permutation,pc,0.0
shap_capable,17,3,2,permutation,pcc,0.0
shap_capable,17,3,2,permutation,ba,0.0
shap_capable,17,3,2,permutation,ane,0.0
shap_capable,17,3,2,permutation,bgr,0.0
shap_capable,17,3,2,permutation,bu,0.0
shap_capable,17,3,2,permutation,sc,0.0
shap_capable,17,3,2,permutation,sod,0.0
shap_capable,17,3,2,permutation,pot,0.0
shap_capable,17,3,2,permutation,hemo,0.0006868131868131899
shap_capable,17,3,2,permutation,pcv,0.0002747252747252793
shap_capable,17,3,2,permutation,rbcc,0.0
shap_capable,17,3,2,permutation,wbcc,0.0
shap_capable,17,3,2,shap,age,0.026606530605254468
shap_capable,17,3,2,shap,bp (Diastolic),0.012216832505688544
shap_capable,17,3,2,shap,bp limit,0.06786276732742576
shap_capable,17,3,2,shap,htn,0.14968774527159
shap_capable,17,3,2,shap,dm,0.12930832855048185
shap_capable,17,3,2,shap,cad,0.019818964160520664
shap_capable,17,3,2,shap,appet,0.07175193249232918
shap_capable,17,3,2,shap,pe,0.0427416987848234
shap_capable,17,3,2,shap,sg,0.16388081188811646
shap_capable,17,3,2,shap,al,0.1278008702513059
shap_capable,17,3,2,shap,su,0.047160386087871105
shap_capable,17,3,2,shap,rbc,0.022593854193051856
shap_capable,17,3,2,shap,pc,0.05035051705112135
shap_capable,17,3,2,shap,pcc,0.03498827612452287
shap_capable,17,3,2,shap,ba,0.017856204987681496
shap_capable,17,3,2,shap,ane,0.03951984300855027
shap_capable,17,3,2,shap,bgr,0.08149530805161775
shap_capable,17,3,2,shap,bu,0.05083259472810906
shap_capable,17,3,2,shap,sc,0.017180417412462463
shap_capable,17,3,2,shap,sod,0.07189899820718865
shap_capable,17,3,2,shap,pot,0.0
shap_capable,17,3,2,shap,hemo,0.18552852987596688
shap_capable,17,3,2,shap,pcv,0.14948903509439834
shap_capable,17,3,2,shap,rbcc,0.09832274420725316
shap_capable,17,3,2,shap,wbcc,0.024739562210641806
shap_capable,17,3,2,coefficient,age,0.03086884840946686
shap_capable,17,3,2,coefficient,bp (Diastolic),0.012200476274074185
shap_capable,17,3,2,coefficient,bp limit,0.07076646602745212
shap_capable,17,3,2,coefficient,htn,0.14875172422158492
shap_capable,17,3,2,coefficient,dm,0.12452299812851642
shap_capable,17,3,2,coefficient,cad,0.046207698162236334
shap_capable,17,3,2,coefficient,appet,0.10054267998757427
shap_capable,17,3,2,coefficient,pe,0.07626337810267697
shap_capable,17,3,2,coefficient,sg,-0.21145128587550807
shap_capable,17,3,2,coefficient,al,0.14346385584518723
shap_capable,17,3,2,coefficient,su,0.05197715259346924
shap_capable,17,3,2,coefficient,rbc,0.05607744665659766
shap_capable,17,3,2,coefficient,pc,0.060288132147806185
shap_capable,17,3,2,coefficient,pcc,0.055081452556540324
shap_capable,17,3,2,coefficient,ba,0.0280480695698921
shap_capable,17,3,2,coefficient,ane,0.03975623173051486
shap_capable,17,3,2,coefficient,bgr,0.08309173092468715
shap_capable,17,3,2,coefficient,bu,0.06852147182074586
shap_capable,17,3,2,coefficient,sc,0.028393767813689814
shap_capable,17,3,2,coefficient,sod,-0.13754866099532045
shap_capable,17,3,2,coefficient,pot,0.009448881008888483
shap_capable,17,3,2,coefficient,hemo,-0.22214411444320806
shap_capable,17,3,2,coefficient,pcv,-0.18931614239039468
shap_capable,17,3,2,coefficient,rbcc,-0.15270830838760155
shap_capable,17,3,2,coefficient,wbcc,0.05325491116599914
shap_capable,17,3,2,coefficient_abs,age,0.03086884840946686
shap_capable,17,3,2,coefficient_abs,bp (Diastolic),0.012200476274074185
shap_capable,17,3,2,coefficient_abs,bp limit,0.07076646602745212
shap_capable,17,3,2,coefficient_abs,htn,0.14875172422158492
shap_capable,17,3,2,coefficient_abs,dm,0.12452299812851642
shap_capable,17,3,2,coefficient_abs,cad,0.046207698162236334
shap_capable,17,3,2,coefficient_abs,appet,0.10054267998757427
shap_capable,17,3,2,coefficient_abs,pe,0.07626337810267697
shap_capable,17,3,2,coefficient_abs,sg,0.21145128587550807
shap_capable,17,3,2,coefficient_abs,al,0.14346385584518723
shap_capable,17,3,2,coefficient_abs,su,0.05197715259346924
shap_capable,17,3,2,coefficient_abs,rbc,0.05607744665659766
shap_capable,17,3,2,coefficient_abs,pc,0.060288132147806185
shap_capable,17,3,2,coefficient_abs,pcc,0.055081452556540324
shap_capable,17,3,2,coefficient_abs,ba,0.0280480695698921
shap_capable,17,3,2,coefficient_abs,ane,0.03975623173051486
shap_capable,17,3,2,coefficient_abs,bgr,0.08309173092468715
shap_capable,17,3,2,coefficient_abs,bu,0.06852147182074586
shap_capable,17,3,2,coefficient_abs,sc,0.028393767813689814
shap_capable,17,3,2,coefficient_abs,sod,0.13754866099532045
shap_capable,17,3,2,coefficient_abs,pot,0.009448881008888483
shap_capable,17,3,2,coefficient_abs,hemo,0.22214411444320806
shap_capable,17,3,2,coefficient_abs,pcv,0.18931614239039468
shap_capable,17,3,2,coefficient_abs,rbcc,0.15270830838760155
shap_capable,17,3,2,coefficient_abs,wbcc,0.05325491116599914
shap_capable,18,3,3,permutation,age,0.0006666666666666488
shap_capable,18,3,3,permutation,bp (Diastolic),0.0
shap_capable,18,3,3,permutation,bp limit,0.000533333333333319
shap_capable,18,3,3,permutation,htn,0.013599999999999945
shap_capable,18,3,3,permutation,dm,0.0015999999999999626
shap_capable,18,3,3,permutation,cad,0.00039999999999998923
shap_capable,18,3,3,permutation,appet,0.0009333333333333083
shap_capable,18,3,3,permutation,pe,0.0006666666666666488
shap_capable,18,3,3,permutation,sg,0.026733333333333293
shap_capable,18,3,3,permutation,al,0.006666666666666621
shap_capable,18,3,3,permutation,su,0.00013333333333332976
shap_capable,18,3,3,permutation,rbc,0.000533333333333319
shap_capable,18,3,3,permutation,pc,0.0007999999999999785
shap_capable,18,3,3,permutation,pcc,0.00039999999999998923
shap_capable,18,3,3,permutation,ba,0.0
shap_capable,18,3,3,permutation,ane,0.00039999999999998923
shap_capable,18,3,3,permutation,bgr,0.0020666666666666555
shap_capable,18,3,3,permutation,bu,0.00039999999999998923
shap_capable,18,3,3,permutation,sc,0.0
shap_capable,18,3,3,permutation,sod,0.004399999999999971
shap_capable,18,3,3,permutation,pot,0.0
shap_capable,18,3,3,permutation,hemo,0.008933333333333321
shap_capable,18,3,3,permutation,pcv,0.010466666666666596
shap_capable,18,3,3,permutation,rbcc,0.00239999999999998
shap_capable,18,3,3,permutation,wbcc,0.000533333333333319
shap_capable,18,3,3,shap,age,0.05959096909441762
shap_capable,18,3,3,shap,bp (Diastolic),0.032877287895347086
shap_capable,18,3,3,shap,bp limit,0.06253509513392122
shap_capable,18,3,3,shap,htn,0.12529527935884882
shap_capable,18,3,3,shap,dm,0.12371039104813948
shap_capable,18,3,3,shap,cad,0.0237035657840904
shap_capable,18,3,3,shap,appet,0.06956168078875405
shap_capable,18,3,3,shap,pe,0.05165355634917952
shap_capable,18,3,3,shap,sg,0.18342832586283872
shap_capable,18,3,3,shap,al,0.10350419166295773
shap_capable,18,3,3,shap,su,0.0396051524127216
shap_capable,18,3,3,shap,rbc,0.031384055980753736
shap_capable,18,3,3,shap,pc,0.05517734561254992
shap_capable,18,3,3,shap,pcc,0.028689050230152297
shap_capable,18,3,3,shap,ba,0.007279403940267029
shap_capable,18,3,3,shap,ane,0.018457941244785187
shap_capable,18,3,3,shap,bgr,0.05850230753568799
shap_capable,18,3,3,shap,bu,0.05322474759462004
shap_capable,18,3,3,shap,sc,0.01786574376055365
shap_capable,18,3,3,shap,sod,0.13110691871640995
shap_capable,18,3,3,shap,pot,0.003041373338045535
shap_capable,18,3,3,shap,hemo,0.15053750474602873
shap_capable,18,3,3,shap,pcv,0.11086547201576322
shap_capable,18,3,3,shap,rbcc,0.1043014655459531
shap_capable,18,3,3,shap,wbcc,0.03266776125999508
shap_capable,18,3,3,coefficient,age,0.06657290181518383
shap_capable,18,3,3,coefficient,bp (Diastolic),0.0327124884220079
shap_capable,18,3,3,coefficient,bp limit,0.07537165139224118
shap_capable,18,3,3,coefficient,htn,0.15502184653954187
shap_capable,18,3,3,coefficient,dm,0.14159600141449316
shap_capable,18,3,3,coefficient,cad,0.03339166832500787
shap_capable,18,3,3,coefficient,appet,0.07883363827047991
shap_capable,18,3,3,coefficient,pe,0.05001334087818966
shap_capable,18,3,3,coefficient,sg,-0.2031453460548652
shap_capable,18,3,3,coefficient,al,0.12291408261674784
shap_capable,18,3,3,coefficient,su,0.05941509519219263
shap_capable,18,3,3,coefficient,rbc,0.04744823271863068
shap_capable,18,3,3,coefficient,pc,0.060827306039778324
shap_capable,18,3,3,coefficient,pcc,0.045164687551918804
shap_capable,18,3,3,coefficient,ba,0.017654765761415416
shap_capable,18,3,3,coefficient,ane,0.05124658519051578
shap_capable,18,3,3,coefficient,bgr,0.08258738072681258
shap_capable,18,3,3,coefficient,bu,0.07143050858614163
shap_capable,18,3,3,coefficient,sc,0.026087250471305782
shap_capable,18,3,3,coefficient,sod,-0.1500019638999696
shap_capable,18,3,3,coefficient,pot,-0.005252655049327773
shap_capable,18,3,3,coefficient,hemo,-0.226238530663756
shap_capable,18,3,3,coefficient,pcv,-0.18070252417688532
shap_capable,18,3,3,coefficient,rbcc,-0.15577606649767922
shap_capable,18,3,3,coefficient,wbcc,0.05426958790307034
shap_capable,18,3,3,coefficient_abs,age,0.06657290181518383
shap_capable,18,3,3,coefficient_abs,bp (Diastolic),0.0327124884220079
shap_capable,18,3,3,coefficient_abs,bp limit,0.07537165139224118
shap_capable,18,3,3,coefficient_abs,htn,0.15502184653954187
shap_capable,18,3,3,coefficient_abs,dm,0.14159600141449316
shap_capable,18,3,3,coefficient_abs,cad,0.03339166832500787
shap_capable,18,3,3,coefficient_abs,appet,0.07883363827047991
shap_capable,18,3,3,coefficient_abs,pe,0.05001334087818966
shap_capable,18,3,3,coefficient_abs,sg,0.2031453460548652
shap_capable,18,3,3,coefficient_abs,al,0.12291408261674784
shap_capable,18,3,3,coefficient_abs,su,0.05941509519219263
shap_capable,18,3,3,coefficient_abs,rbc,0.04744823271863068
shap_capable,18,3,3,coefficient_abs,pc,0.060827306039778324
shap_capable,18,3,3,coefficient_abs,pcc,0.045164687551918804
shap_capable,18,3,3,coefficient_abs,ba,0.017654765761415416
shap_capable,18,3,3,coefficient_abs,ane,0.05124658519051578
shap_capable,18,3,3,coefficient_abs,bgr,0.08258738072681258
shap_capable,18,3,3,coefficient_abs,bu,0.07143050858614163
shap_capable,18,3,3,coefficient_abs,sc,0.026087250471305782
shap_capable,18,3,3,coefficient_abs,sod,0.1500019638999696
shap_capable,18,3,3,coefficient_abs,pot,0.005252655049327773
shap_capable,18,3,3,coefficient_abs,hemo,0.226238530663756
shap_capable,18,3,3,coefficient_abs,pcv,0.18070252417688532
shap_capable,18,3,3,coefficient_abs,rbcc,0.15577606649767922
shap_capable,18,3,3,coefficient_abs,wbcc,0.05426958790307034
shap_capable,19,3,4,permutation,age,0.0
shap_capable,19,3,4,permutation,bp (Diastolic),0.0
shap_capable,19,3,4,permutation,bp limit,0.0
shap_capable,19,3,4,permutation,htn,0.0014666666666666383
shap_capable,19,3,4,permutation,dm,0.001733333333333298
shap_capable,19,3,4,permutation,cad,0.0002666666666666595
shap_capable,19,3,4,permutation,appet,0.0011999999999999732
shap_capable,19,3,4,permutation,pe,0.0002666666666666595
shap_capable,19,3,4,permutation,sg,0.0054666666666666145
shap_capable,19,3,4,permutation,al,0.0007999999999999785
shap_capable,19,3,4,permutation,su,0.0002666666666666595
shap_capable,19,3,4,permutation,rbc,0.0
shap_capable,19,3,4,permutation,pc,0.00039999999999998923
shap_capable,19,3,4,permutation,pcc,0.0002666666666666595
shap_capable,19,3,4,permutation,ba,0.0
shap_capable,19,3,4,permutation,ane,0.0
shap_capable,19,3,4,permutation,bgr,0.00039999999999998923
shap_capable,19,3,4,permutation,bu,0.0002666666666666595
shap_capable,19,3,4,permutation,sc,0.0
shap_capable,19,3,4,permutation,sod,0.006066666666666626
shap_capable,19,3,4,permutation,pot,0.0
shap_capable,19,3,4,permutation,hemo,0.0163333333333333
shap_capable,19,3,4,permutation,pcv,0.0041333333333333
shap_capable,19,3,4,permutation,rbcc,0.002266666666666639
shap_capable,19,3,4,permutation,wbcc,0.00013333333333332976
shap_capable,19,3,4,shap,age,0.032203825015989784
shap_capable,19,3,4,shap,bp (Diastolic),0.0038354083945906794
shap_capable,19,3,4,shap,bp limit,0.053263076582707035
shap_capable,19,3,4,shap,htn,0.14145542307261896
shap_capable,19,3,4,shap,dm,0.13750986520674696
shap_capable,19,3,4,shap,cad,0.026662960139403648
shap_capable,19,3,4,shap,appet,0.06908874398837009
shap_capable,19,3,4,shap,pe,0.04639855635000748
shap_capable,19,3,4,shap,sg,0.1552666650099111
shap_capable,19,3,4,shap,al,0.10750659413300687
shap_capable,19,3,4,shap,su,0.026194781686107303
shap_capable,19,3,4,shap,rbc,0.041400487223155494
shap_capable,19,3,4,shap,pc,0.04927417429801738
shap_capable,19,3,4,shap,pcc,0.02655778023220462
shap_capable,19,3,4,shap,ba,0.005486383444747117
shap_capable,19,3,4,shap,ane,0.03636161759684603
shap_capable,19,3,4,shap,bgr,0.032036531850357985
shap_capable,19,3,4,shap,bu,0.04250909877552519
shap_capable,19,3,4,shap,sc,0.01516731382165415
shap_capable,19,3,4,shap,sod,0.11537038665830594
shap_capable,19,3,4,shap,pot,0.0
shap_capable,19,3,4,shap,hemo,0.18652266103931045
shap_capable,19,3,4,shap,pcv,0.1392476453258062
shap_capable,19,3,4,shap,rbcc,0.1036656133790453
shap_capable,19,3,4,shap,wbcc,0.039097464777771165
shap_capable,19,3,4,coefficient,age,0.033979567509835
shap_capable,19,3,4,coefficient,bp (Diastolic),-0.003916020493898772
shap_capable,19,3,4,coefficient,bp limit,0.06581101086043319
shap_capable,19,3,4,coefficient,htn,0.136001499770983
shap_capable,19,3,4,coefficient,dm,0.14414950659590775
shap_capable,19,3,4,coefficient,cad,0.04680543656892632
shap_capable,19,3,4,coefficient,appet,0.09681087653365651
shap_capable,19,3,4,coefficient,pe,0.07009369456042247
shap_capable,19,3,4,coefficient,sg,-0.22486136555577763
shap_capable,19,3,4,coefficient,al,0.1351706266880698
shap_capable,19,3,4,coefficient,su,0.07245270194075774
shap_capable,19,3,4,coefficient,rbc,0.05252083787740618
shap_capable,19,3,4,coefficient,pc,0.0649236327131178
shap_capable,19,3,4,coefficient,pcc,0.05176348248155137
shap_capable,19,3,4,coefficient,ba,0.027241886810786754
shap_capable,19,3,4,coefficient,ane,0.04572335694602182
shap_capable,19,3,4,coefficient,bgr,0.07511083422390787
shap_capable,19,3,4,coefficient,bu,0.05396283206178091
shap_capable,19,3,4,coefficient,sc,0.029423469263050152
shap_capable,19,3,4,coefficient,sod,-0.14402901350601063
shap_capable,19,3,4,coefficient,pot,0.011255882091519568
shap_capable,19,3,4,coefficient,hemo,-0.22492223970073494
shap_capable,19,3,4,coefficient,pcv,-0.17780120970068186
shap_capable,19,3,4,coefficient,rbcc,-0.14390113744016775
shap_capable,19,3,4,coefficient,wbcc,0.06437533826364114
shap_capable,19,3,4,coefficient_abs,age,0.033979567509835
shap_capable,19,3,4,coefficient_abs,bp (Diastolic),0.003916020493898772
shap_capable,19,3,4,coefficient_abs,bp limit,0.06581101086043319
shap_capable,19,3,4,coefficient_abs,htn,0.136001499770983
shap_capable,19,3,4,coefficient_abs,dm,0.14414950659590775
shap_capable,19,3,4,coefficient_abs,cad,0.04680543656892632
shap_capable,19,3,4,coefficient_abs,appet,0.09681087653365651
shap_capable,19,3,4,coefficient_abs,pe,0.07009369456042247
shap_capable,19,3,4,coefficient_abs,sg,0.22486136555577763
shap_capable,19,3,4,coefficient_abs,al,0.1351706266880698
shap_capable,19,3,4,coefficient_abs,su,0.07245270194075774
shap_capable,19,3,4,coefficient_abs,rbc,0.05252083787740618
shap_capable,19,3,4,coefficient_abs,pc,0.0649236327131178
shap_capable,19,3,4,coefficient_abs,pcc,0.05176348248155137
shap_capable,19,3,4,coefficient_abs,ba,0.027241886810786754
shap_capable,19,3,4,coefficient_abs,ane,0.04572335694602182
shap_capable,19,3,4,coefficient_abs,bgr,0.07511083422390787
shap_capable,19,3,4,coefficient_abs,bu,0.05396283206178091
shap_capable,19,3,4,coefficient_abs,sc,0.029423469263050152
shap_capable,19,3,4,coefficient_abs,sod,0.14402901350601063
shap_capable,19,3,4,coefficient_abs,pot,0.011255882091519568
shap_capable,19,3,4,coefficient_abs,hemo,0.22492223970073494
shap_capable,19,3,4,coefficient_abs,pcv,0.17780120970068186
shap_capable,19,3,4,coefficient_abs,rbcc,0.14390113744016775
shap_capable,19,3,4,coefficient_abs,wbcc,0.06437533826364114
shap_capable,20,4,0,permutation,age,0.00013736263736263687
shap_capable,20,4,0,permutation,bp (Diastolic),0.0
shap_capable,20,4,0,permutation,bp limit,0.0
shap_capable,20,4,0,permutation,htn,0.0012362637362637375
shap_capable,20,4,0,permutation,dm,0.0009615384615384581
shap_capable,20,4,0,permutation,cad,0.0004120879120879106
shap_capable,20,4,0,permutation,appet,0.0005494505494505475
shap_capable,20,4,0,permutation,pe,0.0005494505494505475
shap_capable,20,4,0,permutation,sg,0.008653846153846161
shap_capable,20,4,0,permutation,al,0.0009615384615384581
shap_capable,20,4,0,permutation,su,0.0004120879120879106
shap_capable,20,4,0,permutation,rbc,0.00027472527472527375
shap_capable,20,4,0,permutation,pc,0.0004120879120879106
shap_capable,20,4,0,permutation,pcc,0.00027472527472527375
shap_capable,20,4,0,permutation,ba,0.0
shap_capable,20,4,0,permutation,ane,0.0006868131868131844
shap_capable,20,4,0,permutation,bgr,0.0004120879120879106
shap_capable,20,4,0,permutation,bu,0.0004120879120879106
shap_capable,20,4,0,permutation,sc,0.0
shap_capable,20,4,0,permutation,sod,0.006936813186813162
shap_capable,20,4,0,permutation,pot,0.00013736263736263687
shap_capable,20,4,0,permutation,hemo,0.009478021978021972
shap_capable,20,4,0,permutation,pcv,0.005219780219780218
shap_capable,20,4,0,permutation,rbcc,0.004120879120879106
shap_capable,20,4,0,permutation,wbcc,0.0
shap_capable,20,4,0,shap,age,0.06075022750554885
shap_capable,20,4,0,shap,bp (Diastolic),0.009027544214351004
shap_capable,20,4,0,shap,bp limit,0.05957074800033033
shap_capable,20,4,0,shap,htn,0.1467897931400602
shap_capable,20,4,0,shap,dm,0.12365568085291685
shap_capable,20,4,0,shap,cad,0.024806387257823945
shap_capable,20,4,0,shap,appet,0.06988972956474153
shap_capable,20,4,0,shap,pe,0.04220786524793979
shap_capable,20,4,0,shap,sg,0.20799469477264823
shap_capable,20,4,0,shap,al,0.11465881885459665
shap_capable,20,4,0,shap,su,0.03609726405260329
shap_capable,20,4,0,shap,rbc,0.041224775069916564
shap_capable,20,4,0,shap,pc,0.060750434779236494
shap_capable,20,4,0,shap,pcc,0.04552048752765736
shap_capable,20,4,0,shap,ba,0.012371403394285446
shap_capable,20,4,0,shap,ane,0.03519623286698491
shap_capable,20,4,0,shap,bgr,0.06919663686605534
shap_capable,20,4,0,shap,bu,0.0270139980493599
shap_capable,20,4,0,shap,sc,0.008339849298572085
shap_capable,20,4,0,shap,sod,0.0937080734386773
shap_capable,20,4,0,shap,pot,0.011034431654734781
shap_capable,20,4,0,shap,hemo,0.18877993949609492
shap_capable,20,4,0,shap,pcv,0.15506635053086945
shap_capable,20,4,0,shap,rbcc,0.11308153224768694
shap_capable,20,4,0,shap,wbcc,0.039089954105532405
shap_capable,20,4,0,coefficient,age,0.06780420458718471
shap_capable,20,4,0,coefficient,bp (Diastolic),0.009093048930133088
shap_capable,20,4,0,coefficient,bp limit,0.06460227915897679
shap_capable,20,4,0,coefficient,htn,0.15804839237004037
shap_capable,20,4,0,coefficient,dm,0.14961670532882337
shap_capable,20,4,0,coefficient,cad,0.03494523411371817
shap_capable,20,4,0,coefficient,appet,0.09793326074941805
shap_capable,20,4,0,coefficient,pe,0.06376287211220712
shap_capable,20,4,0,coefficient,sg,-0.20871768047708159
shap_capable,20,4,0,coefficient,al,0.1306089013109074
shap_capable,20,4,0,coefficient,su,0.06407002864299458
shap_capable,20,4,0,coefficient,rbc,0.05229792867675815
shap_capable,20,4,0,coefficient,pc,0.0553850117645461
shap_capable,20,4,0,coefficient,pcc,0.04124327372645671
shap_capable,20,4,0,coefficient,ba,0.030004411193325958
shap_capable,20,4,0,coefficient,ane,0.050918440341205524
shap_capable,20,4,0,coefficient,bgr,0.09291420352924948
shap_capable,20,4,0,coefficient,bu,0.06807962150595936
shap_capable,20,4,0,coefficient,sc,0.032251810932785244
shap_capable,20,4,0,coefficient,sod,-0.1309752032496973
shap_capable,20,4,0,coefficient,pot,0.016753548272698357
shap_capable,20,4,0,coefficient,hemo,-0.22783168507123477
shap_capable,20,4,0,coefficient,pcv,-0.18098604250572908
shap_capable,20,4,0,coefficient,rbcc,-0.14367306534943608
shap_capable,20,4,0,coefficient,wbcc,0.05460628388200455
shap_capable,20,4,0,coefficient_abs,age,0.06780420458718471
shap_capable,20,4,0,coefficient_abs,bp (Diastolic),0.009093048930133088
shap_capable,20,4,0,coefficient_abs,bp limit,0.06460227915897679
shap_capable,20,4,0,coefficient_abs,htn,0.15804839237004037
shap_capable,20,4,0,coefficient_abs,dm,0.14961670532882337
shap_capable,20,4,0,coefficient_abs,cad,0.03494523411371817
shap_capable,20,4,0,coefficient_abs,appet,0.09793326074941805
shap_capable,20,4,0,coefficient_abs,pe,0.06376287211220712
shap_capable,20,4,0,coefficient_abs,sg,0.20871768047708159
shap_capable,20,4,0,coefficient_abs,al,0.1306089013109074
shap_capable,20,4,0,coefficient_abs,su,0.06407002864299458
shap_capable,20,4,0,coefficient_abs,rbc,0.05229792867675815
shap_capable,20,4,0,coefficient_abs,pc,0.0553850117645461
shap_capable,20,4,0,coefficient_abs,pcc,0.04124327372645671
shap_capable,20,4,0,coefficient_abs,ba,0.030004411193325958
shap_capable,20,4,0,coefficient_abs,ane,0.050918440341205524
shap_capable,20,4,0,coefficient_abs,bgr,0.09291420352924948
shap_capable,20,4,0,coefficient_abs,bu,0.06807962150595936
shap_capable,20,4,0,coefficient_abs,sc,0.032251810932785244
shap_capable,20,4,0,coefficient_abs,sod,0.1309752032496973
shap_capable,20,4,0,coefficient_abs,pot,0.016753548272698357
shap_capable,20,4,0,coefficient_abs,hemo,0.22783168507123477
shap_capable,20,4,0,coefficient_abs,pcv,0.18098604250572908
shap_capable,20,4,0,coefficient_abs,rbcc,0.14367306534943608
shap_capable,20,4,0,coefficient_abs,wbcc,0.05460628388200455
shap_capable,21,4,1,permutation,age,0.0
shap_capable,21,4,1,permutation,bp (Diastolic),0.0
shap_capable,21,4,1,permutation,bp limit,0.0
shap_capable,21,4,1,permutation,htn,0.0
shap_capable,21,4,1,permutation,dm,0.0
shap_capable,21,4,1,permutation,cad,0.0
shap_capable,21,4,1,permutation,appet,0.0
shap_capable,21,4,1,permutation,pe,0.0
shap_capable,21,4,1,permutation,sg,0.0074175824175824355
shap_capable,21,4,1,permutation,al,0.0
shap_capable,21,4,1,permutation,su,0.0
shap_capable,21,4,1,permutation,rbc,0.0
shap_capable,21,4,1,permutation,pc,0.0
shap_capable,21,4,1,permutation,pcc,0.0
shap_capable,21,4,1,permutation,ba,0.0
shap_capable,21,4,1,permutation,ane,0.0
shap_capable,21,4,1,permutation,bgr,0.0
shap_capable,21,4,1,permutation,bu,0.0
shap_capable,21,4,1,permutation,sc,0.0
shap_capable,21,4,1,permutation,sod,0.00013736263736263687
shap_capable,21,4,1,permutation,pot,0.0
shap_capable,21,4,1,permutation,hemo,0.0021978021978022065
shap_capable,21,4,1,permutation,pcv,0.0017857142857142904
shap_capable,21,4,1,permutation,rbcc,0.0
shap_capable,21,4,1,permutation,wbcc,0.0
shap_capable,21,4,1,shap,age,0.04211187866372555
shap_capable,21,4,1,shap,bp (Diastolic),0.009426707633408419
shap_capable,21,4,1,shap,bp limit,0.06609690781733835
shap_capable,21,4,1,shap,htn,0.1494284837607693
shap_capable,21,4,1,shap,dm,0.13136776467259814
shap_capable,21,4,1,shap,cad,0.0192647498719342
shap_capable,21,4,1,shap,appet,0.06427120339354839
shap_capable,21,4,1,shap,pe,0.05095541402109978
shap_capable,21,4,1,shap,sg,0.17713279539781351
shap_capable,21,4,1,shap,al,0.11948815284616694
shap_capable,21,4,1,shap,su,0.05434260383298364
shap_capable,21,4,1,shap,rbc,0.03298339571720669
shap_capable,21,4,1,shap,pc,0.0425322327036476
shap_capable,21,4,1,shap,pcc,0.02479930572410604
shap_capable,21,4,1,shap,ba,0.005893702565067389
shap_capable,21,4,1,shap,ane,0.012562147978172894
shap_capable,21,4,1,shap,bgr,0.06886334706521743
shap_capable,21,4,1,shap,bu,0.04043387099773253
shap_capable,21,4,1,shap,sc,0.017091698094732738
shap_capable,21,4,1,shap,sod,0.09142718449956032
shap_capable,21,4,1,shap,pot,0.0
shap_capable,21,4,1,shap,hemo,0.16906076002281256
shap_capable,21,4,1,shap,pcv,0.13408195333781672
shap_capable,21,4,1,shap,rbcc,0.09250838441786748
shap_capable,21,4,1,shap,wbcc,0.038537971210307755
shap_capable,21,4,1,coefficient,age,0.04996866400452268
shap_capable,21,4,1,coefficient,bp (Diastolic),0.009414086897768386
shap_capable,21,4,1,coefficient,bp limit,0.06892504926902661
shap_capable,21,4,1,coefficient,htn,0.14614495683194065
shap_capable,21,4,1,coefficient,dm,0.121616712220066
shap_capable,21,4,1,coefficient,cad,0.03381826411743701
shap_capable,21,4,1,coefficient,appet,0.10310530221785548
shap_capable,21,4,1,coefficient,pe,0.07697768007375215
shap_capable,21,4,1,coefficient,sg,-0.208229777585577
shap_capable,21,4,1,coefficient,al,0.13544769525528133
shap_capable,21,4,1,coefficient,su,0.05205304717466476
shap_capable,21,4,1,coefficient,rbc,0.049866207121235316
shap_capable,21,4,1,coefficient,pc,0.07161153894898617
shap_capable,21,4,1,coefficient,pcc,0.04833605881894281
shap_capable,21,4,1,coefficient,ba,0.02926437420769992
shap_capable,21,4,1,coefficient,ane,0.05161222959162778
shap_capable,21,4,1,coefficient,bgr,0.07537146344002633
shap_capable,21,4,1,coefficient,bu,0.07286539953304667
shap_capable,21,4,1,coefficient,sc,0.03333205947322549
shap_capable,21,4,1,coefficient,sod,-0.13912222553168174
shap_capable,21,4,1,coefficient,pot,0.008463528126729552
shap_capable,21,4,1,coefficient,hemo,-0.22723699111198428
shap_capable,21,4,1,coefficient,pcv,-0.18851248511024704
shap_capable,21,4,1,coefficient,rbcc,-0.15143747449549785
shap_capable,21,4,1,coefficient,wbcc,0.04566222408055103
shap_capable,21,4,1,coefficient_abs,age,0.04996866400452268
shap_capable,21,4,1,coefficient_abs,bp (Diastolic),0.009414086897768386
shap_capable,21,4,1,coefficient_abs,bp limit,0.06892504926902661
shap_capable,21,4,1,coefficient_abs,htn,0.14614495683194065
shap_capable,21,4,1,coefficient_abs,dm,0.121616712220066
shap_capable,21,4,1,coefficient_abs,cad,0.03381826411743701
shap_capable,21,4,1,coefficient_abs,appet,0.10310530221785548
shap_capable,21,4,1,coefficient_abs,pe,0.07697768007375215
shap_capable,21,4,1,coefficient_abs,sg,0.208229777585577
shap_capable,21,4,1,coefficient_abs,al,0.13544769525528133
shap_capable,21,4,1,coefficient_abs,su,0.05205304717466476
shap_capable,21,4,1,coefficient_abs,rbc,0.049866207121235316
shap_capable,21,4,1,coefficient_abs,pc,0.07161153894898617
shap_capable,21,4,1,coefficient_abs,pcc,0.04833605881894281
shap_capable,21,4,1,coefficient_abs,ba,0.02926437420769992
shap_capable,21,4,1,coefficient_abs,ane,0.05161222959162778
shap_capable,21,4,1,coefficient_abs,bgr,0.07537146344002633
shap_capable,21,4,1,coefficient_abs,bu,0.07286539953304667
shap_capable,21,4,1,coefficient_abs,sc,0.03333205947322549
shap_capable,21,4,1,coefficient_abs,sod,0.13912222553168174
shap_capable,21,4,1,coefficient_abs,pot,0.008463528126729552
shap_capable,21,4,1,coefficient_abs,hemo,0.22723699111198428
shap_capable,21,4,1,coefficient_abs,pcv,0.18851248511024704
shap_capable,21,4,1,coefficient_abs,rbcc,0.15143747449549785
shap_capable,21,4,1,coefficient_abs,wbcc,0.04566222408055103
shap_capable,22,4,2,permutation,age,0.0
shap_capable,22,4,2,permutation,bp (Diastolic),0.0
shap_capable,22,4,2,permutation,bp limit,0.0
shap_capable,22,4,2,permutation,htn,0.021978021978021994
shap_capable,22,4,2,permutation,dm,0.02321428571428575
shap_capable,22,4,2,permutation,cad,0.0
shap_capable,22,4,2,permutation,appet,0.0071428571428571565
shap_capable,22,4,2,permutation,pe,0.0
shap_capable,22,4,2,permutation,sg,0.008928571428571452
shap_capable,22,4,2,permutation,al,0.0017857142857142904
shap_capable,22,4,2,permutation,su,0.0
shap_capable,22,4,2,permutation,rbc,0.0
shap_capable,22,4,2,permutation,pc,0.0
shap_capable,22,4,2,permutation,pcc,0.0
shap_capable,22,4,2,permutation,ba,0.0
shap_capable,22,4,2,permutation,ane,0.0
shap_capable,22,4,2,permutation,bgr,0.0017857142857142904
shap_capable,22,4,2,permutation,bu,0.0
shap_capable,22,4,2,permutation,sc,0.0
shap_capable,22,4,2,permutation,sod,0.0
shap_capable,22,4,2,permutation,pot,0.0
shap_capable,22,4,2,permutation,hemo,0.003708791208791207
shap_capable,22,4,2,permutation,pcv,0.010989010989011
shap_capable,22,4,2,permutation,rbcc,0.005494505494505503
shap_capable,22,4,2,permutation,wbcc,0.0
shap_capable,22,4,2,shap,age,0.023784240074788784
shap_capable,22,4,2,shap,bp (Diastolic),0.020086392533579047
shap_capable,22,4,2,shap,bp limit,0.0602762607203435
shap_capable,22,4,2,shap,htn,0.1499299876934863
shap_capable,22,4,2,shap,dm,0.13661817627817727
shap_capable,22,4,2,shap,cad,0.026302388684152845
shap_capable,22,4,2,shap,appet,0.0750545367692648
shap_capable,22,4,2,shap,pe,0.05346766920899153
shap_capable,22,4,2,shap,sg,0.1734289259972462
shap_capable,22,4,2,shap,al,0.09195238150892457
shap_capable,22,4,2,shap,su,0.02572730639962269
shap_capable,22,4,2,shap,rbc,0.016136677999423733
shap_capable,22,4,2,shap,pc,0.04245659923569369
shap_capable,22,4,2,shap,pcc,0.03226931532067077
shap_capable,22,4,2,shap,ba,0.004625359742246352
shap_capable,22,4,2,shap,ane,0.0394176163952569
shap_capable,22,4,2,shap,bgr,0.0455034473097784
shap_capable,22,4,2,shap,bu,0.024889320231114443
shap_capable,22,4,2,shap,sc,0.007216815805269686
shap_capable,22,4,2,shap,sod,0.09632847460249924
shap_capable,22,4,2,shap,pot,0.0
shap_capable,22,4,2,shap,hemo,0.20873700742604542
shap_capable,22,4,2,shap,pcv,0.18373157525627307
shap_capable,22,4,2,shap,rbcc,0.09857619378069955
shap_capable,22,4,2,shap,wbcc,0.03723357005787334
shap_capable,22,4,2,coefficient,age,0.039287338420878254
shap_capable,22,4,2,coefficient,bp (Diastolic),0.01998570822770336
shap_capable,22,4,2,coefficient,bp limit,0.06957120084836792
shap_capable,22,4,2,coefficient,htn,0.14503482882097368
shap_capable,22,4,2,coefficient,dm,0.12926973293970553
shap_capable,22,4,2,coefficient,cad,0.03705268005230527
shap_capable,22,4,2,coefficient,appet,0.093818170961581
shap_capable,22,4,2,coefficient,pe,0.07035828716320847
shap_capable,22,4,2,coefficient,sg,-0.21373843574458815
shap_capable,22,4,2,coefficient,al,0.13874701610561516
shap_capable,22,4,2,coefficient,su,0.07115970213636146
shap_capable,22,4,2,coefficient,rbc,0.059592931056841415
shap_capable,22,4,2,coefficient,pc,0.07148419484565714
shap_capable,22,4,2,coefficient,pcc,0.04273135212639588
shap_capable,22,4,2,coefficient,ba,0.022966591348638914
shap_capable,22,4,2,coefficient,ane,0.03338003037082491
shap_capable,22,4,2,coefficient,bgr,0.07962209342393183
shap_capable,22,4,2,coefficient,bu,0.05663943293807597
shap_capable,22,4,2,coefficient,sc,0.028579387428498058
shap_capable,22,4,2,coefficient,sod,-0.12713056566023578
shap_capable,22,4,2,coefficient,pot,0.009904305157343972
shap_capable,22,4,2,coefficient,hemo,-0.2242644153603832
shap_capable,22,4,2,coefficient,pcv,-0.18229828563922307
shap_capable,22,4,2,coefficient,rbcc,-0.15479725972261177
shap_capable,22,4,2,coefficient,wbcc,0.06332188624800901
shap_capable,22,4,2,coefficient_abs,age,0.039287338420878254
shap_capable,22,4,2,coefficient_abs,bp (Diastolic),0.01998570822770336
shap_capable,22,4,2,coefficient_abs,bp limit,0.06957120084836792
shap_capable,22,4,2,coefficient_abs,htn,0.14503482882097368
shap_capable,22,4,2,coefficient_abs,dm,0.12926973293970553
shap_capable,22,4,2,coefficient_abs,cad,0.03705268005230527
shap_capable,22,4,2,coefficient_abs,appet,0.093818170961581
shap_capable,22,4,2,coefficient_abs,pe,0.07035828716320847
shap_capable,22,4,2,coefficient_abs,sg,0.21373843574458815
shap_capable,22,4,2,coefficient_abs,al,0.13874701610561516
shap_capable,22,4,2,coefficient_abs,su,0.07115970213636146
shap_capable,22,4,2,coefficient_abs,rbc,0.059592931056841415
shap_capable,22,4,2,coefficient_abs,pc,0.07148419484565714
shap_capable,22,4,2,coefficient_abs,pcc,0.04273135212639588
shap_capable,22,4,2,coefficient_abs,ba,0.022966591348638914
shap_capable,22,4,2,coefficient_abs,ane,0.03338003037082491
shap_capable,22,4,2,coefficient_abs,bgr,0.07962209342393183
shap_capable,22,4,2,coefficient_abs,bu,0.05663943293807597
shap_capable,22,4,2,coefficient_abs,sc,0.028579387428498058
shap_capable,22,4,2,coefficient_abs,sod,0.12713056566023578
shap_capable,22,4,2,coefficient_abs,pot,0.009904305157343972
shap_capable,22,4,2,coefficient_abs,hemo,0.2242644153603832
shap_capable,22,4,2,coefficient_abs,pcv,0.18229828563922307
shap_capable,22,4,2,coefficient_abs,rbcc,0.15479725972261177
shap_capable,22,4,2,coefficient_abs,wbcc,0.06332188624800901
shap_capable,23,4,3,permutation,age,0.0
shap_capable,23,4,3,permutation,bp (Diastolic),0.0
shap_capable,23,4,3,permutation,bp limit,0.0
shap_capable,23,4,3,permutation,htn,0.0009333333333333083
shap_capable,23,4,3,permutation,dm,0.0
shap_capable,23,4,3,permutation,cad,0.0
shap_capable,23,4,3,permutation,appet,0.0
shap_capable,23,4,3,permutation,pe,0.0
shap_capable,23,4,3,permutation,sg,0.0025333333333333262
shap_capable,23,4,3,permutation,al,0.0
shap_capable,23,4,3,permutation,su,0.0
shap_capable,23,4,3,permutation,rbc,0.0
shap_capable,23,4,3,permutation,pc,0.0
shap_capable,23,4,3,permutation,pcc,0.0
shap_capable,23,4,3,permutation,ba,0.0
shap_capable,23,4,3,permutation,ane,0.0
shap_capable,23,4,3,permutation,bgr,0.0
shap_capable,23,4,3,permutation,bu,0.0
shap_capable,23,4,3,permutation,sc,0.0
shap_capable,23,4,3,permutation,sod,0.00026666666666666505
shap_capable,23,4,3,permutation,pot,0.0
shap_capable,23,4,3,permutation,hemo,0.004933333333333317
shap_capable,23,4,3,permutation,pcv,0.0013333333333333142
shap_capable,23,4,3,permutation,rbcc,0.0022666666666666503
shap_capable,23,4,3,permutation,wbcc,0.0
shap_capable,23,4,3,shap,age,0.04925575041388972
shap_capable,23,4,3,shap,bp (Diastolic),0.004004839673371558
shap_capable,23,4,3,shap,bp limit,0.05876990296332048
shap_capable,23,4,3,shap,htn,0.1404619544765667
shap_capable,23,4,3,shap,dm,0.11948732146362998
shap_capable,23,4,3,shap,cad,0.03472611159508745
shap_capable,23,4,3,shap,appet,0.06635505760745089
shap_capable,23,4,3,shap,pe,0.023639580431988085
shap_capable,23,4,3,shap,sg,0.17428339624093597
shap_capable,23,4,3,shap,al,0.1285230361402463
shap_capable,23,4,3,shap,su,0.05656999867309329
shap_capable,23,4,3,shap,rbc,0.045554939657414806
shap_capable,23,4,3,shap,pc,0.043958207573369455
shap_capable,23,4,3,shap,pcc,0.02618643555459449
shap_capable,23,4,3,shap,ba,0.004862202614423557
shap_capable,23,4,3,shap,ane,0.02828970743002581
shap_capable,23,4,3,shap,bgr,0.06129782536496807
shap_capable,23,4,3,shap,bu,0.05495550639996553
shap_capable,23,4,3,shap,sc,0.016779590565893357
shap_capable,23,4,3,shap,sod,0.10364431431435495
shap_capable,23,4,3,shap,pot,0.0
shap_capable,23,4,3,shap,hemo,0.17734110179011994
shap_capable,23,4,3,shap,pcv,0.1313092749836743
shap_capable,23,4,3,shap,rbcc,0.11693547074913757
shap_capable,23,4,3,shap,wbcc,0.025494848553493866
shap_capable,23,4,3,coefficient,age,0.06412020724412269
shap_capable,23,4,3,coefficient,bp (Diastolic),-0.0041664900948768235
shap_capable,23,4,3,coefficient,bp limit,0.06287897523974002
shap_capable,23,4,3,coefficient,htn,0.1512352161501661
shap_capable,23,4,3,coefficient,dm,0.15425746870385695
shap_capable,23,4,3,coefficient,cad,0.04891934028671153
shap_capable,23,4,3,coefficient,appet,0.0829438220093136
shap_capable,23,4,3,coefficient,pe,0.0681501417859116
shap_capable,23,4,3,coefficient,sg,-0.21417504690911293
shap_capable,23,4,3,coefficient,al,0.12267615949798079
shap_capable,23,4,3,coefficient,su,0.06820895696175439
shap_capable,23,4,3,coefficient,rbc,0.049851005774206314
shap_capable,23,4,3,coefficient,pc,0.0526341809851379
shap_capable,23,4,3,coefficient,pcc,0.051039698582971596
shap_capable,23,4,3,coefficient,ba,0.004222804675845096
shap_capable,23,4,3,coefficient,ane,0.040926760130545914
shap_capable,23,4,3,coefficient,bgr,0.08460725040209768
shap_capable,23,4,3,coefficient,bu,0.06009578643133761
shap_capable,23,4,3,coefficient,sc,0.025565159013574534
shap_capable,23,4,3,coefficient,sod,-0.14551701284978533
shap_capable,23,4,3,coefficient,pot,0.010478286428733103
shap_capable,23,4,3,coefficient,hemo,-0.21885658836341537
shap_capable,23,4,3,coefficient,pcv,-0.1818706920450823
shap_capable,23,4,3,coefficient,rbcc,-0.16568896654812793
shap_capable,23,4,3,coefficient,wbcc,0.04986752566766319
shap_capable,23,4,3,coefficient_abs,age,0.06412020724412269
shap_capable,23,4,3,coefficient_abs,bp (Diastolic),0.0041664900948768235
shap_capable,23,4,3,coefficient_abs,bp limit,0.06287897523974002
shap_capable,23,4,3,coefficient_abs,htn,0.1512352161501661
shap_capable,23,4,3,coefficient_abs,dm,0.15425746870385695
shap_capable,23,4,3,coefficient_abs,cad,0.04891934028671153
shap_capable,23,4,3,coefficient_abs,appet,0.0829438220093136
shap_capable,23,4,3,coefficient_abs,pe,0.0681501417859116
shap_capable,23,4,3,coefficient_abs,sg,0.21417504690911293
shap_capable,23,4,3,coefficient_abs,al,0.12267615949798079
shap_capable,23,4,3,coefficient_abs,su,0.06820895696175439
shap_capable,23,4,3,coefficient_abs,rbc,0.049851005774206314
shap_capable,23,4,3,coefficient_abs,pc,0.0526341809851379
shap_capable,23,4,3,coefficient_abs,pcc,0.051039698582971596
shap_capable,23,4,3,coefficient_abs,ba,0.004222804675845096
shap_capable,23,4,3,coefficient_abs,ane,0.040926760130545914
shap_capable,23,4,3,coefficient_abs,bgr,0.08460725040209768
shap_capable,23,4,3,coefficient_abs,bu,0.06009578643133761
shap_capable,23,4,3,coefficient_abs,sc,0.025565159013574534
shap_capable,23,4,3,coefficient_abs,sod,0.14551701284978533
shap_capable,23,4,3,coefficient_abs,pot,0.010478286428733103
shap_capable,23,4,3,coefficient_abs,hemo,0.21885658836341537
shap_capable,23,4,3,coefficient_abs,pcv,0.1818706920450823
shap_capable,23,4,3,coefficient_abs,rbcc,0.16568896654812793
shap_capable,23,4,3,coefficient_abs,wbcc,0.04986752566766319
shap_capable,24,4,4,permutation,age,0.0
shap_capable,24,4,4,permutation,bp (Diastolic),0.0
shap_capable,24,4,4,permutation,bp limit,0.0
shap_capable,24,4,4,permutation,htn,0.0010666666666666713
shap_capable,24,4,4,permutation,dm,0.0007999999999999952
shap_capable,24,4,4,permutation,cad,0.0
shap_capable,24,4,4,permutation,appet,0.00013333333333332976
shap_capable,24,4,4,permutation,pe,0.0
shap_capable,24,4,4,permutation,sg,0.007066666666666638
shap_capable,24,4,4,permutation,al,0.0026666666666666505
shap_capable,24,4,4,permutation,su,0.0002666666666666595
shap_capable,24,4,4,permutation,rbc,0.0
shap_capable,24,4,4,permutation,pc,0.0
shap_capable,24,4,4,permutation,pcc,0.0
shap_capable,24,4,4,permutation,ba,0.0
shap_capable,24,4,4,permutation,ane,0.0
shap_capable,24,4,4,permutation,bgr,0.0002666666666666595
shap_capable,24,4,4,permutation,bu,0.0015999999999999903
shap_capable,24,4,4,permutation,sc,0.00013333333333332976
shap_capable,24,4,4,permutation,sod,0.003933333333333328
shap_capable,24,4,4,permutation,pot,0.0
shap_capable,24,4,4,permutation,hemo,0.013066666666666638
shap_capable,24,4,4,permutation,pcv,0.0071999999999999955
shap_capable,24,4,4,permutation,rbcc,0.006266666666666643
shap_capable,24,4,4,permutation,wbcc,0.0
shap_capable,24,4,4,shap,age,0.04051359680502088
shap_capable,24,4,4,shap,bp (Diastolic),0.05017675986571215
shap_capable,24,4,4,shap,bp limit,0.07219726016084436
shap_capable,24,4,4,shap,htn,0.13512895815550183
shap_capable,24,4,4,shap,dm,0.10755460749472094
shap_capable,24,4,4,shap,cad,0.017365582485212396
shap_capable,24,4,4,shap,appet,0.08506884154378028
shap_capable,24,4,4,shap,pe,0.06889180776083859
shap_capable,24,4,4,shap,sg,0.18093193217002926
shap_capable,24,4,4,shap,al,0.10099838352511332
shap_capable,24,4,4,shap,su,0.03439209443401673
shap_capable,24,4,4,shap,rbc,0.028619998378189092
shap_capable,24,4,4,shap,pc,0.058613097366993896
shap_capable,24,4,4,shap,pcc,0.02659266027399307
shap_capable,24,4,4,shap,ba,0.013912144356214151
shap_capable,24,4,4,shap,ane,0.03783602104007724
shap_capable,24,4,4,shap,bgr,0.04190196457025335
shap_capable,24,4,4,shap,bu,0.0916354902081317
shap_capable,24,4,4,shap,sc,0.04057936025401403
shap_capable,24,4,4,shap,sod,0.12378547233084788
shap_capable,24,4,4,shap,pot,0.0035055810509604713
shap_capable,24,4,4,shap,hemo,0.18057631293823573
shap_capable,24,4,4,shap,pcv,0.13493820704851509
shap_capable,24,4,4,shap,rbcc,0.11862776331897555
shap_capable,24,4,4,shap,wbcc,0.032312395370667754
shap_capable,24,4,4,coefficient,age,0.04338872587615115
shap_capable,24,4,4,coefficient,bp (Diastolic),0.05010958183854025
shap_capable,24,4,4,coefficient,bp limit,0.09245790947716408
shap_capable,24,4,4,coefficient,htn,0.15126198565848226
shap_capable,24,4,4,coefficient,dm,0.14978810814512927
shap_capable,24,4,4,coefficient,cad,0.04048766562111951
shap_capable,24,4,4,coefficient,appet,0.08218347234277665
shap_capable,24,4,4,coefficient,pe,0.054073110485638926
shap_capable,24,4,4,coefficient,sg,-0.21221461054717772
shap_capable,24,4,4,coefficient,al,0.12760247078977843
shap_capable,24,4,4,coefficient,su,0.06586665579213241
shap_capable,24,4,4,coefficient,rbc,0.043269370418148725
shap_capable,24,4,4,coefficient,pc,0.06013104125300774
shap_capable,24,4,4,coefficient,pcc,0.0518314667941063
shap_capable,24,4,4,coefficient,ba,0.0337411760445524
shap_capable,24,4,4,coefficient,ane,0.047577363433432655
shap_capable,24,4,4,coefficient,bgr,0.0798789687488957
shap_capable,24,4,4,coefficient,bu,0.08731437094664725
shap_capable,24,4,4,coefficient,sc,0.03402841856517087
shap_capable,24,4,4,coefficient,sod,-0.14804876595255906
shap_capable,24,4,4,coefficient,pot,-0.0058162756736986985
shap_capable,24,4,4,coefficient,hemo,-0.22884407570897713
shap_capable,24,4,4,coefficient,pcv,-0.18034994703141877
shap_capable,24,4,4,coefficient,rbcc,-0.15235573861146312
shap_capable,24,4,4,coefficient,wbcc,0.05446177937247101
shap_capable,24,4,4,coefficient_abs,age,0.04338872587615115
shap_capable,24,4,4,coefficient_abs,bp (Diastolic),0.05010958183854025
shap_capable,24,4,4,coefficient_abs,bp limit,0.09245790947716408
shap_capable,24,4,4,coefficient_abs,htn,0.15126198565848226
shap_capable,24,4,4,coefficient_abs,dm,0.14978810814512927
shap_capable,24,4,4,coefficient_abs,cad,0.04048766562111951
shap_capable,24,4,4,coefficient_abs,appet,0.08218347234277665
shap_capable,24,4,4,coefficient_abs,pe,0.054073110485638926
shap_capable,24,4,4,coefficient_abs,sg,0.21221461054717772
shap_capable,24,4,4,coefficient_abs,al,0.12760247078977843
shap_capable,24,4,4,coefficient_abs,su,0.06586665579213241
shap_capable,24,4,4,coefficient_abs,rbc,0.043269370418148725
shap_capable,24,4,4,coefficient_abs,pc,0.06013104125300774
shap_capable,24,4,4,coefficient_abs,pcc,0.0518314667941063
shap_capable,24,4,4,coefficient_abs,ba,0.0337411760445524
shap_capable,24,4,4,coefficient_abs,ane,0.047577363433432655
shap_capable,24,4,4,coefficient_abs,bgr,0.0798789687488957
shap_capable,24,4,4,coefficient_abs,bu,0.08731437094664725
shap_capable,24,4,4,coefficient_abs,sc,0.03402841856517087
shap_capable,24,4,4,coefficient_abs,sod,0.14804876595255906
shap_capable,24,4,4,coefficient_abs,pot,0.0058162756736986985
shap_capable,24,4,4,coefficient_abs,hemo,0.22884407570897713
shap_capable,24,4,4,coefficient_abs,pcv,0.18034994703141877
shap_capable,24,4,4,coefficient_abs,rbcc,0.15235573861146312
shap_capable,24,4,4,coefficient_abs,wbcc,0.05446177937247101
