config,model,calibration,n__mean,n__std,n__min,n__max,n_positive__mean,n_positive__std,n_positive__min,n_positive__max,roc_auc__mean,roc_auc__std,roc_auc__min,roc_auc__max,pr_auc__mean,pr_auc__std,pr_auc__min,pr_auc__max,brier__mean,brier__std,brier__min,brier__max,brier_skill_score__mean,brier_skill_score__std,brier_skill_score__min,brier_skill_score__max,calibration_slope__mean,calibration_slope__std,calibration_slope__min,calibration_slope__max,calibration_intercept__mean,calibration_intercept__std,calibration_intercept__min,calibration_intercept__max,ece__mean,ece__std,ece__min,ece__max,threshold__mean,threshold__std,threshold__min,threshold__max,tp__mean,tp__std,tp__min,tp__max,fp__mean,fp__std,fp__min,fp__max,tn__mean,tn__std,tn__min,tn__max,fn__mean,fn__std,fn__min,fn__max,sensitivity__mean,sensitivity__std,sensitivity__min,sensitivity__max,specificity__mean,specificity__std,specificity__min,specificity__max,precision__mean,precision__std,precision__min,precision__max,npv__mean,npv__std,npv__min,npv__max,f1__mean,f1__std,f1__min,f1__max,balanced_accuracy__mean,balanced_accuracy__std,balanced_accuracy__min,balanced_accuracy__max,accuracy__mean,accuracy__std,accuracy__min,accuracy__max,screening_threshold__mean,screening_threshold__std,screening_threshold__min,screening_threshold__max,screening_tp__mean,screening_tp__std,screening_tp__min,screening_tp__max,screening_fp__mean,screening_fp__std,screening_fp__min,screening_fp__max,screening_tn__mean,screening_tn__std,screening_tn__min,screening_tn__max,screening_fn__mean,screening_fn__std,screening_fn__min,screening_fn__max,screening_sensitivity__mean,screening_sensitivity__std,screening_sensitivity__min,screening_sensitivity__max,screening_specificity__mean,screening_specificity__std,screening_specificity__min,screening_specificity__max,screening_precision__mean,screening_precision__std,screening_precision__min,screening_precision__max,screening_npv__mean,screening_npv__std,screening_npv__min,screening_npv__max,screening_f1__mean,screening_f1__std,screening_f1__min,screening_f1__max,screening_balanced_accuracy__mean,screening_balanced_accuracy__std,screening_balanced_accuracy__min,screening_balanced_accuracy__max,screening_accuracy__mean,screening_accuracy__std,screening_accuracy__min,screening_accuracy__max
clinical_only_model,dummy,isotonic,200.0,0.0,200,200,128.0,0.0,128,128,0.48697916666666663,0.0,0.48697916666666663,0.48697916666666663,0.634140625,0.0,0.634140625,0.634140625,0.230484375,1.962615573354719e-17,0.230484375,0.23048437500000002,-0.0003662109375,0.0,-0.0003662109375,-0.0003662109375,-3.9860731127345774,2.7645141858866263e-13,-3.9860731127349425,-3.9860731127341698,-2.139579346744554e-16,2.19774395604307e-17,-2.5058136493404686e-16,-1.9275489610311297e-16,0.0,0.0,0.0,0.0,0.5,0.0,0.5,0.5,128.0,0.0,128,128,72.0,0.0,72,72,0.0,0.0,0,0,0.0,0.0,0,0,1.0,0.0,1.0,1.0,0.0,0.0,0.0,0.0,0.64,0.0,0.64,0.64,,,,,0.7804878048780487,0.0,0.7804878048780487,0.7804878048780487,0.5,0.0,0.5,0.5,0.64,0.0,0.64,0.64,0.6366666666666666,0.0,0.6366666666666666,0.6366666666666666,128.0,0.0,128,128,72.0,0.0,72,72,0.0,0.0,0,0,0.0,0.0,0,0,1.0,0.0,1.0,1.0,0.0,0.0,0.0,0.0,0.64,0.0,0.64,0.64,,,,,0.7804878048780487,0.0,0.7804878048780487,0.7804878048780487,0.5,0.0,0.5,0.5,0.64,0.0,0.64,0.64
clinical_only_model,dummy,none,200.0,0.0,200,200,128.0,0.0,128,128,0.48697916666666663,0.0,0.48697916666666663,0.48697916666666663,0.634140625,0.0,0.634140625,0.634140625,0.230484375,1.962615573354719e-17,0.230484375,0.23048437500000002,-0.0003662109375,0.0,-0.0003662109375,-0.0003662109375,-3.9860731127345774,2.7645141858866263e-13,-3.9860731127349425,-3.9860731127341698,-2.139579346744554e-16,2.19774395604307e-17,-2.5058136493404686e-16,-1.9275489610311297e-16,0.0,0.0,0.0,0.0,0.5,0.0,0.5,0.5,128.0,0.0,128,128,72.0,0.0,72,72,0.0,0.0,0,0,0.0,0.0,0,0,1.0,0.0,1.0,1.0,0.0,0.0,0.0,0.0,0.64,0.0,0.64,0.64,,,,,0.7804878048780487,0.0,0.7804878048780487,0.7804878048780487,0.5,0.0,0.5,0.5,0.64,0.0,0.64,0.64,0.6366666666666666,0.0,0.6366666666666666,0.6366666666666666,128.0,0.0,128,128,72.0,0.0,72,72,0.0,0.0,0,0,0.0,0.0,0,0,1.0,0.0,1.0,1.0,0.0,0.0,0.0,0.0,0.64,0.0,0.64,0.64,,,,,0.7804878048780487,0.0,0.7804878048780487,0.7804878048780487,0.5,0.0,0.5,0.5,0.64,0.0,0.64,0.64
clinical_only_model,dummy,sigmoid,200.0,0.0,200,200,128.0,0.0,128,128,0.48697916666666663,0.0,0.48697916666666663,0.48697916666666663,0.634140625,0.0,0.634140625,0.634140625,0.23048497445077146,0.0,0.23048497445077146,0.23048497445077146,-0.000368812720362266,0.0,-0.000368812720362266,-0.000368812720362266,-4.03243150778418,3.315202543393115e-13,-4.0324315077845085,-4.032431507783667,0.005375091137101479,5.234440058348795e-17,0.0053750911371014,0.005375091137101526,0.0012393012896696476,0.0,0.0012393012896696476,0.0012393012896696476,0.5,0.0,0.5,0.5,128.0,0.0,128,128,72.0,0.0,72,72,0.0,0.0,0,0,0.0,0.0,0,0,1.0,0.0,1.0,1.0,0.0,0.0,0.0,0.0,0.64,0.0,0.64,0.64,,,,,0.7804878048780487,0.0,0.7804878048780487,0.7804878048780487,0.5,0.0,0.5,0.5,0.64,0.0,0.64,0.64,0.6346558996314264,5.551115123125783e-17,0.6346558996314264,0.6346558996314265,128.0,0.0,128,128,72.0,0.0,72,72,0.0,0.0,0,0,0.0,0.0,0,0,1.0,0.0,1.0,1.0,0.0,0.0,0.0,0.0,0.64,0.0,0.64,0.64,,,,,0.7804878048780487,0.0,0.7804878048780487,0.7804878048780487,0.5,0.0,0.5,0.5,0.64,0.0,0.64,0.64
clinical_only_model,ebm,isotonic,200.0,0.0,200,200,128.0,0.0,128,128,0.9513780381944444,0.004559454833423887,0.9463433159722222,0.9583333333333334,0.978795014081582,0.001548761955746417,0.977519425359932,0.9813412785408593,0.06046436813758492,0.0035849714786109956,0.05435568001715943,0.06331177489666075,0.7375678466250655,0.015559772042582425,0.7252093103443544,0.7640812499255233,2.582755274966151,1.8716064497575087,0.493931694872948,4.222146633409013,0.17662355248172806,0.08328167307040711,0.09514538702256051,0.30024644253631555,0.04430348347732764,0.013510406673926296,0.02331241935186014,0.05819031907576687,0.5,0.0,0.5,0.5,115.4,0.8944271909999163,115,117,0.8,0.4472135954999579,0,1,71.2,0.44721359549995715,71,72,12.6,0.8944271909999159,11,13,0.9015625,0.006987712429686846,0.8984375,0.9140625,0.9888888888888889,0.006211299937499402,0.9861111111111112,1.0,0.9931326709526592,0.003839474968869345,0.9913793103448276,1.0,0.8497253535560565,0.009050401449166317,0.8452380952380952,0.8658536585365854,0.9451180844534613,0.0038019691524555184,0.9426229508196722,0.9512195121951219,0.9452256944444445,0.0040529921978919164,0.9422743055555556,0.9500868055555556,0.933,0.004472135954999524,0.93,0.94,0.47559983680915796,0.06621861731732327,0.3914041971355752,0.5594214219571465,116.0,1.0,115,117,1.8,2.3874672772626644,0,6,70.2,2.3874672772626653,66,72,12.0,1.0,11,13,0.90625,0.0078125,0.8984375,0.9140625,0.975,0.033159267739759274,0.9166666666666666,1.0,0.9850862248675536,0.0192945360292767,0.9512195121951219,1.0,0.8541021227768215,0.009311635238560451,0.8452380952380952,0.8674698795180723,0.9439115268601073,0.008264631068942855,0.9322709163346613,0.9551020408163265,0.940625,0.015358697083396676,0.9153645833333333,0.95703125,0.931,0.01083974169433937,0.915,0.945
clinical_only_model,ebm,none,200.0,0.0,200,200,128.0,0.0,128,128,0.9551649305555555,0.004485781284486322,0.9509006076388888,0.9622395833333335,0.9802625741870379,0.0016509977119978458,0.9784590603719455,0.9826577920361703,0.059121412149747955,0.003705161998836375,0.05498456658251209,0.06290960402433989,0.7433966486556078,0.016081432286616223,0.7269548436443581,0.7613517075411802,0.8241867539903851,0.15510885598884944,0.7106137311094624,1.0965121443262258,0.03139570748838004,0.06740360267015254,-0.03926165612228439,0.10537516146855636,0.03677399476581169,0.014294496450656035,0.016069775302267574,0.04879411913495261,0.5,0.0,0.5,0.5,116.0,1.2247448713915898,114,117,1.0,0.0,1,1,71.0,0.0,71,71,12.0,1.224744871391589,11,14,0.90625,0.009568319307746796,0.890625,0.9140625,0.986111111111111,0.0,0.9861111111111112,0.9861111111111112,0.9914522356379394,9.025649657904683e-05,0.991304347826087,0.9915254237288136,0.8555689616428411,0.012476604698751073,0.8352941176470589,0.8658536585365854,0.9469176360697847,0.005285996227639339,0.9382716049382716,0.9512195121951219,0.9461805555555556,0.004784159653873389,0.9383680555555556,0.9500868055555556,0.9349999999999999,0.006123724356957898,0.925,0.94,0.5163849304072784,0.07269415411419562,0.45055707579939475,0.6392037965799027,116.0,1.2247448713915898,114,117,1.0,0.0,1,1,71.0,0.0,71,71,12.0,1.224744871391589,11,14,0.90625,0.009568319307746796,0.890625,0.9140625,0.986111111111111,0.0,0.9861111111111112,0.9861111111111112,0.9914522356379394,9.025649657904683e-05,0.991304347826087,0.9915254237288136,0.8555689616428411,0.012476604698751073,0.8352941176470589,0.8658536585365854,0.9469176360697847,0.005285996227639339,0.9382716049382716,0.9512195121951219,0.9461805555555556,0.004784159653873389,0.9383680555555556,0.9500868055555556,0.9349999999999999,0.006123724356957898,0.925,0.94
clinical_only_model,ebm,sigmoid,200.0,0.0,200,200,128.0,0.0,128,128,0.9516276041666666,0.005086621081146713,0.9453125,0.9578993055555555,0.9792439197917495,0.0017416641689697884,0.9769907975957753,0.9813236616155554,0.07770883027939099,0.0017876811982939613,0.07505356301176698,0.08004685618071747,0.6627220908012543,0.007759032978706397,0.6525744089378582,0.6742466883169835,2.8268676600613403,0.45622621951433956,2.3707012227798554,3.3770031473844724,0.04079643956264209,0.017653912866008717,0.014638812272187142,0.06257117432574957,0.09885428618822176,0.006231155053348947,0.09220371172498551,0.10820434506100454,0.5,0.0,0.5,0.5,111.8,0.8366600265340757,111,113,0.4,0.5477225575051661,0,1,71.6,0.5477225575051667,71,72,16.2,0.8366600265340756,15,17,0.8734375,0.006536406457297466,0.8671875,0.8828125,0.9944444444444445,0.00760725774312728,0.9861111111111112,1.0,0.996444374209861,0.004868821271493004,0.9910714285714286,1.0,0.8155333849928968,0.008236861406017005,0.8068181818181818,0.8275862068965517,0.9308847086465623,0.004846959665181629,0.9249999999999999,0.9377593360995851,0.9339409722222222,0.005769468413092814,0.9266493055555556,0.94140625,0.917,0.005700877125495706,0.91,0.925,0.4014993548578644,0.019748146159940104,0.3820245210437504,0.4245311219341757,115.0,1.4142135623730956,114,117,0.8,0.4472135954999579,0,1,71.2,0.44721359549995715,71,72,13.0,1.414213562373095,11,14,0.8984375,0.01104854345603981,0.890625,0.9140625,0.9888888888888889,0.006211299937499402,0.9861111111111112,1.0,0.9931174221667959,0.0038486732580065726,0.991304347826087,1.0,0.8458145765806545,0.014046994596145387,0.8352941176470589,0.8658536585365854,0.9433700515824895,0.005653089665647007,0.9382716049382716,0.9512195121951219,0.9436631944444445,0.005157448186636446,0.9383680555555556,0.9500868055555556,0.931,0.00651920240520262,0.925,0.94
clinical_only_model,logreg,isotonic,200.0,0.0,200,200,128.0,0.0,128,128,0.9181640625,0.0032841504894051154,0.9155273437500001,0.9236111111111112,0.9658936647118839,0.0014920914777193566,0.9641380026190761,0.968126097837584,0.07948555551548296,0.002536865869128208,0.0767292327622149,0.08203459001425628,0.6550106097418273,0.011010702556980074,0.6439470919520127,0.66697381613622,2.3997688829003456,2.418757321315261,0.5479149925199935,5.5742946633274855,0.11120273186469784,0.1188015349455882,-0.008637835941044732,0.2540925619285597,0.05618963161384929,0.0063025655725469105,0.04588430559031278,0.06266675524811859,0.5,0.0,0.5,0.5,110.6,1.516575088810311,109,112,1.4,0.5477225575051661,1,2,70.6,0.5477225575051667,70,71,17.4,1.51657508881031,16,19,0.8640625,0.011848242881330554,0.8515625,0.875,0.9805555555555555,0.007607257743127323,0.9722222222222222,0.9861111111111112,0.9874985685605153,0.004892664694223686,0.9819819819819819,0.9911504424778761,0.802437470403375,0.014270481181248329,0.7865168539325843,0.8160919540229885,0.9216366530639757,0.007827955672556033,0.9121338912133892,0.9294605809128631,0.9223090277777779,0.008114114190902726,0.9118923611111112,0.9305555555555556,0.906,0.008944271909999186,0.895,0.915,0.27107934673463596,0.05526403094216373,0.19680008781444427,0.34030675227307083,113.4,1.1401754250991383,112,115,11.2,10.473776778220929,3,25,60.8,10.473776778220929,47,69,14.6,1.140175425099138,13,16,0.8859375,0.008907620508587018,0.875,0.8984375,0.8444444444444444,0.14546912191973513,0.6527777777777778,0.9583333333333334,0.915361899781599,0.07363701631259663,0.8214285714285714,0.9741379310344828,0.8039346819907431,0.023330086035065884,0.7761194029850746,0.8292682926829268,0.8990401803480585,0.03405013643419169,0.8582089552238805,0.9268292682926829,0.8651909722222222,0.07025527613975059,0.7756076388888888,0.9205729166666667,0.8710000000000001,0.04929503017546496,0.81,0.91
clinical_only_model,logreg,none,200.0,0.0,200,200,128.0,0.0,128,128,0.9153862847222222,0.006994133248449662,0.9045681423611112,0.9241536458333334,0.9647711457382689,0.0021357892797510395,0.9617886994142625,0.9678106150561969,0.10305055253530948,0.006308684950775387,0.09617532835740397,0.11109945001233455,0.5527319768432748,0.027381445098851466,0.5177975259881313,0.5825723595598786,1.8422670048959233,0.32373460806538207,1.450892797298987,2.324695783753384,0.42759153962510527,0.05359864816445801,0.3567299214221036,0.5066945952460825,0.11804991848325116,0.030142027429243143,0.07268316297841494,0.14934003047140001,0.5,0.0,0.5,0.5,106.2,1.9235384061671343,104,109,0.0,0.0,0,0,72.0,0.0,72,72,21.8,1.9235384061671346,19,24,0.8296875,0.015027643798180737,0.8125,0.8515625,1.0,0.0,1.0,1.0,1.0,0.0,1.0,1.0,0.7678509046493007,0.015868091023410257,0.75,0.7912087912087912,0.9068583410539877,0.008952795191805297,0.896551724137931,0.919831223628692,0.91484375,0.007513821899090372,0.90625,0.92578125,0.891,0.009617692030835666,0.88,0.905,0.28043048332269427,0.01826559917312307,0.25126549472874293,0.2979034217745169,114.0,1.224744871391589,113,116,23.2,7.5960516059331775,14,33,48.8,7.596051605933177,39,58,14.0,1.224744871391589,12,15,0.890625,0.009568319307746789,0.8828125,0.90625,0.6777777777777778,0.10550071674907192,0.5416666666666666,0.8055555555555556,0.8331083494666487,0.045158086409378836,0.7755102040816326,0.889763779527559,0.7752940727386433,0.022879138884008547,0.7358490566037735,0.7945205479452054,0.8602541652885713,0.021527874470446396,0.829090909090909,0.8862745098039215,0.7842013888888889,0.049799273678462354,0.7161458333333333,0.8441840277777778,0.8140000000000001,0.03435112807463529,0.765,0.855
clinical_only_model,logreg,sigmoid,200.0,0.0,200,200,128.0,0.0,128,128,0.9139539930555556,0.0045496963099461345,0.9084743923611112,0.9198133680555556,0.9644151386556998,0.0016443070206907987,0.9627547903738998,0.9665690661232308,0.09393722640365569,0.0030470660692321645,0.09081738257135803,0.09903972650955929,0.5922863437341332,0.013225113147709112,0.5701400759133711,0.6058273325895919,1.992025585861029,0.10556368720893972,1.8676201474758432,2.1011664485694013,0.028251963931753575,0.03678001201364442,-0.017017808420240896,0.06426333814797054,0.09676677935242188,0.006754177738198669,0.09163794205668,0.10857569267294502,0.5,0.0,0.5,0.5,109.2,2.1679483388678813,106,111,0.8,0.8366600265340756,0,2,71.2,0.8366600265340762,70,72,18.8,2.1679483388678804,17,22,0.853125,0.016937096397405323,0.828125,0.8671875,0.9888888888888889,0.011620278146306572,0.9722222222222222,1.0,0.9927892163108438,0.007446270584028163,0.9823008849557522,1.0,0.7914777660100721,0.01859349624327432,0.7634408602150538,0.8089887640449438,0.9175832215051967,0.00991240076728623,0.9021276595744682,0.9288702928870293,0.9210069444444444,0.009444468379769507,0.9071180555555556,0.93359375,0.9019999999999999,0.010954451150103316,0.885,0.915,0.3529770663210269,0.0066403083703063985,0.34524525317826177,0.3607718773874633,112.6,0.5477225575051667,112,113,11.2,4.604345773288535,5,17,60.8,4.604345773288535,55,67,15.4,0.5477225575051662,15,16,0.8796875,0.004279082480509115,0.875,0.8828125,0.8444444444444444,0.06394924685122967,0.7638888888888888,0.9305555555555556,0.9106116239822128,0.03379149811675719,0.8692307692307693,0.9572649572649573,0.7974727698444484,0.009673661247764474,0.7857142857142857,0.8076923076923077,0.8945918990444319,0.014975170661701558,0.8759689922480621,0.9142857142857143,0.8620659722222221,0.03066184313398447,0.8233506944444444,0.9027777777777778,0.867,0.021389249636207468,0.84,0.895
clinical_only_model,random_forest,isotonic,200.0,0.0,200,200,128.0,0.0,128,128,0.9502821180555555,0.0027556278000525057,0.9455837673611112,0.9520941840277779,0.977818192613779,0.001118717217810458,0.9759812773628243,0.9787501085297639,0.06578466684820519,0.0024482492863622343,0.06328984381767602,0.06913286279036435,0.7144762723602205,0.010626081972058334,0.6999441719168213,0.7253044973191145,2.81862641697992,1.990412771593658,0.6085300675780116,4.54235778119673,0.11462916357597577,0.02559459060515943,0.07327707064788411,0.14043208516663222,0.042456100965118745,0.004198732489073538,0.03843622070377821,0.0485452268314907,0.5,0.0,0.5,0.5,113.6,1.1401754250991383,112,115,1.2,0.4472135954999579,1,2,70.8,0.44721359549995815,70,71,14.4,1.140175425099138,13,16,0.8875,0.008907620508587018,0.875,0.8984375,0.9833333333333334,0.006211299937499448,0.9722222222222222,0.9861111111111112,0.989564158302777,0.0038053672267130928,0.9827586206896551,0.9913793103448276,0.8311077791180626,0.010933438118304068,0.8160919540229885,0.8452380952380952,0.935733132739933,0.0049594487703286975,0.9294605809128631,0.9426229508196722,0.9354166666666668,0.004904705932818274,0.9305555555555556,0.9422743055555556,0.922,0.00570087712549567,0.915,0.93,0.4119174793928523,0.05740444263687717,0.348426757741938,0.49849998161124615,114.4,1.1401754250991367,113,116,1.2,0.4472135954999579,1,2,70.8,0.44721359549995815,70,71,13.6,1.1401754250991378,12,15,0.89375,0.008907620508587006,0.8828125,0.90625,0.9833333333333334,0.006211299937499448,0.9722222222222222,0.9861111111111112,0.9896246680977999,0.0038391524106656614,0.9827586206896551,0.9914529914529915,0.8389737256628624,0.011559474490876995,0.8255813953488372,0.8554216867469879,0.9392287716594012,0.005556721034414299,0.9338842975206612,0.9469387755102041,0.9385416666666668,0.0059082006340228,0.9314236111111112,0.9461805555555556,0.9259999999999999,0.006519202405202652,0.92,0.935
clinical_only_model,random_forest,none,200.0,0.0,200,200,128.0,0.0,128,128,0.9483615451388889,0.006858870641124935,0.9385308159722222,0.9571397569444444,0.9774090104474722,0.0023359110474840744,0.9737991941741043,0.980232742506609,0.08575804660384964,0.00544077684455187,0.07657622339926481,0.09065202568344295,0.6277862560596803,0.023614482832256374,0.6065450274156121,0.6676379192740243,2.159077111428309,1.1204797464372545,0.9055237541008138,3.422316564106623,0.32763998087125407,0.05044114874435408,0.2768480152091796,0.3827003966158562,0.10787960060750876,0.004533678267187739,0.09994809217667909,0.11140412327241676,0.5,0.0,0.5,0.5,111.4,1.6733200530681516,110,114,0.2,0.4472135954999579,0,1,71.8,0.44721359549995715,71,72,16.6,1.6733200530681513,14,18,0.8703125,0.013072812914594934,0.859375,0.890625,0.9972222222222221,0.006211299937499394,0.9861111111111112,1.0,0.9982300884955752,0.003957642438052744,0.9911504424778761,1.0,0.8124580040787027,0.015397010381607356,0.8,0.8372093023255814,0.929843825985758,0.007287611311446821,0.9243697478991597,0.9421487603305785,0.933767361111111,0.006650687954645115,0.9296875,0.9453125,0.916,0.008215838362577497,0.91,0.93,0.331123072003929,0.03044503054805852,0.29943788928970727,0.3780723969152197,116.8,3.701351104664351,112,121,11.4,11.171392035015153,1,25,60.6,11.171392035015153,47,71,11.2,3.7013511046643495,7,16,0.9125,0.02891680550519024,0.875,0.9453125,0.8416666666666668,0.1551582227085438,0.6527777777777778,0.9861111111111112,0.9179443343444934,0.07640489411707213,0.8275862068965517,0.9914529914529915,0.846863361712814,0.02476352427348582,0.8160919540229885,0.8793103448275862,0.912902988907731,0.026691026840609325,0.8791208791208792,0.9469387755102041,0.8770833333333334,0.06512976927136653,0.7951388888888888,0.9461805555555556,0.8870000000000001,0.04040420770167389,0.835,0.935
clinical_only_model,random_forest,sigmoid,200.0,0.0,200,200,128.0,0.0,128,128,0.9475911458333333,0.006657389614502263,0.9404839409722221,0.9558919270833334,0.9772745681412196,0.0022082668559723507,0.974665894585944,0.9800373088553757,0.069028279793785,0.0023950753253179605,0.0653910462611526,0.07125831348698773,0.7003980911728082,0.010395292210581409,0.6907191254905046,0.7161846950470807,2.08706829961941,0.48382469138877016,1.615565072084345,2.758838869147918,0.038892604427104654,0.019708446824725726,0.008698672273570967,0.057348351395904384,0.06589246191246172,0.008464860424235662,0.056392970034694304,0.07947252359435567,0.5,0.0,0.5,0.5,112.4,1.1401754250991363,111,114,0.2,0.4472135954999579,0,1,71.8,0.44721359549995715,71,72,15.6,1.1401754250991376,14,17,0.878125,0.008907620508587002,0.8671875,0.890625,0.9972222222222221,0.006211299937499394,0.9861111111111112,1.0,0.9982456140350877,0.0039229262763154325,0.9912280701754386,1.0,0.8216286196165997,0.01051081513015613,0.8089887640449438,0.8372093023255814,0.934314003480987,0.0048250770722426005,0.9288702928870293,0.9421487603305785,0.937673611111111,0.0046198989898386085,0.93359375,0.9453125,0.921,0.005477225575051679,0.915,0.93,0.3627666064917,0.04056236799249231,0.3130074795872311,0.41199878947790347,114.0,1.2247448713915898,112,115,0.8,0.4472135954999579,0,1,71.2,0.44721359549995815,71,72,14.0,1.224744871391589,13,16,0.890625,0.009568319307746796,0.875,0.8984375,0.9888888888888889,0.006211299937499393,0.9861111111111112,1.0,0.9930276896949757,0.0038985297542721378,0.9911504424778761,1.0,0.8357954216169226,0.012295909424721968,0.8160919540229885,0.8470588235294118,0.9390257598444494,0.006353443131032745,0.9294605809128631,0.9465020576131687,0.9397569444444445,0.006789448679951903,0.9305555555555556,0.94921875,0.9259999999999999,0.007416198487095669,0.915,0.935
clinical_only_model,svm,isotonic,200.0,0.0,200,200,128.0,0.0,128,128,0.94443359375,0.0051399832353594315,0.9366861979166667,0.9500325520833333,0.9765368526019952,0.0017094004207187006,0.9739336481492284,0.9784137436474802,0.06321757085616005,0.0031546422233887567,0.0602099932471895,0.06825987876517702,0.7256181820479164,0.013692023539013694,0.7037331650816969,0.7386719043090733,1.3232621205372286,1.4804479180896106,0.5589931784051285,3.9657900581513608,0.07876905630768584,0.09885945547142458,-0.037752146373391436,0.22687390937660223,0.050501099053999264,0.014292038820255605,0.034410027364555285,0.06250804934280438,0.5,0.0,0.5,0.5,114.8,0.8366600265340772,114,116,2.0,1.0,1,3,70.0,1.0000000000000004,69,71,13.2,0.8366600265340752,12,14,0.896875,0.006536406457297478,0.890625,0.90625,0.9722222222222223,0.01388888888888886,0.9583333333333334,0.9861111111111112,0.9829477062804516,0.008385150635019567,0.9743589743589743,0.9913793103448276,0.8414165719835458,0.008164662311312344,0.8313253012048193,0.8518518518518519,0.9379107131841427,0.004421595125064162,0.9306122448979591,0.9426229508196722,0.9345486111111111,0.006733728011300257,0.9244791666666667,0.9422743055555556,0.924,0.005477225575051634,0.915,0.93,0.5731228197045928,0.07580560281982464,0.43835002310859117,0.6171658148577643,114.8,0.8366600265340772,114,116,1.8,1.3038404810405297,0,3,70.2,1.3038404810405302,69,72,13.2,0.8366600265340752,12,14,0.896875,0.006536406457297478,0.890625,0.90625,0.975,0.01810889557000737,0.9583333333333334,1.0,0.9846718442114861,0.011023480855213845,0.9743589743589743,1.0,0.8417807176418091,0.008414493372310964,0.8313253012048193,0.8518518518518519,0.9386865345428419,0.00563024278919994,0.9306122448979591,0.9465020576131687,0.9359375,0.009045080574028235,0.9244791666666667,0.94921875,0.925,0.007071067811865472,0.915,0.935
clinical_only_model,svm,none,200.0,0.0,200,200,128.0,0.0,128,128,0.9487413194444445,0.004552671320644677,0.941134982638889,0.9534505208333334,0.9781820961880696,0.0017569061744156567,0.9754087266630227,0.980074153224112,0.062002308797382596,0.0037005217112432427,0.057642059029472635,0.06746284236714979,0.7308927569558047,0.016061292149493304,0.7071925244481345,0.7498174521290251,1.621620712329387,0.8004223895862711,1.122558063257652,3.0210709668003255,0.012399105736139556,0.07078667837084637,-0.10769813022036444,0.07469603640098996,0.02765327793340417,0.010074742733045051,0.017281861624509277,0.03840955553317868,0.5,0.0,0.5,0.5,113.6,1.3416407864998745,112,115,0.8,0.8366600265340756,0,2,71.2,0.8366600265340772,70,72,14.4,1.3416407864998738,13,16,0.8875,0.01048156864453027,0.875,0.8984375,0.9888888888888889,0.011620278146306565,0.9722222222222222,1.0,0.9930432152344879,0.0072755796767034935,0.9826086956521739,1.0,0.8319179088125737,0.013284136557260134,0.8181818181818182,0.8470588235294118,0.9372767583100419,0.006948044818495422,0.9300411522633745,0.9465020576131687,0.9381944444444444,0.008163876749688498,0.9275173611111112,0.94921875,0.924,0.008215838362577511,0.915,0.935,0.41532441449376173,0.09630111263041442,0.2964628037783574,0.5642423265667462,114.6,1.5165750888103124,113,116,1.4,1.51657508881031,0,3,70.6,1.5165750888103104,69,72,13.4,1.51657508881031,12,15,0.8953125,0.011848242881330566,0.8828125,0.90625,0.9805555555555555,0.021063542900143187,0.9583333333333334,1.0,0.9880311834352616,0.012894561365206177,0.9741379310344828,1.0,0.8406126998603058,0.016086392126842358,0.8214285714285714,0.8571428571428571,0.9393413581044854,0.009807297576350103,0.9262295081967213,0.9508196721311475,0.9379340277777779,0.01326095149084388,0.9205729166666667,0.953125,0.9259999999999999,0.011937336386313288,0.91,0.94
clinical_only_model,svm,sigmoid,200.0,0.0,200,200,128.0,0.0,128,128,0.9469184027777778,0.00844740674556972,0.9377712673611112,0.9603949652777778,0.9774988245361318,0.003161724360670752,0.9745209058496775,0.9826444007096986,0.06612908957174288,0.004306984549384364,0.06178115400248112,0.07268993011719989,0.712981382067088,0.018693509328925172,0.6845055116440977,0.7318526301975645,2.2813204989994427,1.0213491046530239,1.6301004061058975,4.078007841647042,0.055341440635073624,0.04289047597404476,-0.008013581475056958,0.10719387960095272,0.06339920429713056,0.009417068699862157,0.055490383440513914,0.07871349036271696,0.5,0.0,0.5,0.5,112.4,2.3021728866442666,110,115,0.6,0.5477225575051661,0,1,71.4,0.5477225575051684,71,72,15.6,2.3021728866442674,13,18,0.878125,0.017985725676908332,0.859375,0.8984375,0.9916666666666668,0.007607257743127267,0.9861111111111112,1.0,0.9947196743022515,0.004822242448558406,0.990990990990991,1.0,0.8211563203802555,0.02152048811947524,0.797752808988764,0.8452380952380952,0.9327055697240562,0.010091190324706303,0.9205020920502092,0.9426229508196722,0.9348958333333334,0.009191761538432005,0.9227430555555556,0.9453125,0.9190000000000002,0.01140175425099139,0.905,0.93,0.4120982336606618,0.06710914792553449,0.3289877385100526,0.5163315621162866,114.6,1.5165750888103124,113,116,1.6,1.3416407864998738,0,3,70.4,1.3416407864998738,69,72,13.4,1.51657508881031,12,15,0.8953125,0.011848242881330566,0.8828125,0.90625,0.9777777777777779,0.018633899812498265,0.9583333333333334,1.0,0.9863070455042271,0.011381706561631162,0.9741379310344828,1.0,0.8402485542020426,0.01592377788383971,0.8214285714285714,0.8571428571428571,0.9385655367457861,0.009236017572470936,0.9262295081967213,0.9508196721311475,0.9365451388888889,0.012096066835930829,0.9205729166666667,0.953125,0.925,0.011180339887498952,0.91,0.94
clinical_only_model,xgboost,isotonic,200.0,0.0,200,200,128.0,0.0,128,128,0.9121310763888889,0.004418344953217247,0.9052191840277779,0.916775173611111,0.9621999186482114,0.0018569544150948323,0.9598079976026641,0.964180165953354,0.08955757751919231,0.007343815614975915,0.0824655000853667,0.10156004428444292,0.6112952364618389,0.03187419971777744,0.5592011966821053,0.6420768225461515,5.752693841804126,0.7874331238759442,4.560718139561929,6.565466336189044,0.112582830230937,0.06193905340823035,0.0714530535423309,0.2152899570875988,0.06603093276056463,0.01301658634260152,0.052904991190880574,0.08334143446758387,0.5,0.0,0.5,0.5,109.2,0.8366600265340757,108,110,1.8,1.3038404810405297,0,3,70.2,1.3038404810405302,69,72,18.8,0.8366600265340756,18,20,0.853125,0.006536406457297466,0.84375,0.859375,0.975,0.01810889557000738,0.9583333333333334,1.0,0.9838642213642214,0.011685008698607472,0.972972972972973,1.0,0.7887575907238829,0.009153833605790983,0.7752808988764045,0.797752808988764,0.9138198012110941,0.007417569138708242,0.903765690376569,0.9205020920502092,0.9140625,0.010820269845762034,0.9010416666666667,0.92578125,0.897,0.00908295106229247,0.885,0.905,0.2574975806474685,0.020518494932352627,0.2291508074849844,0.28015008084475995,111.8,1.3038404810405302,110,113,20.0,4.123105625617661,17,27,52.0,4.123105625617661,45,55,16.2,1.3038404810405297,15,18,0.8734375,0.010186253758129142,0.859375,0.8828125,0.7222222222222222,0.05726535591135639,0.625,0.7638888888888888,0.8489353609177084,0.025177930466320417,0.8071428571428572,0.8692307692307693,0.7621152518978607,0.016686241036159767,0.7428571428571429,0.7857142857142857,0.8608036234994106,0.012841759269094056,0.8432835820895522,0.8759689922480621,0.7978298611111111,0.0274012155192236,0.75390625,0.8233506944444444,0.819,0.019493588689617883,0.79,0.84
clinical_only_model,xgboost,none,200.0,0.0,200,200,128.0,0.0,128,128,0.9163411458333334,0.008924984758189047,0.9021809895833333,0.9264865451388888,0.9636764599991132,0.003703232040759112,0.9573896583812472,0.9668267854215284,0.08827498204077575,0.006944209356643597,0.08244040543467934,0.10022562118063158,0.6168620571146886,0.030139797554876713,0.5649929636257309,0.6421857403008708,1.3232048233587475,0.17259900744148926,1.0436351513658089,1.4936416509098618,0.1224210768540098,0.03556358229914059,0.0912558713822812,0.17556495426618904,0.07873553412407638,0.011473110854574892,0.0612530129775405,0.09007808279246095,0.5,0.0,0.5,0.5,109.6,0.8944271909999157,109,111,1.0,1.224744871391589,0,3,71.0,1.224744871391589,69,72,18.4,0.8944271909999162,17,19,0.85625,0.006987712429686842,0.8515625,0.8671875,0.986111111111111,0.017010345435994282,0.9583333333333334,1.0,0.9910228735228734,0.010935462522086933,0.9732142857142857,1.0,0.7941860324444594,0.009626499474108747,0.7840909090909091,0.8089887640449438,0.9187006656907771,0.007464959445541293,0.9083333333333333,0.9288702928870293,0.9211805555555556,0.010567484578842467,0.9049479166666667,0.93359375,0.9030000000000001,0.009082951062292484,0.89,0.915,0.3142801207304001,0.02188077996226312,0.29080778956413267,0.3402178168296814,111.0,1.0,110,112,15.0,7.745966692414834,4,22,57.0,7.745966692414835,50,68,17.0,1.0,16,18,0.8671875,0.0078125,0.859375,0.875,0.7916666666666667,0.1075828707279838,0.6944444444444444,0.9444444444444444,0.8835633259099878,0.056542322858619765,0.8333333333333334,0.9652173913043478,0.7681449837460068,0.030252561447608232,0.7352941176470589,0.8,0.8746743993503683,0.029416437844884683,0.8461538461538461,0.9135802469135802,0.8294270833333334,0.05578734469764939,0.7769097222222222,0.9058159722222222,0.8400000000000001,0.041382363393117114,0.8,0.895
clinical_only_model,xgboost,sigmoid,200.0,0.0,200,200,128.0,0.0,128,128,0.9099283854166668,0.005487169466797484,0.9023980034722222,0.9170464409722223,0.9614800987010153,0.00204573209408803,0.9581601267988846,0.9633519750244696,0.09215721882732288,0.006880733819332279,0.08727540635068234,0.10381816744181988,0.6000120710619667,0.029864296090851943,0.5494003149226567,0.6212004932696078,1.3238262283937894,0.10983562158209727,1.139415698018596,1.4180815645468305,0.04606628262159324,0.04830025863967505,-0.022022076050050132,0.1145501419864668,0.09677758029405104,0.004610742444850558,0.09168502445954378,0.10301167039938522,0.5,0.0,0.5,0.5,109.6,0.5477225575051643,109,110,2.2,2.280350850198276,0,6,69.8,2.280350850198275,66,72,18.4,0.5477225575051662,18,19,0.85625,0.004279082480509096,0.8515625,0.859375,0.9694444444444444,0.0316715395860872,0.9166666666666666,1.0,0.9806205584466454,0.01976879341939092,0.9478260869565217,1.0,0.791268255868388,0.008603400106855605,0.7764705882352941,0.797752808988764,0.914157198115204,0.009686790816137611,0.897119341563786,0.9205020920502092,0.9128472222222221,0.016644837954930967,0.8841145833333333,0.92578125,0.897,0.012549900398011155,0.875,0.905,0.33846421989597375,0.010527442296303228,0.32575455855899,0.350431610554277,110.6,0.5477225575051643,110,111,18.8,4.658325879540846,14,25,53.2,4.658325879540847,47,58,17.4,0.5477225575051662,17,18,0.8640625,0.004279082480509096,0.859375,0.8671875,0.7388888888888889,0.0646989705491784,0.6527777777777778,0.8055555555555556,0.8555457323865218,0.03086964145763782,0.8148148148148148,0.888,0.752589836679389,0.020375027759800473,0.7230769230769231,0.7733333333333333,0.8595875435094168,0.016898159938483218,0.8365019011406842,0.8774703557312253,0.8014756944444444,0.03353071758477014,0.7560763888888888,0.8363715277777778,0.819,0.024849547279578332,0.785,0.845
full_valid_model,dummy,isotonic,200.0,0.0,200,200,128.0,0.0,128,128,0.48697916666666663,0.0,0.48697916666666663,0.48697916666666663,0.634140625,0.0,0.634140625,0.634140625,0.230484375,1.962615573354719e-17,0.230484375,0.23048437500000002,-0.0003662109375,0.0,-0.0003662109375,-0.0003662109375,-3.9860731127345774,2.7645141858866263e-13,-3.9860731127349425,-3.9860731127341698,-2.139579346744554e-16,2.19774395604307e-17,-2.5058136493404686e-16,-1.9275489610311297e-16,0.0,0.0,0.0,0.0,0.5,0.0,0.5,0.5,128.0,0.0,128,128,72.0,0.0,72,72,0.0,0.0,0,0,0.0,0.0,0,0,1.0,0.0,1.0,1.0,0.0,0.0,0.0,0.0,0.64,0.0,0.64,0.64,,,,,0.7804878048780487,0.0,0.7804878048780487,0.7804878048780487,0.5,0.0,0.5,0.5,0.64,0.0,0.64,0.64,0.6366666666666666,0.0,0.6366666666666666,0.6366666666666666,128.0,0.0,128,128,72.0,0.0,72,72,0.0,0.0,0,0,0.0,0.0,0,0,1.0,0.0,1.0,1.0,0.0,0.0,0.0,0.0,0.64,0.0,0.64,0.64,,,,,0.7804878048780487,0.0,0.7804878048780487,0.7804878048780487,0.5,0.0,0.5,0.5,0.64,0.0,0.64,0.64
full_valid_model,dummy,none,200.0,0.0,200,200,128.0,0.0,128,128,0.48697916666666663,0.0,0.48697916666666663,0.48697916666666663,0.634140625,0.0,0.634140625,0.634140625,0.230484375,1.962615573354719e-17,0.230484375,0.23048437500000002,-0.0003662109375,0.0,-0.0003662109375,-0.0003662109375,-3.9860731127345774,2.7645141858866263e-13,-3.9860731127349425,-3.9860731127341698,-2.139579346744554e-16,2.19774395604307e-17,-2.5058136493404686e-16,-1.9275489610311297e-16,0.0,0.0,0.0,0.0,0.5,0.0,0.5,0.5,128.0,0.0,128,128,72.0,0.0,72,72,0.0,0.0,0,0,0.0,0.0,0,0,1.0,0.0,1.0,1.0,0.0,0.0,0.0,0.0,0.64,0.0,0.64,0.64,,,,,0.7804878048780487,0.0,0.7804878048780487,0.7804878048780487,0.5,0.0,0.5,0.5,0.64,0.0,0.64,0.64,0.6366666666666666,0.0,0.6366666666666666,0.6366666666666666,128.0,0.0,128,128,72.0,0.0,72,72,0.0,0.0,0,0,0.0,0.0,0,0,1.0,0.0,1.0,1.0,0.0,0.0,0.0,0.0,0.64,0.0,0.64,0.64,,,,,0.7804878048780487,0.0,0.7804878048780487,0.7804878048780487,0.5,0.0,0.5,0.5,0.64,0.0,0.64,0.64
full_valid_model,dummy,sigmoid,200.0,0.0,200,200,128.0,0.0,128,128,0.48697916666666663,0.0,0.48697916666666663,0.48697916666666663,0.634140625,0.0,0.634140625,0.634140625,0.23048497445077146,0.0,0.23048497445077146,0.23048497445077146,-0.000368812720362266,0.0,-0.000368812720362266,-0.000368812720362266,-4.03243150778418,3.315202543393115e-13,-4.0324315077845085,-4.032431507783667,0.005375091137101479,5.234440058348795e-17,0.0053750911371014,0.005375091137101526,0.0012393012896696476,0.0,0.0012393012896696476,0.0012393012896696476,0.5,0.0,0.5,0.5,128.0,0.0,128,128,72.0,0.0,72,72,0.0,0.0,0,0,0.0,0.0,0,0,1.0,0.0,1.0,1.0,0.0,0.0,0.0,0.0,0.64,0.0,0.64,0.64,,,,,0.7804878048780487,0.0,0.7804878048780487,0.7804878048780487,0.5,0.0,0.5,0.5,0.64,0.0,0.64,0.64,0.6346558996314264,5.551115123125783e-17,0.6346558996314264,0.6346558996314265,128.0,0.0,128,128,72.0,0.0,72,72,0.0,0.0,0,0,0.0,0.0,0,0,1.0,0.0,1.0,1.0,0.0,0.0,0.0,0.0,0.64,0.0,0.64,0.64,,,,,0.7804878048780487,0.0,0.7804878048780487,0.7804878048780487,0.5,0.0,0.5,0.5,0.64,0.0,0.64,0.64
full_valid_model,ebm,isotonic,200.0,0.0,200,200,128.0,0.0,128,128,0.9993706597222223,0.0003379429579513812,0.9990234374999999,0.9997829861111112,0.9996446877101299,0.0001936092832359463,0.9994475126213034,0.9998784028282461,0.009523495412623772,0.0019346313094734183,0.006345279467531011,0.011340272178876227,0.9586653844938204,0.008396837280700589,0.950780068668072,0.9724597245332856,1.602744207058479,0.5902997685385455,0.9329055666960611,2.366343187536084,0.0547545062068863,0.4375585568940752,-0.5376689585530006,0.6690242217141287,0.018288076273288045,0.004549643266933453,0.013799674528485214,0.02458236432834086,0.5,0.0,0.5,0.5,126.6,0.8944271909999173,125,127,1.4,0.8944271909999159,1,3,70.6,0.8944271909999153,69,71,1.4,0.8944271909999159,1,3,0.9890625,0.006987712429686854,0.9765625,0.9921875,0.9805555555555555,0.012422599874998823,0.9583333333333334,0.9861111111111112,0.9891098137973138,0.006812804635915277,0.9769230769230769,0.9921875,0.9807014157014157,0.011875857695637778,0.9594594594594594,0.9861111111111112,0.989062118506989,0.004280475354359621,0.9842519685039369,0.9921875,0.9848090277777779,0.006319539834444878,0.9752604166666667,0.9891493055555556,0.986,0.0054772255750516665,0.98,0.99,0.9756251387675189,0.020509254730858486,0.9480744356888989,0.9990169328342842,118.2,3.1144823004794886,113,121,0.0,0.0,0,0,72.0,0.0,72,72,9.8,3.1144823004794877,7,15,0.9234375,0.024331892972496005,0.8828125,0.9453125,1.0,0.0,1.0,1.0,1.0,0.0,1.0,1.0,0.8811832562673073,0.03243650693833263,0.8275862068965517,0.9113924050632911,0.9600602336633262,0.013313495435951835,0.9377593360995851,0.9718875502008032,0.96171875,0.012165946486247992,0.94140625,0.97265625,0.951,0.015572411502397406,0.925,0.965
full_valid_model,ebm,none,200.0,0.0,200,200,128.0,0.0,128,128,0.9992838541666668,0.0002250047889901024,0.9989149305555556,0.9994574652777778,0.9995986493586309,0.00011788450471635389,0.9994103689621782,0.9996952528197722,0.012126530552403947,0.0023644756047398793,0.008940594363305994,0.015427749594492824,0.9473674889218578,0.010262480923350163,0.9330392812739027,0.9611953369648177,0.7046396935243175,0.11985626095205804,0.5593405024262957,0.8211907191588752,0.9821398514379359,0.8932608452886287,-0.4060514992563258,1.779147490531599,0.015131168133543288,0.0022496175469129054,0.01375514786767164,0.018953989207602516,0.5,0.0,0.5,0.5,126.0,0.7071067811865462,125,127,1.2,0.4472135954999579,1,2,70.8,0.44721359549995915,70,71,2.0,0.7071067811865476,1,3,0.984375,0.0055242717280198925,0.9765625,0.9921875,0.9833333333333334,0.0062112999374994374,0.9722222222222222,0.9861111111111112,0.9905755921134858,0.00346651364557375,0.984375,0.9921875,0.9725996544489695,0.00942558565314287,0.9594594594594594,0.9861111111111112,0.9874570113478462,0.003292417979511454,0.9842519685039369,0.9921875,0.9838541666666668,0.004156255076345155,0.9782986111111112,0.9891493055555556,0.984,0.004183300132670402,0.98,0.99,0.9965512468613994,0.0023128970607518102,0.9927296603833957,0.998848538488636,120.2,1.9235384061671335,117,122,0.0,0.0,0,0,72.0,0.0,72,72,7.8,1.9235384061671346,6,11,0.9390625,0.01502764379818073,0.9140625,0.953125,1.0,0.0,1.0,1.0,1.0,0.0,1.0,1.0,0.9026663225443154,0.02130012044547827,0.8674698795180723,0.9230769230769231,0.9685238153403608,0.008051057833783928,0.9551020408163265,0.976,0.96953125,0.007513821899090377,0.95703125,0.9765625,0.961,0.009617692030835694,0.945,0.97
full_valid_model,ebm,sigmoid,200.0,0.0,200,200,128.0,0.0,128,128,0.9995008680555555,0.00043807789145368245,0.9990234375,1.0,0.9997180702092839,0.0002484962860258834,0.9994475126213034,1.0,0.02080174641526029,0.0012096369152543498,0.019654753108239293,0.022339588521889674,0.9097146422948772,0.005250160222458096,0.9030399803737428,0.9146929118566003,5.542716838532787,3.0790456011163214,3.167738154544436,9.929393179389097,0.05327380955331105,0.04531451943602809,-0.019474551235093455,0.1057068960666673,0.08491140788872684,0.00363796766872102,0.08154133729994029,0.0894172416632265,0.5,0.0,0.5,0.5,125.8,1.095445115010331,124,127,0.4,0.5477225575051661,0,1,71.6,0.5477225575051667,71,72,2.2,1.0954451150103321,1,4,0.9828125,0.008558164961018211,0.96875,0.9921875,0.9944444444444445,0.00760725774312728,0.9861111111111112,1.0,0.9968503937007874,0.004312776043347754,0.9921259842519685,1.0,0.9703696486681347,0.014138837477259067,0.9473684210526315,0.9863013698630136,0.9897603975973592,0.00452495247435732,0.9841269841269841,0.996078431372549,0.9886284722222222,0.0052299896984000106,0.984375,0.99609375,0.9869999999999999,0.005700877125495718,0.98,0.995,0.7477722693636696,0.015982682153129507,0.7195718060814589,0.759004142586532,117.0,1.0,116,118,0.0,0.0,0,0,72.0,0.0,72,72,11.0,1.0,10,12,0.9140625,0.0078125,0.90625,0.921875,1.0,0.0,1.0,1.0,1.0,0.0,1.0,1.0,0.8675706309558793,0.010453113405465723,0.8571428571428571,0.8780487804878049,0.9550881144140982,0.004264967787695092,0.9508196721311475,0.959349593495935,0.95703125,0.00390625,0.953125,0.9609375,0.945,0.0050000000000000044,0.94,0.95
full_valid_model,logreg,isotonic,200.0,0.0,200,200,128.0,0.0,128,128,0.9997178819444444,9.705156152346164e-05,0.9995659722222222,0.9997829861111112,0.9998417728265514,5.500933315566069e-05,0.9997548831119607,0.9998784028282461,0.00813287837689482,0.0011826000663444354,0.007029169818821977,0.009870885840748144,0.9647010487113941,0.005132812787953232,0.9571576135384195,0.9694914504391408,1.1936813979514842,0.16468219499683825,0.9968964548510092,1.3821511274113698,0.1593285536532319,0.2248726953261753,-0.1336503325308348,0.3952664437991648,0.01451881511496928,0.003190590757050678,0.010702223355361643,0.019231880216045535,0.5,0.0,0.5,0.5,126.0,0.0,126,126,1.0,0.0,1,1,71.0,0.0,71,71,2.0,0.0,2,2,0.984375,0.0,0.984375,0.984375,0.986111111111111,0.0,0.9861111111111112,0.9861111111111112,0.9921259842519685,0.0,0.9921259842519685,0.9921259842519685,0.9726027397260275,0.0,0.9726027397260274,0.9726027397260274,0.9882352941176469,0.0,0.988235294117647,0.988235294117647,0.9852430555555556,0.0,0.9852430555555556,0.9852430555555556,0.985,0.0,0.985,0.985,0.9831878832866143,0.009123869147086551,0.9736786924150532,0.9926552473763656,119.8,5.761944116355172,110,124,0.0,0.0,0,0,72.0,0.0,72,72,8.2,5.761944116355173,4,18,0.9359375,0.045015188409024784,0.859375,0.96875,1.0,0.0,1.0,1.0,1.0,0.0,1.0,1.0,0.9012258494337109,0.060435519326374254,0.8,0.9473684210526315,0.9664506403675605,0.02463196703448568,0.9243697478991597,0.9841269841269841,0.96796875,0.022507594204512413,0.9296875,0.984375,0.959,0.028809720581775843,0.91,0.98
full_valid_model,logreg,none,200.0,0.0,200,200,128.0,0.0,128,128,0.999782986111111,0.0,0.9997829861111112,0.9997829861111112,0.9998784028282461,0.0,0.9998784028282461,0.9998784028282461,0.09332476624463562,0.0032581963183862844,0.08756628855212129,0.09526639628881486,0.5949445909521024,0.014141477076329373,0.5865173772186855,0.6199379837147514,12.851827181421811,0.7014294187906145,12.107628514792756,13.669425430250474,0.656609557482923,0.003440401203239184,0.6526831927861302,0.6608117714533195,0.26576579183759586,0.007919940049371618,0.252119022289535,0.27073715054730063,0.5,0.0,0.5,0.5,108.8,1.6431676725154976,107,111,0.0,0.0,0,0,72.0,0.0,72,72,19.2,1.6431676725154984,17,21,0.85,0.012837247441527325,0.8359375,0.8671875,1.0,0.0,1.0,1.0,1.0,0.0,1.0,1.0,0.7896799407472777,0.014310552425078869,0.7741935483870968,0.8089887640449438,0.9188773626469601,0.0074860071739439845,0.9106382978723404,0.9288702928870293,0.925,0.006418623720763675,0.91796875,0.93359375,0.9040000000000001,0.008215838362577494,0.895,0.915,0.45997560018274264,0.00402960220464526,0.4555921695219974,0.46470993613475636,115.4,1.5165750888103091,113,117,0.0,0.0,0,0,72.0,0.0,72,72,12.6,1.5165750888103104,11,15,0.9015625,0.01184824288133054,0.8828125,0.9140625,1.0,0.0,1.0,1.0,1.0,0.0,1.0,1.0,0.85128012484595,0.015083704360266832,0.8275862068965517,0.8674698795180723,0.9482005557582751,0.006581299284065215,0.9377593360995851,0.9551020408163265,0.95078125,0.005924121440665284,0.94140625,0.95703125,0.9369999999999999,0.007582875444051463,0.925,0.945
full_valid_model,logreg,sigmoid,200.0,0.0,200,200,128.0,0.0,128,128,0.999782986111111,0.0,0.9997829861111112,0.9997829861111112,0.9998784028282461,0.0,0.9998784028282461,0.9998784028282461,0.02251748478229646,0.0004497681206656087,0.02210636472607557,0.023275455962337172,0.9022678611879493,0.001952118579277799,0.8989780557190227,0.9040522364319636,4.638265245075904,0.20574712516931346,4.336647780352779,4.896286593565791,0.04571578663979934,0.015343450215498312,0.03473784613492068,0.07266758044059,0.09760025785892752,0.002490063274424982,0.09457003654194725,0.10005605928535796,0.5,0.0,0.5,0.5,126.0,0.0,126,126,0.0,0.0,0,0,72.0,0.0,72,72,2.0,0.0,2,2,0.984375,0.0,0.984375,0.984375,1.0,0.0,1.0,1.0,1.0,0.0,1.0,1.0,0.972972972972973,0.0,0.972972972972973,0.972972972972973,0.9921259842519685,0.0,0.9921259842519685,0.9921259842519685,0.9921875,0.0,0.9921875,0.9921875,0.99,0.0,0.99,0.99,0.7003186822082667,0.005802925614258586,0.6936060073357262,0.7060583779045285,117.0,1.8708286933869702,114,119,0.0,0.0,0,0,72.0,0.0,72,72,11.0,1.8708286933869709,9,14,0.9140625,0.014615849167085705,0.890625,0.9296875,1.0,0.0,1.0,1.0,1.0,0.0,1.0,1.0,0.867817346147684,0.019272947198623814,0.8372093023255814,0.8888888888888888,0.9550530376991209,0.008021858011903487,0.9421487603305785,0.9635627530364372,0.95703125,0.007307924583542858,0.9453125,0.96484375,0.945,0.009354143466934828,0.93,0.955
full_valid_model,random_forest,isotonic,200.0,0.0,200,200,128.0,0.0,128,128,0.9993489583333334,0.00035987682187018055,0.9988064236111112,0.9996744791666667,0.9996332199087608,0.00020095026188272452,0.9993331975161581,0.9998168870802147,0.009247012789965717,0.0021686197700366513,0.006974974646900214,0.012515157523578891,0.959865395876885,0.009412412196339651,0.9456807399150222,0.9697266725394956,1.4068373633479407,0.8281021189787942,0.7201633627357871,2.841310032387641,-0.17705799285607157,0.3224038886955133,-0.6125734436051716,0.1638410059311233,0.014876291907196729,0.0012044649202982648,0.013162508630379027,0.016259097234376876,0.5,0.0,0.5,0.5,127.4,0.5477225575051667,127,128,1.8,0.8366600265340756,1,3,70.2,0.8366600265340757,69,71,0.6,0.5477225575051661,0,1,0.9953125,0.004279082480509115,0.9921875,1.0,0.975,0.01162027814630662,0.9583333333333334,0.9861111111111112,0.9861171490575227,0.0063226593308118905,0.9770992366412213,0.9921875,0.9916275430359939,0.007643389786089769,0.9859154929577465,1.0,0.9906733797363039,0.0021013243700675867,0.9883268482490272,0.9922480620155039,0.98515625,0.004398481270888243,0.9791666666666667,0.9891493055555556,0.9879999999999999,0.0027386127875258285,0.985,0.99,0.988513025459121,0.005498004463155054,0.9789263213151084,0.9927540157855091,120.0,1.5811388300841898,118,122,0.0,0.0,0,0,72.0,0.0,72,72,8.0,1.5811388300841898,6,10,0.9375,0.012352647110032733,0.921875,0.953125,1.0,0.0,1.0,1.0,1.0,0.0,1.0,1.0,0.9002813995033815,0.017799214671003365,0.8780487804878049,0.9230769230769231,0.9677083664434093,0.0065816617677988114,0.959349593495935,0.976,0.96875,0.006176323555016366,0.9609375,0.9765625,0.96,0.007905694150420955,0.95,0.97
full_valid_model,random_forest,none,200.0,0.0,200,200,128.0,0.0,128,128,0.9995876736111111,0.00017829510335455782,0.9994574652777778,0.9998914930555556,0.99976736802803,0.00010092467126122728,0.9996923831119606,0.9999394379844961,0.01773816326801827,0.002289174492905346,0.015072173879868154,0.02048106347595733,0.9230114441492262,0.009935653181012784,0.9111064953300463,0.9345825786464056,6.243493365980511,5.064234959986749,3.7584797925538904,15.295236062344513,0.27146020995760267,0.08582370293436883,0.18753088274600027,0.4146304194854682,0.07882041026956772,0.01065897116971621,0.0656276899633449,0.09077552484598551,0.5,0.0,0.5,0.5,127.6,0.5477225575051643,127,128,1.2,0.4472135954999579,1,2,70.8,0.44721359549995715,70,71,0.4,0.5477225575051662,0,1,0.996875,0.004279082480509096,0.9921875,1.0,0.9833333333333334,0.006211299937499417,0.9722222222222222,0.9861111111111112,0.9906973017292785,0.003400029870569708,0.9846153846153847,0.9922480620155039,0.9944444444444445,0.007607257743127287,0.9861111111111112,1.0,0.9937681921696377,0.002136952276714225,0.9921875,0.9961089494163424,0.9901041666666668,0.0029660329102899076,0.9861111111111112,0.9930555555555556,0.992,0.002738612787525817,0.99,0.995,0.7866519823595661,0.011756327154205989,0.7711475596912163,0.802336583782948,114.6,2.3021728866442697,111,117,0.0,0.0,0,0,72.0,0.0,72,72,13.4,2.3021728866442674,11,17,0.8953125,0.017985725676908357,0.8671875,0.9140625,1.0,0.0,1.0,1.0,1.0,0.0,1.0,1.0,0.8435739253121733,0.022382576145645157,0.8089887640449438,0.8674698795180723,0.9446885647556501,0.010074572560258463,0.9288702928870293,0.9551020408163265,0.94765625,0.008992862838454163,0.93359375,0.95703125,0.933,0.011510864433221274,0.915,0.945
full_valid_model,random_forest,sigmoid,200.0,0.0,200,200,128.0,0.0,128,128,0.9993923611111111,0.00014557734228516617,0.9992404513888888,0.9995659722222223,0.9996564124136821,8.186673743581977e-05,0.9995697487875141,0.9997548831119607,0.012037993729374684,0.0013507659820057554,0.010305175676021594,0.013454231613613308,0.9477517633273669,0.00586269957467773,0.9416048975103589,0.9552726750172674,2.7997682802890993,0.6767133195500012,2.360679929354836,3.989447849554923,0.01257367120361827,0.04906632147304026,-0.05224976739326041,0.06503586178884137,0.058790825984011266,0.004502126293646046,0.05320508792297525,0.06323679689132519,0.5,0.0,0.5,0.5,127.8,0.44721359549995715,127,128,1.8,0.8366600265340756,1,3,70.2,0.8366600265340757,69,71,0.2,0.4472135954999579,0,1,0.9984375,0.0034938562148434152,0.9921875,1.0,0.975,0.01162027814630662,0.9583333333333334,0.9861111111111112,0.9861413738637242,0.006351752044019936,0.9770992366412213,0.9922480620155039,0.9971830985915492,0.0062987830352106665,0.9859154929577465,1.0,0.9922419595028409,0.0038686483156346865,0.9883268482490272,0.9961089494163424,0.98671875,0.006286664256423561,0.9791666666666667,0.9930555555555556,0.99,0.0050000000000000044,0.985,0.995,0.8910323653756922,0.005181704349610055,0.8845286032381607,0.897429491317238,118.0,0.7071067811865476,117,119,0.0,0.0,0,0,72.0,0.0,72,72,10.0,0.7071067811865476,9,11,0.921875,0.005524271728019903,0.9140625,0.9296875,1.0,0.0,1.0,1.0,1.0,0.0,1.0,1.0,0.8781010219740752,0.007573101247346096,0.8674698795180723,0.8888888888888888,0.9593427148681137,0.002991328321255079,0.9551020408163265,0.9635627530364372,0.9609375,0.0027621358640099515,0.95703125,0.96484375,0.95,0.0035355339059327407,0.945,0.955
full_valid_model,svm,isotonic,200.0,0.0,200,200,128.0,0.0,128,128,0.9999782986111111,4.852578076172074e-05,0.9998914930555556,1.0,0.9999878875968993,2.7084156704203308e-05,0.9999394379844961,1.0,0.004007255839538486,0.0013699900931801077,0.002505165032272212,0.006170552390153212,0.9826073965297809,0.005946137557205294,0.9732180885844045,0.989126887880763,4.13368674447767,,4.13368674447767,4.13368674447767,0.30514164162812574,0.36087880284566726,-0.0870149927668845,0.7786851116741486,0.011971936877041007,0.0015771124489441762,0.009292867662101778,0.013343976185171105,0.5,0.0,0.5,0.5,127.4,0.8944271909999153,126,128,0.0,0.0,0,0,72.0,0.0,72,72,0.6,0.8944271909999159,0,2,0.9953125,0.006987712429686838,0.984375,1.0,1.0,0.0,1.0,1.0,1.0,0.0,1.0,1.0,0.9918548685671974,0.01210781593910979,0.972972972972973,1.0,0.9976408831249035,0.0035196470827424577,0.9921259842519685,1.0,0.99765625,0.003493856214843419,0.9921875,1.0,0.9969999999999999,0.004472135954999605,0.99,1.0,0.9886329641494322,0.007722996533932023,0.9799810683231953,1.0,120.0,2.3452078799117158,117,122,0.0,0.0,0,0,72.0,0.0,72,72,8.0,2.345207879911715,6,11,0.9375,0.01832193656181028,0.9140625,0.953125,1.0,0.0,1.0,1.0,1.0,0.0,1.0,1.0,0.900612982244603,0.026139346257141104,0.8674698795180723,0.9230769230769231,0.9676678369026129,0.00979474691782172,0.9551020408163265,0.976,0.96875,0.00916096828090513,0.95703125,0.9765625,0.96,0.011726039399558583,0.945,0.97
full_valid_model,svm,none,200.0,0.0,200,200,128.0,0.0,128,128,1.0,0.0,1.0,1.0,1.0,0.0,1.0,1.0,0.007097300234461844,0.0009748761443659225,0.005873336252295971,0.008495663646733837,0.9691957455101482,0.004231233265477114,0.9631264598666066,0.9745080891827432,,,,,0.26074148776422523,0.09953013080788865,0.1712581270073792,0.4246404063226546,0.026364521505507343,0.0013659849121944688,0.024690346633473834,0.028079407243709373,0.5,0.0,0.5,0.5,125.6,0.5477225575051667,125,126,0.0,0.0,0,0,72.0,0.0,72,72,2.4,0.5477225575051661,2,3,0.98125,0.004279082480509115,0.9765625,0.984375,1.0,0.0,1.0,1.0,1.0,0.0,1.0,1.0,0.9677837837837838,0.007105589935202202,0.96,0.972972972972973,0.9905325075472285,0.0021819578401127094,0.9881422924901185,0.9921259842519685,0.990625,0.0021395412402545576,0.98828125,0.9921875,0.9879999999999999,0.002738612787525811,0.985,0.99,0.8819816505651268,0.017890664185023036,0.8589117378664202,0.9082418980780926,121.2,1.3038404810405295,120,123,0.0,0.0,0,0,72.0,0.0,72,72,6.8,1.3038404810405297,5,8,0.946875,0.010186253758129137,0.9375,0.9609375,1.0,0.0,1.0,1.0,1.0,0.0,1.0,1.0,0.9139068526410299,0.01520590502926284,0.9,0.935064935064935,0.972690220488689,0.005365959832437206,0.967741935483871,0.9800796812749004,0.9734375,0.005093126879064574,0.96875,0.98046875,0.966,0.006519202405202644,0.96,0.975
full_valid_model,svm,sigmoid,200.0,0.0,200,200,128.0,0.0,128,128,1.0,0.0,1.0,1.0,1.0,0.0,1.0,1.0,0.013894111329428827,0.0006576153421415284,0.013106902544448124,0.014762080514176667,0.9396956973549097,0.0028542332558225895,0.9359284699905527,0.9431124021508328,,,,,0.045982879288937156,0.01831680749661403,0.014010879251235833,0.05849856017745944,0.07211656233850088,0.0011693309486817596,0.07085452772351103,0.07345790090149837,0.5,0.0,0.5,0.5,125.2,0.8366600265340762,124,126,0.0,0.0,0,0,72.0,0.0,72,72,2.8,0.8366600265340756,2,4,0.978125,0.0065364064572974705,0.96875,0.984375,1.0,0.0,1.0,1.0,1.0,0.0,1.0,1.0,0.9626628733997155,0.01073194260728244,0.9473684210526315,0.972972972972973,0.9889327075222317,0.0033443430499490155,0.9841269841269841,0.9921259842519685,0.9890625,0.0032682032286487227,0.984375,0.9921875,0.986,0.004183300132670381,0.98,0.99,0.8191949596026238,0.005716785123564026,0.8131267890996154,0.8267858406860275,116.0,0.7071067811865476,115,117,0.0,0.0,0,0,72.0,0.0,72,72,12.0,0.7071067811865476,11,13,0.90625,0.005524271728019903,0.8984375,0.9140625,1.0,0.0,1.0,1.0,1.0,0.0,1.0,1.0,0.857191454895211,0.007216704863502845,0.8470588235294118,0.8674698795180723,0.9508126229645875,0.003040568541733482,0.9465020576131687,0.9551020408163265,0.953125,0.0027621358640099515,0.94921875,0.95703125,0.9400000000000001,0.003535533905932692,0.935,0.945
full_valid_model,xgboost,isotonic,200.0,0.0,200,200,128.0,0.0,128,128,0.9964952256944445,0.0003379429579513674,0.9962022569444444,0.9969618055555556,0.9980987911163612,0.00021075075832085736,0.9978298647363887,0.9983348584414489,0.021372421081703927,0.0008984565368210008,0.020075844801419378,0.022604972394172886,0.9072377557217711,0.003899550941063328,0.9018881406502913,0.9128652569382839,0.7616668932940192,0.13206008952171985,0.6300645932932558,0.9699472131300327,-0.22678059855985824,0.18241264889395517,-0.4804018023136834,0.004875027189976802,0.02007867113553221,0.005034782994862164,0.01395572668116072,0.025595364627079113,0.5,0.0,0.5,0.5,125.8,0.44721359549995715,125,126,2.8,0.44721359549995787,2,3,69.2,0.44721359549995715,69,70,2.2,0.44721359549995787,2,3,0.9828125,0.0034938562148434152,0.9765625,0.984375,0.961111111111111,0.006211299937499394,0.9583333333333334,0.9722222222222222,0.9782457425379967,0.003357582387016745,0.9767441860465116,0.984251968503937,0.9692456106502026,0.0057810748405358785,0.958904109589041,0.971830985915493,0.9805142290379187,6.824042046228585e-05,0.9803921568627452,0.980544747081712,0.9719618055555557,0.0013587218613279738,0.9713541666666667,0.9743923611111112,0.975,0.0,0.975,0.975,0.9451900935173034,0.020904230045760835,0.9226664185523987,0.9785906732082367,118.2,2.0493901531919203,115,120,0.4,0.894427190999916,0,2,71.6,0.8944271909999153,70,72,9.8,2.0493901531919194,8,13,0.9234375,0.016010860571811877,0.8984375,0.9375,0.9944444444444445,0.012422599874998823,0.9722222222222222,1.0,0.9967213114754099,0.0073313704180320936,0.9836065573770492,1.0,0.8801184563881839,0.021193607422119103,0.8470588235294118,0.9,0.9585886360177819,0.007632468956769267,0.9465020576131687,0.967741935483871,0.9589409722222222,0.007337508839931996,0.94921875,0.96875,0.9490000000000001,0.008944271909999121,0.935,0.96
full_valid_model,xgboost,none,200.0,0.0,200,200,128.0,0.0,128,128,0.9967881944444444,0.001938907065271436,0.9935980902777779,0.9982638888888891,0.9981890104768013,0.001188200987119915,0.9962034720349926,0.9990695140693018,0.019173761621593476,0.0020531950788033556,0.016844980213192993,0.0223928279578584,0.9167805485173893,0.008911436973972944,0.9028089064329062,0.9268881067135721,1.2503545301791945,0.12034373692281283,1.066220603866312,1.3874493844334597,0.05070263552053008,0.11430206500417482,-0.12994020778755597,0.18127073133018506,0.022122024255571894,0.006064668998486045,0.015765104506863328,0.031204154707957024,0.5,0.0,0.5,0.5,126.0,0.0,126,126,2.8,0.44721359549995787,2,3,69.2,0.44721359549995715,69,70,2.0,0.0,2,2,0.984375,0.0,0.984375,0.984375,0.961111111111111,0.006211299937499394,0.9583333333333334,0.9722222222222222,0.9782703488372093,0.00341260374473079,0.9767441860465116,0.984375,0.9719092331768389,0.00017496619542249026,0.971830985915493,0.9722222222222222,0.9813107976653697,0.0017129411792617616,0.980544747081712,0.984375,0.9727430555555557,0.003105649968749697,0.9713541666666667,0.9782986111111112,0.976,0.0022360679774997916,0.975,0.98,0.9086464667320252,0.01753746083987585,0.8812071084976196,0.9281596183776856,116.8,1.7888543819998306,116,120,0.6,0.8944271909999159,0,2,71.4,0.8944271909999137,70,72,11.2,1.788854381999832,8,12,0.9125,0.013975424859373677,0.90625,0.9375,0.9916666666666666,0.01242259987499883,0.9722222222222222,1.0,0.9949007677821238,0.00758805444346777,0.9830508474576272,1.0,0.8646731875236136,0.01980093579190014,0.8536585365853658,0.9,0.9518818972301357,0.009427875878697348,0.943089430894309,0.967741935483871,0.9520833333333334,0.010952646038602418,0.9392361111111112,0.96875,0.9410000000000001,0.011401754250991363,0.93,0.96
full_valid_model,xgboost,sigmoid,200.0,0.0,200,200,128.0,0.0,128,128,0.9938585069444444,0.004733191820077904,0.9854600694444444,0.9965277777777778,0.9959925163903444,0.004331273721315905,0.9882548367580467,0.9981563683790801,0.024203792832808886,0.0009445439157874184,0.023243488085665513,0.02540498917802727,0.8949488158298224,0.004099582967827328,0.8897352900259233,0.8991168051837435,1.5466882532326944,0.05590988807998889,1.4723926696638159,1.6079964378272513,0.00640916135604488,0.05565593642167606,-0.0676798334978909,0.0692843631200869,0.058885427989414804,0.007456150868096052,0.04637625123883862,0.06468786735068334,0.5,0.0,0.5,0.5,125.8,0.44721359549995715,125,126,3.0,0.0,3,3,69.0,0.0,69,69,2.2,0.44721359549995787,2,3,0.9828125,0.0034938562148434152,0.9765625,0.984375,0.9583333333333334,0.0,0.9583333333333334,0.9583333333333334,0.9767078488372093,8.125247011262544e-05,0.9765625,0.9767441860465116,0.969131455399061,0.006036333742076904,0.9583333333333334,0.971830985915493,0.9797482976653697,0.0017809150355816536,0.9765625,0.980544747081712,0.9705729166666668,0.001746928107421723,0.9674479166666667,0.9713541666666667,0.974,0.0022360679774997916,0.97,0.975,0.9074804943781716,0.006197947290359207,0.8971645099395391,0.9123084403218517,118.8,1.3038404810405282,118,121,1.0,1.224744871391589,0,3,71.0,1.22474487139159,69,72,9.2,1.30384048104053,7,10,0.928125,0.010186253758129126,0.921875,0.9453125,0.986111111111111,0.01701034543599427,0.9583333333333334,1.0,0.9917213057828469,0.010122140858877348,0.9752066115702479,1.0,0.885431002205727,0.015050471986238186,0.8734177215189873,0.9102564102564102,0.9588338196471081,0.007744884053119943,0.9477911646586346,0.968,0.9571180555555555,0.01057550341235668,0.9401041666666667,0.9657118055555556,0.9490000000000001,0.009617692030835673,0.935,0.96
laboratory_model,dummy,isotonic,200.0,0.0,200,200,128.0,0.0,128,128,0.48697916666666663,0.0,0.48697916666666663,0.48697916666666663,0.634140625,0.0,0.634140625,0.634140625,0.230484375,1.962615573354719e-17,0.230484375,0.23048437500000002,-0.0003662109375,0.0,-0.0003662109375,-0.0003662109375,-3.9860731127345774,2.7645141858866263e-13,-3.9860731127349425,-3.9860731127341698,-2.139579346744554e-16,2.19774395604307e-17,-2.5058136493404686e-16,-1.9275489610311297e-16,0.0,0.0,0.0,0.0,0.5,0.0,0.5,0.5,128.0,0.0,128,128,72.0,0.0,72,72,0.0,0.0,0,0,0.0,0.0,0,0,1.0,0.0,1.0,1.0,0.0,0.0,0.0,0.0,0.64,0.0,0.64,0.64,,,,,0.7804878048780487,0.0,0.7804878048780487,0.7804878048780487,0.5,0.0,0.5,0.5,0.64,0.0,0.64,0.64,0.6366666666666666,0.0,0.6366666666666666,0.6366666666666666,128.0,0.0,128,128,72.0,0.0,72,72,0.0,0.0,0,0,0.0,0.0,0,0,1.0,0.0,1.0,1.0,0.0,0.0,0.0,0.0,0.64,0.0,0.64,0.64,,,,,0.7804878048780487,0.0,0.7804878048780487,0.7804878048780487,0.5,0.0,0.5,0.5,0.64,0.0,0.64,0.64
laboratory_model,dummy,none,200.0,0.0,200,200,128.0,0.0,128,128,0.48697916666666663,0.0,0.48697916666666663,0.48697916666666663,0.634140625,0.0,0.634140625,0.634140625,0.230484375,1.962615573354719e-17,0.230484375,0.23048437500000002,-0.0003662109375,0.0,-0.0003662109375,-0.0003662109375,-3.9860731127345774,2.7645141858866263e-13,-3.9860731127349425,-3.9860731127341698,-2.139579346744554e-16,2.19774395604307e-17,-2.5058136493404686e-16,-1.9275489610311297e-16,0.0,0.0,0.0,0.0,0.5,0.0,0.5,0.5,128.0,0.0,128,128,72.0,0.0,72,72,0.0,0.0,0,0,0.0,0.0,0,0,1.0,0.0,1.0,1.0,0.0,0.0,0.0,0.0,0.64,0.0,0.64,0.64,,,,,0.7804878048780487,0.0,0.7804878048780487,0.7804878048780487,0.5,0.0,0.5,0.5,0.64,0.0,0.64,0.64,0.6366666666666666,0.0,0.6366666666666666,0.6366666666666666,128.0,0.0,128,128,72.0,0.0,72,72,0.0,0.0,0,0,0.0,0.0,0,0,1.0,0.0,1.0,1.0,0.0,0.0,0.0,0.0,0.64,0.0,0.64,0.64,,,,,0.7804878048780487,0.0,0.7804878048780487,0.7804878048780487,0.5,0.0,0.5,0.5,0.64,0.0,0.64,0.64
laboratory_model,dummy,sigmoid,200.0,0.0,200,200,128.0,0.0,128,128,0.48697916666666663,0.0,0.48697916666666663,0.48697916666666663,0.634140625,0.0,0.634140625,0.634140625,0.23048497445077146,0.0,0.23048497445077146,0.23048497445077146,-0.000368812720362266,0.0,-0.000368812720362266,-0.000368812720362266,-4.03243150778418,3.315202543393115e-13,-4.0324315077845085,-4.032431507783667,0.005375091137101479,5.234440058348795e-17,0.0053750911371014,0.005375091137101526,0.0012393012896696476,0.0,0.0012393012896696476,0.0012393012896696476,0.5,0.0,0.5,0.5,128.0,0.0,128,128,72.0,0.0,72,72,0.0,0.0,0,0,0.0,0.0,0,0,1.0,0.0,1.0,1.0,0.0,0.0,0.0,0.0,0.64,0.0,0.64,0.64,,,,,0.7804878048780487,0.0,0.7804878048780487,0.7804878048780487,0.5,0.0,0.5,0.5,0.64,0.0,0.64,0.64,0.6346558996314264,5.551115123125783e-17,0.6346558996314264,0.6346558996314265,128.0,0.0,128,128,72.0,0.0,72,72,0.0,0.0,0,0,0.0,0.0,0,0,1.0,0.0,1.0,1.0,0.0,0.0,0.0,0.0,0.64,0.0,0.64,0.64,,,,,0.7804878048780487,0.0,0.7804878048780487,0.7804878048780487,0.5,0.0,0.5,0.5,0.64,0.0,0.64,0.64
laboratory_model,ebm,isotonic,200.0,0.0,200,200,128.0,0.0,128,128,0.984548611111111,0.004443389184500145,0.9775390625,0.9895290798611112,0.9878362339054702,0.006407904408465956,0.9780146286964851,0.9941035480809448,0.03724421156181833,0.0033260680343893292,0.03177935376466932,0.040609074754060615,0.8383497762073857,0.014436059177036983,0.8237453352688342,0.8620687770630672,0.7960020492292571,0.2566996228473365,0.5811415802539925,1.1570174896409045,-0.024911101823353526,0.15667082968382592,-0.2178310909700687,0.20273797507244484,0.037016666009777946,0.010335675327891898,0.028799393825028597,0.054726578523018585,0.5,0.0,0.5,0.5,123.4,0.8944271909999157,122,124,4.6,1.1401754250991378,3,6,67.4,1.1401754250991367,66,69,4.6,0.8944271909999159,4,6,0.9640625,0.006987712429686842,0.953125,0.96875,0.9361111111111111,0.0158357697930436,0.9166666666666666,0.9583333333333334,0.9641311769867095,0.008534039338997148,0.9538461538461539,0.9763779527559056,0.9362398137229316,0.011309120495675866,0.918918918918919,0.9452054794520548,0.9640674591384574,0.005059067997482668,0.9606299212598425,0.9725490196078432,0.9500868055555556,0.0080030767858446,0.9427083333333333,0.9635416666666667,0.954,0.0065192024052026475,0.95,0.965,0.8534059982152321,0.016067753593713378,0.8321949672335823,0.8686058343159803,115.6,3.9749213828703582,110,119,1.0,0.7071067811865476,0,2,71.0,0.7071067811865462,70,72,12.4,3.9749213828703582,9,18,0.903125,0.031054073303674674,0.859375,0.9296875,0.986111111111111,0.009820927516479849,0.9722222222222222,1.0,0.9915308311533273,0.005852273236183001,0.9834710743801653,1.0,0.8529537247577978,0.03920327553870977,0.797752808988764,0.8875,0.9449963305744891,0.0159986506171369,0.9205020920502092,0.9596774193548387,0.9446180555555556,0.013558071882651835,0.9227430555555556,0.9578993055555556,0.933,0.018234582528810443,0.905,0.95
laboratory_model,ebm,none,200.0,0.0,200,200,128.0,0.0,128,128,0.9805121527777777,0.00606310163680377,0.9755859375,0.9895833333333333,0.9888823674052288,0.0034784255470432695,0.986181385322286,0.9943198733947994,0.04441660162740459,0.003586428060686977,0.039650905423985826,0.049244799734015604,0.8072196109921675,0.01556609401339829,0.7862638900433351,0.8279040563195059,0.7323922515062069,0.3175449418265838,0.389975092676393,1.1734172505185985,-0.13749509410681107,0.5687252797387579,-0.7537822542165319,0.5601477304315018,0.04361212925733622,0.002596941043988401,0.04088617838738233,0.04659489982548371,0.5,0.0,0.5,0.5,123.0,1.22474487139159,122,125,4.8,1.0954451150103321,4,6,67.2,1.0954451150103304,66,68,5.0,1.2247448713915892,3,6,0.9609375,0.009568319307746797,0.953125,0.9765625,0.9333333333333332,0.015214515486254613,0.9166666666666666,0.9444444444444444,0.9625397437782552,0.00794324314223158,0.9534883720930233,0.968503937007874,0.9310887782144148,0.015374534978463432,0.918918918918919,0.9565217391304348,0.9616830267406715,0.003324055869733603,0.9571984435797667,0.9652509652509652,0.9471354166666666,0.005148308629239183,0.9388020833333333,0.9526909722222222,0.951,0.004183300132670364,0.945,0.955,0.9481764670784809,0.025112004372858883,0.917644055109256,0.9700800111622792,115.2,1.923538406167135,113,118,2.8,1.3038404810405297,1,4,69.2,1.3038404810405315,68,71,12.8,1.9235384061671343,10,15,0.9,0.015027643798180742,0.8828125,0.921875,0.961111111111111,0.01810889557000743,0.9444444444444444,0.9861111111111112,0.9764311286979461,0.010595524347646611,0.9666666666666667,0.9913793103448276,0.8443589743589743,0.018925449997905127,0.8214285714285714,0.8717948717948718,0.9365525118984663,0.007150922726942413,0.9262295081967213,0.944,0.9305555555555556,0.008240814907138664,0.9205729166666667,0.9422743055555556,0.922,0.008366600265340763,0.91,0.93
laboratory_model,ebm,sigmoid,200.0,0.0,200,200,128.0,0.0,128,128,0.9909505208333333,0.0007771703376505983,0.990017361111111,0.991970486111111,0.9950790268022347,0.0005930185429193489,0.9942683905242053,0.9957082007861066,0.043443385680001244,0.001400167987368339,0.041665237250591784,0.04504296878849657,0.8114436385416612,0.006077118000730647,0.8045010035221503,0.8191612966554176,2.2205972409002674,0.09811671260726378,2.104765673179609,2.368218090132066,0.003997993543801667,0.03376295436064213,-0.03747756239224965,0.0412588806057209,0.08391883278835408,0.011350242260482696,0.07221749526352614,0.10252199604002184,0.5,0.0,0.5,0.5,123.4,0.5477225575051684,123,124,4.6,1.1401754250991378,3,6,67.4,1.1401754250991367,66,69,4.6,0.5477225575051663,4,5,0.9640625,0.004279082480509128,0.9609375,0.96875,0.9361111111111111,0.0158357697930436,0.9166666666666666,0.9583333333333334,0.9641436754244047,0.008498313532957432,0.9538461538461539,0.9761904761904762,0.9362027903982371,0.006482254960839281,0.9305555555555556,0.9436619718309859,0.9640736348370833,0.0031109833951742313,0.9609375,0.968503937007874,0.9500868055555556,0.006546485733072284,0.9427083333333333,0.9596354166666667,0.954,0.0041833001326704025,0.95,0.96,0.7110880121646808,0.0089629422949584,0.700320523109583,0.7228078442387357,116.2,2.0493901531919194,114,118,1.4,0.5477225575051661,1,2,70.6,0.5477225575051684,70,71,11.8,2.0493901531919194,10,14,0.9078125,0.01601086057181187,0.890625,0.921875,0.9805555555555555,0.007607257743127339,0.9722222222222222,0.9861111111111112,0.9881036728466702,0.004622748944038032,0.9827586206896551,0.9915966386554622,0.8572048638787042,0.021303584883464493,0.8333333333333334,0.8765432098765432,0.9461991673823862,0.009244285311355942,0.9344262295081966,0.9554655870445343,0.9441840277777779,0.009164052262908283,0.9314236111111112,0.9539930555555556,0.9339999999999999,0.010839741694339327,0.92,0.945
laboratory_model,logreg,isotonic,200.0,0.0,200,200,128.0,0.0,128,128,0.9903862847222221,0.0034322343391754743,0.9846462673611112,0.9938151041666666,0.9937719801847902,0.0038259164949732043,0.9870817287420889,0.9967904412591764,0.029880025310266994,0.0014496238179923493,0.027395127750268672,0.031186496815991793,0.8703123901464107,0.006291770043369579,0.8646419409028134,0.8810975358061256,6.408838649212373,3.384890792224914,0.6576443552603622,8.938808637032546,0.027912491973905485,0.14724160218923882,-0.16283884979920246,0.24345861572021307,0.026345289632862832,0.005304019099184436,0.02048225149109745,0.032235105158836236,0.5,0.0,0.5,0.5,122.6,0.5477225575051667,122,123,3.2,0.8366600265340757,2,4,68.8,0.836660026534074,68,70,5.4,0.5477225575051662,5,6,0.9578125,0.004279082480509115,0.953125,0.9609375,0.9555555555555555,0.011620278146306598,0.9444444444444444,0.9722222222222222,0.974601965076946,0.006489301879149385,0.9682539682539683,0.9838709677419355,0.9272686529355599,0.006701651393321559,0.918918918918919,0.9324324324324325,0.9661195291764999,0.003466295717637377,0.9606299212598425,0.968503937007874,0.9566840277777778,0.005736724287074529,0.9487847222222222,0.9626736111111112,0.9570000000000001,0.004472135954999605,0.95,0.96,0.9503358979426512,0.012431761775870182,0.9310246656299646,0.9647873251321037,117.6,1.816590212458493,115,120,0.4,0.5477225575051661,0,1,71.6,0.5477225575051684,71,72,10.4,1.8165902124584952,8,13,0.91875,0.014192111034831976,0.8984375,0.9375,0.9944444444444445,0.007607257743127267,0.9861111111111112,1.0,0.996666435169109,0.004564935788557499,0.9915966386554622,1.0,0.8735709741254045,0.018722908491668064,0.8470588235294118,0.8987341772151899,0.9560549401313423,0.006407323385403281,0.9465020576131687,0.963855421686747,0.9565972222222221,0.005181135584337377,0.94921875,0.9618055555555556,0.946,0.007416198487095625,0.935,0.955
laboratory_model,logreg,none,200.0,0.0,200,200,128.0,0.0,128,128,0.9924262152777779,0.0031657261334740038,0.9888237847222223,0.9962022569444444,0.9962285392531098,0.0013718206402129336,0.9947897019182922,0.9979483251013632,0.11356616870204894,0.011918273056059496,0.09494121668167743,0.12219301547295411,0.5070912816751348,0.05172861569470264,0.46964837034308116,0.5879287470413306,7.962163343328001,1.7132650516629897,5.68391915551231,9.921619224247815,0.589267124934506,0.012061085385892881,0.5775922963027761,0.609044754328988,0.260888069924085,0.027768439003861466,0.22109421122246242,0.2881520821943467,0.5,0.0,0.5,0.5,105.8,4.207136793592527,102,113,0.0,0.0,0,0,72.0,0.0,72,72,22.2,4.207136793592526,15,26,0.8265625,0.03286825619994162,0.796875,0.8828125,1.0,0.0,1.0,1.0,1.0,0.0,1.0,1.0,0.7656139116263565,0.035915106303794735,0.7346938775510204,0.8275862068965517,0.9047685378545568,0.01934819899038243,0.8869565217391304,0.9377593360995851,0.91328125,0.01643412809997079,0.8984375,0.94140625,0.889,0.021035683967962654,0.87,0.925,0.4734022874376249,0.01295384401486263,0.4608624943264026,0.4931038986825703,113.8,2.1679483388678813,111,116,0.0,0.0,0,0,72.0,0.0,72,72,14.2,2.16794833886788,12,17,0.8890625,0.016937096397405323,0.8671875,0.90625,1.0,0.0,1.0,1.0,1.0,0.0,1.0,1.0,0.8356893784247523,0.02100445836070564,0.8089887640449438,0.8571428571428571,0.9412056618696989,0.009497026339604739,0.9288702928870293,0.9508196721311475,0.94453125,0.008468548198702646,0.93359375,0.953125,0.9289999999999999,0.010839741694339369,0.915,0.94
laboratory_model,logreg,sigmoid,200.0,0.0,200,200,128.0,0.0,128,128,0.9948784722222221,0.00039422530652311445,0.9943576388888888,0.9952256944444444,0.9972807709105631,0.0002084056587902132,0.9970052946731063,0.997474500304655,0.038421654337380005,0.0003567511605431715,0.0378517764419994,0.038811938607348585,0.8332393474940105,0.0015483991343019845,0.8315454053500495,0.8357127758593776,2.6377160189694515,0.07082529350232071,2.5494756689188263,2.717759425020823,0.033911483774816856,0.011848341809236775,0.022712105912480345,0.052587668224714765,0.08402618835597883,0.0028277504986802407,0.07907690006438226,0.08589026529025474,0.5,0.0,0.5,0.5,122.0,0.0,122,122,2.4,0.5477225575051661,2,3,69.6,0.5477225575051667,69,70,6.0,0.0,6,6,0.953125,0.0,0.953125,0.953125,0.9666666666666666,0.00760725774312728,0.9583333333333334,0.9722222222222222,0.9807225806451612,0.004311106581653588,0.976,0.9838709677419355,0.9206315789473685,0.0005765500605317234,0.92,0.9210526315789473,0.9667231319405232,0.0020961839518047155,0.9644268774703557,0.9682539682539683,0.9598958333333334,0.00380362887156364,0.9557291666666667,0.9626736111111112,0.958,0.0027386127875258363,0.955,0.96,0.6821062100967141,0.0050358323825539005,0.6765283579879978,0.6899317720617105,118.6,0.547722557505166,118,119,0.0,0.0,0,0,72.0,0.0,72,72,9.4,0.547722557505166,9,10,0.9265625,0.004279082480509109,0.921875,0.9296875,1.0,0.0,1.0,1.0,1.0,0.0,1.0,1.0,0.8845528455284553,0.005937371897074974,0.8780487804878049,0.8888888888888888,0.9618774892202364,0.0023076425187012013,0.959349593495935,0.9635627530364372,0.96328125,0.002139541240254545,0.9609375,0.96484375,0.953,0.0027386127875258025,0.95,0.955
laboratory_model,random_forest,isotonic,200.0,0.0,200,200,128.0,0.0,128,128,0.98876953125,0.004578395199829764,0.9816080729166667,0.9943576388888888,0.993227623787756,0.004281100392669261,0.9858120807972373,0.9969067896730697,0.03700031477526482,0.005523760434999487,0.03164197339017323,0.04509716938887558,0.8394083560101354,0.023974654665796378,0.804265757860783,0.8626650460495954,1.7088512652686298,2.453638934727698,0.4856226881278298,6.094301617218134,-0.03438568370498367,0.23953922453875934,-0.4040824051204616,0.23689916222490287,0.032870054706423776,0.009662914805571687,0.01921978453327096,0.041800308971840956,0.5,0.0,0.5,0.5,122.2,0.44721359549995715,122,123,3.8,1.4832396974191326,2,6,68.2,1.483239697419131,66,70,5.8,0.44721359549995787,5,6,0.9546875,0.0034938562148434152,0.953125,0.9609375,0.9472222222222222,0.020600551353043523,0.9166666666666666,0.9722222222222222,0.9699388760880696,0.011418952881240028,0.953125,0.9838709677419355,0.9215979137031768,0.006252106687606311,0.9166666666666666,0.9324324324324325,0.9622285495563055,0.006396717860240142,0.953125,0.968503937007874,0.950954861111111,0.01095436585427432,0.9348958333333333,0.9626736111111112,0.952,0.008366600265340755,0.94,0.96,0.9204390256160717,0.035340547526050564,0.864652046552106,0.9485159094929128,116.2,1.3038404810405302,114,117,0.4,0.5477225575051661,0,1,71.6,0.5477225575051684,71,72,11.8,1.3038404810405297,11,14,0.9078125,0.010186253758129142,0.890625,0.9140625,0.9944444444444445,0.007607257743127267,0.9861111111111112,1.0,0.9965659543109802,0.004702910288705648,0.991304347826087,1.0,0.8586460784725292,0.013740832297596789,0.8352941176470589,0.8674698795180723,0.9501029741794389,0.006923202757672501,0.9382716049382716,0.9551020408163265,0.9511284722222222,0.007706896215508568,0.9383680555555556,0.95703125,0.9390000000000001,0.008215838362577445,0.925,0.945
laboratory_model,random_forest,none,200.0,0.0,200,200,128.0,0.0,128,128,0.9927842881944444,0.000984816344437497,0.99169921875,0.9943033854166667,0.9961929205516313,0.0004651150335653341,0.9956993940330113,0.9968412893085934,0.03469534006365329,0.0023857861283854147,0.03149494444444444,0.03708779299298186,0.8494125865292826,0.010354974515561683,0.8390286762457384,0.8633031925154321,1.6743736889887315,0.15635011138317295,1.4407747488304408,1.8636724722629956,0.15969404000453183,0.10706564883468103,0.06879097720887073,0.3356065181646365,0.05107242182177714,0.012473433465209448,0.030327669109088927,0.060521326097645184,0.5,0.0,0.5,0.5,121.2,1.3038404810405302,120,123,3.4,0.8944271909999159,2,4,68.6,0.8944271909999173,68,70,6.8,1.3038404810405297,5,8,0.946875,0.010186253758129142,0.9375,0.9609375,0.9527777777777778,0.012422599874998863,0.9444444444444444,0.9722222222222222,0.9727825699471332,0.006901548614768217,0.967741935483871,0.9836065573770492,0.9100986489234506,0.01530764367250692,0.8947368421052632,0.9315068493150684,0.9596068432622392,0.004469897540368483,0.9523809523809523,0.9647058823529412,0.9498263888888889,0.005408829020720328,0.9409722222222222,0.9548611111111112,0.9490000000000001,0.005477225575051675,0.94,0.955,0.7836412249204059,0.03561307190827109,0.7441702194049986,0.8320000000000001,115.2,1.6431676725154987,113,117,0.0,0.0,0,0,72.0,0.0,72,72,12.8,1.6431676725154982,11,15,0.9,0.012837247441527333,0.8828125,0.9140625,1.0,0.0,1.0,1.0,1.0,0.0,1.0,1.0,0.8493102206051839,0.016361835142470194,0.8275862068965517,0.8674698795180723,0.9473298963017569,0.007127466127057116,0.9377593360995851,0.9551020408163265,0.95,0.006418623720763661,0.94140625,0.95703125,0.9359999999999999,0.008215838362577443,0.925,0.945
laboratory_model,random_forest,sigmoid,200.0,0.0,200,200,128.0,0.0,128,128,0.9922309027777778,0.0009962568516612327,0.9913194444444445,0.9937065972222222,0.995981962504267,0.00043802153624311927,0.9954949552665834,0.9965824378338927,0.03590734445884201,0.0019606314025554243,0.03316460678370358,0.03845626266903108,0.8441521507862759,0.008509684906924588,0.8330891377212193,0.8560563941679532,1.5227829670563433,0.04758395600556019,1.4516868020872273,1.5721660916071833,0.016064570781321834,0.05296485057495984,-0.04169747728771796,0.09204956759234223,0.06074692002197089,0.005637602663629253,0.054006795606532036,0.06782376973182398,0.5,0.0,0.5,0.5,122.2,0.44721359549995715,122,123,4.2,1.3038404810405297,2,5,67.8,1.3038404810405302,67,70,5.8,0.44721359549995787,5,6,0.9546875,0.0034938562148434152,0.953125,0.9609375,0.9416666666666667,0.01810889557000735,0.9305555555555556,0.9722222222222222,0.9668529337058673,0.010105901073953682,0.9606299212598425,0.9838709677419355,0.9211968276856524,0.0059322285308504785,0.9178082191780822,0.9315068493150684,0.9607096171802054,0.0054148555591229325,0.9568627450980391,0.9682539682539683,0.9481770833333334,0.009367361214075701,0.9418402777777778,0.9626736111111112,0.95,0.007071067811865483,0.945,0.96,0.854687118207633,0.017051320237617042,0.8388892190363011,0.8750425706436864,117.0,2.121320343559641,114,119,0.0,0.0,0,0,72.0,0.0,72,72,11.0,2.121320343559643,9,14,0.9140625,0.016572815184059696,0.890625,0.9296875,1.0,0.0,1.0,1.0,1.0,0.0,1.0,1.0,0.8679199633528578,0.022016385776981392,0.8372093023255814,0.8888888888888888,0.9550391958701854,0.00907295034711763,0.9421487603305785,0.9635627530364372,0.95703125,0.008286407592029865,0.9453125,0.96484375,0.945,0.010606601717798194,0.93,0.955
laboratory_model,svm,isotonic,200.0,0.0,200,200,128.0,0.0,128,128,0.9907443576388889,0.003453010817601994,0.98486328125,0.9940321180555556,0.9939813683082723,0.003920751582897493,0.9870894989068457,0.9969532390014161,0.028300872074565924,0.001480717076446979,0.026249467377814834,0.02964179318759931,0.8771663538430298,0.006426723422078882,0.871346383734378,0.8860700200615675,3.224255364319987,3.788104640336472,0.44197035139816165,8.220308609543734,-0.059534404604764,0.38544538711435367,-0.7453272091013159,0.1747723639589789,0.02630036271488557,0.004893392954818797,0.020033828216870487,0.030345504704712638,0.5,0.0,0.5,0.5,123.6,0.5477225575051643,123,124,2.8,0.8366600265340756,2,4,69.2,0.836660026534074,68,70,4.4,0.547722557505166,4,5,0.965625,0.004279082480509096,0.9609375,0.96875,0.961111111111111,0.011620278146306602,0.9444444444444444,0.9722222222222222,0.9778773653293339,0.006498115593282395,0.968503937007874,0.9841269841269841,0.9402394174996914,0.007173558307235773,0.9315068493150684,0.9459459459459459,0.9717027780269619,0.004261513746125213,0.9647058823529412,0.9763779527559054,0.9633680555555555,0.0066151870714558116,0.9526909722222222,0.9704861111111112,0.9640000000000001,0.005477225575051651,0.955,0.97,0.9692564192042301,0.006083501003770007,0.9604193085539364,0.9762257904200595,116.8,1.9235384061671352,115,120,0.2,0.447213595499958,0,1,71.8,0.44721359549995715,71,72,11.2,1.9235384061671346,8,13,0.9125,0.015027643798180744,0.8984375,0.9375,0.9972222222222221,0.006211299937499402,0.9861111111111112,1.0,0.9982905982905983,0.0038223384230765423,0.9914529914529915,1.0,0.8654186493874658,0.020649385947800192,0.8470588235294118,0.9,0.9534208963109435,0.008726009913976455,0.9465020576131687,0.967741935483871,0.954861111111111,0.008772301619534614,0.9461805555555556,0.96875,0.943,0.010368220676663835,0.935,0.96
laboratory_model,svm,none,200.0,0.0,200,200,128.0,0.0,128,128,0.9932400173611111,0.0013441290899780015,0.9908854166666667,0.9942491319444445,0.9964481320324958,0.0005177006180759712,0.9955505145109088,0.9967925308542323,0.03121312329108463,0.002190340576876169,0.029001312950435162,0.034577565843525324,0.8645263746046673,0.009506686531580556,0.8499237593596991,0.8741262458748473,1.3873465358884265,0.3133451508446591,1.0917961736583381,1.9035353130492938,0.4250518143554844,0.10912621518878585,0.2418647126368888,0.5353394791565934,0.04118083327705305,0.015904491148808566,0.027452165609597495,0.06659819913408227,0.5,0.0,0.5,0.5,123.0,0.0,123,123,2.0,0.0,2,2,70.0,0.0,70,70,5.0,0.0,5,5,0.9609375,0.0,0.9609375,0.9609375,0.9722222222222221,0.0,0.9722222222222222,0.9722222222222222,0.984,0.0,0.984,0.984,0.9333333333333333,0.0,0.9333333333333333,0.9333333333333333,0.9723320158102766,0.0,0.9723320158102766,0.9723320158102766,0.966579861111111,0.0,0.9665798611111112,0.9665798611111112,0.9650000000000001,0.0,0.965,0.965,0.7252953004259368,0.039866764750697,0.6893355634226411,0.7738869899189568,118.2,1.9235384061671348,116,121,1.4,0.8944271909999159,0,2,70.6,0.8944271909999163,70,72,9.8,1.9235384061671343,7,12,0.9234375,0.01502764379818074,0.90625,0.9453125,0.9805555555555555,0.012422599874998856,0.9722222222222222,1.0,0.9883298883836297,0.007421343456496905,0.9830508474576272,1.0,0.8784983986203498,0.021406838717578928,0.8536585365853658,0.9090909090909091,0.954725605129299,0.00900239815644317,0.943089430894309,0.9641434262948206,0.9519965277777779,0.01002312893596865,0.9392361111111112,0.96484375,0.944,0.010839741694339376,0.93,0.955
laboratory_model,svm,sigmoid,200.0,0.0,200,200,128.0,0.0,128,128,0.9950086805555556,0.0005843277785518947,0.994140625,0.9955512152777777,0.9973521766229357,0.0002544189998513077,0.9970084727013375,0.9975922330041447,0.031862396181916657,0.0008748844563225039,0.030813619497498106,0.03274688067471789,0.8617083499048757,0.0037972415638997735,0.8578694415159813,0.866260332042109,2.0896720891511142,0.1336095888077244,1.9767741209930658,2.288703088035968,0.023442522630725736,0.017346330290218353,0.002044736528978786,0.04559789167965564,0.06651367295087662,0.007298524612066877,0.058246418846064095,0.07770071771628896,0.5,0.0,0.5,0.5,123.8,0.44721359549995715,123,124,2.8,0.8366600265340756,2,4,69.2,0.836660026534074,68,70,4.2,0.44721359549995787,4,5,0.9671875,0.0034938562148434152,0.9609375,0.96875,0.961111111111111,0.01162027814630661,0.9444444444444444,0.9722222222222222,0.977926577927759,0.006409710504636751,0.96875,0.9841269841269841,0.9428269365255666,0.005333572585751579,0.9333333333333333,0.9459459459459459,0.9725116015563737,0.002698766807654323,0.96875,0.9763779527559054,0.9641493055555556,0.005094975899593485,0.9565972222222222,0.9704861111111112,0.9650000000000001,0.0035355339059327407,0.96,0.97,0.7488358560787999,0.014479145440809402,0.7286987352300969,0.7683172664783353,117.6,1.1401754250991387,116,119,0.2,0.447213595499958,0,1,71.8,0.44721359549995715,71,72,10.4,1.1401754250991376,9,12,0.91875,0.008907620508587021,0.90625,0.9296875,0.9972222222222221,0.006211299937499402,0.9861111111111112,1.0,0.9983193277310924,0.0037580974411761036,0.9915966386554622,1.0,0.8736187231828332,0.011943810436982873,0.8571428571428571,0.8888888888888888,0.9568599293048761,0.004812622537726947,0.9508196721311475,0.9635627530364372,0.9579861111111111,0.0049047059328183,0.953125,0.96484375,0.9469999999999998,0.005700877125495697,0.94,0.955
laboratory_model,xgboost,isotonic,200.0,0.0,200,200,128.0,0.0,128,128,0.9815104166666666,0.004833798655281675,0.9780815972222222,0.9893120659722223,0.9884226726724247,0.004586366385678577,0.9838939016663212,0.9942697094025257,0.04328595979856826,0.0026698818718781814,0.039999529230982725,0.046260863216306375,0.812126910596492,0.011588028957804645,0.799215003401448,0.8263909321571931,1.074323231396021,0.9485878808971745,0.5598278347545678,2.755063096935163,-0.10541631189891083,0.2296425190797179,-0.45260168791308253,0.1380202754845164,0.03125550348282559,0.011275286095488756,0.014769751888234178,0.045033318563364434,0.5,0.0,0.5,0.5,121.6,1.1401754250991376,120,123,5.2,1.9235384061671343,3,8,66.8,1.9235384061671335,64,69,6.4,1.140175425099138,5,8,0.95,0.008907620508587013,0.9375,0.9609375,0.9277777777777778,0.02671581119676575,0.8888888888888888,0.9583333333333334,0.9591933027656852,0.01445699817500965,0.937984496124031,0.975609756097561,0.912763389938771,0.013716115813102949,0.8961038961038961,0.9295774647887324,0.954500129997513,0.007395513355111267,0.9416342412451363,0.9606299212598425,0.9388888888888889,0.012873149747564748,0.9171006944444444,0.9487847222222222,0.942,0.009746794344808922,0.925,0.95,0.866907594949007,0.006115509705636392,0.8573552638292312,0.8721233017742633,115.8,1.7888543819998315,114,118,1.8,0.4472135954999579,1,2,70.2,0.44721359549995715,70,71,12.2,1.7888543819998317,10,14,0.9046875,0.013975424859373684,0.890625,0.921875,0.975,0.006211299937499458,0.9722222222222222,0.9861111111111112,0.9847280853235254,0.0036823944334887946,0.9827586206896551,0.991304347826087,0.852296703685991,0.01808052327116389,0.8333333333333334,0.875,0.942953717923843,0.0068762226641533785,0.9344262295081966,0.9516129032258064,0.93984375,0.005836019553462363,0.9314236111111112,0.9470486111111112,0.93,0.007905694150420918,0.92,0.94
laboratory_model,xgboost,none,200.0,0.0,200,200,128.0,0.0,128,128,0.9858940972222221,0.002646768862337304,0.9825303819444445,0.9889322916666666,0.9924490762637512,0.0014477510266946913,0.9910504617471789,0.9945600218548003,0.041760019326452305,0.002591289292457072,0.038683548404845045,0.04449186389010098,0.8187499161178285,0.011246915331844937,0.8068929518658812,0.83210265449286,0.9778640405523407,0.08056787215941315,0.8882663156566931,1.0948652787164144,-0.21096478155449772,0.1228003723416825,-0.3406432611954644,-0.040509887286234544,0.03113119480910247,0.007882048019319679,0.024484448166331323,0.043437482136068885,0.5,0.0,0.5,0.5,123.0,0.7071067811865469,122,124,5.8,1.0954451150103321,5,7,66.2,1.095445115010332,65,67,5.0,0.7071067811865475,4,6,0.9609375,0.005524271728019898,0.953125,0.96875,0.9194444444444445,0.015214515486254594,0.9027777777777778,0.9305555555555556,0.9550447305819743,0.007930942824304224,0.9461538461538461,0.9609375,0.9299039488735736,0.00860156937898448,0.9178082191780822,0.9420289855072463,0.957951014944004,0.003127132508945546,0.9534883720930233,0.9609375,0.9401909722222221,0.006194596741557098,0.9318576388888888,0.9457465277777778,0.946,0.004183300132670385,0.94,0.95,0.9114306521415709,0.013398437508429584,0.8907428860664368,0.9279541611671448,116.6,2.1908902300206656,113,118,1.6,0.5477225575051662,1,2,70.4,0.5477225575051643,70,71,11.4,2.1908902300206643,10,15,0.9109375,0.01711632992203645,0.8828125,0.921875,0.9777777777777779,0.007607257743127367,0.9722222222222222,0.9861111111111112,0.9864372307508118,0.004716949009720963,0.9826086956521739,0.9915966386554622,0.8610548736206317,0.023114442231690954,0.8235294117647058,0.8765432098765432,0.9471349320945117,0.010809894057316416,0.9300411522633745,0.9554655870445343,0.9443576388888889,0.011211030757613125,0.9275173611111112,0.9539930555555556,0.9349999999999999,0.01274754878398193,0.915,0.945
laboratory_model,xgboost,sigmoid,200.0,0.0,200,200,128.0,0.0,128,128,0.9789930555555555,0.006338421805630068,0.9708116319444444,0.9858940972222222,0.9870200847258671,0.006303550804992354,0.977274366575039,0.9925811179279997,0.04590354069589024,0.00273158791705104,0.043309640652148165,0.04896690219033364,0.8007658823963097,0.0118558503344229,0.787470042576677,0.8120241291139403,1.398683665278923,0.03840131713256519,1.3545647605905544,1.4470129586222413,0.003743875759070016,0.025721738735049113,-0.01484419787183692,0.04760206658871705,0.06770907202233006,0.00575235050882562,0.06057189814722985,0.07519777104593554,0.5,0.0,0.5,0.5,123.0,0.7071067811865469,122,124,6.6,0.894427190999916,5,7,65.4,0.8944271909999173,65,67,5.0,0.7071067811865475,4,6,0.9609375,0.005524271728019898,0.953125,0.96875,0.9083333333333334,0.012422599874998854,0.9027777777777778,0.9305555555555556,0.9491093023824805,0.00661864789066767,0.9457364341085271,0.9609375,0.9290440711904276,0.0094203508753988,0.9154929577464789,0.9420289855072463,0.9549719088254911,0.0043986604999742525,0.9494163424124514,0.9609375,0.9346354166666666,0.006797767386784448,0.9279513888888888,0.9457465277777778,0.942,0.005700877125495664,0.935,0.95,0.89001739675754,0.0040217727013142305,0.8853283960901069,0.8948655417811419,118.4,1.1401754250991376,117,120,2.0,0.0,2,2,70.0,0.0,70,70,9.6,1.140175425099138,8,11,0.925,0.008907620508587013,0.9140625,0.9375,0.9722222222222221,0.0,0.9722222222222222,0.9722222222222222,0.9833875151469611,0.00015697238516685234,0.9831932773109243,0.9836065573770492,0.8795418755334368,0.012645120805672741,0.8641975308641975,0.8974358974358975,0.953283504135387,0.0047992673328190105,0.9473684210526315,0.96,0.9486111111111111,0.004453810254293515,0.9431423611111112,0.9548611111111112,0.942,0.005700877125495659,0.935,0.95
leaky_model,dummy,isotonic,200.0,0.0,200,200,128.0,0.0,128,128,0.48697916666666663,0.0,0.48697916666666663,0.48697916666666663,0.634140625,0.0,0.634140625,0.634140625,0.230484375,1.962615573354719e-17,0.230484375,0.23048437500000002,-0.0003662109375,0.0,-0.0003662109375,-0.0003662109375,-3.9860731127345774,2.7645141858866263e-13,-3.9860731127349425,-3.9860731127341698,-2.139579346744554e-16,2.19774395604307e-17,-2.5058136493404686e-16,-1.9275489610311297e-16,0.0,0.0,0.0,0.0,0.5,0.0,0.5,0.5,128.0,0.0,128,128,72.0,0.0,72,72,0.0,0.0,0,0,0.0,0.0,0,0,1.0,0.0,1.0,1.0,0.0,0.0,0.0,0.0,0.64,0.0,0.64,0.64,,,,,0.7804878048780487,0.0,0.7804878048780487,0.7804878048780487,0.5,0.0,0.5,0.5,0.64,0.0,0.64,0.64,0.6366666666666666,0.0,0.6366666666666666,0.6366666666666666,128.0,0.0,128,128,72.0,0.0,72,72,0.0,0.0,0,0,0.0,0.0,0,0,1.0,0.0,1.0,1.0,0.0,0.0,0.0,0.0,0.64,0.0,0.64,0.64,,,,,0.7804878048780487,0.0,0.7804878048780487,0.7804878048780487,0.5,0.0,0.5,0.5,0.64,0.0,0.64,0.64
leaky_model,dummy,none,200.0,0.0,200,200,128.0,0.0,128,128,0.48697916666666663,0.0,0.48697916666666663,0.48697916666666663,0.634140625,0.0,0.634140625,0.634140625,0.230484375,1.962615573354719e-17,0.230484375,0.23048437500000002,-0.0003662109375,0.0,-0.0003662109375,-0.0003662109375,-3.9860731127345774,2.7645141858866263e-13,-3.9860731127349425,-3.9860731127341698,-2.139579346744554e-16,2.19774395604307e-17,-2.5058136493404686e-16,-1.9275489610311297e-16,0.0,0.0,0.0,0.0,0.5,0.0,0.5,0.5,128.0,0.0,128,128,72.0,0.0,72,72,0.0,0.0,0,0,0.0,0.0,0,0,1.0,0.0,1.0,1.0,0.0,0.0,0.0,0.0,0.64,0.0,0.64,0.64,,,,,0.7804878048780487,0.0,0.7804878048780487,0.7804878048780487,0.5,0.0,0.5,0.5,0.64,0.0,0.64,0.64,0.6366666666666666,0.0,0.6366666666666666,0.6366666666666666,128.0,0.0,128,128,72.0,0.0,72,72,0.0,0.0,0,0,0.0,0.0,0,0,1.0,0.0,1.0,1.0,0.0,0.0,0.0,0.0,0.64,0.0,0.64,0.64,,,,,0.7804878048780487,0.0,0.7804878048780487,0.7804878048780487,0.5,0.0,0.5,0.5,0.64,0.0,0.64,0.64
leaky_model,dummy,sigmoid,200.0,0.0,200,200,128.0,0.0,128,128,0.48697916666666663,0.0,0.48697916666666663,0.48697916666666663,0.634140625,0.0,0.634140625,0.634140625,0.23048497445077146,0.0,0.23048497445077146,0.23048497445077146,-0.000368812720362266,0.0,-0.000368812720362266,-0.000368812720362266,-4.03243150778418,3.315202543393115e-13,-4.0324315077845085,-4.032431507783667,0.005375091137101479,5.234440058348795e-17,0.0053750911371014,0.005375091137101526,0.0012393012896696476,0.0,0.0012393012896696476,0.0012393012896696476,0.5,0.0,0.5,0.5,128.0,0.0,128,128,72.0,0.0,72,72,0.0,0.0,0,0,0.0,0.0,0,0,1.0,0.0,1.0,1.0,0.0,0.0,0.0,0.0,0.64,0.0,0.64,0.64,,,,,0.7804878048780487,0.0,0.7804878048780487,0.7804878048780487,0.5,0.0,0.5,0.5,0.64,0.0,0.64,0.64,0.6346558996314264,5.551115123125783e-17,0.6346558996314264,0.6346558996314265,128.0,0.0,128,128,72.0,0.0,72,72,0.0,0.0,0,0,0.0,0.0,0,0,1.0,0.0,1.0,1.0,0.0,0.0,0.0,0.0,0.64,0.0,0.64,0.64,,,,,0.7804878048780487,0.0,0.7804878048780487,0.7804878048780487,0.5,0.0,0.5,0.5,0.64,0.0,0.64,0.64
leaky_model,ebm,isotonic,200.0,0.0,200,200,128.0,0.0,128,128,1.0,0.0,1.0,1.0,1.0,0.0,1.0,1.0,1.5716385875406264e-05,6.341076046863561e-06,8.039617867110813e-06,2.324061930054605e-05,0.999931786519638,2.7522031453399257e-05,0.999899129256508,0.9999651058252296,,,,,0.14176203360036702,0.43320543769732306,-0.37568874124177903,0.5247296319832313,0.0008469889234483136,0.00025297323458723026,0.0005271254366278775,0.0011885009546905127,0.5,0.0,0.5,0.5,128.0,0.0,128,128,0.0,0.0,0,0,72.0,0.0,72,72,0.0,0.0,0,0,1.0,0.0,1.0,1.0,1.0,0.0,1.0,1.0,1.0,0.0,1.0,1.0,1.0,0.0,1.0,1.0,1.0,0.0,1.0,1.0,1.0,0.0,1.0,1.0,1.0,0.0,1.0,1.0,0.9980071412148822,0.0007700447260466434,0.9969120107400272,0.9989615332846007,120.8,3.70135110466435,116,125,0.0,0.0,0,0,72.0,0.0,72,72,7.2,3.7013511046643495,3,12,0.94375,0.028916805505190234,0.90625,0.9765625,1.0,0.0,1.0,1.0,1.0,0.0,1.0,1.0,0.910666699154504,0.042165721941800606,0.8571428571428571,0.96,0.9708782478784203,0.015363937406955222,0.9508196721311475,0.9881422924901185,0.971875,0.014458402752595113,0.953125,0.98828125,0.9640000000000001,0.018506755523321764,0.94,0.985
leaky_model,ebm,none,200.0,0.0,200,200,128.0,0.0,128,128,1.0,0.0,1.0,1.0,1.0,0.0,1.0,1.0,1.2865428243471027e-11,2.087704864674854e-12,9.954535806170496e-12,1.47928363393004e-11,0.9999999999441606,9.061216034045196e-12,0.999999999935795,0.9999999999567946,,,,,0.24264330016821206,0.011505715067988202,0.2276210845976199,0.259609488063733,1.7127202682840385e-06,8.809166038748204e-08,1.6010650521264418e-06,1.8129878782558494e-06,0.5,0.0,0.5,0.5,128.0,0.0,128,128,0.0,0.0,0,0,72.0,0.0,72,72,0.0,0.0,0,0,1.0,0.0,1.0,1.0,1.0,0.0,1.0,1.0,1.0,0.0,1.0,1.0,1.0,0.0,1.0,1.0,1.0,0.0,1.0,1.0,1.0,0.0,1.0,1.0,1.0,0.0,1.0,1.0,0.9999951567529551,3.041508458975325e-07,0.9999948537324269,0.9999955134336875,117.8,0.44721359549995815,117,118,0.0,0.0,0,0,72.0,0.0,72,72,10.2,0.44721359549995787,10,11,0.9203125,0.003493856214843423,0.9140625,0.921875,1.0,0.0,1.0,1.0,1.0,0.0,1.0,1.0,0.8759330002938583,0.004731028339112086,0.8674698795180723,0.8780487804878049,0.9585000829600133,0.0018995633059231513,0.9551020408163265,0.959349593495935,0.96015625,0.0017469281074217076,0.95703125,0.9609375,0.9490000000000001,0.002236067977499798,0.945,0.95
leaky_model,ebm,sigmoid,200.0,0.0,200,200,128.0,0.0,128,128,1.0,0.0,1.0,1.0,1.0,0.0,1.0,1.0,0.0028240786714408086,1.874465853391361e-05,0.002801283205037879,0.0028495403011930074,0.9877427140996493,8.13570248867492e-05,0.9876322035538498,0.987841652755912,,,,,0.03139876655588581,0.0034434135479740986,0.027903644260314615,0.037003986983925215,0.04827202205476759,0.00011665130474238537,0.0481191652956341,0.04840653628637865,0.5,0.0,0.5,0.5,128.0,0.0,128,128,0.0,0.0,0,0,72.0,0.0,72,72,0.0,0.0,0,0,1.0,0.0,1.0,1.0,1.0,0.0,1.0,1.0,1.0,0.0,1.0,1.0,1.0,0.0,1.0,1.0,1.0,0.0,1.0,1.0,1.0,0.0,1.0,1.0,1.0,0.0,1.0,1.0,0.9125644857951576,0.0010418026274036005,0.9117381532205681,0.9137582574574585,122.0,1.0,121,123,0.0,0.0,0,0,72.0,0.0,72,72,6.0,1.0,5,7,0.953125,0.0078125,0.9453125,0.9609375,1.0,0.0,1.0,1.0,1.0,0.0,1.0,1.0,0.9231983206666751,0.011836459546642645,0.9113924050632911,0.935064935064935,0.9759868925902815,0.004096072090748219,0.9718875502008032,0.9800796812749004,0.9765625,0.00390625,0.97265625,0.98046875,0.97,0.0050000000000000044,0.965,0.975
leaky_model,logreg,isotonic,200.0,0.0,200,200,128.0,0.0,128,128,0.9997178819444444,0.000123716951508176,0.9995659722222222,0.9998914930555556,0.9998449357650161,6.69990663774148e-05,0.9997632575757576,0.9999394379844961,0.005508449621277085,0.0006659550833898806,0.004492873292099787,0.006062297010740807,0.9760917985187627,0.0028904300494352456,0.973687947001993,0.980499681891928,1.4270590228926998,0.39150039518654206,1.1193251418919365,2.0909689875145068,0.2615307303674292,0.2954439808442153,-0.13588656929223286,0.6642543529443009,0.012133221402035224,0.00040087598860724335,0.011693302115330439,0.01266423592918039,0.5,0.0,0.5,0.5,127.0,0.0,127,127,0.0,0.0,0,0,72.0,0.0,72,72,1.0,0.0,1,1,0.9921875,0.0,0.9921875,0.9921875,1.0,0.0,1.0,1.0,1.0,0.0,1.0,1.0,0.9863013698630138,0.0,0.9863013698630136,0.9863013698630136,0.996078431372549,0.0,0.996078431372549,0.996078431372549,0.99609375,0.0,0.99609375,0.99609375,0.9949999999999999,0.0,0.995,0.995,0.9911566157990881,0.002464085821847403,0.9883368074728736,0.9949481001764999,118.6,3.435112807463533,114,122,0.0,0.0,0,0,72.0,0.0,72,72,9.4,3.4351128074635335,6,14,0.9265625,0.026836818808308852,0.890625,0.953125,1.0,0.0,1.0,1.0,1.0,0.0,1.0,1.0,0.8857642975217306,0.036839047065895594,0.8372093023255814,0.9230769230769231,0.9617195836292801,0.014537982606240065,0.9421487603305785,0.976,0.96328125,0.013418409404154417,0.9453125,0.9765625,0.953,0.017175564037317636,0.93,0.97
leaky_model,logreg,none,200.0,0.0,200,200,128.0,0.0,128,128,0.9999348958333334,5.943170111817364e-05,0.9998914930555556,1.0,0.9999636627906977,3.317118201944545e-05,0.9999394379844961,1.0,0.061479319420694664,0.006861562118116933,0.05061907424103791,0.0679204678635748,0.7331626761254573,0.029781085582104717,0.7052063026754567,0.7802991569399396,13.46900540596788,3.349276479549341,11.100709295209935,15.837301516725827,0.7185767642522423,0.016202894758669664,0.7047903875845,0.7459594282329494,0.20384962570260265,0.017900298006283077,0.1751994021000803,0.21992800030784307,0.5,0.0,0.5,0.5,120.0,2.0000000000000013,118,123,0.0,0.0,0,0,72.0,0.0,72,72,8.0,1.9999999999999998,5,10,0.9375,0.01562500000000001,0.921875,0.9609375,1.0,0.0,1.0,1.0,1.0,0.0,1.0,1.0,0.9004567796787617,0.02284219201488254,0.8780487804878049,0.935064935064935,0.9676884662089027,0.008287857589100315,0.959349593495935,0.9800796812749004,0.96875,0.007812499999999988,0.9609375,0.98046875,0.96,0.01000000000000004,0.95,0.975,0.5421155401059872,0.02062959102587855,0.526207053129499,0.5777443310148098,117.0,1.0,116,118,0.0,0.0,0,0,72.0,0.0,72,72,11.0,1.0,10,12,0.9140625,0.0078125,0.90625,0.921875,1.0,0.0,1.0,1.0,1.0,0.0,1.0,1.0,0.8675706309558793,0.01045311340546573,0.8571428571428571,0.8780487804878049,0.9550881144140982,0.004264967787695068,0.9508196721311475,0.959349593495935,0.95703125,0.00390625,0.953125,0.9609375,0.945,0.005000000000000018,0.94,0.95
leaky_model,logreg,sigmoid,200.0,0.0,200,200,128.0,0.0,128,128,0.9998914930555556,0.0,0.9998914930555556,0.9998914930555556,0.9999394379844961,0.0,0.9999394379844961,0.9999394379844961,0.014173083544194973,0.0009437740197930062,0.012774987680494948,0.0154136491886424,0.9384848804505426,0.004096241405351607,0.9331004809520729,0.9445530048589629,8.567785784801076,4.993892374726409,4.498636460695082,17.02799607788428,0.036690398419315956,0.019363667534158212,0.006903879119352663,0.05965324645658221,0.07324486902039695,0.001576924664614172,0.07126204133633394,0.07454229629466017,0.5,0.0,0.5,0.5,127.0,0.0,127,127,0.0,0.0,0,0,72.0,0.0,72,72,1.0,0.0,1,1,0.9921875,0.0,0.9921875,0.9921875,1.0,0.0,1.0,1.0,1.0,0.0,1.0,1.0,0.9863013698630138,0.0,0.9863013698630136,0.9863013698630136,0.996078431372549,0.0,0.996078431372549,0.996078431372549,0.99609375,0.0,0.99609375,0.99609375,0.9949999999999999,0.0,0.995,0.995,0.7986508103490655,0.006607105957725942,0.7924519344331644,0.8094740730574634,117.4,0.8944271909999157,116,118,0.0,0.0,0,0,72.0,0.0,72,72,10.6,0.8944271909999157,10,12,0.9171875,0.006987712429686842,0.90625,0.921875,1.0,0.0,1.0,1.0,1.0,0.0,1.0,1.0,0.8717518156248689,0.009363652388451101,0.8571428571428571,0.8780487804878049,0.9567940986870557,0.003812757980270451,0.9508196721311475,0.959349593495935,0.95859375,0.0034938562148434152,0.953125,0.9609375,0.9469999999999998,0.0044721359549995815,0.94,0.95
leaky_model,random_forest,isotonic,200.0,0.0,200,200,128.0,0.0,128,128,1.0,0.0,1.0,1.0,1.0,0.0,1.0,1.0,0.0005903911233462844,0.00016552744270054376,0.000426828715311719,0.0007701732880313761,0.9974375385271429,0.0007184350811655848,0.9966572339929194,0.9981474448120151,,,,,0.009948996034037696,0.2662032911983157,-0.2565772799502117,0.3744998646381875,0.0054610538735163725,0.0009230019572632008,0.003972644929466929,0.006368247956887367,0.5,0.0,0.5,0.5,128.0,0.0,128,128,0.0,0.0,0,0,72.0,0.0,72,72,0.0,0.0,0,0,1.0,0.0,1.0,1.0,1.0,0.0,1.0,1.0,1.0,0.0,1.0,1.0,1.0,0.0,1.0,1.0,1.0,0.0,1.0,1.0,1.0,0.0,1.0,1.0,1.0,0.0,1.0,1.0,0.9927177148755476,0.003565024210218614,0.9888489004082074,0.9964297560517733,118.4,3.209361307176244,114,121,0.0,0.0,0,0,72.0,0.0,72,72,9.6,3.2093613071762426,7,14,0.925,0.025073135212314406,0.890625,0.9453125,1.0,0.0,1.0,1.0,1.0,0.0,1.0,1.0,0.883427393919004,0.034153051960954674,0.8372093023255814,0.9113924050632911,0.9608970936694406,0.013615125383609742,0.9421487603305785,0.9718875502008032,0.9625,0.012536567606157194,0.9453125,0.97265625,0.952,0.016046806535881187,0.93,0.965
leaky_model,random_forest,none,200.0,0.0,200,200,128.0,0.0,128,128,1.0,0.0,1.0,1.0,1.0,0.0,1.0,1.0,0.007328526451322559,0.0007652024346172698,0.006654875599743318,0.008536206230569268,0.968192159499468,0.003321191122470765,0.962950493790932,0.9711159913205585,,,,,0.09427612838538799,0.04272929266555955,0.04041309706106625,0.14700232647857803,0.053183806645741113,0.0019970008127149883,0.051054550312585656,0.055767993804457024,0.5,0.0,0.5,0.5,128.0,0.0,128,128,0.0,0.0,0,0,72.0,0.0,72,72,0.0,0.0,0,0,1.0,0.0,1.0,1.0,1.0,0.0,1.0,1.0,1.0,0.0,1.0,1.0,1.0,0.0,1.0,1.0,1.0,0.0,1.0,1.0,1.0,0.0,1.0,1.0,1.0,0.0,1.0,1.0,0.8564510069179736,0.005897376908508074,0.8488933880338985,0.8621318588140887,117.4,2.5099800796022254,115,121,0.0,0.0,0,0,72.0,0.0,72,72,10.6,2.5099800796022267,7,13,0.9171875,0.019609219371892386,0.8984375,0.9453125,1.0,0.0,1.0,1.0,1.0,0.0,1.0,1.0,0.8723251663534611,0.026925820090930624,0.8470588235294118,0.9113924050632911,0.9567183410225407,0.010617343346984724,0.9465020576131687,0.9718875502008032,0.95859375,0.009804609685946201,0.94921875,0.97265625,0.9469999999999998,0.012549900398011075,0.935,0.965
leaky_model,random_forest,sigmoid,200.0,0.0,200,200,128.0,0.0,128,128,1.0,0.0,1.0,1.0,1.0,0.0,1.0,1.0,0.0044254605758597436,0.000498984526630458,0.00395525313642171,0.00526830127663035,0.9807922718061644,0.002165731452389177,0.9771341090424029,0.982833102706503,,,,,0.017624176159365408,0.01949722356352437,-0.0013154529062301377,0.047775667849130996,0.05163953209344575,0.0012344895617295334,0.050361556108105526,0.05367775549472242,0.5,0.0,0.5,0.5,128.0,0.0,128,128,0.0,0.0,0,0,72.0,0.0,72,72,0.0,0.0,0,0,1.0,0.0,1.0,1.0,1.0,0.0,1.0,1.0,1.0,0.0,1.0,1.0,1.0,0.0,1.0,1.0,1.0,0.0,1.0,1.0,1.0,0.0,1.0,1.0,1.0,0.0,1.0,1.0,0.9118466907147956,0.003458582392335623,0.9068244461827412,0.9151371777325654,120.6,1.1401754250991383,119,122,0.0,0.0,0,0,72.0,0.0,72,72,7.4,1.140175425099138,6,9,0.9421875,0.008907620508587018,0.9296875,0.953125,1.0,0.0,1.0,1.0,1.0,0.0,1.0,1.0,0.9069501244184789,0.012981273126240417,0.8888888888888888,0.9230769230769231,0.970215957784383,0.004728358767236903,0.9635627530364372,0.976,0.97109375,0.004453810254293509,0.96484375,0.9765625,0.9629999999999999,0.005700877125495709,0.955,0.97
leaky_model,svm,isotonic,200.0,0.0,200,200,128.0,0.0,128,128,1.0,0.0,1.0,1.0,1.0,0.0,1.0,1.0,0.0025323970516267437,0.0005528909780212415,0.0017719664671293628,0.0032268552366845503,0.9890086933523146,0.0023997004254394027,0.9859945519241122,0.992309173319751,,,,,0.03085934228404923,0.3150233343530714,-0.3164727396094661,0.49349565884605645,0.00992855488882969,0.001978982825088023,0.007652441638093706,0.012411001187049197,0.5,0.0,0.5,0.5,128.0,0.0,128,128,0.0,0.0,0,0,72.0,0.0,72,72,0.0,0.0,0,0,1.0,0.0,1.0,1.0,1.0,0.0,1.0,1.0,1.0,0.0,1.0,1.0,1.0,0.0,1.0,1.0,1.0,0.0,1.0,1.0,1.0,0.0,1.0,1.0,1.0,0.0,1.0,1.0,0.9933803756948955,0.00487078456072852,0.9870280211668454,0.9985104535210492,119.8,3.8987177379235862,116,125,0.0,0.0,0,0,72.0,0.0,72,72,8.2,3.898717737923586,3,12,0.9359375,0.030458732327528017,0.90625,0.9765625,1.0,0.0,1.0,1.0,1.0,0.0,1.0,1.0,0.8994725274725275,0.044171887638285105,0.8571428571428571,0.96,0.9667047144472569,0.016215093679183498,0.9508196721311475,0.9881422924901185,0.96796875,0.015229366163764003,0.953125,0.98828125,0.959,0.019493588689617935,0.94,0.985
leaky_model,svm,none,200.0,0.0,200,200,128.0,0.0,128,128,1.0,0.0,1.0,1.0,1.0,0.0,1.0,1.0,0.0025486538862315162,0.000332137155710242,0.002125017807935814,0.002957768177943055,0.9889381341743423,0.001441567516103482,0.9871624645054555,0.9907768324308341,,,,,-0.014160387487468836,0.04878729125485335,-0.07028349364270059,0.055681794425556125,0.018135091614779324,0.0008368486073003567,0.017033936437960476,0.019103194499893117,0.5,0.0,0.5,0.5,128.0,0.0,128,128,0.0,0.0,0,0,72.0,0.0,72,72,0.0,0.0,0,0,1.0,0.0,1.0,1.0,1.0,0.0,1.0,1.0,1.0,0.0,1.0,1.0,1.0,0.0,1.0,1.0,1.0,0.0,1.0,1.0,1.0,0.0,1.0,1.0,1.0,0.0,1.0,1.0,0.9629664976967838,0.0011083480800363735,0.9619163655908642,0.9643704141925622,118.6,0.5477225575051684,118,119,0.0,0.0,0,0,72.0,0.0,72,72,9.4,0.547722557505166,9,10,0.9265625,0.004279082480509128,0.921875,0.9296875,1.0,0.0,1.0,1.0,1.0,0.0,1.0,1.0,0.8845528455284553,0.005937371897074959,0.8780487804878049,0.8888888888888888,0.9618774892202364,0.002307642518701203,0.959349593495935,0.9635627530364372,0.96328125,0.002139541240254545,0.9609375,0.96484375,0.953,0.002738612787525817,0.95,0.955
leaky_model,svm,sigmoid,200.0,0.0,200,200,128.0,0.0,128,128,1.0,0.0,1.0,1.0,1.0,0.0,1.0,1.0,0.007727438283960131,0.0002642329510427415,0.007407848832454786,0.00803502354867753,0.9664607713369786,0.0011468444055674864,0.9651257658477538,0.9678478783313594,,,,,0.027299213374172272,0.014686829414709463,0.00782872698206088,0.0485164806233458,0.058821923063219705,0.000678424402238864,0.05785581661675847,0.059537707236942475,0.5,0.0,0.5,0.5,128.0,0.0,128,128,0.0,0.0,0,0,72.0,0.0,72,72,0.0,0.0,0,0,1.0,0.0,1.0,1.0,1.0,0.0,1.0,1.0,1.0,0.0,1.0,1.0,1.0,0.0,1.0,1.0,1.0,0.0,1.0,1.0,1.0,0.0,1.0,1.0,1.0,0.0,1.0,1.0,0.8900939399688547,0.0025419326842258173,0.8861627052354373,0.8925391886367842,117.4,0.5477225575051643,117,118,0.0,0.0,0,0,72.0,0.0,72,72,10.6,0.5477225575051662,10,11,0.9171875,0.004279082480509096,0.9140625,0.921875,1.0,0.0,1.0,1.0,1.0,0.0,1.0,1.0,0.8717014399059654,0.005794302694735797,0.8674698795180723,0.8780487804878049,0.9568010618881699,0.0023264804168130404,0.9551020408163265,0.959349593495935,0.95859375,0.0021395412402545576,0.95703125,0.9609375,0.9469999999999998,0.002738612787525807,0.945,0.95
leaky_model,xgboost,isotonic,200.0,0.0,200,200,128.0,0.0,128,128,1.0,0.0,1.0,1.0,1.0,0.0,1.0,1.0,1.8723068353550498e-05,2.5633081481889558e-05,7.1136211461633675e-06,6.457603747057433e-05,0.9999187366824932,0.00011125469393184557,0.9997197220595895,0.9999691249082198,,,,,-0.4032663866429334,0.4090418978754558,-1.081579764415899,-0.012200041263523895,0.0006763350628116293,0.0003048049895631826,0.0004793988718301968,0.0012170323508234992,0.5,0.0,0.5,0.5,128.0,0.0,128,128,0.0,0.0,0,0,72.0,0.0,72,72,0.0,0.0,0,0,1.0,0.0,1.0,1.0,1.0,0.0,1.0,1.0,1.0,0.0,1.0,1.0,1.0,0.0,1.0,1.0,1.0,0.0,1.0,1.0,1.0,0.0,1.0,1.0,1.0,0.0,1.0,1.0,0.9997737312316894,0.00027527856109557734,0.9994730830192566,1.0,118.6,3.2093613071762417,115,123,0.0,0.0,0,0,72.0,0.0,72,72,9.4,3.2093613071762426,5,13,0.9265625,0.025073135212314388,0.8984375,0.9609375,1.0,0.0,1.0,1.0,1.0,0.0,1.0,1.0,0.8856311009252185,0.03521428338789819,0.8470588235294118,0.935064935064935,0.961741219907905,0.013482748319204752,0.9465020576131687,0.9800796812749004,0.96328125,0.012536567606157194,0.94921875,0.98046875,0.953,0.01604680653588117,0.935,0.975
leaky_model,xgboost,none,200.0,0.0,200,200,128.0,0.0,128,128,1.0,0.0,1.0,1.0,1.0,0.0,1.0,1.0,0.00032346658311603626,4.670311015336563e-05,0.00029360444482059186,0.0004064664189496344,0.9985960651774478,0.00020270447115174157,0.99823582283442,0.9987256751526884,,,,,-0.03156304011446948,0.03143969006230684,-0.08450637419754317,-0.00842750497783921,0.015293425095267576,0.00034220984420942687,0.015000319322571141,0.015845493972301467,0.5,0.0,0.5,0.5,128.0,0.0,128,128,0.0,0.0,0,0,72.0,0.0,72,72,0.0,0.0,0,0,1.0,0.0,1.0,1.0,1.0,0.0,1.0,1.0,1.0,0.0,1.0,1.0,1.0,0.0,1.0,1.0,1.0,0.0,1.0,1.0,1.0,0.0,1.0,1.0,1.0,0.0,1.0,1.0,0.9779969644546508,0.00020871191583626982,0.9777126908302307,0.9782588839530945,120.2,1.4832396974191335,118,122,0.0,0.0,0,0,72.0,0.0,72,72,7.8,1.4832396974191326,6,10,0.9390625,0.01158781013608698,0.921875,0.953125,1.0,0.0,1.0,1.0,1.0,0.0,1.0,1.0,0.9025036217256039,0.016679678512881584,0.8780487804878049,0.9230769230769231,0.9685442029328961,0.006176467228064963,0.959349593495935,0.976,0.96953125,0.005793905068043474,0.9609375,0.9765625,0.961,0.007416198487095628,0.95,0.97
leaky_model,xgboost,sigmoid,200.0,0.0,200,200,128.0,0.0,128,128,1.0,0.0,1.0,1.0,1.0,0.0,1.0,1.0,0.0022133831119261122,2.481761783925533e-05,0.0021942144157140174,0.002256696041325402,0.9903933024655984,0.00010771535520510229,0.9902053123206362,0.9904764999317968,,,,,0.02518256678756774,0.003866633460787407,0.01900460975885587,0.029194870641664056,0.04531204972960052,0.00013769457295052776,0.04514897538902003,0.04552774106550659,0.5,0.0,0.5,0.5,128.0,0.0,128,128,0.0,0.0,0,0,72.0,0.0,72,72,0.0,0.0,0,0,1.0,0.0,1.0,1.0,1.0,0.0,1.0,1.0,1.0,0.0,1.0,1.0,1.0,0.0,1.0,1.0,1.0,0.0,1.0,1.0,1.0,0.0,1.0,1.0,1.0,0.0,1.0,1.0,0.9508390459342941,0.00019997727913838472,0.9505247711445012,0.9510412643611835,127.6,0.5477225575051684,127,128,0.0,0.0,0,0,72.0,0.0,72,72,0.4,0.5477225575051661,0,1,0.996875,0.004279082480509128,0.9921875,1.0,1.0,0.0,1.0,1.0,1.0,0.0,1.0,1.0,0.9945205479452055,0.0075030487329474935,0.9863013698630136,1.0,0.9984313725490196,0.0021479315980594696,0.996078431372549,1.0,0.9984375,0.002139541240254545,0.99609375,1.0,0.998,0.002738612787525807,0.995,1.0
low_cost_model,dummy,isotonic,200.0,0.0,200,200,128.0,0.0,128,128,0.48697916666666663,0.0,0.48697916666666663,0.48697916666666663,0.634140625,0.0,0.634140625,0.634140625,0.230484375,1.962615573354719e-17,0.230484375,0.23048437500000002,-0.0003662109375,0.0,-0.0003662109375,-0.0003662109375,-3.9860731127345774,2.7645141858866263e-13,-3.9860731127349425,-3.9860731127341698,-2.139579346744554e-16,2.19774395604307e-17,-2.5058136493404686e-16,-1.9275489610311297e-16,0.0,0.0,0.0,0.0,0.5,0.0,0.5,0.5,128.0,0.0,128,128,72.0,0.0,72,72,0.0,0.0,0,0,0.0,0.0,0,0,1.0,0.0,1.0,1.0,0.0,0.0,0.0,0.0,0.64,0.0,0.64,0.64,,,,,0.7804878048780487,0.0,0.7804878048780487,0.7804878048780487,0.5,0.0,0.5,0.5,0.64,0.0,0.64,0.64,0.6366666666666666,0.0,0.6366666666666666,0.6366666666666666,128.0,0.0,128,128,72.0,0.0,72,72,0.0,0.0,0,0,0.0,0.0,0,0,1.0,0.0,1.0,1.0,0.0,0.0,0.0,0.0,0.64,0.0,0.64,0.64,,,,,0.7804878048780487,0.0,0.7804878048780487,0.7804878048780487,0.5,0.0,0.5,0.5,0.64,0.0,0.64,0.64
low_cost_model,dummy,none,200.0,0.0,200,200,128.0,0.0,128,128,0.48697916666666663,0.0,0.48697916666666663,0.48697916666666663,0.634140625,0.0,0.634140625,0.634140625,0.230484375,1.962615573354719e-17,0.230484375,0.23048437500000002,-0.0003662109375,0.0,-0.0003662109375,-0.0003662109375,-3.9860731127345774,2.7645141858866263e-13,-3.9860731127349425,-3.9860731127341698,-2.139579346744554e-16,2.19774395604307e-17,-2.5058136493404686e-16,-1.9275489610311297e-16,0.0,0.0,0.0,0.0,0.5,0.0,0.5,0.5,128.0,0.0,128,128,72.0,0.0,72,72,0.0,0.0,0,0,0.0,0.0,0,0,1.0,0.0,1.0,1.0,0.0,0.0,0.0,0.0,0.64,0.0,0.64,0.64,,,,,0.7804878048780487,0.0,0.7804878048780487,0.7804878048780487,0.5,0.0,0.5,0.5,0.64,0.0,0.64,0.64,0.6366666666666666,0.0,0.6366666666666666,0.6366666666666666,128.0,0.0,128,128,72.0,0.0,72,72,0.0,0.0,0,0,0.0,0.0,0,0,1.0,0.0,1.0,1.0,0.0,0.0,0.0,0.0,0.64,0.0,0.64,0.64,,,,,0.7804878048780487,0.0,0.7804878048780487,0.7804878048780487,0.5,0.0,0.5,0.5,0.64,0.0,0.64,0.64
low_cost_model,dummy,sigmoid,200.0,0.0,200,200,128.0,0.0,128,128,0.48697916666666663,0.0,0.48697916666666663,0.48697916666666663,0.634140625,0.0,0.634140625,0.634140625,0.23048497445077146,0.0,0.23048497445077146,0.23048497445077146,-0.000368812720362266,0.0,-0.000368812720362266,-0.000368812720362266,-4.03243150778418,3.315202543393115e-13,-4.0324315077845085,-4.032431507783667,0.005375091137101479,5.234440058348795e-17,0.0053750911371014,0.005375091137101526,0.0012393012896696476,0.0,0.0012393012896696476,0.0012393012896696476,0.5,0.0,0.5,0.5,128.0,0.0,128,128,72.0,0.0,72,72,0.0,0.0,0,0,0.0,0.0,0,0,1.0,0.0,1.0,1.0,0.0,0.0,0.0,0.0,0.64,0.0,0.64,0.64,,,,,0.7804878048780487,0.0,0.7804878048780487,0.7804878048780487,0.5,0.0,0.5,0.5,0.64,0.0,0.64,0.64,0.6346558996314264,5.551115123125783e-17,0.6346558996314264,0.6346558996314265,128.0,0.0,128,128,72.0,0.0,72,72,0.0,0.0,0,0,0.0,0.0,0,0,1.0,0.0,1.0,1.0,0.0,0.0,0.0,0.0,0.64,0.0,0.64,0.64,,,,,0.7804878048780487,0.0,0.7804878048780487,0.7804878048780487,0.5,0.0,0.5,0.5,0.64,0.0,0.64,0.64
low_cost_model,ebm,isotonic,200.0,0.0,200,200,128.0,0.0,128,128,0.9854926215277778,0.0024976050125353243,0.9828559027777777,0.9893120659722223,0.9930291313245819,0.0012950410823037387,0.9916081765790266,0.9948940084180589,0.03112061774598972,0.006024284865333739,0.024504911161112954,0.03854917970201394,0.864927874366364,0.026147069728011004,0.8326858519877867,0.8936418786410028,0.6277635473292151,0.2333973691921872,0.4123371914788537,1.0162408865962675,0.1497117671837717,0.19717629384211974,-0.14353789466160688,0.3171251728109491,0.03329616340293874,0.012823246624895212,0.015568640978954088,0.04819243986573869,0.5,0.0,0.5,0.5,122.8,0.44721359549995715,122,123,1.6,1.6733200530681511,0,4,70.4,1.6733200530681502,68,72,5.2,0.44721359549995787,5,6,0.959375,0.0034938562148434152,0.953125,0.9609375,0.9777777777777779,0.023240556292613224,0.9444444444444444,1.0,0.9872749809499618,0.01321473719438351,0.968503937007874,1.0,0.9312045368714438,0.005862800028189669,0.9210526315789473,0.935064935064935,0.9730902457933974,0.006927598071257009,0.9647058823529412,0.9800796812749004,0.968576388888889,0.011979481175420434,0.9526909722222222,0.98046875,0.966,0.008944271909999158,0.955,0.975,0.8489635470263831,0.02304364462912387,0.8184843732364011,0.8806628226087975,118.2,2.4899799195977455,114,120,0.0,0.0,0,0,72.0,0.0,72,72,9.8,2.4899799195977463,8,14,0.9234375,0.019452968121857386,0.890625,0.9375,1.0,0.0,1.0,1.0,1.0,0.0,1.0,1.0,0.880829394340455,0.026030865985726293,0.8372093023255814,0.9,0.9601089955661385,0.010625426173334793,0.9421487603305785,0.967741935483871,0.96171875,0.009726484060928709,0.9453125,0.96875,0.951,0.012449899597988692,0.93,0.96
low_cost_model,ebm,none,200.0,0.0,200,200,128.0,0.0,128,128,0.9837782118055556,0.0048849219016165926,0.9775390625,0.9899088541666666,0.9926932199941996,0.0018001048313055722,0.9903641593981263,0.9949282318632477,0.03140737115965695,0.0028149810270838263,0.028059396411377505,0.035666879855838815,0.8636832848973223,0.012217799596717989,0.8451958339590329,0.8782144252978407,1.4705243411177915,1.9657104129331693,0.5308068162309291,4.9843707655335034,0.7143801722000174,0.26499212927147403,0.48079343807031044,1.0921396144404294,0.03263026768502843,0.006075420222878986,0.022701970561901187,0.038555633240467575,0.5,0.0,0.5,0.5,121.8,0.8366600265340757,121,123,0.2,0.447213595499958,0,1,71.8,0.44721359549995915,71,72,6.2,0.8366600265340756,5,7,0.9515625,0.006536406457297466,0.9453125,0.9609375,0.9972222222222221,0.006211299937499385,0.9861111111111112,1.0,0.9983870967741936,0.003606561254031906,0.9919354838709677,1.0,0.9206298365192437,0.009579560015971485,0.9113924050632911,0.9342105263157895,0.9743931153184165,0.002288579034107605,0.9718875502008032,0.9761904761904763,0.974392361111111,0.002012504013779443,0.97265625,0.9765625,0.968,0.00273861278752582,0.965,0.97,0.9544334188277339,0.028224104862448047,0.9176173993503922,0.9905475888146538,118.2,1.303840481040529,117,120,0.0,0.0,0,0,72.0,0.0,72,72,9.8,1.30384048104053,8,11,0.9234375,0.010186253758129133,0.9140625,0.9375,1.0,0.0,1.0,1.0,1.0,0.0,1.0,1.0,0.8803754856825676,0.014107821362261805,0.8674698795180723,0.9,0.9601716727297793,0.0054974187932771545,0.9551020408163265,0.967741935483871,0.96171875,0.005093126879064579,0.95703125,0.96875,0.951,0.006519202405202652,0.945,0.96
low_cost_model,ebm,sigmoid,200.0,0.0,200,200,128.0,0.0,128,128,0.9872287326388889,0.0018081958734784392,0.9847005208333334,0.9889322916666666,0.9940955049009903,0.0007985764522654119,0.9929072564467016,0.994897273652217,0.04484637927383781,0.003711561750529556,0.04193303703119433,0.05111504832934613,0.8053542566239678,0.016109208986673396,0.7781464916261018,0.8179989712187746,3.0106967780963743,0.3395416412300704,2.5186125595897195,3.4483947214134676,0.06617367833506405,0.02013317501099247,0.045601929074150234,0.09991540166529407,0.09371109432954902,0.003277555317535875,0.09007476631539747,0.09865304934132829,0.5,0.0,0.5,0.5,121.0,1.224744871391589,119,122,0.0,0.0,0,0,72.0,0.0,72,72,7.0,1.224744871391589,6,9,0.9453125,0.009568319307746789,0.9296875,0.953125,1.0,0.0,1.0,1.0,1.0,0.0,1.0,1.0,0.9115655090338635,0.013958101032287909,0.8888888888888888,0.9230769230769231,0.9718675706876088,0.005077517568283871,0.9635627530364372,0.976,0.97265625,0.004784159653873394,0.96484375,0.9765625,0.9650000000000001,0.006123724356957973,0.955,0.97,0.603191773729111,0.018676860526412247,0.5895433441500301,0.6348348948035227,115.8,2.7748873851023226,111,118,0.0,0.0,0,0,72.0,0.0,72,72,12.2,2.7748873851023212,10,17,0.9046875,0.021678807696111895,0.8671875,0.921875,1.0,0.0,1.0,1.0,1.0,0.0,1.0,1.0,0.85582403214235,0.027205112563422344,0.8089887640449438,0.8780487804878049,0.9498487280293529,0.012108865642155969,0.9288702928870293,0.959349593495935,0.95234375,0.010839403848055934,0.93359375,0.9609375,0.9390000000000001,0.013874436925511593,0.915,0.95
low_cost_model,logreg,isotonic,200.0,0.0,200,200,128.0,0.0,128,128,0.9809461805555555,0.002665993764536911,0.9780815972222223,0.9852430555555556,0.9910199857408422,0.0009515815990281678,0.9900384065159881,0.9925997173845202,0.029263146549963336,0.0009621672065212591,0.028055088255564686,0.03022835829140769,0.8729898153213398,0.004176072944970727,0.8688005282490986,0.8782331238907782,2.0750251502195898,0.9344720650018751,0.5063748792572101,2.8426752486079407,0.37258146084220767,0.11642078222875905,0.24338263327535822,0.49095365792552326,0.029211058321061217,0.007218306313163156,0.021679967859816605,0.040971931813467845,0.5,0.0,0.5,0.5,122.0,0.0,122,122,0.0,0.0,0,0,72.0,0.0,72,72,6.0,0.0,6,6,0.953125,0.0,0.953125,0.953125,1.0,0.0,1.0,1.0,1.0,0.0,1.0,1.0,0.9230769230769231,0.0,0.9230769230769231,0.9230769230769231,0.976,0.0,0.976,0.976,0.9765625,0.0,0.9765625,0.9765625,0.97,0.0,0.97,0.97,0.9300888453904703,0.026447914477007096,0.8858779699410881,0.9542131655159133,119.2,2.4899799195977455,115,121,0.0,0.0,0,0,72.0,0.0,72,72,8.8,2.4899799195977463,7,13,0.93125,0.019452968121857386,0.8984375,0.9453125,1.0,0.0,1.0,1.0,1.0,0.0,1.0,1.0,0.8917465045089766,0.026670197802809364,0.8470588235294118,0.9113924050632911,0.9643163693070166,0.010539185244763152,0.9465020576131687,0.9718875502008032,0.965625,0.009726484060928707,0.94921875,0.97265625,0.9560000000000001,0.01244989959798872,0.935,0.965
low_cost_model,logreg,none,200.0,0.0,200,200,128.0,0.0,128,128,0.9835394965277778,0.00384388817968879,0.97802734375,0.9883897569444445,0.9925168137982047,0.0016311102786952555,0.9902280638067971,0.994517979316328,0.046592155181697,0.010655760814291032,0.03680153338756101,0.062035916703662035,0.7977771042461067,0.04624896186758262,0.7307468893070224,0.840271122449822,2.6255750114417835,0.4029621766185597,2.225199302615591,3.192774353046965,0.5055775289158657,0.0649285943795946,0.4045011758456518,0.5685608362146302,0.07335416872789931,0.02705671977027222,0.046778660258714994,0.11412463519880275,0.5,0.0,0.5,0.5,118.6,2.880972058177587,114,121,0.0,0.0,0,0,72.0,0.0,72,72,9.4,2.8809720581775866,7,14,0.9265625,0.0225075942045124,0.890625,0.9453125,1.0,0.0,1.0,1.0,1.0,0.0,1.0,1.0,0.8853863563657715,0.030576810770367023,0.8372093023255814,0.9113924050632911,0.9617672414529114,0.012235143882920735,0.9421487603305785,0.9718875502008032,0.96328125,0.011253797102256203,0.9453125,0.97265625,0.953,0.014404860290887904,0.93,0.965,0.6004031240292413,0.044823153922734484,0.5454263078353179,0.6529601745163075,113.4,3.8470768123342682,109,118,0.0,0.0,0,0,72.0,0.0,72,72,14.6,3.847076812334269,10,19,0.8859375,0.03005528759636147,0.8515625,0.921875,1.0,0.0,1.0,1.0,1.0,0.0,1.0,1.0,0.8327219462330069,0.03696318088067735,0.7912087912087912,0.8780487804878049,0.9393037994971024,0.01691707783419028,0.919831223628692,0.959349593495935,0.94296875,0.015027643798180735,0.92578125,0.9609375,0.9269999999999999,0.01923538406167132,0.905,0.95
low_cost_model,logreg,sigmoid,200.0,0.0,200,200,128.0,0.0,128,128,0.9822374131944447,0.003540553497702762,0.9769965277777779,0.986328125,0.99196445325159,0.0011991631428679604,0.990537226410134,0.9936115524972731,0.042255240034481896,0.0019923238812192758,0.0408874823213997,0.04572590984152452,0.8166005206836724,0.008647239067791999,0.8015368496461609,0.8225369690911472,2.9488749750836574,0.46533688603122525,2.3705426370756357,3.627668954779068,0.06173074656463914,0.031176744306381943,0.028485242325751284,0.09908289441155708,0.08418533008215798,0.00454778221383174,0.07857401656226325,0.09071948919955987,0.5,0.0,0.5,0.5,121.8,0.44721359549995715,121,122,0.0,0.0,0,0,72.0,0.0,72,72,6.2,0.44721359549995787,6,7,0.9515625,0.0034938562148434152,0.9453125,0.953125,1.0,0.0,1.0,1.0,1.0,0.0,1.0,1.0,0.9207400194741968,0.005225475312560418,0.9113924050632911,0.9230769230769231,0.9751775100401605,0.0018391434610118482,0.9718875502008032,0.976,0.97578125,0.0017469281074217154,0.97265625,0.9765625,0.969,0.0022360679774997513,0.965,0.97,0.6252924814832157,0.019540210351835063,0.6008060046616941,0.6518560639979114,117.0,1.224744871391589,116,119,0.0,0.0,0,0,72.0,0.0,72,72,11.0,1.224744871391589,9,12,0.9140625,0.009568319307746789,0.90625,0.9296875,1.0,0.0,1.0,1.0,1.0,0.0,1.0,1.0,0.8676228724421495,0.012961015686756856,0.8571428571428571,0.8888888888888888,0.9550812357862771,0.005202375662540064,0.9508196721311475,0.9635627530364372,0.95703125,0.004784159653873394,0.953125,0.96484375,0.945,0.006123724356957966,0.94,0.955
low_cost_model,random_forest,isotonic,200.0,0.0,200,200,128.0,0.0,128,128,0.987087673611111,0.00713644572538857,0.9754231770833334,0.9929470486111112,0.9924073110649356,0.005638239891516508,0.9826014362088168,0.9961798040303995,0.027016414757543628,0.004964301113046875,0.023175115053817974,0.03465677402955372,0.8827412553926057,0.021546445803154842,0.849579973830062,0.8994135631344706,2.5581014613491453,2.0263706400797994,0.7089181168126085,5.635483971839138,0.16288748278383008,0.09479716672947684,0.06133162677788689,0.29266684855200986,0.029790587935535396,0.00981381157865293,0.017698068721496873,0.04088246888612661,0.5,0.0,0.5,0.5,124.0,0.0,124,124,1.8,1.0954451150103321,0,3,70.2,1.095445115010332,69,72,4.0,0.0,4,4,0.96875,0.0,0.96875,0.96875,0.975,0.015214515486254616,0.9583333333333334,1.0,0.9857517810273716,0.00864292044475462,0.9763779527559056,1.0,0.9460823476685049,0.0007871942117626225,0.9452054794520548,0.9473684210526315,0.9771619724005088,0.004231866675199945,0.9725490196078432,0.9841269841269841,0.971875,0.007607257743127263,0.9635416666666667,0.984375,0.9709999999999999,0.005477225575051676,0.965,0.98,0.9553057582834287,0.011810587589679275,0.9360540805708466,0.9662338336494227,119.2,1.303840481040529,118,121,0.2,0.447213595499958,0,1,71.8,0.44721359549995915,71,72,8.8,1.30384048104053,7,10,0.93125,0.010186253758129133,0.921875,0.9453125,0.9972222222222221,0.006211299937499385,0.9861111111111112,1.0,0.9983471074380166,0.003695980128098819,0.9917355371900827,1.0,0.891022606428596,0.014279268976717791,0.8780487804878049,0.9113924050632911,0.9636009823831715,0.005120596205018589,0.959349593495935,0.9718875502008032,0.9642361111111111,0.0049733598995247005,0.9609375,0.97265625,0.9549999999999998,0.006123724356957954,0.95,0.965
low_cost_model,random_forest,none,200.0,0.0,200,200,128.0,0.0,128,128,0.9885416666666668,0.002887538806368453,0.9840494791666667,0.9912651909722222,0.9947534855979964,0.0013785926979263865,0.9925553228560505,0.996067125776507,0.03416702335520423,0.00301801070143787,0.02998228585366335,0.03786648567636506,0.8517056277985928,0.013099004780546309,0.8356489336963322,0.8698685509823639,2.2069399142435286,0.3977497088735129,1.6901930791508908,2.593198357790365,0.42164668374353587,0.3555998032065817,0.17161907718965216,1.0456226977780578,0.06522640934408235,0.017685224004591802,0.035160804473304406,0.07862272315526972,0.5,0.0,0.5,0.5,123.2,0.8366600265340757,122,124,1.2,1.3038404810405297,0,3,70.8,1.3038404810405295,69,72,4.8,0.8366600265340756,4,6,0.9625,0.006536406457297466,0.953125,0.96875,0.9833333333333334,0.018108895570007357,0.9583333333333334,1.0,0.9904368808737617,0.010318878098735084,0.9763779527559056,1.0,0.9365803986928716,0.010485679772583141,0.9210526315789473,0.9473684210526315,0.9762400258908345,0.006211887048642889,0.9682539682539683,0.9841269841269841,0.9729166666666668,0.009766107241179506,0.9626736111111112,0.984375,0.97,0.00790569415042094,0.96,0.98,0.6942703032710316,0.054978560644936794,0.6464318855900043,0.7893166666666666,115.0,1.5811388300841902,113,117,0.0,0.0,0,0,72.0,0.0,72,72,13.0,1.5811388300841898,11,15,0.8984375,0.012352647110032736,0.8828125,0.9140625,1.0,0.0,1.0,1.0,1.0,0.0,1.0,1.0,0.8472934138824948,0.015765624343770622,0.8275862068965517,0.8674698795180723,0.9464663733981613,0.006855317572861576,0.9377593360995851,0.9551020408163265,0.94921875,0.006176323555016362,0.94140625,0.95703125,0.9349999999999999,0.00790569415042092,0.925,0.945
low_cost_model,random_forest,sigmoid,200.0,0.0,200,200,128.0,0.0,128,128,0.986599392361111,0.005802332127734408,0.9796006944444445,0.9939236111111112,0.9942018665393693,0.002109930239360968,0.9917915596610741,0.9970777801251115,0.027873098641459693,0.002207458923509759,0.025247324592797823,0.03008328402652305,0.8790230093686645,0.009580984911066676,0.8694301908571048,0.8904195981215373,1.8137107741607768,0.22628356389044554,1.476220827119858,2.0301958393088197,0.05744101742724213,0.031785934627782446,0.02470938121599658,0.09322917633115296,0.05513675502296513,0.003341762896574233,0.05083584865821898,0.05984898220587666,0.5,0.0,0.5,0.5,123.6,0.5477225575051643,123,124,1.2,1.3038404810405297,0,3,70.8,1.3038404810405295,69,72,4.4,0.547722557505166,4,5,0.965625,0.004279082480509096,0.9609375,0.96875,0.9833333333333334,0.018108895570007357,0.9583333333333334,1.0,0.9904626873253747,0.01029849347149628,0.9763779527559056,1.0,0.9414972362412881,0.007114037920143672,0.9333333333333333,0.9473684210526315,0.9778650959725128,0.0059182447129477005,0.9723320158102766,0.9841269841269841,0.9744791666666668,0.009731324793852102,0.9635416666666667,0.984375,0.9719999999999999,0.0075828754440515735,0.965,0.98,0.8051573518810382,0.02476084537215189,0.7874400166679133,0.8484207759614367,117.6,0.547722557505166,117,118,0.0,0.0,0,0,72.0,0.0,72,72,10.4,0.547722557505166,10,11,0.91875,0.004279082480509109,0.9140625,0.921875,1.0,0.0,1.0,1.0,1.0,0.0,1.0,1.0,0.8738172200999118,0.005794302694735797,0.8674698795180723,0.8780487804878049,0.9576505724240916,0.002326480416813028,0.9551020408163265,0.959349593495935,0.959375,0.002139541240254545,0.95703125,0.9609375,0.9480000000000001,0.0027386127875258285,0.945,0.95
low_cost_model,svm,isotonic,200.0,0.0,200,200,128.0,0.0,128,128,0.9920789930555556,0.003916033514023146,0.9852430555555556,0.9951171875,0.9960268213235933,0.0018325211252470997,0.9928245192307692,0.9974810660232937,0.020626225101097313,0.0021043598068142414,0.018542277408576252,0.023868250294521706,0.9104764535542651,0.009133506105964615,0.8964051636522495,0.9195213654141656,1.536737732849678,0.8606228358621997,1.1175435912894842,3.0754302423004756,0.06560528556112036,0.2032382493273442,-0.2031912591606525,0.3627277423464632,0.017046521029625016,0.004986105154170799,0.010393576346198901,0.023456277491954752,0.5,0.0,0.5,0.5,123.6,0.5477225575051684,123,124,0.2,0.447213595499958,0,1,71.8,0.44721359549995915,71,72,4.4,0.5477225575051663,4,5,0.965625,0.004279082480509128,0.9609375,0.96875,0.9972222222222221,0.006211299937499385,0.9861111111111112,1.0,0.9984,0.003577708763999662,0.992,1.0,0.94230667578036,0.006616979448930777,0.935064935064935,0.9473684210526315,0.9817300969907933,0.0021889928210876114,0.9800796812749004,0.9841269841269841,0.9814236111111111,0.0029660329102899254,0.9774305555555556,0.984375,0.977,0.0027386127875258432,0.975,0.98,0.967218950116848,0.014619753437875489,0.9424743773439207,0.9814217964373867,118.2,1.095445115010332,117,120,0.0,0.0,0,0,72.0,0.0,72,72,9.8,1.0954451150103321,8,11,0.9234375,0.008558164961018218,0.9140625,0.9375,1.0,0.0,1.0,1.0,1.0,0.0,1.0,1.0,0.8803232441962974,0.011915360443496212,0.8674698795180723,0.9,0.9601785513576004,0.004610782258099956,0.9551020408163265,0.967741935483871,0.96171875,0.0042790824805091126,0.95703125,0.96875,0.951,0.005477225575051676,0.945,0.96
low_cost_model,svm,none,200.0,0.0,200,200,128.0,0.0,128,128,0.9911783854166666,0.0029818687564787216,0.988498263888889,0.9952799479166666,0.9958274297863863,0.0013532422396465135,0.9944834554512197,0.9975964989553189,0.022253313103511495,0.002231047231154915,0.02013245516538861,0.025768233536386173,0.903414439654898,0.00968336471855436,0.888158708609435,0.9126195522335564,2.6740645659843034,1.6027240026110898,1.448785657695705,5.373830557323307,-0.09966848430130265,0.08318452687514297,-0.1818416578200942,0.021163921695271707,0.021592180755946443,0.004277782056319865,0.015596244845395797,0.026960444544962978,0.5,0.0,0.5,0.5,123.6,0.5477225575051684,123,124,0.0,0.0,0,0,72.0,0.0,72,72,4.4,0.5477225575051663,4,5,0.965625,0.004279082480509128,0.9609375,0.96875,1.0,0.0,1.0,1.0,1.0,0.0,1.0,1.0,0.9424470266575529,0.006738896811410087,0.935064935064935,0.9473684210526315,0.9825080629861507,0.0022167990691412446,0.9800796812749004,0.9841269841269841,0.9828125,0.002139541240254545,0.98046875,0.984375,0.978,0.002738612787525807,0.975,0.98,0.907234324918486,0.02445669099055058,0.8678366608160871,0.9345704694042201,119.2,0.8366600265340751,118,120,0.0,0.0,0,0,72.0,0.0,72,72,8.8,0.8366600265340757,8,10,0.93125,0.006536406457297462,0.921875,0.9375,1.0,0.0,1.0,1.0,1.0,0.0,1.0,1.0,0.8911653116531164,0.009199334587168496,0.8780487804878049,0.9,0.9643917941073102,0.003508749766142839,0.959349593495935,0.967741935483871,0.965625,0.003268203228648739,0.9609375,0.96875,0.9559999999999998,0.004183300132670382,0.95,0.96
low_cost_model,svm,sigmoid,200.0,0.0,200,200,128.0,0.0,128,128,0.990505642361111,0.0032871515754559384,0.9866536458333334,0.9950629340277778,0.9955676147443983,0.0015070893619610446,0.9936615281861118,0.9975198001043744,0.029666649950583872,0.003366184674229865,0.026939673285911417,0.0355197002438008,0.8712384984783685,0.014610176537455978,0.8458346343585035,0.883074334696565,4.607538980736953,3.807551679655093,2.1815593851603796,11.344458006620702,0.004587203363498073,0.03315591516069649,-0.03620219157936149,0.05125796220607195,0.06829785033748234,0.0068694235117630125,0.06034452820527818,0.0760317070854886,0.5,0.0,0.5,0.5,123.4,0.8944271909999153,122,124,0.0,0.0,0,0,72.0,0.0,72,72,4.6,0.8944271909999159,4,6,0.9640625,0.006987712429686838,0.953125,0.96875,1.0,0.0,1.0,1.0,1.0,0.0,1.0,1.0,0.9400494242599505,0.010881338050728369,0.9230769230769231,0.9473684210526315,0.9816921267311706,0.0036326945469925317,0.976,0.9841269841269841,0.98203125,0.003493856214843419,0.9765625,0.984375,0.977,0.004472135954999605,0.97,0.98,0.7618257972346183,0.03887002374077433,0.7012964118195462,0.8024647173073762,117.4,2.0736441353327715,115,120,0.0,0.0,0,0,72.0,0.0,72,72,10.6,2.073644135332772,8,13,0.9171875,0.016200344807287277,0.8984375,0.9375,1.0,0.0,1.0,1.0,1.0,0.0,1.0,1.0,0.8721120898158461,0.021980051845153302,0.8470588235294118,0.9,0.9567456918161902,0.008805410809294827,0.9465020576131687,0.967741935483871,0.95859375,0.008100172403643639,0.94921875,0.96875,0.9469999999999998,0.010368220676663839,0.935,0.96
low_cost_model,xgboost,isotonic,200.0,0.0,200,200,128.0,0.0,128,128,0.98544921875,0.004091265815435847,0.9796549479166667,0.9902886284722223,0.9927908749650968,0.0019346421420030002,0.9900324649671606,0.994983061689637,0.033535536086103226,0.004911900927017488,0.027529832069812313,0.04020102898619525,0.8544464579596214,0.021319014440180088,0.8255163672474164,0.8805128816414396,2.6272073669560037,2.1784292663288447,0.83694698152841,5.594888376785806,0.14558329803701264,0.10504088773391264,0.03908829660850042,0.2736155028727159,0.024257244675878604,0.007469086288021052,0.016490005129562668,0.034455411464441546,0.5,0.0,0.5,0.5,121.2,0.8366600265340751,120,122,0.8,1.3038404810405297,0,3,71.2,1.3038404810405302,69,72,6.8,0.8366600265340756,6,8,0.946875,0.006536406457297462,0.9375,0.953125,0.9888888888888889,0.018108895570007333,0.9583333333333334,1.0,0.993535274062418,0.010517397471290074,0.9758064516129032,1.0,0.9128883974120484,0.009766509684308287,0.9,0.9230769230769231,0.9696116999573989,0.00596066377584008,0.9603174603174603,0.976,0.9678819444444444,0.009484276642105953,0.9518229166666667,0.9765625,0.962,0.00758287544405155,0.95,0.97,0.8842815867066383,0.029800502428047895,0.8439034268260002,0.9184550255537033,117.6,1.8165902124584952,115,120,0.4,0.5477225575051661,0,1,71.6,0.5477225575051667,71,72,10.4,1.816590212458495,8,13,0.91875,0.014192111034831994,0.8984375,0.9375,0.9944444444444445,0.00760725774312728,0.9861111111111112,1.0,0.9966521921837792,0.0045847765114811765,0.9915254237288136,1.0,0.8735488440513594,0.018945559702719498,0.8470588235294118,0.8987341772151899,0.9560552356973815,0.007021323261634218,0.9465020576131687,0.963855421686747,0.9565972222222221,0.006356692064182644,0.94921875,0.9618055555555556,0.946,0.008215838362577428,0.935,0.955
low_cost_model,xgboost,none,200.0,0.0,200,200,128.0,0.0,128,128,0.9862196180555556,0.003540844458256981,0.9829644097222222,0.9908311631944444,0.9934170129827695,0.0014597801580646928,0.9920652257368402,0.9953159222258121,0.03695535284020825,0.0035780502530496686,0.03186896846847783,0.041289588019261796,0.8396035032977073,0.015529732001083676,0.8207917186663984,0.861679824355565,1.8778487739177236,0.3425269390028393,1.4545106715518246,2.3366393049010967,0.20328414623840424,0.08137712441468693,0.15521915786903528,0.3480764837084307,0.04804631223389878,0.008656072892825833,0.03635385841829704,0.05946707939263435,0.5,0.0,0.5,0.5,121.0,1.0000000000000004,120,122,0.8,1.3038404810405297,0,3,71.2,1.3038404810405302,69,72,7.0,1.0,6,8,0.9453125,0.007812500000000003,0.9375,0.953125,0.9888888888888889,0.018108895570007333,0.9583333333333334,1.0,0.9934959349593495,0.010600329114150653,0.975609756097561,1.0,0.9105302292644065,0.012354320083148532,0.8961038961038961,0.9230769230769231,0.9687832676548631,0.007629556599903021,0.9561752988047808,0.976,0.9671006944444445,0.011152064825177823,0.9479166666666667,0.9765625,0.961,0.0096176920308357,0.945,0.97,0.7034695112705232,0.029902827618149837,0.6516754806041718,0.7252032041549683,117.0,2.1213203435596424,114,120,0.0,0.0,0,0,72.0,0.0,72,72,11.0,2.1213203435596424,8,14,0.9140625,0.016572815184059706,0.890625,0.9375,1.0,0.0,1.0,1.0,1.0,0.0,1.0,1.0,0.8679237881759597,0.02220856313025961,0.8372093023255814,0.9,0.9550393636526857,0.009048960857674072,0.9421487603305785,0.967741935483871,0.95703125,0.008286407592029853,0.9453125,0.96875,0.945,0.010606601717798163,0.93,0.96
low_cost_model,xgboost,sigmoid,200.0,0.0,200,200,128.0,0.0,128,128,0.9856336805555556,0.003880052670080825,0.980197482638889,0.9908311631944444,0.9932523887816759,0.0015019788508867245,0.9911663155152969,0.9953224509683627,0.03579470801192768,0.0029197757637489125,0.03170489565576087,0.03943891960000606,0.8446410242537861,0.012672637863493538,0.8288241336805292,0.8623919459385379,1.902200645899443,0.209806745122461,1.7306456795000065,2.1542525143368874,0.05549236518652386,0.032099492097456654,0.03048515491704229,0.10978790570304399,0.06147342859800078,0.00875467590722211,0.04761268400477115,0.0690195934487709,0.5,0.0,0.5,0.5,121.6,0.8944271909999173,120,122,0.4,0.5477225575051661,0,1,71.6,0.5477225575051667,71,72,6.4,0.894427190999916,6,8,0.95,0.006987712429686854,0.9375,0.953125,0.9944444444444445,0.00760725774312728,0.9861111111111112,1.0,0.9967479674796748,0.004453028922806252,0.991869918699187,1.0,0.9180619380619381,0.010109278055177964,0.9,0.9230769230769231,0.9727930086107184,0.0034282535143270246,0.967741935483871,0.976,0.9722222222222221,0.003977930290760274,0.96875,0.9765625,0.966,0.004183300132670401,0.96,0.97,0.7672031537582973,0.025746121292393693,0.7314439861339246,0.8023513556375028,116.6,1.5165750888103087,115,119,0.0,0.0,0,0,72.0,0.0,72,72,11.4,1.51657508881031,9,13,0.9109375,0.011848242881330536,0.8984375,0.9296875,1.0,0.0,1.0,1.0,1.0,0.0,1.0,1.0,0.8635406612444175,0.015901935181493118,0.8470588235294118,0.8888888888888888,0.9533612391456454,0.006462754312104502,0.9465020576131687,0.9635627530364372,0.95546875,0.005924121440665275,0.94921875,0.96484375,0.943,0.007582875444051517,0.935,0.955
low_cost_plus_urine_micro_model,dummy,isotonic,200.0,0.0,200,200,128.0,0.0,128,128,0.48697916666666663,0.0,0.48697916666666663,0.48697916666666663,0.634140625,0.0,0.634140625,0.634140625,0.230484375,1.962615573354719e-17,0.230484375,0.23048437500000002,-0.0003662109375,0.0,-0.0003662109375,-0.0003662109375,-3.9860731127345774,2.7645141858866263e-13,-3.9860731127349425,-3.9860731127341698,-2.139579346744554e-16,2.19774395604307e-17,-2.5058136493404686e-16,-1.9275489610311297e-16,0.0,0.0,0.0,0.0,0.5,0.0,0.5,0.5,128.0,0.0,128,128,72.0,0.0,72,72,0.0,0.0,0,0,0.0,0.0,0,0,1.0,0.0,1.0,1.0,0.0,0.0,0.0,0.0,0.64,0.0,0.64,0.64,,,,,0.7804878048780487,0.0,0.7804878048780487,0.7804878048780487,0.5,0.0,0.5,0.5,0.64,0.0,0.64,0.64,0.6366666666666666,0.0,0.6366666666666666,0.6366666666666666,128.0,0.0,128,128,72.0,0.0,72,72,0.0,0.0,0,0,0.0,0.0,0,0,1.0,0.0,1.0,1.0,0.0,0.0,0.0,0.0,0.64,0.0,0.64,0.64,,,,,0.7804878048780487,0.0,0.7804878048780487,0.7804878048780487,0.5,0.0,0.5,0.5,0.64,0.0,0.64,0.64
low_cost_plus_urine_micro_model,dummy,none,200.0,0.0,200,200,128.0,0.0,128,128,0.48697916666666663,0.0,0.48697916666666663,0.48697916666666663,0.634140625,0.0,0.634140625,0.634140625,0.230484375,1.962615573354719e-17,0.230484375,0.23048437500000002,-0.0003662109375,0.0,-0.0003662109375,-0.0003662109375,-3.9860731127345774,2.7645141858866263e-13,-3.9860731127349425,-3.9860731127341698,-2.139579346744554e-16,2.19774395604307e-17,-2.5058136493404686e-16,-1.9275489610311297e-16,0.0,0.0,0.0,0.0,0.5,0.0,0.5,0.5,128.0,0.0,128,128,72.0,0.0,72,72,0.0,0.0,0,0,0.0,0.0,0,0,1.0,0.0,1.0,1.0,0.0,0.0,0.0,0.0,0.64,0.0,0.64,0.64,,,,,0.7804878048780487,0.0,0.7804878048780487,0.7804878048780487,0.5,0.0,0.5,0.5,0.64,0.0,0.64,0.64,0.6366666666666666,0.0,0.6366666666666666,0.6366666666666666,128.0,0.0,128,128,72.0,0.0,72,72,0.0,0.0,0,0,0.0,0.0,0,0,1.0,0.0,1.0,1.0,0.0,0.0,0.0,0.0,0.64,0.0,0.64,0.64,,,,,0.7804878048780487,0.0,0.7804878048780487,0.7804878048780487,0.5,0.0,0.5,0.5,0.64,0.0,0.64,0.64
low_cost_plus_urine_micro_model,dummy,sigmoid,200.0,0.0,200,200,128.0,0.0,128,128,0.48697916666666663,0.0,0.48697916666666663,0.48697916666666663,0.634140625,0.0,0.634140625,0.634140625,0.23048497445077146,0.0,0.23048497445077146,0.23048497445077146,-0.000368812720362266,0.0,-0.000368812720362266,-0.000368812720362266,-4.03243150778418,3.315202543393115e-13,-4.0324315077845085,-4.032431507783667,0.005375091137101479,5.234440058348795e-17,0.0053750911371014,0.005375091137101526,0.0012393012896696476,0.0,0.0012393012896696476,0.0012393012896696476,0.5,0.0,0.5,0.5,128.0,0.0,128,128,72.0,0.0,72,72,0.0,0.0,0,0,0.0,0.0,0,0,1.0,0.0,1.0,1.0,0.0,0.0,0.0,0.0,0.64,0.0,0.64,0.64,,,,,0.7804878048780487,0.0,0.7804878048780487,0.7804878048780487,0.5,0.0,0.5,0.5,0.64,0.0,0.64,0.64,0.6346558996314264,5.551115123125783e-17,0.6346558996314264,0.6346558996314265,128.0,0.0,128,128,72.0,0.0,72,72,0.0,0.0,0,0,0.0,0.0,0,0,1.0,0.0,1.0,1.0,0.0,0.0,0.0,0.0,0.64,0.0,0.64,0.64,,,,,0.7804878048780487,0.0,0.7804878048780487,0.7804878048780487,0.5,0.0,0.5,0.5,0.64,0.0,0.64,0.64
low_cost_plus_urine_micro_model,ebm,isotonic,200.0,0.0,200,200,128.0,0.0,128,128,0.9876627604166668,0.0025844818989240576,0.9839409722222223,0.9901801215277779,0.9940045103931705,0.0014357972526795916,0.992079844059533,0.9954294462153969,0.028553883689261816,0.007267784754797925,0.02107996865265041,0.03719712656115141,0.8760682131542457,0.03154420466492156,0.838554138189447,0.9085070805006492,0.5838645197444577,0.08352924251621759,0.4959854091789752,0.6851970210482679,0.15720626261029733,0.17185112629633545,-0.12541721168307193,0.28665124975785267,0.02838790993750261,0.011485889828853965,0.013793379778293523,0.04329063604011324,0.5,0.0,0.5,0.5,123.4,0.5477225575051652,123,124,1.6,1.6733200530681511,0,4,70.4,1.6733200530681502,68,72,4.6,0.5477225575051661,4,5,0.9640625,0.004279082480509103,0.9609375,0.96875,0.9777777777777779,0.023240556292613224,0.9444444444444444,1.0,0.9873007874015748,0.013206551223767347,0.968503937007874,1.0,0.9385820716173996,0.008055388733212213,0.9315068493150684,0.9473684210526315,0.9755247764454925,0.008447364445855785,0.9647058823529412,0.9841269841269841,0.970920138888889,0.013528166124573504,0.9526909722222222,0.984375,0.969,0.010839741694339362,0.955,0.98,0.875246135970945,0.021945891049384863,0.8460557855936665,0.8973874826729252,118.0,2.6457513110645907,114,121,0.0,0.0,0,0,72.0,0.0,72,72,10.0,2.6457513110645907,7,14,0.921875,0.020669932117692115,0.890625,0.9453125,1.0,0.0,1.0,1.0,1.0,0.0,1.0,1.0,0.8787698729369445,0.02794633003998276,0.8372093023255814,0.9113924050632911,0.9592527714841165,0.011253502541422515,0.9421487603305785,0.9718875502008032,0.9609375,0.010334966058846057,0.9453125,0.97265625,0.95,0.013228756555322926,0.93,0.965
low_cost_plus_urine_micro_model,ebm,none,200.0,0.0,200,200,128.0,0.0,128,128,0.9867513020833334,0.0051001726758909864,0.9810112847222222,0.9932725694444444,0.9939970948823632,0.0020349520039939254,0.991708426417816,0.9965950902150719,0.02786389288642014,0.005958805762019978,0.019384406345292603,0.034660337724489204,0.8790629649026904,0.025862872230989473,0.8495645064041267,0.915866291904112,0.6175878177068749,0.13224952171750873,0.5023806222624875,0.8360419634951284,0.5865030193707117,0.28071037121578735,0.2190087893757209,0.8967303101562556,0.03172916578801577,0.009071867483601368,0.018451416636203085,0.04192349957029422,0.5,0.0,0.5,0.5,122.6,1.1401754250991394,121,124,0.2,0.447213595499958,0,1,71.8,0.44721359549995915,71,72,5.4,1.140175425099138,4,7,0.9578125,0.008907620508587026,0.9453125,0.96875,0.9972222222222221,0.006211299937499385,0.9861111111111112,1.0,0.9983870967741936,0.003606561254031906,0.9919354838709677,1.0,0.9302226421147142,0.013591981871536549,0.9113924050632911,0.9473684210526315,0.9776569383586328,0.004634462515047788,0.9718875502008032,0.9841269841269841,0.9775173611111111,0.004904705932818289,0.97265625,0.984375,0.9719999999999999,0.005700877125495695,0.965,0.98,0.9655700083056861,0.02489636915749411,0.9252678411146542,0.9927244144241374,117.8,1.788854381999831,116,120,0.0,0.0,0,0,72.0,0.0,72,72,10.2,1.7888543819998317,8,12,0.9203125,0.01397542485937368,0.90625,0.9375,1.0,0.0,1.0,1.0,1.0,0.0,1.0,1.0,0.8762446767324816,0.019086679243844586,0.8571428571428571,0.9,0.9584587252557076,0.007578472854538131,0.9508196721311475,0.967741935483871,0.96015625,0.006987712429686844,0.953125,0.96875,0.9490000000000001,0.008944271909999186,0.94,0.96
low_cost_plus_urine_micro_model,ebm,sigmoid,200.0,0.0,200,200,128.0,0.0,128,128,0.9892035590277779,0.0029362107482063826,0.985134548611111,0.9922417534722222,0.9950119921395842,0.001257179794520336,0.9932418914842094,0.996285566266231,0.044159682766827496,0.004052142782628282,0.04071592564386117,0.050397281567555796,0.8083347102134223,0.017587425271824112,0.7812617987519279,0.823281572726297,3.2301887645205314,0.452715225044924,2.532684078351744,3.652509472142152,0.06434964603404322,0.02341673259144976,0.03244858014990004,0.09558695763573119,0.09772117940137359,0.00627345462418592,0.08931958732616442,0.10441194155037532,0.5,0.0,0.5,0.5,121.4,1.5165750888103091,119,123,0.0,0.0,0,0,72.0,0.0,72,72,6.6,1.51657508881031,5,9,0.9484375,0.01184824288133054,0.9296875,0.9609375,1.0,0.0,1.0,1.0,1.0,0.0,1.0,1.0,0.9163000150341922,0.0174601665311335,0.8888888888888888,0.935064935064935,0.9735059969024281,0.00626779262250371,0.9635627530364372,0.9800796812749004,0.97421875,0.00592412144066527,0.96484375,0.98046875,0.967,0.007582875444051576,0.955,0.975,0.605961216326022,0.01559574763080505,0.594973944597217,0.6328461263588386,116.0,2.121320343559642,113,118,0.0,0.0,0,0,72.0,0.0,72,72,12.0,2.1213203435596424,10,15,0.90625,0.016572815184059703,0.8828125,0.921875,1.0,0.0,1.0,1.0,1.0,0.0,1.0,1.0,0.857577089708886,0.021496835696807708,0.8275862068965517,0.8780487804878049,0.9507560505671542,0.009147582342415386,0.9377593360995851,0.959349593495935,0.953125,0.00828640759202986,0.94140625,0.9609375,0.9400000000000001,0.01060660171779817,0.925,0.95
low_cost_plus_urine_micro_model,logreg,isotonic,200.0,0.0,200,200,128.0,0.0,128,128,0.9828450520833334,0.003882706890474602,0.9773220486111112,0.9878472222222222,0.9920711006841915,0.0016734261459365905,0.9898493778198842,0.9944478553562173,0.027350745415184157,0.002451426175223784,0.023676058552613087,0.030183915314303703,0.8812901674688188,0.010639870552186593,0.8689934231150013,0.897239329198728,1.689863189436693,1.256239039724061,0.5814008923720787,3.0858893661826214,0.3526569265921834,0.16766996225606762,0.11449084729428828,0.5296822181776255,0.02712165698561702,0.006620160399969237,0.018622144846295846,0.03349478465885122,0.5,0.0,0.5,0.5,122.6,0.5477225575051684,122,123,0.0,0.0,0,0,72.0,0.0,72,72,5.4,0.5477225575051663,5,6,0.9578125,0.004279082480509128,0.953125,0.9609375,1.0,0.0,1.0,1.0,1.0,0.0,1.0,1.0,0.9302697302697303,0.00656610458547647,0.9230769230769231,0.935064935064935,0.9784478087649402,0.002234533461694409,0.976,0.9800796812749004,0.97890625,0.002139541240254545,0.9765625,0.98046875,0.9730000000000001,0.002738612787525817,0.97,0.975,0.9122721518955441,0.032012967175936095,0.8842653366532127,0.9608638185822452,118.8,2.2803508501982765,115,121,0.0,0.0,0,0,72.0,0.0,72,72,9.2,2.2803508501982757,7,13,0.928125,0.017815241017174036,0.8984375,0.9453125,1.0,0.0,1.0,1.0,1.0,0.0,1.0,1.0,0.887245801274096,0.024321393431317534,0.8470588235294118,0.9113924050632911,0.9626514098741434,0.009665433387657933,0.9465020576131687,0.9718875502008032,0.9640625,0.008907620508587009,0.94921875,0.97265625,0.954,0.011401754250991327,0.935,0.965
low_cost_plus_urine_micro_model,logreg,none,200.0,0.0,200,200,128.0,0.0,128,128,0.9826497395833333,0.0029572870496715154,0.978244357638889,0.9853515625,0.9922683743902777,0.001309409666807582,0.9903167191318462,0.9935204655877636,0.05684574200674295,0.009666699274560637,0.04480842232860929,0.0708367218785226,0.7532736892068448,0.041956160045836084,0.6925489501800235,0.8055190003098555,2.6942085174376444,0.48927500220027886,2.119234379227301,3.473180116720921,0.5784046559846967,0.06799256499918252,0.50575682909983,0.6471526226075384,0.0984369990895323,0.0247082756259218,0.05961201232104136,0.118075856600676,0.5,0.0,0.5,0.5,116.0,3.24037034920393,111,120,0.0,0.0,0,0,72.0,0.0,72,72,12.0,3.24037034920393,8,17,0.90625,0.025315393353155705,0.8671875,0.9375,1.0,0.0,1.0,1.0,1.0,0.0,1.0,1.0,0.8581488715697461,0.03262337521610351,0.8089887640449438,0.9,0.9506707226899044,0.014021109068620651,0.9288702928870293,0.967741935483871,0.953125,0.01265769667657785,0.93359375,0.96875,0.9400000000000001,0.01620185174601962,0.915,0.96,0.5056422340813809,0.056811868853426255,0.45191141644912913,0.5898952718714824,115.4,4.219004621945797,108,118,0.0,0.0,0,0,72.0,0.0,72,72,12.6,4.219004621945797,10,20,0.9015625,0.03296097360895154,0.84375,0.921875,1.0,0.0,1.0,1.0,1.0,0.0,1.0,1.0,0.8526637986577427,0.04011170046726302,0.782608695652174,0.8780487804878049,0.9479750274454959,0.01862993516607888,0.9152542372881356,0.959349593495935,0.95078125,0.01648048680447577,0.921875,0.9609375,0.9369999999999999,0.02109502310972896,0.9,0.95
low_cost_plus_urine_micro_model,logreg,sigmoid,200.0,0.0,200,200,128.0,0.0,128,128,0.9822157118055556,0.0044929606109759945,0.9756944444444445,0.9867621527777777,0.9921238116855937,0.0015672103747697529,0.9900085907902972,0.9939630548386057,0.0432722699761941,0.0017691586843113882,0.04115976609521068,0.04588084320838068,0.8121863282283242,0.00767864012287921,0.8008643957969589,0.8213551818784258,3.1045903499586154,0.5015715924282972,2.4255762115705775,3.6903050384519727,0.06098684539368561,0.04541730864860484,-0.004354601717938122,0.11582430743872787,0.09144936415342753,0.005876486291760815,0.08292166202404391,0.09895933132023149,0.5,0.0,0.5,0.5,121.0,0.7071067811865476,120,122,0.0,0.0,0,0,72.0,0.0,72,72,7.0,0.7071067811865476,6,8,0.9453125,0.005524271728019903,0.9375,0.953125,1.0,0.0,1.0,1.0,1.0,0.0,1.0,1.0,0.9114508276533593,0.008159316582009801,0.9,0.9230769230769231,0.9718809172172561,0.00291968083657293,0.967741935483871,0.976,0.97265625,0.0027621358640099515,0.96875,0.9765625,0.9650000000000001,0.0035355339059327407,0.96,0.97,0.598059519333468,0.0074558651908724904,0.5886613999387913,0.6077655562981351,116.8,1.6431676725154982,115,119,0.0,0.0,0,0,72.0,0.0,72,72,11.2,1.6431676725154982,9,13,0.9125,0.01283724744152733,0.8984375,0.9296875,1.0,0.0,1.0,1.0,1.0,0.0,1.0,1.0,0.865656441438364,0.017205742563592582,0.8470588235294118,0.8888888888888888,0.954210749681567,0.007005184326791069,0.9465020576131687,0.9635627530364372,0.95625,0.006418623720763662,0.94921875,0.96484375,0.944,0.008215838362577424,0.935,0.955
low_cost_plus_urine_micro_model,random_forest,isotonic,200.0,0.0,200,200,128.0,0.0,128,128,0.9886067708333334,0.005456723507239681,0.97998046875,0.9934353298611112,0.9942468554684138,0.0027300380959311334,0.9900087535014006,0.996672219350553,0.024720964787170386,0.003301200506061344,0.021129092753235202,0.028601896426838472,0.8927041458890175,0.014328127196446811,0.8758598245362914,0.9082938682585278,2.2823100395021396,2.2039689539595915,0.7481347568237408,5.704689661885234,0.06803849431100159,0.23386943924120937,-0.3188822819313086,0.23929613888149046,0.02491641698726211,0.00553715942875673,0.01757025814589267,0.03081073827082525,0.5,0.0,0.5,0.5,124.0,0.0,124,124,1.6,0.8944271909999159,0,2,70.4,0.8944271909999163,70,72,4.0,0.0,4,4,0.96875,0.0,0.96875,0.96875,0.9777777777777776,0.012422599874998842,0.9722222222222222,1.0,0.9873015873015871,0.007098628499999361,0.9841269841269841,1.0,0.946230440967283,0.0006361502069700398,0.9459459459459459,0.9473684210526315,0.9779277590301211,0.003465472181102044,0.9763779527559054,0.9841269841269841,0.9732638888888889,0.006211299937499393,0.9704861111111112,0.984375,0.9719999999999999,0.004472135954999596,0.97,0.98,0.9498496793988578,0.01574568341463538,0.9230531807309589,0.9642477123929742,119.8,2.167948338867881,118,123,0.0,0.0,0,0,72.0,0.0,72,72,8.2,2.16794833886788,5,10,0.9359375,0.01693709639740532,0.921875,0.9609375,1.0,0.0,1.0,1.0,1.0,0.0,1.0,1.0,0.898288757998545,0.024656964962080724,0.8780487804878049,0.935064935064935,0.9668458343008022,0.008996103044481377,0.959349593495935,0.9800796812749004,0.96796875,0.008468548198702642,0.9609375,0.98046875,0.959,0.010839741694339456,0.95,0.975
low_cost_plus_urine_micro_model,random_forest,none,200.0,0.0,200,200,128.0,0.0,128,128,0.9890625,0.003382607188161413,0.9840494791666666,0.9920247395833333,0.9950025768897651,0.0012862592935399206,0.993118767426451,0.9961498938713682,0.03834815183929599,0.006456650677529205,0.029691577179564447,0.047769993858646435,0.8335583687530557,0.028023657454553902,0.7926649572107359,0.8711303073803627,2.580433854916739,0.7682160011690978,1.5410571909591257,3.6491888770181835,0.3033637446459348,0.16383408132875107,0.14882081584395765,0.5766559025695372,0.08805533659313972,0.020381967105448887,0.05922658812345823,0.11536533382211421,0.5,0.0,0.5,0.5,122.8,0.8366600265340751,122,124,0.6,0.894427190999916,0,2,71.4,0.8944271909999173,70,72,5.2,0.8366600265340756,4,6,0.959375,0.006536406457297462,0.953125,0.96875,0.9916666666666668,0.012422599874998795,0.9722222222222222,1.0,0.9951481772882245,0.0072205087321983745,0.9838709677419355,1.0,0.9321257689678741,0.010876458936932922,0.9210526315789473,0.9473684210526315,0.9769303737431227,0.006521666099987371,0.9682539682539683,0.9841269841269841,0.9755208333333334,0.009045080574028261,0.9626736111111112,0.984375,0.9709999999999999,0.008215838362577473,0.96,0.98,0.670678747395751,0.045491404306437895,0.6330786564967977,0.7496445805127828,114.6,1.6733200530681527,112,116,0.0,0.0,0,0,72.0,0.0,72,72,13.4,1.6733200530681511,12,16,0.8953125,0.013072812914594943,0.875,0.90625,1.0,0.0,1.0,1.0,1.0,0.0,1.0,1.0,0.843347131664505,0.01632013090575386,0.8181818181818182,0.8571428571428571,0.9447246991078752,0.0073118922030989165,0.9333333333333333,0.9508196721311475,0.94765625,0.006536406457297462,0.9375,0.953125,0.933,0.008366600265340736,0.92,0.94
low_cost_plus_urine_micro_model,random_forest,sigmoid,200.0,0.0,200,200,128.0,0.0,128,128,0.988552517361111,0.0056397521679323395,0.9807942708333333,0.994900173611111,0.9949194890156552,0.0021501193858573043,0.9920424761853593,0.9974245860305999,0.027339745411107074,0.002399737716246055,0.025679717847449605,0.03150776459769313,0.8813379105420699,0.010415528282317902,0.8632475494891791,0.8885428912871111,1.9511326759031278,0.1938091472602365,1.7426635782442688,2.1508114404275833,0.05072780077897103,0.049709616463812,0.005438714657573021,0.1265678614425335,0.059756014367471376,0.003580911108503888,0.05581462814675456,0.06425386780564371,0.5,0.0,0.5,0.5,123.8,0.44721359549995715,123,124,0.6,0.894427190999916,0,2,71.4,0.8944271909999173,70,72,4.2,0.44721359549995787,4,5,0.9671875,0.0034938562148434152,0.9609375,0.96875,0.9916666666666668,0.012422599874998795,0.9722222222222222,1.0,0.9952,0.007155417527999324,0.984,1.0,0.9444210526315789,0.006205667640542873,0.9333333333333333,0.9473684210526315,0.9809900244682852,0.0051246823154933955,0.9723320158102766,0.9841269841269841,0.9794270833333334,0.007785930901559401,0.9665798611111112,0.984375,0.976,0.006519202405202678,0.965,0.98,0.7878031205941268,0.026884922197815814,0.7671412936229077,0.8335873135103501,117.4,0.8944271909999153,116,118,0.0,0.0,0,0,72.0,0.0,72,72,10.6,0.8944271909999159,10,12,0.9171875,0.006987712429686838,0.90625,0.921875,1.0,0.0,1.0,1.0,1.0,0.0,1.0,1.0,0.8717518156248689,0.009363652388451098,0.8571428571428571,0.8780487804878049,0.9567940986870557,0.0038127579802704693,0.9508196721311475,0.959349593495935,0.95859375,0.003493856214843419,0.953125,0.9609375,0.9469999999999998,0.00447213595499959,0.94,0.95
low_cost_plus_urine_micro_model,svm,isotonic,200.0,0.0,200,200,128.0,0.0,128,128,0.9885199652777776,0.004696389391680865,0.9822048611111112,0.992947048611111,0.9944094982764412,0.002166811361571218,0.991522455382621,0.9964281545670378,0.022189207173366976,0.003414749930771852,0.018849307786500714,0.02762008711593098,0.9036926771989281,0.014820963241197234,0.8801211496704384,0.9181887682877573,1.9186525439562292,1.22248625179046,0.9661935128891325,3.782522437698614,0.27128143489523177,0.1964354378653028,0.04957444775692472,0.5099015672056695,0.023570366129965818,0.0062974733078450034,0.016125045294047256,0.03172185106207241,0.5,0.0,0.5,0.5,123.4,0.5477225575051684,123,124,0.0,0.0,0,0,72.0,0.0,72,72,4.6,0.5477225575051663,4,5,0.9640625,0.004279082480509128,0.9609375,0.96875,1.0,0.0,1.0,1.0,1.0,0.0,1.0,1.0,0.9399863294600136,0.006738896811410087,0.935064935064935,0.9473684210526315,0.9816986024157339,0.0022167990691412216,0.9800796812749004,0.9841269841269841,0.98203125,0.002139541240254545,0.98046875,0.984375,0.977,0.002738612787525817,0.975,0.98,0.9640417314773142,0.015737451868642106,0.942882785963553,0.9796787863370692,117.6,3.209361307176242,112,120,0.0,0.0,0,0,72.0,0.0,72,72,10.4,3.2093613071762426,8,16,0.91875,0.02507313521231439,0.875,0.9375,1.0,0.0,1.0,1.0,1.0,0.0,1.0,1.0,0.8748016752894803,0.03258913412960125,0.8181818181818182,0.9,0.9575100736772028,0.013837082944939618,0.9333333333333333,0.967741935483871,0.959375,0.012536567606157206,0.9375,0.96875,0.9480000000000001,0.016046806535881173,0.92,0.96
low_cost_plus_urine_micro_model,svm,none,200.0,0.0,200,200,128.0,0.0,128,128,0.9849066840277778,0.006968393356066229,0.974609375,0.99169921875,0.9936722272944591,0.002522198474156419,0.989937426595651,0.9962933263793932,0.02570025210563795,0.004863138861738598,0.021947522636493178,0.03411735075191609,0.888453766902613,0.021107373531851617,0.8519212206948086,0.9047416552235539,1.9535865358161089,0.8029685985699365,1.0183723346462545,3.027739267339337,0.03398645477941219,0.19424185580274303,-0.09359695986858613,0.374308019095292,0.031125013732346395,0.00716705756598703,0.021285228691434926,0.04013037709155635,0.5,0.0,0.5,0.5,121.8,1.6431676725154998,119,123,0.0,0.0,0,0,72.0,0.0,72,72,6.2,1.6431676725154984,5,9,0.9515625,0.012837247441527342,0.9296875,0.9609375,1.0,0.0,1.0,1.0,1.0,0.0,1.0,1.0,0.921034521034521,0.018943267365858486,0.8888888888888888,0.935064935064935,0.9751444231172476,0.006788089783412855,0.9635627530364372,0.9800796812749004,0.97578125,0.006418623720763652,0.96484375,0.98046875,0.969,0.008215838362577544,0.955,0.975,0.8702995419143738,0.05978914724425536,0.765738572567804,0.9120296453777124,116.8,1.7888543819998324,114,119,0.0,0.0,0,0,72.0,0.0,72,72,11.2,1.7888543819998315,9,14,0.9125,0.01397542485937369,0.890625,0.9296875,1.0,0.0,1.0,1.0,1.0,0.0,1.0,1.0,0.8657015659537375,0.0184312359199049,0.8372093023255814,0.8888888888888888,0.954203527163199,0.00767030789293541,0.9421487603305785,0.9635627530364372,0.95625,0.006987712429686834,0.9453125,0.96484375,0.944,0.008944271909999134,0.93,0.955
low_cost_plus_urine_micro_model,svm,sigmoid,200.0,0.0,200,200,128.0,0.0,128,128,0.9861002604166668,0.0047626391354193415,0.9794921875,0.9912651909722223,0.994034911982373,0.001907419662468578,0.9913129144937849,0.9962030614528564,0.03365712870522351,0.004162445802840788,0.028013326526811162,0.039616678468748126,0.8539187122169117,0.018066171019274255,0.8280526108127251,0.8784143813940488,3.4084656723089672,1.1850934437864307,2.5361781281897025,5.166232246396093,0.0398544655612514,0.04533795122335357,0.0037897378581700208,0.09394619839274795,0.07644904429404473,0.0062527041016762295,0.06557311844184675,0.08129412705679631,0.5,0.0,0.5,0.5,122.0,0.9999999999999987,121,123,0.0,0.0,0,0,72.0,0.0,72,72,6.0,0.9999999999999999,5,7,0.953125,0.00781249999999999,0.9453125,0.9609375,1.0,0.0,1.0,1.0,1.0,0.0,1.0,1.0,0.9231983206666751,0.01183645954664261,0.9113924050632911,0.935064935064935,0.9759868925902815,0.00409607209074821,0.9718875502008032,0.9800796812749004,0.9765625,0.00390625000000001,0.97265625,0.98046875,0.97,0.0050000000000000105,0.965,0.975,0.7174650075343593,0.05296617154732536,0.6423629540494628,0.7692914457295622,115.4,1.8165902124584945,113,118,0.0,0.0,0,0,72.0,0.0,72,72,12.6,1.8165902124584947,10,15,0.9015625,0.014192111034831988,0.8828125,0.921875,1.0,0.0,1.0,1.0,1.0,0.0,1.0,1.0,0.8513790983172074,0.01835704288223038,0.8275862068965517,0.8780487804878049,0.948186543390601,0.00784137569526303,0.9377593360995851,0.959349593495935,0.95078125,0.0070960555174159855,0.94140625,0.9609375,0.937,0.009082951062292413,0.925,0.95
low_cost_plus_urine_micro_model,xgboost,isotonic,200.0,0.0,200,200,128.0,0.0,128,128,0.9857855902777779,0.0051802833537888966,0.9775933159722223,0.989963107638889,0.9930167586549065,0.002300300419426912,0.989510162877349,0.9949862730900432,0.03408587453409538,0.003847246502090946,0.029952968028398058,0.039775481693083176,0.8520578362235444,0.01669811849865863,0.8273633607071043,0.8699957984878557,1.6617788726184615,1.3003523231767151,0.8538781732659347,3.961084620788464,0.15484462590553064,0.1474772802520194,-0.04397661827232379,0.3697812718359076,0.028806361264549184,0.005294465199423464,0.02186685963533819,0.034546060574939426,0.5,0.0,0.5,0.5,121.6,0.8944271909999173,120,122,1.2,1.3038404810405297,0,3,70.8,1.3038404810405295,69,72,6.4,0.894427190999916,6,8,0.95,0.006987712429686854,0.9375,0.953125,0.9833333333333334,0.018108895570007378,0.9583333333333334,1.0,0.9903481772882244,0.0104457586517422,0.976,1.0,0.9172414953467586,0.009706267426442079,0.9,0.9230769230769231,0.9697068669986111,0.004450735937781004,0.9644268774703557,0.976,0.9666666666666668,0.007850985454579856,0.9557291666666667,0.9765625,0.962,0.005700877125495707,0.955,0.97,0.8632764123380184,0.028184770743627192,0.8139183148741722,0.882717740535736,117.4,2.0736441353327715,115,120,0.4,0.5477225575051661,0,1,71.6,0.5477225575051667,71,72,10.6,2.073644135332772,8,13,0.9171875,0.016200344807287277,0.8984375,0.9375,0.9944444444444445,0.00760725774312728,0.9861111111111112,1.0,0.996622969506982,0.004625904260613209,0.9913793103448276,1.0,0.8714947796006207,0.022114083707889996,0.8452380952380952,0.8987341772151899,0.955192567698066,0.008975393042271016,0.9426229508196722,0.963855421686747,0.9558159722222221,0.008795891765490935,0.9422743055555556,0.96484375,0.945,0.010606601717798179,0.93,0.955
low_cost_plus_urine_micro_model,xgboost,none,200.0,0.0,200,200,128.0,0.0,128,128,0.98603515625,0.003980260426832841,0.9812282986111112,0.9913736979166667,0.9934393644936016,0.0015231945898349214,0.9919689973637335,0.995646906903213,0.037115338750995736,0.003084912171482521,0.03376807163873178,0.04124004562255631,0.8389091200043588,0.013389375744281758,0.8210067464298771,0.8534371890680044,1.8097450907872799,0.30181966805694616,1.4842832070232257,2.302861600960295,0.20825737585878085,0.0778902596332058,0.1361749011065579,0.3323251760359522,0.045623875035904336,0.009713750125449259,0.035291381408460415,0.05903723423834889,0.5,0.0,0.5,0.5,120.8,1.0954451150103335,120,122,0.4,0.5477225575051662,0,1,71.6,0.547722557505166,71,72,7.2,1.0954451150103324,6,8,0.94375,0.00855816496101823,0.9375,0.953125,0.9944444444444445,0.007607257743127273,0.9861111111111112,1.0,0.9967210911778539,0.004490082186736657,0.9917355371900827,1.0,0.9087778044740069,0.012612811664931006,0.8987341772151899,0.9230769230769231,0.9694901692878698,0.004666705903978313,0.963855421686747,0.976,0.9690972222222222,0.005229989698400017,0.9618055555555556,0.9765625,0.962,0.005700877125495705,0.955,0.97,0.6999750995635987,0.026800639880814173,0.6598238706588745,0.7298611044883728,117.0,2.5495097567963922,114,121,0.0,0.0,0,0,72.0,0.0,72,72,11.0,2.5495097567963922,7,14,0.9140625,0.019918044974971814,0.890625,0.9453125,1.0,0.0,1.0,1.0,1.0,0.0,1.0,1.0,0.8681368647135749,0.027153792677893963,0.8372093023255814,0.9113924050632911,0.9550120128590365,0.010814792612772878,0.9421487603305785,0.9718875502008032,0.95703125,0.009959022487485907,0.9453125,0.97265625,0.945,0.012747548783981938,0.93,0.965
low_cost_plus_urine_micro_model,xgboost,sigmoid,200.0,0.0,200,200,128.0,0.0,128,128,0.9857964409722222,0.004359123851692504,0.9792209201388888,0.99072265625,0.9932649876336523,0.001769759947904818,0.9905676686484806,0.9952984504091715,0.03621724402432714,0.002417193272112843,0.033888446994766834,0.039867081944131334,0.842807100588858,0.01049129024354529,0.8269657901730411,0.8529147265852134,1.861554025414918,0.16780896527174458,1.749783323212082,2.1525752284001656,0.060184235411978905,0.03704998218665233,0.02791202628792253,0.12381578176861699,0.059940802225983816,0.008636443674213966,0.047248297173031376,0.07025714203299624,0.5,0.0,0.5,0.5,121.6,0.8944271909999173,120,122,0.6,0.5477225575051661,0,1,71.4,0.5477225575051667,71,72,6.4,0.894427190999916,6,8,0.95,0.006987712429686854,0.9375,0.953125,0.9916666666666668,0.00760725774312728,0.9861111111111112,1.0,0.9951219512195122,0.004453028922806229,0.991869918699187,1.0,0.9178621378621379,0.009994604338148215,0.9,0.9230769230769231,0.9720153193676906,0.0029226389081245872,0.967741935483871,0.976,0.9708333333333334,0.0032246832675358788,0.96875,0.9765625,0.9650000000000001,0.0035355339059327637,0.96,0.97,0.7567485708938043,0.02306287556306729,0.7266487503076162,0.7823903577875376,116.8,1.9235384061671346,115,120,0.0,0.0,0,0,72.0,0.0,72,72,11.2,1.9235384061671346,8,13,0.9125,0.015027643798180739,0.8984375,0.9375,1.0,0.0,1.0,1.0,1.0,0.0,1.0,1.0,0.8657628834666398,0.020454495531663258,0.8470588235294118,0.9,0.9541970756351322,0.008159491428957893,0.9465020576131687,0.967741935483871,0.95625,0.0075138218990903685,0.94921875,0.96875,0.944,0.009617692030835645,0.935,0.96
