config,model,calibration,repeat,fold,n,n_positive,roc_auc,pr_auc,brier,brier_skill_score,calibration_slope,calibration_intercept,ece,threshold,tp,fp,tn,fn,sensitivity,specificity,precision,npv,f1,balanced_accuracy,accuracy,screening_threshold,screening_tp,screening_fp,screening_tn,screening_fn,screening_sensitivity,screening_specificity,screening_precision,screening_npv,screening_f1,screening_balanced_accuracy,screening_accuracy
clinical_only_model,dummy,isotonic,0,0,40,26,0.5,0.65,0.22765624999999998,-0.0006868131868129623,,,0.012500000000000067,0.5,26,14,0,0,1.0,0.0,0.65,,0.787878787878788,0.5,0.65,0.6333333333333333,26,14,0,0,1.0,0.0,0.65,,0.787878787878788,0.5,0.65
clinical_only_model,dummy,isotonic,0,1,40,26,0.5,0.65,0.22765624999999998,-0.0006868131868131844,,,0.012500000000000067,0.5,26,14,0,0,1.0,0.0,0.65,,0.787878787878788,0.5,0.65,0.6333333333333333,26,14,0,0,1.0,0.0,0.65,,0.787878787878788,0.5,0.65
clinical_only_model,dummy,isotonic,0,2,40,26,0.5,0.65,0.22765624999999998,-0.0006868131868129623,,,0.012500000000000067,0.5,26,14,0,0,1.0,0.0,0.65,,0.787878787878788,0.5,0.65,0.6333333333333333,26,14,0,0,1.0,0.0,0.65,,0.787878787878788,0.5,0.65
clinical_only_model,dummy,isotonic,0,3,40,25,0.5,0.625,0.23472656250000004,-0.0015000000000002789,,,0.018750000000000044,0.5,25,15,0,0,1.0,0.0,0.625,,0.7692307692307693,0.5,0.625,0.6416666666666666,25,15,0,0,1.0,0.0,0.625,,0.7692307692307693,0.5,0.625
clinical_only_model,dummy,isotonic,0,4,40,25,0.5,0.625,0.23472656250000004,-0.0015000000000002789,,,0.018750000000000044,0.5,25,15,0,0,1.0,0.0,0.625,,0.7692307692307693,0.5,0.625,0.6416666666666666,25,15,0,0,1.0,0.0,0.625,,0.7692307692307693,0.5,0.625
clinical_only_model,dummy,isotonic,1,0,40,26,0.5,0.65,0.22765624999999998,-0.0006868131868129623,,,0.012500000000000067,0.5,26,14,0,0,1.0,0.0,0.65,,0.787878787878788,0.5,0.65,0.6333333333333333,26,14,0,0,1.0,0.0,0.65,,0.787878787878788,0.5,0.65
clinical_only_model,dummy,isotonic,1,1,40,26,0.5,0.65,0.22765624999999998,-0.0006868131868131844,,,0.012500000000000067,0.5,26,14,0,0,1.0,0.0,0.65,,0.787878787878788,0.5,0.65,0.6333333333333333,26,14,0,0,1.0,0.0,0.65,,0.787878787878788,0.5,0.65
clinical_only_model,dummy,isotonic,1,2,40,26,0.5,0.65,0.22765624999999998,-0.0006868131868129623,,,0.012500000000000067,0.5,26,14,0,0,1.0,0.0,0.65,,0.787878787878788,0.5,0.65,0.6333333333333333,26,14,0,0,1.0,0.0,0.65,,0.787878787878788,0.5,0.65
clinical_only_model,dummy,isotonic,1,3,40,25,0.5,0.625,0.23472656250000004,-0.0015000000000002789,,,0.018750000000000044,0.5,25,15,0,0,1.0,0.0,0.625,,0.7692307692307693,0.5,0.625,0.6416666666666666,25,15,0,0,1.0,0.0,0.625,,0.7692307692307693,0.5,0.625
clinical_only_model,dummy,isotonic,1,4,40,25,0.5,0.625,0.23472656250000004,-0.0015000000000002789,,,0.018750000000000044,0.5,25,15,0,0,1.0,0.0,0.625,,0.7692307692307693,0.5,0.625,0.6416666666666666,25,15,0,0,1.0,0.0,0.625,,0.7692307692307693,0.5,0.625
clinical_only_model,dummy,isotonic,2,0,40,26,0.5,0.65,0.22765624999999998,-0.0006868131868131844,,,0.012500000000000067,0.5,26,14,0,0,1.0,0.0,0.65,,0.787878787878788,0.5,0.65,0.6333333333333333,26,14,0,0,1.0,0.0,0.65,,0.787878787878788,0.5,0.65
clinical_only_model,dummy,isotonic,2,1,40,26,0.5,0.65,0.22765624999999998,-0.0006868131868129623,,,0.012500000000000067,0.5,26,14,0,0,1.0,0.0,0.65,,0.787878787878788,0.5,0.65,0.6333333333333333,26,14,0,0,1.0,0.0,0.65,,0.787878787878788,0.5,0.65
clinical_only_model,dummy,isotonic,2,2,40,26,0.5,0.65,0.22765624999999998,-0.0006868131868129623,,,0.012500000000000067,0.5,26,14,0,0,1.0,0.0,0.65,,0.787878787878788,0.5,0.65,0.6333333333333333,26,14,0,0,1.0,0.0,0.65,,0.787878787878788,0.5,0.65
clinical_only_model,dummy,isotonic,2,3,40,25,0.5,0.625,0.23472656250000004,-0.0015000000000002789,,,0.018750000000000044,0.5,25,15,0,0,1.0,0.0,0.625,,0.7692307692307693,0.5,0.625,0.6416666666666666,25,15,0,0,1.0,0.0,0.625,,0.7692307692307693,0.5,0.625
clinical_only_model,dummy,isotonic,2,4,40,25,0.5,0.625,0.23472656250000004,-0.0015000000000002789,,,0.018750000000000044,0.5,25,15,0,0,1.0,0.0,0.625,,0.7692307692307693,0.5,0.625,0.6416666666666666,25,15,0,0,1.0,0.0,0.625,,0.7692307692307693,0.5,0.625
clinical_only_model,dummy,isotonic,3,0,40,26,0.5,0.65,0.22765624999999998,-0.0006868131868129623,,,0.012500000000000067,0.5,26,14,0,0,1.0,0.0,0.65,,0.787878787878788,0.5,0.65,0.6333333333333333,26,14,0,0,1.0,0.0,0.65,,0.787878787878788,0.5,0.65
clinical_only_model,dummy,isotonic,3,1,40,26,0.5,0.65,0.22765624999999998,-0.0006868131868129623,,,0.012500000000000067,0.5,26,14,0,0,1.0,0.0,0.65,,0.787878787878788,0.5,0.65,0.6333333333333333,26,14,0,0,1.0,0.0,0.65,,0.787878787878788,0.5,0.65
clinical_only_model,dummy,isotonic,3,2,40,26,0.5,0.65,0.22765624999999998,-0.0006868131868131844,,,0.012500000000000067,0.5,26,14,0,0,1.0,0.0,0.65,,0.787878787878788,0.5,0.65,0.6333333333333333,26,14,0,0,1.0,0.0,0.65,,0.787878787878788,0.5,0.65
clinical_only_model,dummy,isotonic,3,3,40,25,0.5,0.625,0.23472656250000004,-0.0015000000000002789,,,0.018750000000000044,0.5,25,15,0,0,1.0,0.0,0.625,,0.7692307692307693,0.5,0.625,0.6416666666666666,25,15,0,0,1.0,0.0,0.625,,0.7692307692307693,0.5,0.625
clinical_only_model,dummy,isotonic,3,4,40,25,0.5,0.625,0.23472656250000004,-0.0015000000000002789,,,0.018750000000000044,0.5,25,15,0,0,1.0,0.0,0.625,,0.7692307692307693,0.5,0.625,0.6416666666666666,25,15,0,0,1.0,0.0,0.625,,0.7692307692307693,0.5,0.625
clinical_only_model,dummy,isotonic,4,0,40,26,0.5,0.65,0.22765624999999998,-0.0006868131868131844,,,0.012500000000000067,0.5,26,14,0,0,1.0,0.0,0.65,,0.787878787878788,0.5,0.65,0.6333333333333333,26,14,0,0,1.0,0.0,0.65,,0.787878787878788,0.5,0.65
clinical_only_model,dummy,isotonic,4,1,40,26,0.5,0.65,0.22765624999999998,-0.0006868131868131844,,,0.012500000000000067,0.5,26,14,0,0,1.0,0.0,0.65,,0.787878787878788,0.5,0.65,0.6333333333333333,26,14,0,0,1.0,0.0,0.65,,0.787878787878788,0.5,0.65
clinical_only_model,dummy,isotonic,4,2,40,26,0.5,0.65,0.22765624999999998,-0.0006868131868131844,,,0.012500000000000067,0.5,26,14,0,0,1.0,0.0,0.65,,0.787878787878788,0.5,0.65,0.6333333333333333,26,14,0,0,1.0,0.0,0.65,,0.787878787878788,0.5,0.65
clinical_only_model,dummy,isotonic,4,3,40,25,0.5,0.625,0.23472656250000004,-0.0015000000000002789,,,0.018750000000000044,0.5,25,15,0,0,1.0,0.0,0.625,,0.7692307692307693,0.5,0.625,0.6416666666666666,25,15,0,0,1.0,0.0,0.625,,0.7692307692307693,0.5,0.625
clinical_only_model,dummy,isotonic,4,4,40,25,0.5,0.625,0.23472656250000004,-0.0015000000000002789,,,0.018750000000000044,0.5,25,15,0,0,1.0,0.0,0.625,,0.7692307692307693,0.5,0.625,0.6416666666666666,25,15,0,0,1.0,0.0,0.625,,0.7692307692307693,0.5,0.625
clinical_only_model,dummy,none,0,0,40,26,0.5,0.65,0.22765624999999998,-0.0006868131868129623,,,0.012500000000000067,0.5,26,14,0,0,1.0,0.0,0.65,,0.787878787878788,0.5,0.65,0.6333333333333333,26,14,0,0,1.0,0.0,0.65,,0.787878787878788,0.5,0.65
clinical_only_model,dummy,none,0,1,40,26,0.5,0.65,0.22765624999999998,-0.0006868131868131844,,,0.012500000000000067,0.5,26,14,0,0,1.0,0.0,0.65,,0.787878787878788,0.5,0.65,0.6333333333333333,26,14,0,0,1.0,0.0,0.65,,0.787878787878788,0.5,0.65
clinical_only_model,dummy,none,0,2,40,26,0.5,0.65,0.22765624999999998,-0.0006868131868129623,,,0.012500000000000067,0.5,26,14,0,0,1.0,0.0,0.65,,0.787878787878788,0.5,0.65,0.6333333333333333,26,14,0,0,1.0,0.0,0.65,,0.787878787878788,0.5,0.65
clinical_only_model,dummy,none,0,3,40,25,0.5,0.625,0.23472656250000004,-0.0015000000000002789,,,0.018750000000000044,0.5,25,15,0,0,1.0,0.0,0.625,,0.7692307692307693,0.5,0.625,0.6416666666666667,25,15,0,0,1.0,0.0,0.625,,0.7692307692307693,0.5,0.625
clinical_only_model,dummy,none,0,4,40,25,0.5,0.625,0.23472656250000004,-0.0015000000000002789,,,0.018750000000000044,0.5,25,15,0,0,1.0,0.0,0.625,,0.7692307692307693,0.5,0.625,0.6416666666666667,25,15,0,0,1.0,0.0,0.625,,0.7692307692307693,0.5,0.625
clinical_only_model,dummy,none,1,0,40,26,0.5,0.65,0.22765624999999998,-0.0006868131868129623,,,0.012500000000000067,0.5,26,14,0,0,1.0,0.0,0.65,,0.787878787878788,0.5,0.65,0.6333333333333333,26,14,0,0,1.0,0.0,0.65,,0.787878787878788,0.5,0.65
clinical_only_model,dummy,none,1,1,40,26,0.5,0.65,0.22765624999999998,-0.0006868131868131844,,,0.012500000000000067,0.5,26,14,0,0,1.0,0.0,0.65,,0.787878787878788,0.5,0.65,0.6333333333333333,26,14,0,0,1.0,0.0,0.65,,0.787878787878788,0.5,0.65
clinical_only_model,dummy,none,1,2,40,26,0.5,0.65,0.22765624999999998,-0.0006868131868129623,,,0.012500000000000067,0.5,26,14,0,0,1.0,0.0,0.65,,0.787878787878788,0.5,0.65,0.6333333333333333,26,14,0,0,1.0,0.0,0.65,,0.787878787878788,0.5,0.65
clinical_only_model,dummy,none,1,3,40,25,0.5,0.625,0.23472656250000004,-0.0015000000000002789,,,0.018750000000000044,0.5,25,15,0,0,1.0,0.0,0.625,,0.7692307692307693,0.5,0.625,0.6416666666666667,25,15,0,0,1.0,0.0,0.625,,0.7692307692307693,0.5,0.625
clinical_only_model,dummy,none,1,4,40,25,0.5,0.625,0.23472656250000004,-0.0015000000000002789,,,0.018750000000000044,0.5,25,15,0,0,1.0,0.0,0.625,,0.7692307692307693,0.5,0.625,0.6416666666666667,25,15,0,0,1.0,0.0,0.625,,0.7692307692307693,0.5,0.625
clinical_only_model,dummy,none,2,0,40,26,0.5,0.65,0.22765624999999998,-0.0006868131868131844,,,0.012500000000000067,0.5,26,14,0,0,1.0,0.0,0.65,,0.787878787878788,0.5,0.65,0.6333333333333333,26,14,0,0,1.0,0.0,0.65,,0.787878787878788,0.5,0.65
clinical_only_model,dummy,none,2,1,40,26,0.5,0.65,0.22765624999999998,-0.0006868131868129623,,,0.012500000000000067,0.5,26,14,0,0,1.0,0.0,0.65,,0.787878787878788,0.5,0.65,0.6333333333333333,26,14,0,0,1.0,0.0,0.65,,0.787878787878788,0.5,0.65
clinical_only_model,dummy,none,2,2,40,26,0.5,0.65,0.22765624999999998,-0.0006868131868129623,,,0.012500000000000067,0.5,26,14,0,0,1.0,0.0,0.65,,0.787878787878788,0.5,0.65,0.6333333333333333,26,14,0,0,1.0,0.0,0.65,,0.787878787878788,0.5,0.65
clinical_only_model,dummy,none,2,3,40,25,0.5,0.625,0.23472656250000004,-0.0015000000000002789,,,0.018750000000000044,0.5,25,15,0,0,1.0,0.0,0.625,,0.7692307692307693,0.5,0.625,0.6416666666666667,25,15,0,0,1.0,0.0,0.625,,0.7692307692307693,0.5,0.625
clinical_only_model,dummy,none,2,4,40,25,0.5,0.625,0.23472656250000004,-0.0015000000000002789,,,0.018750000000000044,0.5,25,15,0,0,1.0,0.0,0.625,,0.7692307692307693,0.5,0.625,0.6416666666666667,25,15,0,0,1.0,0.0,0.625,,0.7692307692307693,0.5,0.625
clinical_only_model,dummy,none,3,0,40,26,0.5,0.65,0.22765624999999998,-0.0006868131868129623,,,0.012500000000000067,0.5,26,14,0,0,1.0,0.0,0.65,,0.787878787878788,0.5,0.65,0.6333333333333333,26,14,0,0,1.0,0.0,0.65,,0.787878787878788,0.5,0.65
clinical_only_model,dummy,none,3,1,40,26,0.5,0.65,0.22765624999999998,-0.0006868131868129623,,,0.012500000000000067,0.5,26,14,0,0,1.0,0.0,0.65,,0.787878787878788,0.5,0.65,0.6333333333333333,26,14,0,0,1.0,0.0,0.65,,0.787878787878788,0.5,0.65
clinical_only_model,dummy,none,3,2,40,26,0.5,0.65,0.22765624999999998,-0.0006868131868131844,,,0.012500000000000067,0.5,26,14,0,0,1.0,0.0,0.65,,0.787878787878788,0.5,0.65,0.6333333333333333,26,14,0,0,1.0,0.0,0.65,,0.787878787878788,0.5,0.65
clinical_only_model,dummy,none,3,3,40,25,0.5,0.625,0.23472656250000004,-0.0015000000000002789,,,0.018750000000000044,0.5,25,15,0,0,1.0,0.0,0.625,,0.7692307692307693,0.5,0.625,0.6416666666666667,25,15,0,0,1.0,0.0,0.625,,0.7692307692307693,0.5,0.625
clinical_only_model,dummy,none,3,4,40,25,0.5,0.625,0.23472656250000004,-0.0015000000000002789,,,0.018750000000000044,0.5,25,15,0,0,1.0,0.0,0.625,,0.7692307692307693,0.5,0.625,0.6416666666666667,25,15,0,0,1.0,0.0,0.625,,0.7692307692307693,0.5,0.625
clinical_only_model,dummy,none,4,0,40,26,0.5,0.65,0.22765624999999998,-0.0006868131868131844,,,0.012500000000000067,0.5,26,14,0,0,1.0,0.0,0.65,,0.787878787878788,0.5,0.65,0.6333333333333333,26,14,0,0,1.0,0.0,0.65,,0.787878787878788,0.5,0.65
clinical_only_model,dummy,none,4,1,40,26,0.5,0.65,0.22765624999999998,-0.0006868131868131844,,,0.012500000000000067,0.5,26,14,0,0,1.0,0.0,0.65,,0.787878787878788,0.5,0.65,0.6333333333333333,26,14,0,0,1.0,0.0,0.65,,0.787878787878788,0.5,0.65
clinical_only_model,dummy,none,4,2,40,26,0.5,0.65,0.22765624999999998,-0.0006868131868131844,,,0.012500000000000067,0.5,26,14,0,0,1.0,0.0,0.65,,0.787878787878788,0.5,0.65,0.6333333333333333,26,14,0,0,1.0,0.0,0.65,,0.787878787878788,0.5,0.65
clinical_only_model,dummy,none,4,3,40,25,0.5,0.625,0.23472656250000004,-0.0015000000000002789,,,0.018750000000000044,0.5,25,15,0,0,1.0,0.0,0.625,,0.7692307692307693,0.5,0.625,0.6416666666666667,25,15,0,0,1.0,0.0,0.625,,0.7692307692307693,0.5,0.625
clinical_only_model,dummy,none,4,4,40,25,0.5,0.625,0.23472656250000004,-0.0015000000000002789,,,0.018750000000000044,0.5,25,15,0,0,1.0,0.0,0.625,,0.7692307692307693,0.5,0.625,0.6416666666666667,25,15,0,0,1.0,0.0,0.625,,0.7692307692307693,0.5,0.625
clinical_only_model,dummy,sigmoid,0,0,40,26,0.5,0.65,0.22768808216656228,-0.0008267347980757123,,,0.013714305179713393,0.5,26,14,0,0,1.0,0.0,0.65,,0.787878787878788,0.5,0.65,0.6313797313556672,26,14,0,0,1.0,0.0,0.65,,0.787878787878788,0.5,0.65
clinical_only_model,dummy,sigmoid,0,1,40,26,0.5,0.65,0.22768808216656228,-0.0008267347980759343,,,0.013714305179713393,0.5,26,14,0,0,1.0,0.0,0.65,,0.787878787878788,0.5,0.65,0.6313797313556672,26,14,0,0,1.0,0.0,0.65,,0.787878787878788,0.5,0.65
clinical_only_model,dummy,sigmoid,0,2,40,26,0.5,0.65,0.22768808216656228,-0.0008267347980757123,,,0.013714305179713393,0.5,26,14,0,0,1.0,0.0,0.65,,0.787878787878788,0.5,0.65,0.6313797313556673,26,14,0,0,1.0,0.0,0.65,,0.787878787878788,0.5,0.65
clinical_only_model,dummy,sigmoid,0,3,40,25,0.5,0.625,0.23468031287708527,-0.0013026682755639118,,,0.017473204545395915,0.5,25,15,0,0,1.0,0.0,0.625,,0.7692307692307693,0.5,0.625,0.6395701520450653,25,15,0,0,1.0,0.0,0.625,,0.7692307692307693,0.5,0.625
clinical_only_model,dummy,sigmoid,0,4,40,25,0.5,0.625,0.23468031287708527,-0.0013026682755639118,,,0.017473204545395915,0.5,25,15,0,0,1.0,0.0,0.625,,0.7692307692307693,0.5,0.625,0.6395701520450653,25,15,0,0,1.0,0.0,0.625,,0.7692307692307693,0.5,0.625
clinical_only_model,dummy,sigmoid,1,0,40,26,0.5,0.65,0.22768808216656228,-0.0008267347980757123,,,0.013714305179713393,0.5,26,14,0,0,1.0,0.0,0.65,,0.787878787878788,0.5,0.65,0.6313797313556672,26,14,0,0,1.0,0.0,0.65,,0.787878787878788,0.5,0.65
clinical_only_model,dummy,sigmoid,1,1,40,26,0.5,0.65,0.22768808216656228,-0.0008267347980759343,,,0.013714305179713393,0.5,26,14,0,0,1.0,0.0,0.65,,0.787878787878788,0.5,0.65,0.6313797313556672,26,14,0,0,1.0,0.0,0.65,,0.787878787878788,0.5,0.65
clinical_only_model,dummy,sigmoid,1,2,40,26,0.5,0.65,0.22768808216656228,-0.0008267347980757123,,,0.013714305179713393,0.5,26,14,0,0,1.0,0.0,0.65,,0.787878787878788,0.5,0.65,0.6313797313556672,26,14,0,0,1.0,0.0,0.65,,0.787878787878788,0.5,0.65
clinical_only_model,dummy,sigmoid,1,3,40,25,0.5,0.625,0.2346803128770852,-0.0013026682755634678,,,0.017473204545395915,0.5,25,15,0,0,1.0,0.0,0.625,,0.7692307692307693,0.5,0.625,0.6395701520450654,25,15,0,0,1.0,0.0,0.625,,0.7692307692307693,0.5,0.625
clinical_only_model,dummy,sigmoid,1,4,40,25,0.5,0.625,0.2346803128770852,-0.0013026682755634678,,,0.017473204545395915,0.5,25,15,0,0,1.0,0.0,0.625,,0.7692307692307693,0.5,0.625,0.6395701520450654,25,15,0,0,1.0,0.0,0.625,,0.7692307692307693,0.5,0.625
clinical_only_model,dummy,sigmoid,2,0,40,26,0.5,0.65,0.22768808216656228,-0.0008267347980759343,,,0.013714305179713393,0.5,26,14,0,0,1.0,0.0,0.65,,0.787878787878788,0.5,0.65,0.6313797313556672,26,14,0,0,1.0,0.0,0.65,,0.787878787878788,0.5,0.65
clinical_only_model,dummy,sigmoid,2,1,40,26,0.5,0.65,0.22768808216656228,-0.0008267347980757123,,,0.013714305179713393,0.5,26,14,0,0,1.0,0.0,0.65,,0.787878787878788,0.5,0.65,0.6313797313556672,26,14,0,0,1.0,0.0,0.65,,0.787878787878788,0.5,0.65
clinical_only_model,dummy,sigmoid,2,2,40,26,0.5,0.65,0.22768808216656228,-0.0008267347980757123,,,0.013714305179713393,0.5,26,14,0,0,1.0,0.0,0.65,,0.787878787878788,0.5,0.65,0.6313797313556672,26,14,0,0,1.0,0.0,0.65,,0.787878787878788,0.5,0.65
clinical_only_model,dummy,sigmoid,2,3,40,25,0.5,0.625,0.23468031287708527,-0.0013026682755639118,,,0.017473204545395915,0.5,25,15,0,0,1.0,0.0,0.625,,0.7692307692307693,0.5,0.625,0.6395701520450654,25,15,0,0,1.0,0.0,0.625,,0.7692307692307693,0.5,0.625
clinical_only_model,dummy,sigmoid,2,4,40,25,0.5,0.625,0.23468031287708527,-0.0013026682755639118,,,0.017473204545395915,0.5,25,15,0,0,1.0,0.0,0.625,,0.7692307692307693,0.5,0.625,0.6395701520450654,25,15,0,0,1.0,0.0,0.625,,0.7692307692307693,0.5,0.625
clinical_only_model,dummy,sigmoid,3,0,40,26,0.5,0.65,0.22768808216656228,-0.0008267347980757123,,,0.013714305179713393,0.5,26,14,0,0,1.0,0.0,0.65,,0.787878787878788,0.5,0.65,0.6313797313556672,26,14,0,0,1.0,0.0,0.65,,0.787878787878788,0.5,0.65
clinical_only_model,dummy,sigmoid,3,1,40,26,0.5,0.65,0.22768808216656228,-0.0008267347980757123,,,0.013714305179713393,0.5,26,14,0,0,1.0,0.0,0.65,,0.787878787878788,0.5,0.65,0.6313797313556673,26,14,0,0,1.0,0.0,0.65,,0.787878787878788,0.5,0.65
clinical_only_model,dummy,sigmoid,3,2,40,26,0.5,0.65,0.22768808216656228,-0.0008267347980759343,,,0.013714305179713393,0.5,26,14,0,0,1.0,0.0,0.65,,0.787878787878788,0.5,0.65,0.6313797313556673,26,14,0,0,1.0,0.0,0.65,,0.787878787878788,0.5,0.65
clinical_only_model,dummy,sigmoid,3,3,40,25,0.5,0.625,0.2346803128770852,-0.0013026682755634678,,,0.017473204545395915,0.5,25,15,0,0,1.0,0.0,0.625,,0.7692307692307693,0.5,0.625,0.6395701520450654,25,15,0,0,1.0,0.0,0.625,,0.7692307692307693,0.5,0.625
clinical_only_model,dummy,sigmoid,3,4,40,25,0.5,0.625,0.23468031287708527,-0.0013026682755639118,,,0.017473204545395915,0.5,25,15,0,0,1.0,0.0,0.625,,0.7692307692307693,0.5,0.625,0.6395701520450653,25,15,0,0,1.0,0.0,0.625,,0.7692307692307693,0.5,0.625
clinical_only_model,dummy,sigmoid,4,0,40,26,0.5,0.65,0.22768808216656228,-0.0008267347980759343,,,0.013714305179713393,0.5,26,14,0,0,1.0,0.0,0.65,,0.787878787878788,0.5,0.65,0.6313797313556672,26,14,0,0,1.0,0.0,0.65,,0.787878787878788,0.5,0.65
clinical_only_model,dummy,sigmoid,4,1,40,26,0.5,0.65,0.22768808216656228,-0.0008267347980759343,,,0.013714305179713393,0.5,26,14,0,0,1.0,0.0,0.65,,0.787878787878788,0.5,0.65,0.6313797313556672,26,14,0,0,1.0,0.0,0.65,,0.787878787878788,0.5,0.65
clinical_only_model,dummy,sigmoid,4,2,40,26,0.5,0.65,0.22768808216656228,-0.0008267347980759343,,,0.013714305179713393,0.5,26,14,0,0,1.0,0.0,0.65,,0.787878787878788,0.5,0.65,0.6313797313556672,26,14,0,0,1.0,0.0,0.65,,0.787878787878788,0.5,0.65
clinical_only_model,dummy,sigmoid,4,3,40,25,0.5,0.625,0.23468031287708527,-0.0013026682755639118,,,0.017473204545395915,0.5,25,15,0,0,1.0,0.0,0.625,,0.7692307692307693,0.5,0.625,0.6395701520450654,25,15,0,0,1.0,0.0,0.625,,0.7692307692307693,0.5,0.625
clinical_only_model,dummy,sigmoid,4,4,40,25,0.5,0.625,0.23468031287708527,-0.0013026682755639118,,,0.017473204545395915,0.5,25,15,0,0,1.0,0.0,0.625,,0.7692307692307693,0.5,0.625,0.6395701520450653,25,15,0,0,1.0,0.0,0.625,,0.7692307692307693,0.5,0.625
clinical_only_model,ebm,isotonic,0,0,40,26,0.9656593406593407,0.9865384615384616,0.04707449808075916,0.7930791293153444,6.860653753301886,-0.01219826114843164,0.035960045450004814,0.5,24,0,14,2,0.9230769230769231,1.0,1.0,0.875,0.9600000000000001,0.9615384615384616,0.95,0.3611111111111111,25,0,14,1,0.9615384615384616,1.0,1.0,0.9333333333333333,0.9803921568627451,0.9807692307692308,0.975
clinical_only_model,ebm,isotonic,0,1,40,26,0.9903846153846154,0.9948717948717949,0.02817448265443776,0.8761561202002736,1.9710852856947478,-0.40391972111233465,0.03619199703036351,0.5,25,0,14,1,0.9615384615384616,1.0,1.0,0.9333333333333333,0.9803921568627451,0.9807692307692308,0.975,0.4481813916989764,25,0,14,1,0.9615384615384616,1.0,1.0,0.9333333333333333,0.9803921568627451,0.9807692307692308,0.975
clinical_only_model,ebm,isotonic,0,2,40,26,0.9079670329670331,0.9567649159103432,0.11226781355073442,0.5065151052714971,0.5029710987018171,0.7804019909202374,0.11010315978085636,0.5,22,1,13,4,0.8461538461538461,0.9285714285714286,0.9565217391304348,0.7647058823529411,0.8979591836734695,0.8873626373626373,0.875,0.8191400046878077,20,1,13,6,0.7692307692307693,0.9285714285714286,0.9523809523809523,0.6842105263157895,0.8510638297872339,0.848901098901099,0.825
clinical_only_model,ebm,isotonic,0,3,40,25,0.9173333333333333,0.9591608391608392,0.07475261425219497,0.6810555125239681,1.5216955759169917,0.9217698469879363,0.0650878513542498,0.5,22,0,15,3,0.88,1.0,1.0,0.8333333333333334,0.9361702127659575,0.94,0.925,0.3574447630839611,22,0,15,3,0.88,1.0,1.0,0.8333333333333334,0.9361702127659575,0.94,0.925
clinical_only_model,ebm,isotonic,0,4,40,25,0.976,0.9788235294117648,0.05428946594517743,0.7683649453005763,,0.12034757888215543,0.034670242231889095,0.5,22,0,15,3,0.88,1.0,1.0,0.8333333333333334,0.9361702127659575,0.94,0.925,0.4261169623388756,22,0,15,3,0.88,1.0,1.0,0.8333333333333334,0.9361702127659575,0.94,0.925
clinical_only_model,ebm,isotonic,1,0,40,26,0.9313186813186813,0.9633791965915378,0.08282547029094049,0.6359319987211407,1.1736212784329663,0.7819770169031309,0.05157396674072604,0.5,22,0,14,4,0.8461538461538461,1.0,1.0,0.7777777777777778,0.9166666666666666,0.9230769230769231,0.9,0.7025745200240157,22,0,14,4,0.8461538461538461,1.0,1.0,0.7777777777777778,0.9166666666666666,0.9230769230769231,0.9
clinical_only_model,ebm,isotonic,1,1,40,26,0.9903846153846153,0.9937965260545906,0.03763274734874372,0.8345813303351924,2.6197580595228094,0.16838413607058547,0.04980866388255209,0.5,24,0,14,2,0.9230769230769231,1.0,1.0,0.875,0.9600000000000001,0.9615384615384616,0.95,0.219047619047619,25,2,12,1,0.9615384615384616,0.8571428571428571,0.9259259259259259,0.9230769230769231,0.9433962264150944,0.9093406593406593,0.925
clinical_only_model,ebm,isotonic,1,2,40,26,0.967032967032967,0.9865384615384616,0.048629981020588804,0.7862418416677416,3.373554271684844,-1.034995899165719,0.07732733243775343,0.5,25,0,14,1,0.9615384615384616,1.0,1.0,0.9333333333333333,0.9803921568627451,0.9807692307692308,0.975,0.2611950222511167,25,6,8,1,0.9615384615384616,0.5714285714285714,0.8064516129032258,0.8888888888888888,0.8771929824561403,0.7664835164835164,0.825
clinical_only_model,ebm,isotonic,1,3,40,25,0.9653333333333334,0.9771428571428571,0.06652774954028827,0.7161482686281033,3.3746296999726937,-0.16962376264683177,0.09469324399539418,0.5,22,0,15,3,0.88,1.0,1.0,0.8333333333333334,0.9361702127659575,0.94,0.925,0.375689555412757,23,1,14,2,0.92,0.9333333333333333,0.9583333333333334,0.875,0.9387755102040817,0.9266666666666667,0.925
clinical_only_model,ebm,isotonic,1,4,40,25,0.94,0.9687241379310345,0.07367822557700957,0.6856395708714258,2.4506396955194867,0.5655620294035467,0.09545661362122185,0.5,22,0,15,3,0.88,1.0,1.0,0.8333333333333334,0.9361702127659575,0.94,0.925,0.3985142689423675,22,0,15,3,0.88,1.0,1.0,0.8333333333333334,0.9361702127659575,0.94,0.925
clinical_only_model,ebm,isotonic,2,0,40,26,0.9876373626373627,0.9918414918414918,0.026198935097172686,0.8848398457267135,0.7403970261787839,-0.7325657148382269,0.02222004973756912,0.5,25,0,14,1,0.9615384615384616,1.0,1.0,0.9333333333333333,0.9803921568627451,0.9807692307692308,0.975,0.5448710568194591,25,0,14,1,0.9615384615384616,1.0,1.0,0.9333333333333333,0.9803921568627451,0.9807692307692308,0.975
clinical_only_model,ebm,isotonic,2,1,40,26,1.0,1.0,0.00820657291153239,0.9639271520372202,,-1.5370536653342957,0.05255690833170292,0.5,26,0,14,0,1.0,1.0,1.0,1.0,1.0,1.0,1.0,0.2499876175282178,26,0,14,0,1.0,1.0,1.0,1.0,1.0,1.0,1.0
clinical_only_model,ebm,isotonic,2,2,40,26,0.8612637362637363,0.9414345114345115,0.1365229740902884,0.3998990149877434,1.9986040577536919,1.1745261889072507,0.1573123411497863,0.5,20,0,14,6,0.7692307692307693,1.0,1.0,0.7,0.8695652173913044,0.8846153846153846,0.85,0.815947277172403,18,0,14,8,0.6923076923076923,1.0,1.0,0.6363636363636364,0.8181818181818181,0.8461538461538461,0.8
clinical_only_model,ebm,isotonic,2,3,40,25,0.9533333333333334,0.9734632034632035,0.07587104162020933,0.6762835557537735,1.2996611904475677,0.5475622655400492,0.055082447368783316,0.5,21,0,15,4,0.84,1.0,1.0,0.7894736842105263,0.9130434782608696,0.9199999999999999,0.9,0.6208029698304681,21,0,15,4,0.84,1.0,1.0,0.7894736842105263,0.9130434782608696,0.9199999999999999,0.9
clinical_only_model,ebm,isotonic,2,4,40,25,0.9493333333333334,0.9735956544780074,0.0655480505134014,0.7203283178094874,0.9019767476154233,-0.46858986307497746,0.06040989823909744,0.5,23,1,14,2,0.92,0.9333333333333333,0.9583333333333334,0.875,0.9387755102040817,0.9266666666666667,0.925,0.3351995015119084,23,1,14,2,0.92,0.9333333333333333,0.9583333333333334,0.875,0.9387755102040817,0.9266666666666667,0.925
clinical_only_model,ebm,isotonic,3,0,40,26,0.923076923076923,0.965818759936407,0.07662962179931149,0.6631664975854441,1.5332713684294357,0.7230081023447303,0.06550753013475266,0.5,23,0,14,3,0.8846153846153846,1.0,1.0,0.8235294117647058,0.9387755102040816,0.9423076923076923,0.925,0.8248926951159179,19,0,14,7,0.7307692307692307,1.0,1.0,0.6666666666666666,0.8444444444444443,0.8653846153846154,0.825
clinical_only_model,ebm,isotonic,3,1,40,26,0.9835164835164836,0.9918414918414918,0.03056783232454982,0.8656359018701107,0.6642888176802385,-1.1162877430462372,0.04049065507385083,0.5,25,0,14,1,0.9615384615384616,1.0,1.0,0.9333333333333333,0.9803921568627451,0.9807692307692308,0.975,0.4801163944245229,25,0,14,1,0.9615384615384616,1.0,1.0,0.9333333333333333,0.9803921568627451,0.9807692307692308,0.975
clinical_only_model,ebm,isotonic,3,2,40,26,0.9491758241758242,0.9752913752913752,0.06333542792474754,0.7216025146164943,1.1478123788462768,0.5774760054278913,0.03094276946755216,0.5,23,0,14,3,0.8846153846153846,1.0,1.0,0.8235294117647058,0.9387755102040816,0.9423076923076923,0.925,0.6202522908939596,23,0,14,3,0.8846153846153846,1.0,1.0,0.8235294117647058,0.9387755102040816,0.9423076923076923,0.925
clinical_only_model,ebm,isotonic,3,3,40,25,0.9693333333333334,0.9816748768472907,0.04678026393366439,0.8004042072163653,1.9418609597714065,0.09533005250791902,0.01734909503949633,0.5,23,0,15,2,0.92,1.0,1.0,0.8823529411764706,0.9583333333333334,0.96,0.95,0.3543048401148362,23,0,15,2,0.92,1.0,1.0,0.8823529411764706,0.9583333333333334,0.96,0.95
clinical_only_model,ebm,isotonic,3,4,40,25,0.9560000000000001,0.9805555555555555,0.054465254103523875,0.7676149158249648,4.475349236924611,0.10501978227453428,0.03201708220063576,0.5,23,1,14,2,0.92,0.9333333333333333,0.9583333333333334,0.875,0.9387755102040817,0.9266666666666667,0.925,0.5175408892364954,23,1,14,2,0.92,0.9333333333333333,0.9583333333333334,0.875,0.9387755102040817,0.9266666666666667,0.925
clinical_only_model,ebm,isotonic,4,0,40,26,0.9752747252747253,0.9886675824175825,0.05568615689527038,0.7552256839768334,1.5575867825145815,0.26734978102602797,0.06074484811724251,0.5,23,0,14,3,0.8846153846153846,1.0,1.0,0.8235294117647058,0.9387755102040816,0.9423076923076923,0.925,0.299648616408033,25,3,11,1,0.9615384615384616,0.7857142857142857,0.8928571428571429,0.9166666666666666,0.9259259259259259,0.8736263736263736,0.9
clinical_only_model,ebm,isotonic,4,1,40,26,0.9958791208791209,0.9960212201591512,0.024894954563370496,0.890571628292877,,-0.6761644659942564,0.04119547394412412,0.5,25,0,14,1,0.9615384615384616,1.0,1.0,0.9333333333333333,0.9803921568627451,0.9807692307692308,0.975,0.2306119573460255,26,3,11,0,1.0,0.7857142857142857,0.896551724137931,1.0,0.9454545454545454,0.8928571428571428,0.925
clinical_only_model,ebm,isotonic,4,2,40,26,0.9725274725274725,0.982905982905983,0.04390291762695639,0.8070201422990928,1.3831843929015808,0.2141054297759181,0.010675494499299339,0.5,24,0,14,2,0.9230769230769231,1.0,1.0,0.875,0.9600000000000001,0.9615384615384616,0.95,0.428269739075349,24,0,14,2,0.9230769230769231,1.0,1.0,0.875,0.9600000000000001,0.9615384615384616,0.95
clinical_only_model,ebm,isotonic,4,3,40,25,0.9053333333333333,0.9551149425287356,0.08845011121012189,0.6226128588368133,1.5263658348979563,0.6507677242361646,0.09548799607288479,0.5,21,0,15,4,0.84,1.0,1.0,0.7894736842105263,0.9130434782608696,0.9199999999999999,0.9,0.6145227853471179,21,0,15,4,0.84,1.0,1.0,0.7894736842105263,0.9130434782608696,0.9199999999999999,0.9
clinical_only_model,ebm,isotonic,4,4,40,25,0.9,0.9578787878787879,0.0886960405646279,0.6215635602575876,1.7478956145108526,0.2301475679327831,0.06966259225462994,0.5,22,1,14,3,0.88,0.9333333333333333,0.9565217391304348,0.8235294117647058,0.9166666666666666,0.9066666666666667,0.9,0.5840120708056254,22,1,14,3,0.88,0.9333333333333333,0.9565217391304348,0.8235294117647058,0.9166666666666666,0.9066666666666667,0.9
clinical_only_model,ebm,none,0,0,40,26,0.9656593406593407,0.987179487179487,0.04422914018730466,0.8055861969788807,8.089156136266372,-0.4138137379765469,0.06302560578331315,0.5,25,0,14,1,0.9615384615384616,1.0,1.0,0.9333333333333333,0.9803921568627451,0.9807692307692308,0.975,0.3130687773621103,25,3,11,1,0.9615384615384616,0.7857142857142857,0.8928571428571429,0.9166666666666666,0.9259259259259259,0.8736263736263736,0.9
clinical_only_model,ebm,none,0,1,40,26,0.9958791208791208,0.9972527472527472,0.026636986339886305,0.8829143457587415,3.557642619538582,-0.3898853966201053,0.0394925096888037,0.5,25,0,14,1,0.9615384615384616,1.0,1.0,0.9333333333333333,0.9803921568627451,0.9807692307692308,0.975,0.5534037227981714,25,0,14,1,0.9615384615384616,1.0,1.0,0.9333333333333333,0.9803921568627451,0.9807692307692308,0.975
clinical_only_model,ebm,none,0,2,40,26,0.9052197802197802,0.9583522174976449,0.11158955131288868,0.5094964777455444,0.528044417062988,0.6224860983514275,0.10835297593472218,0.5,22,1,13,4,0.8461538461538461,0.9285714285714286,0.9565217391304348,0.7647058823529411,0.8979591836734695,0.8873626373626373,0.875,0.8040355972854766,21,1,13,5,0.8076923076923077,0.9285714285714286,0.9545454545454546,0.7222222222222222,0.875,0.8681318681318682,0.85
clinical_only_model,ebm,none,0,3,40,25,0.9173333333333333,0.9619328419328419,0.069164999614901,0.7048960016430891,0.6934927113033565,0.5564755880939628,0.050901466293792226,0.5,22,0,15,3,0.88,1.0,1.0,0.8333333333333334,0.9361702127659575,0.94,0.925,0.3399299515088552,22,0,15,3,0.88,1.0,1.0,0.8333333333333334,0.9361702127659575,0.94,0.925
clinical_only_model,ebm,none,0,4,40,25,0.9746666666666667,0.9843534482758622,0.05686059273826578,0.7573948043167327,4.294444632860194,-0.017152500071727677,0.02210918647670006,0.5,22,0,15,3,0.88,1.0,1.0,0.8333333333333334,0.9361702127659575,0.94,0.925,0.5531670058550743,22,0,15,3,0.88,1.0,1.0,0.8333333333333334,0.9361702127659575,0.94,0.925
clinical_only_model,ebm,none,1,0,40,26,0.9313186813186813,0.9678227215942733,0.07894254194921299,0.652999815607855,1.5951993747804514,0.5625512821781541,0.038432919622555885,0.5,22,0,14,4,0.8461538461538461,1.0,1.0,0.7777777777777778,0.9166666666666666,0.9230769230769231,0.9,0.8265418340236257,22,0,14,4,0.8461538461538461,1.0,1.0,0.7777777777777778,0.9166666666666666,0.9230769230769231,0.9
clinical_only_model,ebm,none,1,1,40,26,0.9945054945054944,0.9972527472527473,0.03140424191400051,0.8619593762021955,3.453495300015351,-0.06917020400869675,0.05469243762113569,0.5,25,0,14,1,0.9615384615384616,1.0,1.0,0.9333333333333333,0.9803921568627451,0.9807692307692308,0.975,0.2490061862961949,25,0,14,1,0.9615384615384616,1.0,1.0,0.9333333333333333,0.9803921568627451,0.9807692307692308,0.975
clinical_only_model,ebm,none,1,2,40,26,0.9642857142857143,0.9871794871794871,0.03794461837650193,0.8332104686747168,0.8207684594224113,-0.7250308989087392,0.05837668360616986,0.5,25,0,14,1,0.9615384615384616,1.0,1.0,0.9333333333333333,0.9803921568627451,0.9807692307692308,0.975,0.2685331612448853,25,4,10,1,0.9615384615384616,0.7142857142857143,0.8620689655172413,0.9090909090909091,0.9090909090909091,0.8379120879120879,0.875
clinical_only_model,ebm,none,1,3,40,25,0.988,0.9914058355437667,0.06259199741637059,0.7329408110234855,1.3754155821316918,-0.3466020558621874,0.03309921374575994,0.5,23,1,14,2,0.92,0.9333333333333333,0.9583333333333334,0.875,0.9387755102040817,0.9266666666666667,0.925,0.5707465917212959,23,1,14,2,0.92,0.9333333333333333,0.9583333333333334,0.875,0.9387755102040817,0.9266666666666667,0.925
clinical_only_model,ebm,none,1,4,40,25,0.936,0.9697258297258298,0.06576918152311344,0.7193848255013826,0.9391043020057389,0.24794410469033665,0.03165723798912842,0.5,22,0,15,3,0.88,1.0,1.0,0.8333333333333334,0.9361702127659575,0.94,0.925,0.4741274346614841,22,0,15,3,0.88,1.0,1.0,0.8333333333333334,0.9361702127659575,0.94,0.925
clinical_only_model,ebm,none,2,0,40,26,0.9876373626373627,0.9937965260545906,0.02802019610134434,0.8768343028512336,2.2483272144876882,-0.7912201044957652,0.04635455704480789,0.5,25,0,14,1,0.9615384615384616,1.0,1.0,0.9333333333333333,0.9803921568627451,0.9807692307692308,0.975,0.2407209036681053,25,2,12,1,0.9615384615384616,0.8571428571428571,0.9259259259259259,0.9230769230769231,0.9433962264150944,0.9093406593406593,0.925
clinical_only_model,ebm,none,2,1,40,26,1.0,0.9999999999999999,0.010523019602333011,0.9537449687809538,,-1.5983043216490072,0.05393615900320265,0.5,26,0,14,0,1.0,1.0,1.0,1.0,1.0,1.0,1.0,0.2816944341937944,26,2,12,0,1.0,0.8571428571428571,0.9285714285714286,1.0,0.962962962962963,0.9285714285714286,0.95
clinical_only_model,ebm,none,2,2,40,26,0.8695054945054944,0.9452303836514361,0.12275096710523355,0.46043530942754496,0.5403283112761107,1.011232563512085,0.10214554216862647,0.5,20,0,14,6,0.7692307692307693,1.0,1.0,0.7,0.8695652173913044,0.8846153846153846,0.85,0.975002460510434,18,0,14,8,0.6923076923076923,1.0,1.0,0.6363636363636364,0.8181818181818181,0.8461538461538461,0.8
clinical_only_model,ebm,none,2,3,40,25,0.9440000000000001,0.9719374389051809,0.0747662829979151,0.6809971925422289,1.5325717642828514,0.6376873551754204,0.06767417378447194,0.5,21,0,15,4,0.84,1.0,1.0,0.7894736842105263,0.9130434782608696,0.9199999999999999,0.9,0.6471439697443988,20,0,15,5,0.8,1.0,1.0,0.75,0.888888888888889,0.9,0.875
clinical_only_model,ebm,none,2,4,40,25,0.9426666666666667,0.9696167788888688,0.07848755431487339,0.6651197682565402,5.0286364548511315,-0.2754538418299106,0.08249226998809815,0.5,22,1,14,3,0.88,0.9333333333333333,0.9565217391304348,0.8235294117647058,0.9166666666666666,0.9066666666666667,0.9,0.3636968674115658,23,1,14,2,0.92,0.9333333333333333,0.9583333333333334,0.875,0.9387755102040817,0.9266666666666667,0.925
clinical_only_model,ebm,none,3,0,40,26,0.9711538461538461,0.9844118844118842,0.06511256031821189,0.7137909436562115,2.5174270660749105,0.436118505059232,0.04305359587556134,0.5,23,0,14,3,0.8846153846153846,1.0,1.0,0.8235294117647058,0.9387755102040816,0.9423076923076923,0.925,0.8919972510606188,21,0,14,5,0.8076923076923077,1.0,1.0,0.7368421052631579,0.8936170212765957,0.9038461538461539,0.875
clinical_only_model,ebm,none,3,1,40,26,0.9848901098901098,0.9927884615384616,0.03130505704897378,0.8623953536308845,1.414205044477083,-1.1192560091578014,0.05229921865685422,0.5,25,0,14,1,0.9615384615384616,1.0,1.0,0.9333333333333333,0.9803921568627451,0.9807692307692308,0.975,0.5609414018960288,25,0,14,1,0.9615384615384616,1.0,1.0,0.9333333333333333,0.9803921568627451,0.9807692307692308,0.975
clinical_only_model,ebm,none,3,2,40,26,0.9478021978021978,0.9760344216406509,0.06180481083024904,0.7283305018450592,1.4828222031811364,0.2447305716166813,0.026676691785356216,0.5,23,0,14,3,0.8846153846153846,1.0,1.0,0.8235294117647058,0.9387755102040816,0.9423076923076923,0.925,0.7365306166131261,23,0,14,3,0.8846153846153846,1.0,1.0,0.8235294117647058,0.9387755102040816,0.9423076923076923,0.925
clinical_only_model,ebm,none,3,3,40,25,0.968,0.9825152129817445,0.045910848551295215,0.8041137128478071,1.7356115695761705,-0.13285383912041088,0.023727129458103815,0.5,23,0,15,2,0.92,1.0,1.0,0.8823529411764706,0.9583333333333334,0.96,0.95,0.5127615143232965,23,0,15,2,0.92,1.0,1.0,0.8823529411764706,0.9583333333333334,0.96,0.95
clinical_only_model,ebm,none,3,4,40,25,0.9493333333333333,0.9771497584541062,0.07078955616383054,0.6979645603676563,4.72952681532081,-0.05645620057729101,0.037119821620593324,0.5,23,1,14,2,0.92,0.9333333333333333,0.9583333333333334,0.875,0.9387755102040817,0.9266666666666667,0.925,0.4937881990064424,23,1,14,2,0.92,0.9333333333333333,0.9583333333333334,0.875,0.9387755102040817,0.9266666666666667,0.925
clinical_only_model,ebm,none,4,0,40,26,0.978021978021978,0.9909502262443437,0.04854258409997756,0.7866260039561426,2.4708571628064093,0.0976519770271429,0.05567372460268966,0.5,24,0,14,2,0.9230769230769231,1.0,1.0,0.875,0.9600000000000001,0.9615384615384616,0.95,0.2258813869978266,25,5,9,1,0.9615384615384616,0.6428571428571429,0.8333333333333334,0.9,0.8928571428571429,0.8021978021978022,0.85
clinical_only_model,ebm,none,4,1,40,26,0.9958791208791209,0.9972527472527473,0.027736347171350772,0.878081990455601,5.345199612804228,-0.6479952772457791,0.04580148307109425,0.5,25,0,14,1,0.9615384615384616,1.0,1.0,0.9333333333333333,0.9803921568627451,0.9807692307692308,0.975,0.2760831079873819,25,1,13,1,0.9615384615384616,0.9285714285714286,0.9615384615384616,0.9285714285714286,0.9615384615384616,0.945054945054945,0.95
clinical_only_model,ebm,none,4,2,40,26,0.9615384615384616,0.982905982905983,0.04382938653896936,0.8073433558726621,1.06414956110909,-0.13765857623743039,0.017065499921497546,0.5,24,0,14,2,0.9230769230769231,1.0,1.0,0.875,0.9600000000000001,0.9615384615384616,0.95,0.5776628494033618,24,0,14,2,0.9230769230769231,1.0,1.0,0.875,0.9600000000000001,0.9615384615384616,0.95
clinical_only_model,ebm,none,4,3,40,25,0.9173333333333333,0.9594684988332901,0.08959991722247389,0.6177070198507781,3.4733775020497646,0.48821316240072893,0.07514488633371072,0.5,21,0,15,4,0.84,1.0,1.0,0.7894736842105263,0.9130434782608696,0.9199999999999999,0.9,0.6881786846897324,21,0,15,4,0.84,1.0,1.0,0.7894736842105263,0.9130434782608696,0.9199999999999999,0.9
clinical_only_model,ebm,none,4,4,40,25,0.9346666666666668,0.9694778007821487,0.09372236430422157,0.600117912301988,4.606209555777383,0.0878283691403228,0.0693121367775962,0.5,22,1,14,3,0.88,0.9333333333333333,0.9565217391304348,0.8235294117647058,0.9166666666666666,0.9066666666666667,0.9,0.4849793499186708,22,1,14,3,0.88,0.9333333333333333,0.9565217391304348,0.8235294117647058,0.9166666666666666,0.9066666666666667,0.9
clinical_only_model,ebm,sigmoid,0,0,40,26,0.9656593406593407,0.9871794871794871,0.06791183206395453,0.701486452466134,2.735400647375875,-0.0005989104557649536,0.16016561258239406,0.5,24,0,14,2,0.9230769230769231,1.0,1.0,0.875,0.9600000000000001,0.9615384615384616,0.95,0.3791505349908947,25,0,14,1,0.9615384615384616,1.0,1.0,0.9333333333333333,0.9803921568627451,0.9807692307692308,0.975
clinical_only_model,ebm,sigmoid,0,1,40,26,0.9903846153846154,0.9948717948717947,0.05035640441288351,0.7786531674158966,6.374696469741577,-0.29984784377556284,0.1160768591552702,0.5,24,0,14,2,0.9230769230769231,1.0,1.0,0.875,0.9600000000000001,0.9615384615384616,0.95,0.4051122779806648,25,0,14,1,0.9615384615384616,1.0,1.0,0.9333333333333333,0.9803921568627451,0.9807692307692308,0.975
clinical_only_model,ebm,sigmoid,0,2,40,26,0.9052197802197802,0.9583522174976449,0.1144027965991475,0.49713056439935177,1.7427338118500033,0.5036629874898322,0.06620119872561935,0.5,20,1,13,6,0.7692307692307693,0.9285714285714286,0.9523809523809523,0.6842105263157895,0.8510638297872339,0.848901098901099,0.825,0.4787000018169079,20,1,13,6,0.7692307692307693,0.9285714285714286,0.9523809523809523,0.6842105263157895,0.8510638297872339,0.848901098901099,0.825
clinical_only_model,ebm,sigmoid,0,3,40,25,0.904,0.95875,0.08035645925220036,0.6571457738572785,1.7810645913006675,-0.012526624592640189,0.12023203858567066,0.5,22,0,15,3,0.88,1.0,1.0,0.8333333333333334,0.9361702127659575,0.94,0.925,0.3513954404903492,22,0,15,3,0.88,1.0,1.0,0.8333333333333334,0.9361702127659575,0.94,0.925
clinical_only_model,ebm,sigmoid,0,4,40,25,0.9746666666666667,0.9843534482758622,0.07795603628224702,0.6673875785290794,11.558286458094955,0.008809749616573727,0.09324926581489706,0.5,21,0,15,4,0.84,1.0,1.0,0.7894736842105263,0.9130434782608696,0.9199999999999999,0.9,0.3604365809077772,22,0,15,3,0.88,1.0,1.0,0.8333333333333334,0.9361702127659575,0.94,0.925
clinical_only_model,ebm,sigmoid,1,0,40,26,0.945054945054945,0.9736888111888112,0.08629952845821094,0.6206614133705014,4.771000711086238,0.17368963602157517,0.055727498118215715,0.5,22,0,14,4,0.8461538461538461,1.0,1.0,0.7777777777777778,0.9166666666666666,0.9230769230769231,0.9,0.5152710191046143,21,0,14,5,0.8076923076923077,1.0,1.0,0.7368421052631579,0.8936170212765957,0.9038461538461539,0.875
clinical_only_model,ebm,sigmoid,1,1,40,26,0.9945054945054945,0.9972527472527473,0.07933116033236118,0.651291602934676,13.280840333027289,0.2966890263590013,0.10854677452076472,0.5,23,0,14,3,0.8846153846153846,1.0,1.0,0.8235294117647058,0.9387755102040816,0.9423076923076923,0.925,0.3013759149590275,25,0,14,1,0.9615384615384616,1.0,1.0,0.9333333333333333,0.9803921568627451,0.9807692307692308,0.975
clinical_only_model,ebm,sigmoid,1,2,40,26,0.967032967032967,0.9878542510121457,0.060034206384814714,0.736113378528287,2.484648834076504,-0.1815472746691292,0.13996668087349529,0.5,25,0,14,1,0.9615384615384616,1.0,1.0,0.9333333333333333,0.9803921568627451,0.9807692307692308,0.975,0.3521957808103171,25,3,11,1,0.9615384615384616,0.7857142857142857,0.8928571428571429,0.9166666666666666,0.9259259259259259,0.8736263736263736,0.9
clinical_only_model,ebm,sigmoid,1,3,40,25,0.9666666666666666,0.9839501039501041,0.09052226126892461,0.6137716852525883,9.401499581603634,-0.09340711481768557,0.11687930783198146,0.5,21,0,15,4,0.84,1.0,1.0,0.7894736842105263,0.9130434782608696,0.9199999999999999,0.9,0.3539681817397924,23,1,14,2,0.92,0.9333333333333333,0.9583333333333334,0.875,0.9387755102040817,0.9266666666666667,0.925
clinical_only_model,ebm,sigmoid,1,4,40,25,0.9413333333333335,0.971263308437947,0.07151468077020069,0.6948706953804771,2.2513519577968575,-0.05590402737164569,0.06758027608355593,0.5,22,0,15,3,0.88,1.0,1.0,0.8333333333333334,0.9361702127659575,0.94,0.925,0.4053258454974436,22,0,15,3,0.88,1.0,1.0,0.8333333333333334,0.9361702127659575,0.94,0.925
clinical_only_model,ebm,sigmoid,2,0,40,26,0.9739010989010989,0.9893162393162392,0.053511405039887314,0.7647850327917041,3.869396535586283,-0.2271335144721618,0.13330865613166043,0.5,25,0,14,1,0.9615384615384616,1.0,1.0,0.9333333333333333,0.9803921568627451,0.9807692307692308,0.975,0.4032052692438609,25,0,14,1,0.9615384615384616,1.0,1.0,0.9333333333333333,0.9803921568627451,0.9807692307692308,0.975
clinical_only_model,ebm,sigmoid,2,1,40,26,1.0,1.0,0.0382962835290953,0.8316646877841964,,-0.3830530130076179,0.1474944580469121,0.5,26,0,14,0,1.0,1.0,1.0,1.0,1.0,1.0,1.0,0.3430035101850864,26,0,14,0,1.0,1.0,1.0,1.0,1.0,1.0,1.0
clinical_only_model,ebm,sigmoid,2,2,40,26,0.8640109890109889,0.9437651821862346,0.13106380060821377,0.42389538194191756,1.223707103159176,0.5434491848232982,0.08930595900220674,0.5,19,0,14,7,0.7307692307692307,1.0,1.0,0.6666666666666666,0.8444444444444443,0.8653846153846154,0.825,0.5723072283756512,18,0,14,8,0.6923076923076923,1.0,1.0,0.6363636363636364,0.8181818181818181,0.8461538461538461,0.8
clinical_only_model,ebm,sigmoid,2,3,40,25,0.9546666666666667,0.9762636214360354,0.09079189201842783,0.6126212607213746,5.7494340125148415,0.2097433895596363,0.05450791863970339,0.5,20,0,15,5,0.8,1.0,1.0,0.75,0.888888888888889,0.9,0.875,0.4377185557617212,20,0,15,5,0.8,1.0,1.0,0.75,0.888888888888889,0.9,0.875
clinical_only_model,ebm,sigmoid,2,4,40,25,0.9560000000000001,0.976973709539917,0.08657089970796314,0.6306308279126907,2.6171694654277937,-0.14877842319004075,0.11728059187715204,0.5,22,1,14,3,0.88,0.9333333333333333,0.9565217391304348,0.8235294117647058,0.9166666666666666,0.9066666666666667,0.9,0.3664210461045586,23,1,14,2,0.92,0.9333333333333333,0.9583333333333334,0.875,0.9387755102040817,0.9266666666666667,0.925
clinical_only_model,ebm,sigmoid,3,0,40,26,0.9326923076923077,0.9699476151089054,0.10446063666864318,0.5408323662916784,6.054688832435657,0.45506100714782177,0.07899120292108347,0.5,19,0,14,7,0.7307692307692307,1.0,1.0,0.6666666666666666,0.8444444444444443,0.8653846153846154,0.825,0.5188516040343522,19,0,14,7,0.7307692307692307,1.0,1.0,0.6666666666666666,0.8444444444444443,0.8653846153846154,0.825
clinical_only_model,ebm,sigmoid,3,1,40,26,0.9821428571428571,0.9918414918414918,0.0525075999803275,0.7691973627238352,4.206632745423402,-0.4028703113443746,0.13081912329974257,0.5,25,0,14,1,0.9615384615384616,1.0,1.0,0.9333333333333333,0.9803921568627451,0.9807692307692308,0.975,0.3928212867238927,25,0,14,1,0.9615384615384616,1.0,1.0,0.9333333333333333,0.9803921568627451,0.9807692307692308,0.975
clinical_only_model,ebm,sigmoid,3,2,40,26,0.9560439560439561,0.9795781848242255,0.07213048613598855,0.6829429180835668,3.13678960871849,0.02276064981854636,0.07021238638394685,0.5,23,0,14,3,0.8846153846153846,1.0,1.0,0.8235294117647058,0.9387755102040816,0.9423076923076923,0.925,0.4414136637265825,23,0,14,3,0.8846153846153846,1.0,1.0,0.8235294117647058,0.9387755102040816,0.9423076923076923,0.925
clinical_only_model,ebm,sigmoid,3,3,40,25,0.968,0.9825152129817445,0.07233712152014293,0.6913616148473902,5.856117902825368,0.04352565765957047,0.1271739888866602,0.5,22,0,15,3,0.88,1.0,1.0,0.8333333333333334,0.9361702127659575,0.94,0.925,0.3777896820903568,23,0,15,2,0.92,1.0,1.0,0.8823529411764706,0.9583333333333334,0.96,0.95
clinical_only_model,ebm,sigmoid,3,4,40,25,0.9546666666666667,0.9805555555555555,0.07383197075373278,0.6849835914507401,2.570854571151205,0.0340804565099139,0.12535197654643113,0.5,22,0,15,3,0.88,1.0,1.0,0.8333333333333334,0.9361702127659575,0.94,0.925,0.3708978416840077,23,1,14,2,0.92,0.9333333333333333,0.9583333333333334,0.875,0.9387755102040817,0.9266666666666667,0.925
clinical_only_model,ebm,sigmoid,4,0,40,26,0.9835164835164835,0.9927884615384613,0.08107187660404475,0.6436401028393637,7.733908363802758,0.2072515001202151,0.14514897763418758,0.5,22,0,14,4,0.8461538461538461,1.0,1.0,0.7777777777777778,0.9166666666666666,0.9230769230769231,0.9,0.3545908757930173,25,0,14,1,0.9615384615384616,1.0,1.0,0.9333333333333333,0.9803921568627451,0.9807692307692308,0.975
clinical_only_model,ebm,sigmoid,4,1,40,26,0.9958791208791209,0.9972527472527473,0.052867710548207915,0.7676144591287564,23.957224867120566,-0.38475881361195285,0.12430223506327355,0.5,24,0,14,2,0.9230769230769231,1.0,1.0,0.875,0.9600000000000001,0.9615384615384616,0.95,0.3190273637084235,26,2,12,0,1.0,0.8571428571428571,0.9285714285714286,1.0,0.962962962962963,0.9285714285714286,0.95
clinical_only_model,ebm,sigmoid,4,2,40,26,0.9807692307692307,0.9903622019006633,0.05977728825768831,0.7372426889771941,4.474356565334946,-0.10298164872908414,0.09724663616797073,0.5,24,0,14,2,0.9230769230769231,1.0,1.0,0.875,0.9600000000000001,0.9615384615384616,0.95,0.3958653042036856,24,0,14,2,0.9230769230769231,1.0,1.0,0.875,0.9600000000000001,0.9615384615384616,0.95
clinical_only_model,ebm,sigmoid,4,3,40,25,0.9093333333333334,0.9566463216865694,0.09785256200099164,0.5824957354624356,1.9175610043051579,0.23443032860168153,0.09410737904477393,0.5,21,0,15,4,0.84,1.0,1.0,0.7894736842105263,0.9130434782608696,0.9199999999999999,0.9,0.4367388101628054,21,0,15,4,0.84,1.0,1.0,0.7894736842105263,0.9130434782608696,0.9199999999999999,0.9
clinical_only_model,ebm,sigmoid,4,4,40,25,0.9026666666666667,0.9606666666666667,0.09696385778647462,0.5862875401110417,1.7744992406758027,0.1482810121611625,0.13325842691543524,0.5,21,0,15,4,0.84,1.0,1.0,0.7894736842105263,0.9130434782608696,0.9199999999999999,0.9,0.4039002513508207,22,1,14,3,0.88,0.9333333333333333,0.9565217391304348,0.8235294117647058,0.9166666666666666,0.9066666666666667,0.9
clinical_only_model,logreg,isotonic,0,0,40,26,0.9120879120879121,0.9651709401709402,0.07837521853453155,0.655493544903158,0.5396705113122275,0.21554045324459725,0.08326112038838224,0.5,23,0,14,3,0.8846153846153846,1.0,1.0,0.8235294117647058,0.9387755102040816,0.9423076923076923,0.925,0.1886251649403396,23,8,6,3,0.8846153846153846,0.42857142857142855,0.7419354838709677,0.6666666666666666,0.8070175438596492,0.6565934065934066,0.725
clinical_only_model,logreg,isotonic,0,1,40,26,0.9354395604395604,0.9755494505494505,0.07007749397343128,0.6919670594574449,4.812454721990706,-0.8197608648316038,0.10291119608386971,0.5,24,2,12,2,0.9230769230769231,0.8571428571428571,0.9230769230769231,0.8571428571428571,0.9230769230769231,0.8901098901098901,0.9,0.2034090909090909,24,9,5,2,0.9230769230769231,0.35714285714285715,0.7272727272727273,0.7142857142857143,0.8135593220338984,0.6401098901098902,0.725
clinical_only_model,logreg,isotonic,0,2,40,26,0.9010989010989011,0.9519230769230769,0.09180243088893583,0.596472831257425,1.3142637148794096,0.7300301930895432,0.06961581210829189,0.5,21,0,14,5,0.8076923076923077,1.0,1.0,0.7368421052631579,0.8936170212765957,0.9038461538461539,0.875,0.6411830946201418,21,0,14,5,0.8076923076923077,1.0,1.0,0.7368421052631579,0.8936170212765957,0.9038461538461539,0.875
clinical_only_model,logreg,isotonic,0,3,40,25,0.9386666666666668,0.9666666666666667,0.08491813289754399,0.637682632970479,2.2196512609214105,0.16996172654316857,0.030591951580132795,0.5,20,0,15,5,0.8,1.0,1.0,0.75,0.888888888888889,0.9,0.875,0.187767094017094,23,7,8,2,0.92,0.5333333333333333,0.7666666666666667,0.8,0.8363636363636363,0.7266666666666667,0.775
clinical_only_model,logreg,isotonic,0,4,40,25,0.8986666666666667,0.9448331639910588,0.08198570407440073,0.6501943292825569,5.175112115783721,0.42148655465135854,0.02924667379731005,0.5,21,0,15,4,0.84,1.0,1.0,0.7894736842105263,0.9130434782608696,0.9199999999999999,0.9,0.2287878787878788,21,0,15,4,0.84,1.0,1.0,0.7894736842105263,0.9130434782608696,0.9199999999999999,0.9
clinical_only_model,logreg,isotonic,1,0,40,26,0.8763736263736264,0.9470647773279353,0.0905278036868838,0.6020755881895218,4.160464737089801,0.47866663535897547,0.0722082205231176,0.5,22,0,14,4,0.8461538461538461,1.0,1.0,0.7777777777777778,0.9166666666666666,0.9230769230769231,0.9,0.197743861115932,22,3,11,4,0.8461538461538461,0.7857142857142857,0.88,0.7333333333333333,0.8627450980392156,0.8159340659340659,0.825
clinical_only_model,logreg,isotonic,1,1,40,26,0.918956043956044,0.9658679555738379,0.08080806833665308,0.6447996996191073,1.2803373421733908,0.506855347466811,0.03838728490878739,0.5,22,0,14,4,0.8461538461538461,1.0,1.0,0.7777777777777778,0.9166666666666666,0.9230769230769231,0.9,0.1824675324675324,23,9,5,3,0.8846153846153846,0.35714285714285715,0.71875,0.625,0.7931034482758621,0.6208791208791209,0.7
clinical_only_model,logreg,isotonic,1,2,40,26,0.9890109890109889,0.9937965260545906,0.031232129953047593,0.8627159122942963,7.058853431513188,-1.0645465636528137,0.057715436871330246,0.5,25,0,14,1,0.9615384615384616,1.0,1.0,0.9333333333333333,0.9803921568627451,0.9807692307692308,0.975,0.2375,25,0,14,1,0.9615384615384616,1.0,1.0,0.9333333333333333,0.9803921568627451,0.9807692307692308,0.975
clinical_only_model,logreg,isotonic,1,3,40,25,0.8893333333333332,0.9485470682244876,0.11597884725040983,0.5051569183982514,5.321965586770455,0.5312923357670768,0.07280432435553652,0.5,19,1,14,6,0.76,0.9333333333333333,0.95,0.7,0.8444444444444444,0.8466666666666667,0.825,0.20508658008658,22,5,10,3,0.88,0.6666666666666666,0.8148148148148148,0.7692307692307693,0.8461538461538461,0.7733333333333333,0.8
clinical_only_model,logreg,isotonic,1,4,40,25,0.9026666666666668,0.9554497354497354,0.0916261008442871,0.6090619697310418,4.059936100826686,0.37619082841242457,0.06276880543140746,0.5,21,0,15,4,0.84,1.0,1.0,0.7894736842105263,0.9130434782608696,0.9199999999999999,0.9,0.1612024654021771,23,8,7,2,0.92,0.4666666666666667,0.7419354838709677,0.7777777777777778,0.8214285714285714,0.6933333333333334,0.75
clinical_only_model,logreg,isotonic,2,0,40,26,0.9752747252747254,0.9885654885654885,0.040512261393904216,0.8219241257410803,1.4497464990020834,-0.9653516733608872,0.0667792084557771,0.5,25,1,13,1,0.9615384615384616,0.9285714285714286,0.9615384615384616,0.9285714285714286,0.9615384615384616,0.945054945054945,0.95,0.2047619047619047,25,7,7,1,0.9615384615384616,0.5,0.78125,0.875,0.8620689655172413,0.7307692307692308,0.8
clinical_only_model,logreg,isotonic,2,1,40,26,1.0,1.0,0.020279354173564117,0.9108599816546632,,-6.008531054688748,0.07797528860028857,0.5,26,0,14,0,1.0,1.0,1.0,1.0,1.0,1.0,1.0,0.205275974025974,26,8,6,0,1.0,0.42857142857142855,0.7647058823529411,1.0,0.8666666666666666,0.7142857142857143,0.8
clinical_only_model,logreg,isotonic,2,2,40,26,0.8035714285714286,0.9135739260739261,0.1580878107432726,0.30510852420539525,3.5395673143619253,1.1776079292956319,0.12092026035216415,0.5,18,0,14,8,0.6923076923076923,1.0,1.0,0.6363636363636364,0.8181818181818181,0.8461538461538461,0.8,0.698322971854836,18,0,14,8,0.6923076923076923,1.0,1.0,0.6363636363636364,0.8181818181818181,0.8461538461538461,0.8
clinical_only_model,logreg,isotonic,2,3,40,25,0.864,0.9403498854087089,0.11230313649549484,0.5208399509525554,0.3372379432344178,0.8034550466342437,0.05680546104321142,0.5,20,0,15,5,0.8,1.0,1.0,0.75,0.888888888888889,0.9,0.875,0.3,20,0,15,5,0.8,1.0,1.0,0.75,0.888888888888889,0.9,0.875
clinical_only_model,logreg,isotonic,2,4,40,25,0.9640000000000001,0.9797777777777777,0.052989949942291246,0.7739095469128907,2.0789682213186667,-0.45014651639307324,0.0608164180278559,0.5,23,0,15,2,0.92,1.0,1.0,0.8823529411764706,0.9583333333333334,0.96,0.95,0.2931729107226396,23,1,14,2,0.92,0.9333333333333333,0.9583333333333334,0.875,0.9387755102040817,0.9266666666666667,0.925
clinical_only_model,logreg,isotonic,3,0,40,26,0.8571428571428572,0.9379807692307692,0.11875877161340458,0.4779834214795404,0.6551746920505785,1.0513251797817698,0.08388455720648019,0.5,20,0,14,6,0.7692307692307693,1.0,1.0,0.7,0.8695652173913044,0.8846153846153846,0.85,0.5040543121327721,20,0,14,6,0.7692307692307693,1.0,1.0,0.7,0.8695652173913044,0.8846153846153846,0.85
clinical_only_model,logreg,isotonic,3,1,40,26,0.9697802197802198,0.9820466682814861,0.06261284951150373,0.7247786834659178,1.2622275361292814,-0.617029984029582,0.04935035939005376,0.5,24,2,12,2,0.9230769230769231,0.8571428571428571,0.9230769230769231,0.8571428571428571,0.9230769230769231,0.8901098901098901,0.9,0.2020979020979021,26,12,2,0,1.0,0.14285714285714285,0.6842105263157895,1.0,0.8125000000000001,0.5714285714285714,0.7
clinical_only_model,logreg,isotonic,3,2,40,26,0.9175824175824177,0.9663721413721413,0.07393266036433488,0.6750212731238028,3.2688000214062902,0.042042434515433824,0.06311256286369722,0.5,23,0,14,3,0.8846153846153846,1.0,1.0,0.8235294117647058,0.9387755102040816,0.9423076923076923,0.925,0.2684435772591946,23,2,12,3,0.8846153846153846,0.8571428571428571,0.92,0.8,0.9019607843137256,0.8708791208791209,0.875
clinical_only_model,logreg,isotonic,3,3,40,25,0.9706666666666667,0.9834064785788924,0.061110917805469255,0.7392600840299979,14.820134869268394,0.06991851397835586,0.008133273575196527,0.5,22,0,15,3,0.88,1.0,1.0,0.8333333333333334,0.9361702127659575,0.94,0.925,0.24795958816817,22,0,15,3,0.88,1.0,1.0,0.8333333333333334,0.9361702127659575,0.94,0.925
clinical_only_model,logreg,isotonic,3,4,40,25,0.9386666666666668,0.9724285714285714,0.06723096451636197,0.7131478847301889,1.068889624447565,-0.2668449582774055,0.05248507480958758,0.5,22,0,15,3,0.88,1.0,1.0,0.8333333333333334,0.9361702127659575,0.94,0.925,0.2331349206349206,24,11,4,1,0.96,0.26666666666666666,0.6857142857142857,0.8,0.7999999999999999,0.6133333333333333,0.7
clinical_only_model,logreg,isotonic,4,0,40,26,0.9258241758241759,0.9661764705882353,0.08022501550857934,0.6473625691930578,0.6652792167828323,0.1195321463486204,0.10757112053500417,0.5,23,0,14,3,0.8846153846153846,1.0,1.0,0.8235294117647058,0.9387755102040816,0.9423076923076923,0.925,0.2246989121989122,23,6,8,3,0.8846153846153846,0.5714285714285714,0.7931034482758621,0.7272727272727273,0.8363636363636363,0.728021978021978,0.775
clinical_only_model,logreg,isotonic,4,1,40,26,0.9546703296703296,0.978125,0.06329067828565327,0.7217992163267988,0.6173869309357854,-0.3538975798977682,0.03377816660463179,0.5,24,0,14,2,0.9230769230769231,1.0,1.0,0.875,0.9600000000000001,0.9615384615384616,0.95,0.1997294372294372,24,4,10,2,0.9230769230769231,0.7142857142857143,0.8571428571428571,0.8333333333333334,0.888888888888889,0.8186813186813187,0.85
clinical_only_model,logreg,isotonic,4,2,40,26,0.9587912087912088,0.9824175824175825,0.05274965959353615,0.7681333644240169,2.889348468603072,-0.16823051888477705,0.03692394267241649,0.5,23,0,14,3,0.8846153846153846,1.0,1.0,0.8235294117647058,0.9387755102040816,0.9423076923076923,0.925,0.1787878787878787,25,12,2,1,0.9615384615384616,0.14285714285714285,0.6756756756756757,0.6666666666666666,0.7936507936507937,0.5521978021978022,0.675
clinical_only_model,logreg,isotonic,4,3,40,25,0.9066666666666667,0.9565238095238096,0.08253887930043827,0.6478341149847967,1.0645692677344913,0.38599116284869456,0.028800820170571746,0.5,21,0,15,4,0.84,1.0,1.0,0.7894736842105263,0.9130434782608696,0.9199999999999999,0.9,0.3539827373567121,21,0,15,4,0.84,1.0,1.0,0.7894736842105263,0.9130434782608696,0.9199999999999999,0.9
clinical_only_model,logreg,isotonic,4,4,40,25,0.8599999999999999,0.9430555555555555,0.12318404819914083,0.47441472768366577,2.005010110599015,-0.10440543242354729,0.13591618700695476,0.5,21,1,14,4,0.84,0.9333333333333333,0.9545454545454546,0.7777777777777778,0.8936170212765958,0.8866666666666667,0.875,0.2287878787878787,21,10,5,4,0.84,0.3333333333333333,0.6774193548387096,0.5555555555555556,0.75,0.5866666666666667,0.65
clinical_only_model,logreg,none,0,0,40,26,0.9052197802197803,0.9637651821862347,0.08156051015037945,0.6414922630752553,1.297066724059653,0.23495392906044163,0.1272401841227638,0.5,22,0,14,4,0.8461538461538461,1.0,1.0,0.7777777777777778,0.9166666666666666,0.9230769230769231,0.9,0.2504218197640577,23,8,6,3,0.8846153846153846,0.42857142857142855,0.7419354838709677,0.6666666666666666,0.8070175438596492,0.6565934065934066,0.725
clinical_only_model,logreg,none,0,1,40,26,0.9354395604395606,0.9755494505494504,0.10516110535826825,0.5377533830405791,3.5900570672782424,0.20452369368081816,0.17258991376213303,0.5,24,0,14,2,0.9230769230769231,1.0,1.0,0.875,0.9600000000000001,0.9615384615384616,0.95,0.3844836224579522,24,5,9,2,0.9230769230769231,0.6428571428571429,0.8275862068965517,0.8181818181818182,0.8727272727272727,0.7829670329670331,0.825
clinical_only_model,logreg,none,0,2,40,26,0.896978021978022,0.958057623380204,0.12655353700722097,0.443720716451776,2.505128622544897,0.6885472722753403,0.11971475248305624,0.5,19,0,14,7,0.7307692307692307,1.0,1.0,0.6666666666666666,0.8444444444444443,0.8653846153846154,0.825,0.2963467610994269,22,0,14,4,0.8461538461538461,1.0,1.0,0.7777777777777778,0.9166666666666666,0.9230769230769231,0.9
clinical_only_model,logreg,none,0,3,40,25,0.9306666666666668,0.9643219891219892,0.13691929866914027,0.4158109923450015,6.499059494469156,0.38239240972406024,0.16148539810513718,0.5,19,0,15,6,0.76,1.0,1.0,0.7142857142857143,0.8636363636363636,0.88,0.85,0.3466556591155222,23,8,7,2,0.92,0.4666666666666667,0.7419354838709677,0.7777777777777778,0.8214285714285714,0.6933333333333334,0.75
clinical_only_model,logreg,none,0,4,40,25,0.8706666666666668,0.9442881956752927,0.10530279887666386,0.5507080581262342,1.8138930827332296,0.7218814650815654,0.09202572980292512,0.5,20,0,15,5,0.8,1.0,1.0,0.75,0.888888888888889,0.9,0.875,0.1901717964028235,21,1,14,4,0.84,0.9333333333333333,0.9545454545454546,0.7777777777777778,0.8936170212765958,0.8866666666666667,0.875
clinical_only_model,logreg,none,1,0,40,26,0.8653846153846155,0.9473732407942934,0.09838707633385149,0.5675293347962572,2.095867199788879,0.3249412130547181,0.06627570015065232,0.5,22,0,14,4,0.8461538461538461,1.0,1.0,0.7777777777777778,0.9166666666666666,0.9230769230769231,0.9,0.312986841678681,22,0,14,4,0.8461538461538461,1.0,1.0,0.7777777777777778,0.9166666666666666,0.9230769230769231,0.9
clinical_only_model,logreg,none,1,1,40,26,0.9120879120879122,0.9658679555738379,0.1347933042492212,0.4075019593440826,3.0691455579943714,0.9249262618697551,0.14214624465038914,0.5,19,0,14,7,0.7307692307692307,1.0,1.0,0.6666666666666666,0.8444444444444443,0.8653846153846154,0.825,0.2646684232117685,23,0,14,3,0.8846153846153846,1.0,1.0,0.8235294117647058,0.9387755102040816,0.9423076923076923,0.925
clinical_only_model,logreg,none,1,2,40,26,0.9697802197802198,0.9885654885654885,0.04498353103870181,0.8022701932364755,3.954283278037623,0.18162930276313907,0.09259348029673109,0.5,24,0,14,2,0.9230769230769231,1.0,1.0,0.875,0.9600000000000001,0.9615384615384616,0.95,0.1770376217501436,25,4,10,1,0.9615384615384616,0.7142857142857143,0.8620689655172413,0.9090909090909091,0.9090909090909091,0.8379120879120879,0.875
clinical_only_model,logreg,none,1,3,40,25,0.8893333333333333,0.9510564620564621,0.12351943706703057,0.4729837351806696,1.6197651265562234,0.6802889919209857,0.09245580438126366,0.5,19,0,15,6,0.76,1.0,1.0,0.7142857142857143,0.8636363636363636,0.88,0.85,0.2716234486892099,20,1,14,5,0.8,0.9333333333333333,0.9523809523809523,0.7368421052631579,0.8695652173913043,0.8666666666666667,0.85
clinical_only_model,logreg,none,1,4,40,25,0.8853333333333333,0.9505555996577668,0.09130459589670996,0.6104337241740375,0.9345833884513516,0.14273754667798477,0.08589522722370987,0.5,21,0,15,4,0.84,1.0,1.0,0.7894736842105263,0.9130434782608696,0.9199999999999999,0.9,0.2300111383139116,22,7,8,3,0.88,0.5333333333333333,0.7586206896551724,0.7272727272727273,0.8148148148148148,0.7066666666666667,0.75
clinical_only_model,logreg,none,2,0,40,26,0.9766483516483516,0.99010989010989,0.11950936595988859,0.4746841056708193,9.45554205430125,0.38038086675589555,0.2876157921781164,0.5,23,0,14,3,0.8846153846153846,1.0,1.0,0.8235294117647058,0.9387755102040816,0.9423076923076923,0.925,0.3601206895147922,25,8,6,1,0.9615384615384616,0.42857142857142855,0.7575757575757576,0.8571428571428571,0.8474576271186441,0.695054945054945,0.775
clinical_only_model,logreg,none,2,1,40,26,1.0,1.0,0.02475385816495707,0.891191832241947,,-0.8347200945098455,0.10729965343244013,0.5,26,0,14,0,1.0,1.0,1.0,1.0,1.0,1.0,1.0,0.2584887366433055,26,6,8,0,1.0,0.5714285714285714,0.8125,1.0,0.896551724137931,0.7857142857142857,0.85
clinical_only_model,logreg,none,2,2,40,26,0.7953296703296704,0.9113391250659154,0.1604593527771828,0.29468416361677907,0.8588012523823472,1.2989235324106485,0.1337110034893173,0.5,18,0,14,8,0.6923076923076923,1.0,1.0,0.6363636363636364,0.8181818181818181,0.8461538461538461,0.8,0.3446840470521832,18,0,14,8,0.6923076923076923,1.0,1.0,0.6363636363636364,0.8181818181818181,0.8461538461538461,0.8
clinical_only_model,logreg,none,2,3,40,25,0.8613333333333333,0.9415829170829171,0.11815984818852762,0.4958513143956155,1.8812835326690973,0.8105855091515577,0.09718741681913451,0.5,19,0,15,6,0.76,1.0,1.0,0.7142857142857143,0.8636363636363636,0.88,0.85,0.1948999877028953,21,1,14,4,0.84,0.9333333333333333,0.9545454545454546,0.7777777777777778,0.8936170212765958,0.8866666666666667,0.875
clinical_only_model,logreg,none,2,4,40,25,0.956,0.979027027027027,0.05799421669646382,0.7525580087617544,2.57028293823908,0.0013014081062528693,0.07902034540352461,0.5,23,0,15,2,0.92,1.0,1.0,0.8823529411764706,0.9583333333333334,0.96,0.95,0.2469866958111053,23,3,12,2,0.92,0.8,0.8846153846153846,0.8571428571428571,0.9019607843137256,0.8600000000000001,0.875
clinical_only_model,logreg,none,3,0,40,26,0.8502747252747254,0.9387583262970259,0.15094644061686993,0.3364991621236487,1.7193876135001565,1.1225859125470092,0.15082745691692317,0.5,17,0,14,9,0.6538461538461539,1.0,1.0,0.6086956521739131,0.7906976744186047,0.8269230769230769,0.775,0.2614317970083945,20,0,14,6,0.7692307692307693,1.0,1.0,0.7,0.8695652173913044,0.8846153846153846,0.85
clinical_only_model,logreg,none,3,1,40,26,0.9491758241758242,0.9788716207391928,0.14992355986103206,0.3409953412701888,9.006262462257359,0.3970760730018207,0.17103679629359428,0.5,22,0,14,4,0.8461538461538461,1.0,1.0,0.7777777777777778,0.9166666666666666,0.9230769230769231,0.9,0.4139519305453558,24,6,8,2,0.9230769230769231,0.5714285714285714,0.8,0.8,0.8571428571428571,0.7472527472527473,0.8
clinical_only_model,logreg,none,3,2,40,26,0.9230769230769231,0.9692109692109692,0.0686351700059465,0.6983069450288066,1.4762483306882805,-0.039839765116524054,0.08966021034682,0.5,23,0,14,3,0.8846153846153846,1.0,1.0,0.8235294117647058,0.9387755102040816,0.9423076923076923,0.925,0.2269847249128773,24,4,10,2,0.9230769230769231,0.7142857142857143,0.8571428571428571,0.8333333333333334,0.888888888888889,0.8186813186813187,0.85
clinical_only_model,logreg,none,3,3,40,25,0.9493333333333334,0.9770000000000001,0.067990463945063,0.7099073538343978,6.586836121136491,0.08770683721043535,0.0468584734608994,0.5,22,0,15,3,0.88,1.0,1.0,0.8333333333333334,0.9361702127659575,0.94,0.925,0.2246684859134262,23,0,15,2,0.92,1.0,1.0,0.8823529411764706,0.9583333333333334,0.96,0.95
clinical_only_model,logreg,none,3,4,40,25,0.9466666666666668,0.9761179361179362,0.06939530888503474,0.7039133487571851,2.006598722998581,-0.1805448787517666,0.057249741302804004,0.5,22,0,15,3,0.88,1.0,1.0,0.8333333333333334,0.9361702127659575,0.94,0.925,0.2646207466069402,23,7,8,2,0.92,0.5333333333333333,0.7666666666666667,0.8,0.8363636363636363,0.7266666666666667,0.775
clinical_only_model,logreg,none,4,0,40,26,0.9175824175824177,0.9677350427350425,0.08180699273830433,0.6404088231283326,1.593286404032828,0.3719210700923734,0.08350859136375414,0.5,23,0,14,3,0.8846153846153846,1.0,1.0,0.8235294117647058,0.9387755102040816,0.9423076923076923,0.925,0.2555942268396231,23,2,12,3,0.8846153846153846,0.8571428571428571,0.92,0.8,0.9019607843137256,0.8708791208791209,0.875
clinical_only_model,logreg,none,4,1,40,26,0.9436813186813188,0.9781249999999999,0.14249629392833396,0.3736426640512792,5.734924992754045,0.539325284644642,0.2707554641715008,0.5,22,0,14,4,0.8461538461538461,1.0,1.0,0.7777777777777778,0.9166666666666666,0.9230769230769231,0.9,0.3760264466487926,24,4,10,2,0.9230769230769231,0.7142857142857143,0.8571428571428571,0.8333333333333334,0.888888888888889,0.8186813186813187,0.85
clinical_only_model,logreg,none,4,2,40,26,0.9725274725274725,0.9868293471234647,0.07290008211429758,0.6795600786184721,5.403774135919658,0.41709932756201423,0.0638236971820387,0.5,23,0,14,3,0.8846153846153846,1.0,1.0,0.8235294117647058,0.9387755102040816,0.9423076923076923,0.925,0.1913721056137569,25,7,7,1,0.9615384615384616,0.5,0.78125,0.875,0.8620689655172413,0.7307692307692308,0.8
clinical_only_model,logreg,none,4,3,40,25,0.9146666666666666,0.9597518037518038,0.12775582310627087,0.4549084880799109,5.136624075780072,0.4544537467266299,0.15908417802610192,0.5,18,0,15,7,0.72,1.0,1.0,0.6818181818181818,0.8372093023255813,0.86,0.825,0.3300144250573281,21,0,15,4,0.84,1.0,1.0,0.7894736842105263,0.9130434782608696,0.9199999999999999,0.9
clinical_only_model,logreg,none,4,4,40,25,0.8599999999999999,0.9430555555555555,0.11505184174737652,0.5091121418778601,1.6211639606348025,0.25407371294912445,0.1783416703185763,0.5,21,0,15,4,0.84,1.0,1.0,0.7894736842105263,0.9130434782608696,0.9199999999999999,0.9,0.336509904713084,21,5,10,4,0.84,0.6666666666666666,0.8076923076923077,0.7142857142857143,0.8235294117647058,0.7533333333333333,0.775
clinical_only_model,logreg,sigmoid,0,0,40,26,0.9052197802197803,0.9637651821862347,0.08918747488204203,0.6079671433756395,2.216369828787911,0.06630417114324653,0.10114252503247159,0.5,22,0,14,4,0.8461538461538461,1.0,1.0,0.7777777777777778,0.9166666666666666,0.9230769230769231,0.9,0.3219395448788642,23,5,9,3,0.8846153846153846,0.6428571428571429,0.8214285714285714,0.75,0.8518518518518519,0.7637362637362637,0.8
clinical_only_model,logreg,sigmoid,0,1,40,26,0.9354395604395606,0.9755494505494504,0.08042395207935701,0.646488122728101,1.5051192115463323,-0.4715831298758125,0.1320751000562653,0.5,24,1,13,2,0.9230769230769231,0.9285714285714286,0.96,0.8666666666666667,0.9411764705882353,0.9258241758241759,0.925,0.3778496857939022,24,6,8,2,0.9230769230769231,0.5714285714285714,0.8,0.8,0.8571428571428571,0.7472527472527473,0.8
clinical_only_model,logreg,sigmoid,0,2,40,26,0.896978021978022,0.958057623380204,0.1266118588006236,0.4434643569203359,3.343059152731153,0.4629084550550252,0.10073422149567979,0.5,19,0,14,7,0.7307692307692307,1.0,1.0,0.6666666666666666,0.8444444444444443,0.8653846153846154,0.825,0.3718588390866581,22,0,14,4,0.8461538461538461,1.0,1.0,0.7777777777777778,0.9166666666666666,0.9230769230769231,0.9
clinical_only_model,logreg,sigmoid,0,3,40,25,0.9306666666666668,0.9643219891219892,0.10231351894576765,0.5634623191647247,2.8545861365186993,-0.06786919920211272,0.09457611644009112,0.5,20,0,15,5,0.8,1.0,1.0,0.75,0.888888888888889,0.9,0.875,0.3252105909353449,25,11,4,0,1.0,0.26666666666666666,0.6944444444444444,1.0,0.819672131147541,0.6333333333333333,0.725
clinical_only_model,logreg,sigmoid,0,4,40,25,0.876,0.946245926487306,0.09666182784000613,0.5875762012159739,1.7602824074457168,0.11318628487346667,0.14388969327547524,0.5,21,0,15,4,0.84,1.0,1.0,0.7894736842105263,0.9130434782608696,0.9199999999999999,0.9,0.3293676051965393,21,1,14,4,0.84,0.9333333333333333,0.9545454545454546,0.7777777777777778,0.8936170212765958,0.8866666666666667,0.875
clinical_only_model,logreg,sigmoid,1,0,40,26,0.8653846153846155,0.9473732407942934,0.09506490474827284,0.5821322868207788,1.7935969703229566,0.13437186283341573,0.06235096617942669,0.5,22,0,14,4,0.8461538461538461,1.0,1.0,0.7777777777777778,0.9166666666666666,0.9230769230769231,0.9,0.3559428783549119,22,0,14,4,0.8461538461538461,1.0,1.0,0.7777777777777778,0.9166666666666666,0.9230769230769231,0.9
clinical_only_model,logreg,sigmoid,1,1,40,26,0.9120879120879122,0.9658679555738379,0.10209487678967064,0.5512313108146345,2.190892426233038,0.3542085284526106,0.09018105570859,0.5,21,0,14,5,0.8076923076923077,1.0,1.0,0.7368421052631579,0.8936170212765957,0.9038461538461539,0.875,0.3886002494053679,22,0,14,4,0.8461538461538461,1.0,1.0,0.7777777777777778,0.9166666666666666,0.9230769230769231,0.9
clinical_only_model,logreg,sigmoid,1,2,40,26,0.9725274725274725,0.9893162393162392,0.06087189071775503,0.7324312495922856,6.337545318928976,-0.23411560536148907,0.15375973107183685,0.5,25,0,14,1,0.9615384615384616,1.0,1.0,0.9333333333333333,0.9803921568627451,0.9807692307692308,0.975,0.3470014102936644,25,0,14,1,0.9615384615384616,1.0,1.0,0.9333333333333333,0.9803921568627451,0.9807692307692308,0.975
clinical_only_model,logreg,sigmoid,1,3,40,25,0.8786666666666667,0.9453383526244676,0.11471896641603703,0.510532409958242,1.163207881804776,0.08115829910388914,0.10000095862735238,0.5,19,0,15,6,0.76,1.0,1.0,0.7142857142857143,0.8636363636363636,0.88,0.85,0.3882004156837022,21,2,13,4,0.84,0.8666666666666667,0.9130434782608695,0.7647058823529411,0.8749999999999999,0.8533333333333333,0.85
clinical_only_model,logreg,sigmoid,1,4,40,25,0.8933333333333333,0.9531741954831938,0.09398462705501123,0.5989989245652854,1.6803946282179802,-0.03521005362465564,0.06472931739078894,0.5,21,0,15,4,0.84,1.0,1.0,0.7894736842105263,0.9130434782608696,0.9199999999999999,0.9,0.3241144331996707,21,4,11,4,0.84,0.7333333333333333,0.84,0.7333333333333333,0.8399999999999999,0.7866666666666666,0.8
clinical_only_model,logreg,sigmoid,2,0,40,26,0.9766483516483516,0.99010989010989,0.07297742058472538,0.6792201292979103,4.1838876885682454,-0.19184195028616657,0.12628953851164315,0.5,24,0,14,2,0.9230769230769231,1.0,1.0,0.875,0.9600000000000001,0.9615384615384616,0.95,0.3531149257892987,25,7,7,1,0.9615384615384616,0.5,0.78125,0.875,0.8620689655172413,0.7307692307692308,0.8
clinical_only_model,logreg,sigmoid,2,1,40,26,1.0,1.0,0.04854109200671788,0.7866325626078335,,-0.45452710008023406,0.16778363419663866,0.5,26,0,14,0,1.0,1.0,1.0,1.0,1.0,1.0,1.0,0.3438990942003036,26,2,12,0,1.0,0.8571428571428571,0.9285714285714286,1.0,0.962962962962963,0.9285714285714286,0.95
clinical_only_model,logreg,sigmoid,2,2,40,26,0.8008241758241758,0.9150021287289191,0.14027860003599896,0.3833907690725321,1.1328364867281302,0.5402670469735418,0.07014992349276888,0.5,18,0,14,8,0.6923076923076923,1.0,1.0,0.6363636363636364,0.8181818181818181,0.8461538461538461,0.8,0.4268089055558305,18,0,14,8,0.6923076923076923,1.0,1.0,0.6363636363636364,0.8181818181818181,0.8461538461538461,0.8
clinical_only_model,logreg,sigmoid,2,3,40,25,0.8613333333333333,0.9415829170829171,0.10598131272339481,0.5478130657135154,1.657146315198726,0.16509418466419354,0.04116760727883764,0.5,20,0,15,5,0.8,1.0,1.0,0.75,0.888888888888889,0.9,0.875,0.3496927458387664,20,0,15,5,0.8,1.0,1.0,0.75,0.888888888888889,0.9,0.875
clinical_only_model,logreg,sigmoid,2,4,40,25,0.956,0.979027027027027,0.08630848750595323,0.6317504533079329,5.183090977139695,-0.1580424849239389,0.16024016701082752,0.5,23,0,15,2,0.92,1.0,1.0,0.8823529411764706,0.9583333333333334,0.96,0.95,0.3160003253375171,25,14,1,0,1.0,0.06666666666666667,0.6410256410256411,1.0,0.7812500000000001,0.5333333333333333,0.65
clinical_only_model,logreg,sigmoid,3,0,40,26,0.8475274725274726,0.937010074548774,0.12921241958943902,0.4320333204859824,1.5596768359990036,0.5275909787365524,0.07358564654918173,0.5,20,0,14,6,0.7692307692307693,1.0,1.0,0.7,0.8695652173913044,0.8846153846153846,0.85,0.391662706054119,20,0,14,6,0.7692307692307693,1.0,1.0,0.7,0.8695652173913044,0.8846153846153846,0.85
clinical_only_model,logreg,sigmoid,3,1,40,26,0.9436813186813188,0.9764822095920274,0.08767342468765536,0.6146223090652512,2.4197481115408643,-0.33439590782411593,0.12715084781500297,0.5,24,2,12,2,0.9230769230769231,0.8571428571428571,0.9230769230769231,0.8571428571428571,0.9230769230769231,0.8901098901098901,0.9,0.3532446728994718,25,7,7,1,0.9615384615384616,0.5,0.78125,0.875,0.8620689655172413,0.7307692307692308,0.8
clinical_only_model,logreg,sigmoid,3,2,40,26,0.9230769230769231,0.9692109692109692,0.07781934308996682,0.6579369534506952,2.4666978759731264,-0.1439739679945271,0.08294121663800874,0.5,23,0,14,3,0.8846153846153846,1.0,1.0,0.8235294117647058,0.9387755102040816,0.9423076923076923,0.925,0.3317685857558711,23,2,12,3,0.8846153846153846,0.8571428571428571,0.92,0.8,0.9019607843137256,0.8708791208791209,0.875
clinical_only_model,logreg,sigmoid,3,3,40,25,0.952,0.9781034482758622,0.08659945097820416,0.6305090091596622,19.851212400079802,0.08031754893670315,0.11977579226934551,0.5,22,0,15,3,0.88,1.0,1.0,0.8333333333333334,0.9361702127659575,0.94,0.925,0.3394751181381089,22,0,15,3,0.88,1.0,1.0,0.8333333333333334,0.9361702127659575,0.94,0.925
clinical_only_model,logreg,sigmoid,3,4,40,25,0.9466666666666668,0.9761179361179362,0.08409635280712566,0.6411888946895972,3.543308083392634,-0.23060904486714895,0.11099207507809235,0.5,22,0,15,3,0.88,1.0,1.0,0.8333333333333334,0.9361702127659575,0.94,0.925,0.3517219625386396,23,2,13,2,0.92,0.8666666666666667,0.92,0.8666666666666667,0.92,0.8933333333333333,0.9
clinical_only_model,logreg,sigmoid,4,0,40,26,0.9148351648351649,0.9670131670131669,0.09814752273170564,0.5685823176628323,2.731673336265496,0.23485445658084148,0.12221986448439587,0.5,22,0,14,4,0.8461538461538461,1.0,1.0,0.7777777777777778,0.9166666666666666,0.9230769230769231,0.9,0.3481282920126276,23,1,13,3,0.8846153846153846,0.9285714285714286,0.9583333333333334,0.8125,0.9199999999999999,0.9065934065934066,0.9
clinical_only_model,logreg,sigmoid,4,1,40,26,0.9436813186813188,0.9781249999999999,0.07753299577540079,0.6591956229652712,1.611666211520671,-0.2549418395723093,0.09391753764381261,0.5,24,1,13,2,0.9230769230769231,0.9285714285714286,0.96,0.8666666666666667,0.9411764705882353,0.9258241758241759,0.925,0.3233530355879137,24,6,8,2,0.9230769230769231,0.5714285714285714,0.8,0.8,0.8571428571428571,0.7472527472527473,0.8
clinical_only_model,logreg,sigmoid,4,2,40,26,0.9725274725274725,0.9868293471234647,0.06880977620726605,0.6975394452427865,4.685511543379225,-0.15129021635170958,0.11424175386210328,0.5,23,0,14,3,0.8846153846153846,1.0,1.0,0.8235294117647058,0.9387755102040816,0.9423076923076923,0.925,0.3229704298734989,25,3,11,1,0.9615384615384616,0.7857142857142857,0.8928571428571429,0.9166666666666666,0.9259259259259259,0.8736263736263736,0.9
clinical_only_model,logreg,sigmoid,4,3,40,25,0.9146666666666666,0.9597518037518038,0.10758337370365734,0.540977605531062,3.3236238627879566,0.22751711933528557,0.11180531172392982,0.5,20,0,15,5,0.8,1.0,1.0,0.75,0.888888888888889,0.9,0.875,0.365821081075416,21,0,15,4,0.84,1.0,1.0,0.7894736842105263,0.9130434782608696,0.9199999999999999,0.9
clinical_only_model,logreg,sigmoid,4,4,40,25,0.8599999999999999,0.9430555555555555,0.11493518938963801,0.5096098586042112,1.4433115605583342,0.07507995993687441,0.09759670876814236,0.5,21,0,15,4,0.84,1.0,1.0,0.7894736842105263,0.9130434782608696,0.9199999999999999,0.9,0.3766791245396649,21,5,10,4,0.84,0.6666666666666666,0.8076923076923077,0.7142857142857143,0.8235294117647058,0.7533333333333333,0.775
clinical_only_model,random_forest,isotonic,0,0,40,26,0.9546703296703297,0.9801282051282052,0.06277384211623296,0.7240710236649102,1.262711762714467,0.0792256398017864,0.048757052321009346,0.5,23,0,14,3,0.8846153846153846,1.0,1.0,0.8235294117647058,0.9387755102040816,0.9423076923076923,0.925,0.2958333333333333,24,5,9,2,0.9230769230769231,0.6428571428571429,0.8275862068965517,0.8181818181818182,0.8727272727272727,0.7829670329670331,0.825
clinical_only_model,random_forest,isotonic,0,1,40,26,0.9848901098901098,0.9918414918414918,0.03853973375109487,0.8305945769182643,1.3626686521023708,-0.42775412305858673,0.047384638648502134,0.5,24,0,14,2,0.9230769230769231,1.0,1.0,0.875,0.9600000000000001,0.9615384615384616,0.95,0.3166176482698281,25,2,12,1,0.9615384615384616,0.8571428571428571,0.9259259259259259,0.9230769230769231,0.9433962264150944,0.9093406593406593,0.925
clinical_only_model,random_forest,isotonic,0,2,40,26,0.9093406593406593,0.9540349552271011,0.1109484109913337,0.5123146769611706,3.6506306193416953,0.8484486855169069,0.08221184979627015,0.5,22,1,13,4,0.8461538461538461,0.9285714285714286,0.9565217391304348,0.7647058823529411,0.8979591836734695,0.8873626373626373,0.875,0.738694711486142,22,1,13,4,0.8461538461538461,0.9285714285714286,0.9565217391304348,0.7647058823529411,0.8979591836734695,0.8873626373626373,0.875
clinical_only_model,random_forest,isotonic,0,3,40,25,0.9613333333333334,0.9755984555984556,0.0602323614078348,0.7430085913265716,1.1519880502860398,0.036794678519026944,0.019487106260766558,0.5,22,0,15,3,0.88,1.0,1.0,0.8333333333333334,0.9361702127659575,0.94,0.925,0.2168656029977222,22,2,13,3,0.88,0.8666666666666667,0.9166666666666666,0.8125,0.8979591836734694,0.8733333333333333,0.875
clinical_only_model,random_forest,isotonic,0,4,40,25,0.9573333333333334,0.9713752913752913,0.07316996568532538,0.6878081464092783,1.0203627093638163,0.17438225479839015,0.02811742791114779,0.5,21,0,15,4,0.84,1.0,1.0,0.7894736842105263,0.9130434782608696,0.9199999999999999,0.9,0.3465843716393526,23,3,12,2,0.92,0.8,0.8846153846153846,0.8571428571428571,0.9019607843137256,0.8600000000000001,0.875
clinical_only_model,random_forest,isotonic,1,0,40,26,0.9326923076923077,0.966729630522734,0.0915819011558166,0.5974421927216853,0.4806956904576564,0.657416299101942,0.09742801912230203,0.5,22,0,14,4,0.8461538461538461,1.0,1.0,0.7777777777777778,0.9166666666666666,0.9230769230769231,0.9,0.7796851793731134,22,0,14,4,0.8461538461538461,1.0,1.0,0.7777777777777778,0.9166666666666666,0.9230769230769231,0.9
clinical_only_model,random_forest,isotonic,1,1,40,26,0.9862637362637362,0.9937965260545906,0.05651331248754121,0.7515898352195991,2.76478153123707,0.5257273765130706,0.04602538120497849,0.5,23,0,14,3,0.8846153846153846,1.0,1.0,0.8235294117647058,0.9387755102040816,0.9423076923076923,0.925,0.2280693600687953,25,2,12,1,0.9615384615384616,0.8571428571428571,0.9259259259259259,0.9230769230769231,0.9433962264150944,0.9093406593406593,0.925
clinical_only_model,random_forest,isotonic,1,2,40,26,0.9656593406593407,0.9865384615384616,0.042462025776066246,0.813353732852456,0.33150045679129936,-1.1665158576206165,0.07235302730147566,0.5,25,0,14,1,0.9615384615384616,1.0,1.0,0.9333333333333333,0.9803921568627451,0.9807692307692308,0.975,0.3071428571428571,25,5,9,1,0.9615384615384616,0.6428571428571429,0.8333333333333334,0.9,0.8928571428571429,0.8021978021978022,0.85
clinical_only_model,random_forest,isotonic,1,3,40,25,0.9693333333333333,0.9820281794586578,0.06045561581635388,0.7420560391835568,2.2106787031614235,-0.21228886053584392,0.040836806872174385,0.5,23,1,14,2,0.92,0.9333333333333333,0.9583333333333334,0.875,0.9387755102040817,0.9266666666666667,0.925,0.2681818181818182,23,1,14,2,0.92,0.9333333333333333,0.9583333333333334,0.875,0.9387755102040817,0.9266666666666667,0.925
clinical_only_model,random_forest,isotonic,1,4,40,25,0.9493333333333334,0.9739428571428571,0.06543636385260222,0.7208048475622305,0.5446466389706063,0.3778876546771883,0.0242740420150418,0.5,22,0,15,3,0.88,1.0,1.0,0.8333333333333334,0.9361702127659575,0.94,0.925,0.3915793790476407,22,0,15,3,0.88,1.0,1.0,0.8333333333333334,0.9361702127659575,0.94,0.925
clinical_only_model,random_forest,isotonic,2,0,40,26,0.9821428571428571,0.9918414918414918,0.026939201647219458,0.8815859268254089,1.3872798256421746,-0.8067643936214407,0.032796897830449846,0.5,25,0,14,1,0.9615384615384616,1.0,1.0,0.9333333333333333,0.9803921568627451,0.9807692307692308,0.975,0.325672654990451,25,0,14,1,0.9615384615384616,1.0,1.0,0.9333333333333333,0.9803921568627451,0.9807692307692308,0.975
clinical_only_model,random_forest,isotonic,2,1,40,26,1.0,1.0,0.015895468917035964,0.9301298069580837,,-1.52358536393659,0.06577549765047769,0.5,26,0,14,0,1.0,1.0,1.0,1.0,1.0,1.0,1.0,0.2416666666666666,26,6,8,0,1.0,0.5714285714285714,0.8125,1.0,0.896551724137931,0.7857142857142857,0.85
clinical_only_model,random_forest,isotonic,2,2,40,26,0.8447802197802198,0.9304155614500442,0.15679207940271683,0.31080404658146454,1.4871088751869976,0.9704643656657793,0.11623888401014358,0.5,18,0,14,8,0.6923076923076923,1.0,1.0,0.6363636363636364,0.8181818181818181,0.8461538461538461,0.8,0.92526595325881,18,0,14,8,0.6923076923076923,1.0,1.0,0.6363636363636364,0.8181818181818181,0.8461538461538461,0.8
clinical_only_model,random_forest,isotonic,2,3,40,25,0.9733333333333334,0.9832367816091954,0.07634195850032632,0.6742743103986077,2.2581155139168163,1.0996291728326022,0.06557485180041178,0.5,21,0,15,4,0.84,1.0,1.0,0.7894736842105263,0.9130434782608696,0.9199999999999999,0.9,0.3915420906654709,21,0,15,4,0.84,1.0,1.0,0.7894736842105263,0.9130434782608696,0.9199999999999999,0.9
clinical_only_model,random_forest,isotonic,2,4,40,25,0.9613333333333334,0.9777777777777779,0.05188665439869046,0.778616941232254,1.2257377298249563,-0.49213569032615223,0.04188431318234154,0.5,23,1,14,2,0.92,0.9333333333333333,0.9583333333333334,0.875,0.9387755102040817,0.9266666666666667,0.925,0.289901660933387,23,1,14,2,0.92,0.9333333333333333,0.9583333333333334,0.875,0.9387755102040817,0.9266666666666667,0.925
clinical_only_model,random_forest,isotonic,3,0,40,26,0.9148351648351647,0.9533799533799534,0.10057673962175248,0.557904441223066,2.3193539889946697,0.9895373385442279,0.07678446224623894,0.5,20,0,14,6,0.7692307692307693,1.0,1.0,0.7,0.8695652173913044,0.8846153846153846,0.85,0.6864091384595686,20,0,14,6,0.7692307692307693,1.0,1.0,0.7,0.8695652173913044,0.8846153846153846,0.85
clinical_only_model,random_forest,isotonic,3,1,40,26,0.9766483516483516,0.9901098901098901,0.0617282624499806,0.7286669782418436,0.7539768351219194,-1.755007037734642,0.09365093763492663,0.5,25,1,13,1,0.9615384615384616,0.9285714285714286,0.9615384615384616,0.9285714285714286,0.9615384615384616,0.945054945054945,0.95,0.3958333333333333,25,7,7,1,0.9615384615384616,0.5,0.78125,0.875,0.8620689655172413,0.7307692307692308,0.8
clinical_only_model,random_forest,isotonic,3,2,40,26,0.945054945054945,0.9733997512635284,0.06494660809405847,0.7145204039821605,2.853400233329976,0.7773910811242811,0.03469257493863106,0.5,23,0,14,3,0.8846153846153846,1.0,1.0,0.8235294117647058,0.9387755102040816,0.9423076923076923,0.925,0.683471721977615,23,0,14,3,0.8846153846153846,1.0,1.0,0.8235294117647058,0.9387755102040816,0.9423076923076923,0.925
clinical_only_model,random_forest,isotonic,3,3,40,25,0.9666666666666666,0.9795391705069124,0.045329727246595564,0.8065931637478589,2.4439390891783974,-0.02640003206508672,0.01864385770079277,0.5,23,0,15,2,0.92,1.0,1.0,0.8823529411764706,0.9583333333333334,0.96,0.95,0.4214285714285714,23,0,15,2,0.92,1.0,1.0,0.8823529411764706,0.9583333333333334,0.96,0.95
clinical_only_model,random_forest,isotonic,3,4,40,25,0.9426666666666667,0.9716666666666667,0.06361022988404166,0.7285963524947556,0.600766084101193,-0.10945356998312547,0.03854673863783942,0.5,23,1,14,2,0.92,0.9333333333333333,0.9583333333333334,0.875,0.9387755102040817,0.9266666666666667,0.925,0.3053571428571429,23,1,14,2,0.92,0.9333333333333333,0.9583333333333334,0.875,0.9387755102040817,0.9266666666666667,0.925
clinical_only_model,random_forest,isotonic,4,0,40,26,0.9601648351648352,0.9818720705817481,0.05760219145513477,0.7468035540433636,1.0276188590216833,0.34991642150199664,0.025569934694153203,0.5,23,0,14,3,0.8846153846153846,1.0,1.0,0.8235294117647058,0.9387755102040816,0.9423076923076923,0.925,0.275,24,1,13,2,0.9230769230769231,0.9285714285714286,0.96,0.8666666666666667,0.9411764705882353,0.9258241758241759,0.925
clinical_only_model,random_forest,isotonic,4,1,40,26,0.9972527472527473,0.9972527472527473,0.031480907500910246,0.8616223846113835,,-0.5065428616261763,0.0518821632109439,0.5,24,0,14,2,0.9230769230769231,1.0,1.0,0.875,0.9600000000000001,0.9615384615384616,0.95,0.2828339887387038,25,0,14,1,0.9615384615384616,1.0,1.0,0.9333333333333333,0.9803921568627451,0.9807692307692308,0.975
clinical_only_model,random_forest,isotonic,4,2,40,26,0.9725274725274725,0.9819004524886878,0.04643120474351267,0.795906792336208,2.1077114068947487,0.14767703852712974,0.03020356481680944,0.5,24,0,14,2,0.9230769230769231,1.0,1.0,0.875,0.9600000000000001,0.9615384615384616,0.95,0.2973989086437723,24,0,14,2,0.9230769230769231,1.0,1.0,0.875,0.9600000000000001,0.9615384615384616,0.95
clinical_only_model,random_forest,isotonic,4,3,40,25,0.908,0.9540964052287582,0.09000310001972855,0.6159867732491582,5.683080368096343,0.24007037026047023,0.06995689497964695,0.5,21,0,15,4,0.84,1.0,1.0,0.7894736842105263,0.9130434782608696,0.9199999999999999,0.9,0.5166666666666666,21,0,15,4,0.84,1.0,1.0,0.7894736842105263,0.9130434782608696,0.9199999999999999,0.9
clinical_only_model,random_forest,isotonic,4,4,40,25,0.892,0.9527284020327499,0.09293880428322394,0.6034611017249112,0.5594635482166576,0.23503006660887202,0.07250418680687498,0.5,22,1,14,3,0.88,0.9333333333333333,0.9565217391304348,0.8235294117647058,0.9166666666666666,0.9066666666666667,0.9,0.3702342246605474,22,1,14,3,0.88,0.9333333333333333,0.9565217391304348,0.8235294117647058,0.9166666666666666,0.9066666666666667,0.9
clinical_only_model,random_forest,none,0,0,40,26,0.9642857142857143,0.9865384615384615,0.08227258835784204,0.6383622489765186,5.069447368899013,0.447243784654219,0.1088616736206162,0.5,23,0,14,3,0.8846153846153846,1.0,1.0,0.8235294117647058,0.9387755102040816,0.9423076923076923,0.925,0.2601122879163942,25,0,14,1,0.9615384615384616,1.0,1.0,0.9333333333333333,0.9803921568627451,0.9807692307692308,0.975
clinical_only_model,random_forest,none,0,1,40,26,0.9793956043956044,0.99010989010989,0.05843200835635308,0.7431560072248216,7.0537679747936775,0.16904251372739287,0.10580340206601566,0.5,24,0,14,2,0.9230769230769231,1.0,1.0,0.875,0.9600000000000001,0.9615384615384616,0.95,0.2657053066980178,25,0,14,1,0.9615384615384616,1.0,1.0,0.9333333333333333,0.9803921568627451,0.9807692307692308,0.975
clinical_only_model,random_forest,none,0,2,40,26,0.9436813186813187,0.9756586362355593,0.12889472684157086,0.43342977212496336,2.9037554545764945,0.872140225095901,0.1552904249858231,0.5,20,0,14,6,0.7692307692307693,1.0,1.0,0.7,0.8695652173913044,0.8846153846153846,0.85,0.3419264032300841,22,1,13,4,0.8461538461538461,0.9285714285714286,0.9565217391304348,0.7647058823529411,0.8979591836734695,0.8873626373626373,0.875
clinical_only_model,random_forest,none,0,3,40,25,0.9733333333333333,0.9808294930875577,0.0887046986206685,0.6215266192184811,13.840035963498094,-0.041235121792541664,0.1413154035959201,0.5,22,0,15,3,0.88,1.0,1.0,0.8333333333333334,0.9361702127659575,0.94,0.925,0.3593665206044,22,0,15,3,0.88,1.0,1.0,0.8333333333333334,0.9361702127659575,0.94,0.925
clinical_only_model,random_forest,none,0,4,40,25,0.956,0.9751601731601733,0.0949561062407803,0.5948539467060041,8.746957538749028,-0.025773629352619162,0.10639644632457938,0.5,21,0,15,4,0.84,1.0,1.0,0.7894736842105263,0.9130434782608696,0.9199999999999999,0.9,0.3748865497886885,21,0,15,4,0.84,1.0,1.0,0.7894736842105263,0.9130434782608696,0.9199999999999999,0.9
clinical_only_model,random_forest,none,1,0,40,26,0.9313186813186813,0.9676629245594763,0.09750015925676705,0.5714278713988262,4.4038748227247,0.1211363697858492,0.10276204803438689,0.5,21,0,14,5,0.8076923076923077,1.0,1.0,0.7368421052631579,0.8936170212765957,0.9038461538461539,0.875,0.3987522027926334,22,0,14,4,0.8461538461538461,1.0,1.0,0.7777777777777778,0.9166666666666666,0.9230769230769231,0.9
clinical_only_model,random_forest,none,1,1,40,26,0.9945054945054944,0.9972527472527473,0.09988387758594207,0.5609499886332217,14.421446807842935,0.6789657233829394,0.15768376993801342,0.5,22,0,14,4,0.8461538461538461,1.0,1.0,0.7777777777777778,0.9166666666666666,0.9230769230769231,0.9,0.2212132869643695,25,2,12,1,0.9615384615384616,0.8571428571428571,0.9259259259259259,0.9230769230769231,0.9433962264150944,0.9093406593406593,0.925
clinical_only_model,random_forest,none,1,2,40,26,0.9684065934065934,0.9871794871794871,0.06002420032402157,0.736157361213092,3.4862099760935665,0.30778713054215967,0.16088624893496734,0.5,25,0,14,1,0.9615384615384616,1.0,1.0,0.9333333333333333,0.9803921568627451,0.9807692307692308,0.975,0.2494206347751704,25,5,9,1,0.9615384615384616,0.6428571428571429,0.8333333333333334,0.9,0.8928571428571429,0.8021978021978022,0.85
clinical_only_model,random_forest,none,1,3,40,25,0.9746666666666667,0.9853615127919911,0.09082496641658908,0.61248014328922,9.117646197214986,0.3591491876427456,0.07083809269715607,0.5,21,0,15,4,0.84,1.0,1.0,0.7894736842105263,0.9130434782608696,0.9199999999999999,0.9,0.2568398848116294,23,1,14,2,0.92,0.9333333333333333,0.9583333333333334,0.875,0.9387755102040817,0.9266666666666667,0.925
clinical_only_model,random_forest,none,1,4,40,25,0.9600000000000001,0.9786346153846155,0.08418902516386086,0.6407934926341936,6.459781693759202,-0.08593411855798117,0.12699873791850236,0.5,22,0,15,3,0.88,1.0,1.0,0.8333333333333334,0.9361702127659575,0.94,0.925,0.3709634371047335,22,0,15,3,0.88,1.0,1.0,0.8333333333333334,0.9361702127659575,0.94,0.925
clinical_only_model,random_forest,none,2,0,40,26,0.9958791208791208,0.9972527472527472,0.061519744525664534,0.7295835405465295,,0.33492711712682294,0.16082784146970436,0.5,24,0,14,2,0.9230769230769231,1.0,1.0,0.875,0.9600000000000001,0.9615384615384616,0.95,0.25094839845468,25,0,14,1,0.9615384615384616,1.0,1.0,0.9333333333333333,0.9803921568627451,0.9807692307692308,0.975
clinical_only_model,random_forest,none,2,1,40,26,1.0,0.9999999999999999,0.04636020296812893,0.7962188880521806,,0.1825882780074313,0.17599255462932828,0.5,25,0,14,1,0.9615384615384616,1.0,1.0,0.9333333333333333,0.9803921568627451,0.9807692307692308,0.975,0.2428635256693581,26,3,11,0,1.0,0.7857142857142857,0.896551724137931,1.0,0.9454545454545454,0.8928571428571428,0.925
clinical_only_model,random_forest,none,2,2,40,26,0.8365384615384616,0.9255336774118323,0.14620314499815765,0.3573488131949115,1.548221963259793,0.8496108859036152,0.11918858877549207,0.5,18,0,14,8,0.6923076923076923,1.0,1.0,0.6363636363636364,0.8181818181818181,0.8461538461538461,0.8,0.5173225360783928,18,0,14,8,0.6923076923076923,1.0,1.0,0.6363636363636364,0.8181818181818181,0.8461538461538461,0.8
clinical_only_model,random_forest,none,2,3,40,25,0.9573333333333334,0.9793825825825826,0.10494996048828445,0.552213501916653,15.436503948603153,0.6210721741267293,0.15897604279286454,0.5,20,0,15,5,0.8,1.0,1.0,0.75,0.888888888888889,0.9,0.875,0.3014315024911129,20,0,15,5,0.8,1.0,1.0,0.75,0.888888888888889,0.9,0.875
clinical_only_model,random_forest,none,2,4,40,25,0.972,0.9854945054945056,0.08506557703476439,0.6370535379850053,4.62692925640108,-0.08286825377087609,0.16300918858669075,0.5,23,0,15,2,0.92,1.0,1.0,0.8823529411764706,0.9583333333333334,0.96,0.95,0.400081736708354,23,1,14,2,0.92,0.9333333333333333,0.9583333333333334,0.875,0.9387755102040817,0.9266666666666667,0.925
clinical_only_model,random_forest,none,3,0,40,26,0.8997252747252747,0.9578754578754578,0.10515602524483103,0.537775713209534,7.6290413656850005,0.8409386324141405,0.09979471593221594,0.5,21,0,14,5,0.8076923076923077,1.0,1.0,0.7368421052631579,0.8936170212765957,0.9038461538461539,0.875,0.5612222222222222,21,0,14,5,0.8076923076923077,1.0,1.0,0.7368421052631579,0.8936170212765957,0.9038461538461539,0.875
clinical_only_model,random_forest,none,3,1,40,26,0.9711538461538461,0.9885654885654884,0.058842176496082255,0.7413530703468912,3.6521671989009734,0.15837106206449517,0.1502830358195389,0.5,25,0,14,1,0.9615384615384616,1.0,1.0,0.9333333333333333,0.9803921568627451,0.9807692307692308,0.975,0.2691825491223898,25,2,12,1,0.9615384615384616,0.8571428571428571,0.9259259259259259,0.9230769230769231,0.9433962264150944,0.9093406593406593,0.925
clinical_only_model,random_forest,none,3,2,40,26,0.9615384615384616,0.9819675959713908,0.07698791200094614,0.6615915956002367,9.848299597998869,0.38751912399373367,0.07514691519003931,0.5,23,0,14,3,0.8846153846153846,1.0,1.0,0.8235294117647058,0.9387755102040816,0.9423076923076923,0.925,0.2769799800999628,23,0,14,3,0.8846153846153846,1.0,1.0,0.8235294117647058,0.9387755102040816,0.9423076923076923,0.925
clinical_only_model,random_forest,none,3,3,40,25,0.9493333333333333,0.9766087675765095,0.05517362222959771,0.7645925451537164,0.8296230411061676,0.7763644080943641,0.04204919292989147,0.5,23,0,15,2,0.92,1.0,1.0,0.8823529411764706,0.9583333333333334,0.96,0.95,0.38,23,0,15,2,0.92,1.0,1.0,0.8823529411764706,0.9583333333333334,0.96,0.95
clinical_only_model,random_forest,none,3,4,40,25,0.9533333333333331,0.9792857142857145,0.08672138102486698,0.6299887742939009,5.445151006503078,-0.10473658372477336,0.16229750537348892,0.5,22,0,15,3,0.88,1.0,1.0,0.8333333333333334,0.9361702127659575,0.94,0.925,0.4029772331315236,23,0,15,2,0.92,1.0,1.0,0.8823529411764706,0.9583333333333334,0.96,0.95
clinical_only_model,random_forest,none,4,0,40,26,0.9725274725274725,0.9877206127206126,0.09166603354030801,0.5970723800426021,10.248229278217941,0.6041829089108774,0.15280877077217508,0.5,22,0,14,4,0.8461538461538461,1.0,1.0,0.7777777777777778,0.9166666666666666,0.9230769230769231,0.9,0.2310849048116064,24,0,14,2,0.9230769230769231,1.0,1.0,0.875,0.9600000000000001,0.9615384615384616,0.95
clinical_only_model,random_forest,none,4,1,40,26,0.9876373626373626,0.9937965260545906,0.06015800561155702,0.7355692061030461,18.884471061838052,0.18432750242841214,0.10387051660788901,0.5,24,0,14,2,0.9230769230769231,1.0,1.0,0.875,0.9600000000000001,0.9615384615384616,0.95,0.2447153017153229,25,3,11,1,0.9615384615384616,0.7857142857142857,0.8928571428571429,0.9166666666666666,0.9259259259259259,0.8736263736263736,0.9
clinical_only_model,random_forest,none,4,2,40,26,0.9862637362637363,0.992022792022792,0.07098056608291278,0.6879975117234602,13.450294624416177,0.3097808381108136,0.08488277858487536,0.5,23,0,14,3,0.8846153846153846,1.0,1.0,0.8235294117647058,0.9387755102040816,0.9423076923076923,0.925,0.2560706066081763,24,0,14,2,0.9230769230769231,1.0,1.0,0.875,0.9600000000000001,0.9615384615384616,0.95
clinical_only_model,random_forest,none,4,3,40,25,0.8986666666666667,0.9526344169246648,0.10965951837824565,0.5321193882528186,2.670233546259929,0.13060328830236656,0.13129091969083834,0.5,21,0,15,4,0.84,1.0,1.0,0.7894736842105263,0.9130434782608696,0.9199999999999999,0.9,0.4126764549656684,21,0,15,4,0.84,1.0,1.0,0.7894736842105263,0.9130434782608696,0.9199999999999999,0.9
clinical_only_model,random_forest,none,4,4,40,25,0.9080000000000001,0.9561201071018745,0.09882493730749811,0.5783469341546748,7.1981436611088565,1.0321975918361608,0.12053532528953396,0.5,22,1,14,3,0.88,0.9333333333333333,0.9565217391304348,0.8235294117647058,0.9166666666666666,0.9066666666666667,0.9,0.4313333333333333,22,1,14,3,0.88,0.9333333333333333,0.9565217391304348,0.8235294117647058,0.9166666666666666,0.9066666666666667,0.9
clinical_only_model,random_forest,sigmoid,0,0,40,26,0.9656593406593407,0.9871794871794871,0.060406178975063105,0.7344783341755468,3.3182681111988863,-0.039038188978386915,0.0871002283002593,0.5,23,0,14,3,0.8846153846153846,1.0,1.0,0.8235294117647058,0.9387755102040816,0.9423076923076923,0.925,0.2787088993703173,25,5,9,1,0.9615384615384616,0.6428571428571429,0.8333333333333334,0.9,0.8928571428571429,0.8021978021978022,0.85
clinical_only_model,random_forest,sigmoid,0,1,40,26,0.9821428571428571,0.9918414918414917,0.04700884281629185,0.7933677238844314,4.022451582511807,-0.3590039803321299,0.06533993854145397,0.5,24,0,14,2,0.9230769230769231,1.0,1.0,0.875,0.9600000000000001,0.9615384615384616,0.95,0.3269774502226774,25,0,14,1,0.9615384615384616,1.0,1.0,0.9333333333333333,0.9803921568627451,0.9807692307692308,0.975
clinical_only_model,random_forest,sigmoid,0,2,40,26,0.9409340659340659,0.9743437118437118,0.0971882837163747,0.5727987528950563,1.8851465691262421,0.5346523741066228,0.08419483904629947,0.5,22,0,14,4,0.8461538461538461,1.0,1.0,0.7777777777777778,0.9166666666666666,0.9230769230769231,0.9,0.4186423341624795,22,1,13,4,0.8461538461538461,0.9285714285714286,0.9565217391304348,0.7647058823529411,0.8979591836734695,0.8873626373626373,0.875
clinical_only_model,random_forest,sigmoid,0,3,40,25,0.976,0.9833691756272401,0.06597727175219335,0.7184969738573084,8.172151471072409,-0.1086279905062189,0.06252991584554517,0.5,22,0,15,3,0.88,1.0,1.0,0.8333333333333334,0.9361702127659575,0.94,0.925,0.3015628699501055,22,0,15,3,0.88,1.0,1.0,0.8333333333333334,0.9361702127659575,0.94,0.925
clinical_only_model,random_forest,sigmoid,0,4,40,25,0.9373333333333332,0.965752765752766,0.07808457705378728,0.666839137903841,2.817056404264312,0.08311115360755492,0.07326754819736017,0.5,21,0,15,4,0.84,1.0,1.0,0.7894736842105263,0.9130434782608696,0.9199999999999999,0.9,0.3883716935845067,21,0,15,4,0.84,1.0,1.0,0.7894736842105263,0.9130434782608696,0.9199999999999999,0.9
clinical_only_model,random_forest,sigmoid,1,0,40,26,0.9313186813186813,0.9676629245594763,0.08553542152122019,0.6240201251814498,2.1530274034037014,0.29426791961688853,0.052351051667948165,0.5,21,0,14,5,0.8076923076923077,1.0,1.0,0.7368421052631579,0.8936170212765957,0.9038461538461539,0.875,0.3764263014188619,22,0,14,4,0.8461538461538461,1.0,1.0,0.7777777777777778,0.9166666666666666,0.9230769230769231,0.9
clinical_only_model,random_forest,sigmoid,1,1,40,26,0.9917582417582417,0.9960212201591511,0.07268939283033078,0.6804861853611833,10.797002160753744,0.35194094954395433,0.09815778529638047,0.5,22,0,14,4,0.8461538461538461,1.0,1.0,0.7777777777777778,0.9166666666666666,0.9230769230769231,0.9,0.2528474609929693,24,0,14,2,0.9230769230769231,1.0,1.0,0.875,0.9600000000000001,0.9615384615384616,0.95
clinical_only_model,random_forest,sigmoid,1,2,40,26,0.9725274725274725,0.9893162393162392,0.042441040426889266,0.8134459761455417,2.232796211184505,-0.3968010663259556,0.10106963130724224,0.5,25,0,14,1,0.9615384615384616,1.0,1.0,0.9333333333333333,0.9803921568627451,0.9807692307692308,0.975,0.3073492252576083,25,4,10,1,0.9615384615384616,0.7142857142857143,0.8620689655172413,0.9090909090909091,0.9090909090909091,0.8379120879120879,0.875
clinical_only_model,random_forest,sigmoid,1,3,40,25,0.9746666666666667,0.9853615127919912,0.07483970338576859,0.6806839322207207,6.884844082911538,0.008852612662198276,0.0453913732911403,0.5,21,0,15,4,0.84,1.0,1.0,0.7894736842105263,0.9130434782608696,0.9199999999999999,0.9,0.293390815383744,23,1,14,2,0.92,0.9333333333333333,0.9583333333333334,0.875,0.9387755102040817,0.9266666666666667,0.925
clinical_only_model,random_forest,sigmoid,1,4,40,25,0.9493333333333334,0.9747963800904977,0.06432121842310255,0.7255628013947624,2.247870527967334,-0.03428127143314831,0.04354010396150035,0.5,22,0,15,3,0.88,1.0,1.0,0.8333333333333334,0.9361702127659575,0.94,0.925,0.3350235948829719,22,0,15,3,0.88,1.0,1.0,0.8333333333333334,0.9361702127659575,0.94,0.925
clinical_only_model,random_forest,sigmoid,2,0,40,26,0.9903846153846153,0.9948717948717948,0.03793279443814805,0.8332624420301185,11.448980943363589,-0.2997596787726936,0.09546565233123312,0.5,25,0,14,1,0.9615384615384616,1.0,1.0,0.9333333333333333,0.9803921568627451,0.9807692307692308,0.975,0.3362236780286843,25,0,14,1,0.9615384615384616,1.0,1.0,0.9333333333333333,0.9803921568627451,0.9807692307692308,0.975
clinical_only_model,random_forest,sigmoid,2,1,40,26,1.0,1.0,0.029098902254324478,0.8720927373436287,,-0.5242916187660498,0.1259492083186598,0.5,26,0,14,0,1.0,1.0,1.0,1.0,1.0,1.0,1.0,0.2934962966232572,26,3,11,0,1.0,0.7857142857142857,0.896551724137931,1.0,0.9454545454545454,0.8928571428571428,0.925
clinical_only_model,random_forest,sigmoid,2,2,40,26,0.8337912087912088,0.9244379070852928,0.14131215626002297,0.3788476647911079,1.0475068529185418,0.7524563369944955,0.08809091332594542,0.5,18,0,14,8,0.6923076923076923,1.0,1.0,0.6363636363636364,0.8181818181818181,0.8461538461538461,0.8,0.7074765976489424,18,0,14,8,0.6923076923076923,1.0,1.0,0.6363636363636364,0.8181818181818181,0.8461538461538461,0.8
clinical_only_model,random_forest,sigmoid,2,3,40,25,0.9733333333333333,0.9846136200716846,0.08849501002453189,0.6224212905619972,11.92370944473708,0.3369525190968628,0.09239992320831927,0.5,20,0,15,5,0.8,1.0,1.0,0.75,0.888888888888889,0.9,0.875,0.3348684152367365,20,0,15,5,0.8,1.0,1.0,0.75,0.888888888888889,0.9,0.875
clinical_only_model,random_forest,sigmoid,2,4,40,25,0.972,0.9854945054945056,0.05945270445791129,0.7463351276462451,2.486672304391476,-0.1949754569534251,0.09886077583310522,0.5,23,0,15,2,0.92,1.0,1.0,0.8823529411764706,0.9583333333333334,0.96,0.95,0.3088424564677429,23,1,14,2,0.92,0.9333333333333333,0.9583333333333334,0.875,0.9387755102040817,0.9266666666666667,0.925
clinical_only_model,random_forest,sigmoid,3,0,40,26,0.8887362637362638,0.9539439055568086,0.10138122417847395,0.5543682453693454,1.2563173568406318,0.543035737704703,0.10946231276128424,0.5,21,0,14,5,0.8076923076923077,1.0,1.0,0.7368421052631579,0.8936170212765957,0.9038461538461539,0.875,0.6012811988984869,20,0,14,6,0.7692307692307693,1.0,1.0,0.7,0.8695652173913044,0.8846153846153846,0.85
clinical_only_model,random_forest,sigmoid,3,1,40,26,0.9766483516483516,0.99010989010989,0.044873337750730845,0.8027545593374469,2.267093132154391,-0.5186792968601207,0.1048360836392423,0.5,25,0,14,1,0.9615384615384616,1.0,1.0,0.9333333333333333,0.9803921568627451,0.9807692307692308,0.975,0.3130874531002605,25,4,10,1,0.9615384615384616,0.7142857142857143,0.8620689655172413,0.9090909090909091,0.9090909090909091,0.8379120879120879,0.875
clinical_only_model,random_forest,sigmoid,3,2,40,26,0.9615384615384616,0.9822367803137033,0.06354872142158194,0.7206649607842552,5.566993238055079,-0.003189427698679415,0.036821974184963586,0.5,23,0,14,3,0.8846153846153846,1.0,1.0,0.8235294117647058,0.9387755102040816,0.9423076923076923,0.925,0.3482735486409081,23,0,14,3,0.8846153846153846,1.0,1.0,0.8235294117647058,0.9387755102040816,0.9423076923076923,0.925
clinical_only_model,random_forest,sigmoid,3,3,40,25,0.9626666666666666,0.9805714285714286,0.05306520126303316,0.7735884746110585,2.198303052252907,-0.02011799031398833,0.07720135918502763,0.5,23,0,15,2,0.92,1.0,1.0,0.8823529411764706,0.9583333333333334,0.96,0.95,0.4786189073814689,23,0,15,2,0.92,1.0,1.0,0.8823529411764706,0.9583333333333334,0.96,0.95
clinical_only_model,random_forest,sigmoid,3,4,40,25,0.952,0.9792857142857143,0.06408674669194306,0.7265632141143763,2.45164589896172,-0.05395514930175148,0.07453458802680729,0.5,22,0,15,3,0.88,1.0,1.0,0.8333333333333334,0.9361702127659575,0.94,0.925,0.3187328393683931,23,1,14,2,0.92,0.9333333333333333,0.9583333333333334,0.875,0.9387755102040817,0.9266666666666667,0.925
clinical_only_model,random_forest,sigmoid,4,0,40,26,0.9807692307692308,0.9918414918414916,0.06765528806203977,0.7026141184086163,7.723839884875513,0.17057751627188553,0.06508301842683628,0.5,23,0,14,3,0.8846153846153846,1.0,1.0,0.8235294117647058,0.9387755102040816,0.9423076923076923,0.925,0.2989430249678744,23,0,14,3,0.8846153846153846,1.0,1.0,0.8235294117647058,0.9387755102040816,0.9423076923076923,0.925
clinical_only_model,random_forest,sigmoid,4,1,40,26,0.9876373626373626,0.9937965260545906,0.046797480601155114,0.7942967885663511,13.488678807106291,-0.3378861230376264,0.07178182091016667,0.5,24,0,14,2,0.9230769230769231,1.0,1.0,0.875,0.9600000000000001,0.9615384615384616,0.95,0.2883818219579876,25,1,13,1,0.9615384615384616,0.9285714285714286,0.9615384615384616,0.9285714285714286,0.9615384615384616,0.945054945054945,0.95
clinical_only_model,random_forest,sigmoid,4,2,40,26,0.9862637362637363,0.992022792022792,0.055613673292208246,0.7555442932210626,6.925820616521913,-0.05650165201923614,0.0703292312426887,0.5,23,0,14,3,0.8846153846153846,1.0,1.0,0.8235294117647058,0.9387755102040816,0.9423076923076923,0.925,0.2872997634324239,24,0,14,2,0.9230769230769231,1.0,1.0,0.875,0.9600000000000001,0.9615384615384616,0.95
clinical_only_model,random_forest,sigmoid,4,3,40,25,0.896,0.9517632048034524,0.09104404100977141,0.6115454250249753,1.4489948307403104,0.13750427705490664,0.08731973412227714,0.5,21,0,15,4,0.84,1.0,1.0,0.7894736842105263,0.9130434782608696,0.9199999999999999,0.9,0.3904395675169653,21,0,15,4,0.84,1.0,1.0,0.7894736842105263,0.9130434782608696,0.9199999999999999,0.9
clinical_only_model,random_forest,sigmoid,4,4,40,25,0.8946666666666668,0.9561201071018745,0.09285778223772716,0.6038067957856974,1.0889802422173431,0.16297501210081272,0.1034665729773476,0.5,22,1,14,3,0.88,0.9333333333333333,0.9565217391304348,0.8235294117647058,0.9166666666666666,0.9066666666666667,0.9,0.4838989477961259,22,1,14,3,0.88,0.9333333333333333,0.9565217391304348,0.8235294117647058,0.9166666666666666,0.9066666666666667,0.9
clinical_only_model,svm,isotonic,0,0,40,26,0.9642857142857143,0.9865384615384616,0.04938840397739537,0.7829081143850753,0.7230399970927074,-0.5068844523586846,0.038085605601891476,0.5,24,0,14,2,0.9230769230769231,1.0,1.0,0.875,0.9600000000000001,0.9615384615384616,0.95,0.6297083141484415,24,0,14,2,0.9230769230769231,1.0,1.0,0.875,0.9600000000000001,0.9615384615384616,0.95
clinical_only_model,svm,isotonic,0,1,40,26,0.9821428571428571,0.9918414918414918,0.02858440122693946,0.8743542803211453,1.6954285143642274,-0.5065603575135853,0.03459937265585135,0.5,25,0,14,1,0.9615384615384616,1.0,1.0,0.9333333333333333,0.9803921568627451,0.9807692307692308,0.975,0.3463212970465446,25,0,14,1,0.9615384615384616,1.0,1.0,0.9333333333333333,0.9803921568627451,0.9807692307692308,0.975
clinical_only_model,svm,isotonic,0,2,40,26,0.8956043956043956,0.9581495427649274,0.11860635296333773,0.4786533935677464,2.5710409657010658,0.6080201907073559,0.09144468927560381,0.5,22,2,12,4,0.8461538461538461,0.8571428571428571,0.9166666666666666,0.75,0.8799999999999999,0.8516483516483516,0.85,0.522025276395278,22,2,12,4,0.8461538461538461,0.8571428571428571,0.9166666666666666,0.75,0.8799999999999999,0.8516483516483516,0.85
clinical_only_model,svm,isotonic,0,3,40,25,0.944,0.961081081081081,0.06568000754041123,0.7197653011609121,0.7968111405466399,0.7653603799636904,0.036620485155756166,0.5,22,0,15,3,0.88,1.0,1.0,0.8333333333333334,0.9361702127659575,0.94,0.925,0.4270941793611759,22,0,15,3,0.88,1.0,1.0,0.8333333333333334,0.9361702127659575,0.94,0.925
clinical_only_model,svm,isotonic,0,4,40,25,0.9826666666666667,0.9872261072261073,0.055698202093823236,0.7623543377330209,5.635187592724092,0.03164473268573202,0.05237972905842195,0.5,22,0,15,3,0.88,1.0,1.0,0.8333333333333334,0.9361702127659575,0.94,0.925,0.2666010485915159,23,0,15,2,0.92,1.0,1.0,0.8823529411764706,0.9583333333333334,0.96,0.95
clinical_only_model,svm,isotonic,1,0,40,26,0.9107142857142858,0.9584087481146304,0.0931053000053467,0.5907459340424321,3.387042375958323,0.5915136064092544,0.08801415551544432,0.5,22,0,14,4,0.8461538461538461,1.0,1.0,0.7777777777777778,0.9166666666666666,0.9230769230769231,0.9,0.8079912147925589,22,0,14,4,0.8461538461538461,1.0,1.0,0.7777777777777778,0.9166666666666666,0.9230769230769231,0.9
clinical_only_model,svm,isotonic,1,1,40,26,0.9876373626373627,0.9918414918414918,0.03367898625138028,0.8519604999939329,3.762279567612336,0.0054732626817976145,0.04173084289265678,0.5,24,0,14,2,0.9230769230769231,1.0,1.0,0.875,0.9600000000000001,0.9615384615384616,0.95,0.5708311859235589,24,0,14,2,0.9230769230769231,1.0,1.0,0.875,0.9600000000000001,0.9615384615384616,0.95
clinical_only_model,svm,isotonic,1,2,40,26,0.9615384615384616,0.9865384615384616,0.05109565714213288,0.7754037048697456,0.9162606667101455,-1.039607485600058,0.07097773640675888,0.5,25,0,14,1,0.9615384615384616,1.0,1.0,0.9333333333333333,0.9803921568627451,0.9807692307692308,0.975,0.4595313105140176,25,3,11,1,0.9615384615384616,0.7857142857142857,0.8928571428571429,0.9166666666666666,0.9259259259259259,0.8736263736263736,0.9
clinical_only_model,svm,isotonic,1,3,40,25,0.9680000000000001,0.9789348370927318,0.06294702574099047,0.7314260235051073,1.3629296424939539,0.02210751956074871,0.04774392725980331,0.5,22,1,14,3,0.88,0.9333333333333333,0.9565217391304348,0.8235294117647058,0.9166666666666666,0.9066666666666667,0.9,0.4480625942649116,22,1,14,3,0.88,0.9333333333333333,0.9565217391304348,0.8235294117647058,0.9166666666666666,0.9066666666666667,0.9
clinical_only_model,svm,isotonic,1,4,40,25,0.9453333333333334,0.9728844169246647,0.06388192640657668,0.7274371139986062,0.6721568639443274,0.3747111705235088,0.02026655942710794,0.5,22,0,15,3,0.88,1.0,1.0,0.8333333333333334,0.9361702127659575,0.94,0.925,0.7482296867664242,22,0,15,3,0.88,1.0,1.0,0.8333333333333334,0.9361702127659575,0.94,0.925
clinical_only_model,svm,isotonic,2,0,40,26,0.9958791208791208,0.9972527472527473,0.024263360363153852,0.8933478665355874,,-0.7050449375561267,0.02741588431483126,0.5,25,0,14,1,0.9615384615384616,1.0,1.0,0.9333333333333333,0.9803921568627451,0.9807692307692308,0.975,0.3630952380952381,25,0,14,1,0.9615384615384616,1.0,1.0,0.9333333333333333,0.9803921568627451,0.9807692307692308,0.975
clinical_only_model,svm,isotonic,2,1,40,26,1.0,1.0,0.011665030991735534,0.9487251384978658,,-5.817971866733508,0.05854166666666666,0.5,26,0,14,0,1.0,1.0,1.0,1.0,1.0,1.0,1.0,0.2363080050501863,26,4,10,0,1.0,0.7142857142857143,0.8666666666666667,1.0,0.9285714285714286,0.8571428571428572,0.9
clinical_only_model,svm,isotonic,2,2,40,26,0.875,0.946698917852764,0.11820005286358344,0.48043932807216083,0.9050783182587601,1.1711611400220627,0.0938670787616718,0.5,20,0,14,6,0.7692307692307693,1.0,1.0,0.7,0.8695652173913044,0.8846153846153846,0.85,0.9559821418937822,19,0,14,7,0.7307692307692307,1.0,1.0,0.6666666666666666,0.8444444444444443,0.8653846153846154,0.825
clinical_only_model,svm,isotonic,2,3,40,25,0.9253333333333333,0.9633908045977011,0.08598340699032557,0.6331374635079443,1.0393943878509038,1.0549049433873348,0.06615566744291033,0.5,20,0,15,5,0.8,1.0,1.0,0.75,0.888888888888889,0.9,0.875,0.9746953610719168,20,0,15,5,0.8,1.0,1.0,0.75,0.888888888888889,0.9,0.875
clinical_only_model,svm,isotonic,2,4,40,25,0.9426666666666668,0.9745510835913314,0.060938115027149097,0.7399973758841638,0.7259505921464144,-0.29237043087286013,0.02860213028042745,0.5,23,1,14,2,0.92,0.9333333333333333,0.9583333333333334,0.875,0.9387755102040817,0.9266666666666667,0.925,0.5557483281776983,23,1,14,2,0.92,0.9333333333333333,0.9583333333333334,0.875,0.9387755102040817,0.9266666666666667,0.925
clinical_only_model,svm,isotonic,3,0,40,26,0.9079670329670331,0.963034188034188,0.09215698024657107,0.5949143725425448,1.034568897032986,1.056603251210447,0.07364928122561265,0.5,21,0,14,5,0.8076923076923077,1.0,1.0,0.7368421052631579,0.8936170212765957,0.9038461538461539,0.875,0.6738605704460608,21,0,14,5,0.8076923076923077,1.0,1.0,0.7368421052631579,0.8936170212765957,0.9038461538461539,0.875
clinical_only_model,svm,isotonic,3,1,40,26,0.9697802197802198,0.9865384615384616,0.06572889142738973,0.7110817959235617,0.5820724619299048,-1.5767630948310865,0.0649606301424724,0.5,25,3,11,1,0.9615384615384616,0.7857142857142857,0.8928571428571429,0.9166666666666666,0.9259259259259259,0.8736263736263736,0.9,0.371384784278098,25,4,10,1,0.9615384615384616,0.7142857142857143,0.8620689655172413,0.9090909090909091,0.9090909090909091,0.8379120879120879,0.875
clinical_only_model,svm,isotonic,3,2,40,26,0.9217032967032968,0.9664867296446243,0.0687833530557782,0.6976555909636122,2.400110271625661,0.4759929668815929,0.045620024718401306,0.5,23,0,14,3,0.8846153846153846,1.0,1.0,0.8235294117647058,0.9387755102040816,0.9423076923076923,0.925,0.7875091806063552,23,0,14,3,0.8846153846153846,1.0,1.0,0.8235294117647058,0.9387755102040816,0.9423076923076923,0.925
clinical_only_model,svm,isotonic,3,3,40,25,0.976,0.983950103950104,0.04384723727515777,0.8129184542926602,2.049696964156267,-0.141196006752049,0.026477262565133206,0.5,23,0,15,2,0.92,1.0,1.0,0.8823529411764706,0.9583333333333334,0.96,0.95,0.5619319856890631,23,0,15,2,0.92,1.0,1.0,0.8823529411764706,0.9583333333333334,0.96,0.95
clinical_only_model,svm,isotonic,3,4,40,25,0.9266666666666667,0.9692792792792793,0.07078293182098824,0.6979928242304502,3.8003632797705333,0.04285165454620247,0.02380563850866442,0.5,22,0,15,3,0.88,1.0,1.0,0.8333333333333334,0.9361702127659575,0.94,0.925,0.5745941425997712,22,0,15,3,0.88,1.0,1.0,0.8333333333333334,0.9361702127659575,0.94,0.925
clinical_only_model,svm,isotonic,4,0,40,26,0.9752747252747251,0.9901098901098901,0.04020042294345906,0.8232948442045755,1.666332752104671,0.1253850916111253,0.043175585670609244,0.5,24,0,14,2,0.9230769230769231,1.0,1.0,0.875,0.9600000000000001,0.9615384615384616,0.95,0.4305576481036431,24,0,14,2,0.9230769230769231,1.0,1.0,0.875,0.9600000000000001,0.9615384615384616,0.95
clinical_only_model,svm,isotonic,4,1,40,26,0.9876373626373626,0.9937965260545906,0.03741827764229266,0.8355240543195926,0.6482401021392526,-1.37687394396626,0.05050134109195435,0.5,25,0,14,1,0.9615384615384616,1.0,1.0,0.9333333333333333,0.9803921568627451,0.9807692307692308,0.975,0.4358472871842161,25,3,11,1,0.9615384615384616,0.7857142857142857,0.8928571428571429,0.9166666666666666,0.9259259259259259,0.8736263736263736,0.9
clinical_only_model,svm,isotonic,4,2,40,26,0.9835164835164834,0.9896756469337115,0.04223311830646621,0.8143599195320167,3.1232904380948736,0.048365166890454,0.0020575518450180463,0.5,24,0,14,2,0.9230769230769231,1.0,1.0,0.875,0.9600000000000001,0.9615384615384616,0.95,0.6498346623133349,24,0,14,2,0.9230769230769231,1.0,1.0,0.875,0.9600000000000001,0.9615384615384616,0.95
clinical_only_model,svm,isotonic,4,3,40,25,0.8826666666666667,0.9454459203036053,0.09492738324455678,0.5949764981565577,3.4233183238678775,0.8683176878854287,0.062078523337724276,0.5,21,0,15,4,0.84,1.0,1.0,0.7894736842105263,0.9130434782608696,0.9199999999999999,0.9,0.9012163809989292,21,0,15,4,0.84,1.0,1.0,0.7894736842105263,0.9130434782608696,0.9199999999999999,0.9
clinical_only_model,svm,isotonic,4,4,40,25,0.9480000000000001,0.9709090909090909,0.10064444585705978,0.5705836976765449,2.5580520851150403,-0.35758816543448235,0.08482496430402231,0.5,22,3,12,3,0.88,0.8,0.88,0.8,0.88,0.8400000000000001,0.85,0.6291086683020979,22,1,14,3,0.88,0.9333333333333333,0.9565217391304348,0.8235294117647058,0.9166666666666666,0.9066666666666667,0.9
clinical_only_model,svm,none,0,0,40,26,0.9684065934065934,0.9878542510121457,0.04387377501192793,0.8071482417058113,2.668737962624611,-0.37801499269656236,0.03649879404179923,0.5,24,0,14,2,0.9230769230769231,1.0,1.0,0.875,0.9600000000000001,0.9615384615384616,0.95,0.314760191057433,24,0,14,2,0.9230769230769231,1.0,1.0,0.875,0.9600000000000001,0.9615384615384616,0.95
clinical_only_model,svm,none,0,1,40,26,0.9931318681318682,0.9960212201591511,0.03545366438584677,0.8441597169852889,,-0.4791761634682649,0.0641246240676425,0.5,24,0,14,2,0.9230769230769231,1.0,1.0,0.875,0.9600000000000001,0.9615384615384616,0.95,0.2242846566484393,25,0,14,1,0.9615384615384616,1.0,1.0,0.9333333333333333,0.9803921568627451,0.9807692307692308,0.975
clinical_only_model,svm,none,0,2,40,26,0.8942307692307694,0.9590236686390532,0.09733574884441218,0.5721505545300565,2.521979698881556,0.4553881285086941,0.06091959230040408,0.5,21,0,14,5,0.8076923076923077,1.0,1.0,0.7368421052631579,0.8936170212765957,0.9038461538461539,0.875,0.2762856080091097,22,0,14,4,0.8461538461538461,1.0,1.0,0.7777777777777778,0.9166666666666666,0.9230769230769231,0.9
clinical_only_model,svm,none,0,3,40,25,0.9466666666666668,0.9725274725274725,0.061853137821227255,0.7360932786294303,1.689731617071219,0.1815418100160394,0.012056870002069661,0.5,22,0,15,3,0.88,1.0,1.0,0.8333333333333334,0.9361702127659575,0.94,0.925,0.369224475386,22,0,15,3,0.88,1.0,1.0,0.8333333333333334,0.9361702127659575,0.94,0.925
clinical_only_model,svm,none,0,4,40,25,0.98,0.9868055555555557,0.0630140267278638,0.7311401526277812,,0.12397030464370026,0.05900339961948847,0.5,21,0,15,4,0.84,1.0,1.0,0.7894736842105263,0.9130434782608696,0.9199999999999999,0.9,0.2977590877908052,23,0,15,2,0.92,1.0,1.0,0.8823529411764706,0.9583333333333334,0.96,0.95
clinical_only_model,svm,none,1,0,40,26,0.9175824175824175,0.9631128159765932,0.08269460750037722,0.6365072197785617,1.1336508009068917,0.6579114404576695,0.05742616485344691,0.5,22,0,14,4,0.8461538461538461,1.0,1.0,0.7777777777777778,0.9166666666666666,0.9230769230769231,0.9,0.6985768215057059,22,0,14,4,0.8461538461538461,1.0,1.0,0.7777777777777778,0.9166666666666666,0.9230769230769231,0.9
clinical_only_model,svm,none,1,1,40,26,0.9917582417582417,0.9960212201591511,0.04843901603590088,0.7870812481938423,,0.04735333447639317,0.08430718221308979,0.5,24,0,14,2,0.9230769230769231,1.0,1.0,0.875,0.9600000000000001,0.9615384615384616,0.95,0.3341977704745089,24,0,14,2,0.9230769230769231,1.0,1.0,0.875,0.9600000000000001,0.9615384615384616,0.95
clinical_only_model,svm,none,1,2,40,26,0.9642857142857142,0.9871794871794871,0.031960360473486896,0.85951489901764,1.37227918881051,-0.6799403661856505,0.05081774384077029,0.5,25,0,14,1,0.9615384615384616,1.0,1.0,0.9333333333333333,0.9803921568627451,0.9807692307692308,0.975,0.2554447454715984,25,0,14,1,0.9615384615384616,1.0,1.0,0.9333333333333333,0.9803921568627451,0.9807692307692308,0.975
clinical_only_model,svm,none,1,3,40,25,0.9693333333333333,0.9841269841269842,0.06253411141722248,0.7331877912865175,2.5437824316837268,0.04464816414957265,0.042343657188267374,0.5,22,0,15,3,0.88,1.0,1.0,0.8333333333333334,0.9361702127659575,0.94,0.925,0.3228077602239805,23,1,14,2,0.92,0.9333333333333333,0.9583333333333334,0.875,0.9387755102040817,0.9266666666666667,0.925
clinical_only_model,svm,none,1,4,40,25,0.9466666666666668,0.9748038531341617,0.06258219972037571,0.7329826145263969,1.3468737849641232,0.11075569206735497,0.007235548145218303,0.5,22,0,15,3,0.88,1.0,1.0,0.8333333333333334,0.9361702127659575,0.94,0.925,0.4729923771580898,22,0,15,3,0.88,1.0,1.0,0.8333333333333334,0.9361702127659575,0.94,0.925
clinical_only_model,svm,none,2,0,40,26,0.9986263736263736,0.9985754985754985,0.02856411225340359,0.8744434626224018,,-0.7139670886799512,0.05302128055581585,0.5,25,0,14,1,0.9615384615384616,1.0,1.0,0.9333333333333333,0.9803921568627451,0.9807692307692308,0.975,0.2682285069744104,25,0,14,1,0.9615384615384616,1.0,1.0,0.9333333333333333,0.9803921568627451,0.9807692307692308,0.975
clinical_only_model,svm,none,2,1,40,26,1.0,1.0,0.013780201779497098,0.939427684485727,,-1.1127889523454892,0.07641519457577194,0.5,26,0,14,0,1.0,1.0,1.0,1.0,1.0,1.0,1.0,0.2340224501595935,26,0,14,0,1.0,1.0,1.0,1.0,1.0,1.0,1.0
clinical_only_model,svm,none,2,2,40,26,0.8832417582417582,0.9485951468710088,0.12299969384402268,0.45934200508121903,2.888467865429464,1.031106876538334,0.09415514671840665,0.5,19,0,14,7,0.7307692307692307,1.0,1.0,0.6666666666666666,0.8444444444444443,0.8653846153846154,0.825,0.9232897099988698,19,0,14,7,0.7307692307692307,1.0,1.0,0.6666666666666666,0.8444444444444443,0.8653846153846154,0.825
clinical_only_model,svm,none,2,3,40,25,0.92,0.9640123211446741,0.09059339118564616,0.6134681976079097,7.623379709492274,0.5062480437684175,0.04248886780835163,0.5,20,0,15,5,0.8,1.0,1.0,0.75,0.888888888888889,0.9,0.875,0.8733873235849908,20,0,15,5,0.8,1.0,1.0,0.75,0.888888888888889,0.9,0.875
clinical_only_model,svm,none,2,4,40,25,0.9586666666666667,0.9806015037593986,0.061575929456124445,0.7372760343205357,0.9311845346389032,-0.48989437937406083,0.03911419279675973,0.5,23,1,14,2,0.92,0.9333333333333333,0.9583333333333334,0.875,0.9387755102040817,0.9266666666666667,0.925,0.5222836421158656,23,1,14,2,0.92,0.9333333333333333,0.9583333333333334,0.875,0.9387755102040817,0.9266666666666667,0.925
clinical_only_model,svm,none,3,0,40,26,0.907967032967033,0.9630341880341878,0.11049899718861944,0.5142901222478267,,0.6216885620393874,0.06823837947334693,0.5,20,0,14,6,0.7692307692307693,1.0,1.0,0.7,0.8695652173913044,0.8846153846153846,0.85,0.4354398117636019,20,0,14,6,0.7692307692307693,1.0,1.0,0.7,0.8695652173913044,0.8846153846153846,0.85
clinical_only_model,svm,none,3,1,40,26,0.9766483516483517,0.99010989010989,0.05180543721991526,0.772283792439933,1.2465364752844479,-0.85300887701281,0.06358735320022586,0.5,25,2,12,1,0.9615384615384616,0.8571428571428571,0.9259259259259259,0.9230769230769231,0.9433962264150944,0.9093406593406593,0.925,0.2849229869177742,25,4,10,1,0.9615384615384616,0.7142857142857143,0.8620689655172413,0.9090909090909091,0.9090909090909091,0.8379120879120879,0.875
clinical_only_model,svm,none,3,2,40,26,0.945054945054945,0.9764957264957265,0.06502234256678267,0.7141875052009552,0.9480237158323628,0.11129671304514785,0.03295201081259701,0.5,23,0,14,3,0.8846153846153846,1.0,1.0,0.8235294117647058,0.9387755102040816,0.9423076923076923,0.925,0.5912275143087286,23,0,14,3,0.8846153846153846,1.0,1.0,0.8235294117647058,0.9387755102040816,0.9423076923076923,0.925
clinical_only_model,svm,none,3,3,40,25,0.9626666666666668,0.9803795066413663,0.050025327900754514,0.7865586009567808,7.853424500522883,-0.14526865482515514,0.04593197638198032,0.5,23,0,15,2,0.92,1.0,1.0,0.8823529411764706,0.9583333333333334,0.96,0.95,0.3794579759848479,23,0,15,2,0.92,1.0,1.0,0.8823529411764706,0.9583333333333334,0.96,0.95
clinical_only_model,svm,none,3,4,40,25,0.9600000000000001,0.980008210180624,0.05996210695967709,0.7441616769720445,1.98685670983144,-0.09808447480621132,0.03176530058220924,0.5,22,0,15,3,0.88,1.0,1.0,0.8333333333333334,0.9361702127659575,0.94,0.925,0.2463658243928539,23,1,14,2,0.92,0.9333333333333333,0.9583333333333334,0.875,0.9387755102040817,0.9266666666666667,0.925
clinical_only_model,svm,none,4,0,40,26,0.9725274725274725,0.9893162393162392,0.049031213339344536,0.7844781831237603,3.235444964176153,0.1393384072910803,0.07138908432179625,0.5,23,0,14,3,0.8846153846153846,1.0,1.0,0.8235294117647058,0.9387755102040816,0.9423076923076923,0.925,0.2743230352416355,24,0,14,2,0.9230769230769231,1.0,1.0,0.875,0.9600000000000001,0.9615384615384616,0.95
clinical_only_model,svm,none,4,1,40,26,0.9903846153846154,0.9948717948717949,0.035364329428350536,0.8445523981171406,1.7548493913901575,-0.7313600074232979,0.06791218294642076,0.5,25,0,14,1,0.9615384615384616,1.0,1.0,0.9333333333333333,0.9803921568627451,0.9807692307692308,0.975,0.2620045060668523,25,3,11,1,0.9615384615384616,0.7857142857142857,0.8928571428571429,0.9166666666666666,0.9259259259259259,0.8736263736263736,0.9
clinical_only_model,svm,none,4,2,40,26,0.9835164835164836,0.9909475232055875,0.04364114010725613,0.8081708127153576,,-0.368662289795166,0.05605590460277572,0.5,24,0,14,2,0.9230769230769231,1.0,1.0,0.875,0.9600000000000001,0.9615384615384616,0.95,0.2762384702873314,24,0,14,2,0.9230769230769231,1.0,1.0,0.875,0.9600000000000001,0.9615384615384616,0.95
clinical_only_model,svm,none,4,3,40,25,0.9013333333333333,0.9545986710692593,0.084971082937544,0.6374567127998123,1.106167716991461,0.4520160156562879,0.036199064164857936,0.5,21,0,15,4,0.84,1.0,1.0,0.7894736842105263,0.9130434782608696,0.9199999999999999,0.9,0.6207147138763958,21,0,15,4,0.84,1.0,1.0,0.7894736842105263,0.9130434782608696,0.9199999999999999,0.9
clinical_only_model,svm,none,4,4,40,25,0.924,0.9650811460629132,0.09248176582898562,0.6054111324629947,0.8150737138233858,-0.19757303162055667,0.055212620416349945,0.5,22,1,14,3,0.88,0.9333333333333333,0.9565217391304348,0.8235294117647058,0.9166666666666666,0.9066666666666667,0.9,0.6248703969446211,22,1,14,3,0.88,0.9333333333333333,0.9565217391304348,0.8235294117647058,0.9166666666666666,0.9066666666666667,0.9
clinical_only_model,svm,sigmoid,0,0,40,26,0.9656593406593407,0.9871794871794871,0.049378197897861006,0.7829529762731384,2.6055242558822327,-0.16474064755867016,0.09360397908304383,0.5,24,0,14,2,0.9230769230769231,1.0,1.0,0.875,0.9600000000000001,0.9615384615384616,0.95,0.3245397345390289,25,0,14,1,0.9615384615384616,1.0,1.0,0.9333333333333333,0.9803921568627451,0.9807692307692308,0.975
clinical_only_model,svm,sigmoid,0,1,40,26,0.9821428571428571,0.9918414918414917,0.04120356148238669,0.8188854440334651,8.159537163900671,-0.27453604163573514,0.09145225248314173,0.5,24,0,14,2,0.9230769230769231,1.0,1.0,0.875,0.9600000000000001,0.9615384615384616,0.95,0.3365171022224644,25,0,14,1,0.9615384615384616,1.0,1.0,0.9333333333333333,0.9803921568627451,0.9807692307692308,0.975
clinical_only_model,svm,sigmoid,0,2,40,26,0.8969780219780221,0.9599541897308645,0.11842104032809926,0.4794679546017616,5.435429895531235,0.5200728904644282,0.07537300537057927,0.5,19,0,14,7,0.7307692307692307,1.0,1.0,0.6666666666666666,0.8444444444444443,0.8653846153846154,0.825,0.3175585233168042,22,0,14,4,0.8461538461538461,1.0,1.0,0.7777777777777778,0.9166666666666666,0.9230769230769231,0.9
clinical_only_model,svm,sigmoid,0,3,40,25,0.968,0.9799007444168734,0.06201225007122402,0.7354143996961109,17.968061196241106,0.09664294901766643,0.08663257074408659,0.5,22,0,15,3,0.88,1.0,1.0,0.8333333333333334,0.9361702127659575,0.94,0.925,0.3682007861381114,22,0,15,3,0.88,1.0,1.0,0.8333333333333334,0.9361702127659575,0.94,0.925
clinical_only_model,svm,sigmoid,0,4,40,25,0.9746666666666667,0.9843534482758622,0.06651789814557049,0.7161903012455659,7.0353085741497825,0.10887985896217495,0.05972968087908775,0.5,21,0,15,4,0.84,1.0,1.0,0.7894736842105263,0.9130434782608696,0.9199999999999999,0.9,0.2981225463338538,23,0,15,2,0.92,1.0,1.0,0.8823529411764706,0.9583333333333334,0.96,0.95
clinical_only_model,svm,sigmoid,1,0,40,26,0.9175824175824175,0.9632950382950383,0.0807285434207344,0.6451492596890795,1.576551685351934,0.41548009535524616,0.03824894625401616,0.5,22,0,14,4,0.8461538461538461,1.0,1.0,0.7777777777777778,0.9166666666666666,0.9230769230769231,0.9,0.5940905936457216,22,0,14,4,0.8461538461538461,1.0,1.0,0.7777777777777778,0.9166666666666666,0.9230769230769231,0.9
clinical_only_model,svm,sigmoid,1,1,40,26,0.978021978021978,0.9909502262443438,0.053316529766896784,0.7656416273982558,8.05340588052167,0.1463186401626227,0.08300299780277301,0.5,24,0,14,2,0.9230769230769231,1.0,1.0,0.875,0.9600000000000001,0.9615384615384616,0.95,0.3297772097444535,24,0,14,2,0.9230769230769231,1.0,1.0,0.875,0.9600000000000001,0.9615384615384616,0.95
clinical_only_model,svm,sigmoid,1,2,40,26,0.9642857142857142,0.9871794871794871,0.03853273607967363,0.8306253359135225,2.110334910335855,-0.35104064201370677,0.12313218212493728,0.5,25,0,14,1,0.9615384615384616,1.0,1.0,0.9333333333333333,0.9803921568627451,0.9807692307692308,0.975,0.2816080210445255,25,1,13,1,0.9615384615384616,0.9285714285714286,0.9615384615384616,0.9285714285714286,0.9615384615384616,0.945054945054945,0.95
clinical_only_model,svm,sigmoid,1,3,40,25,0.964,0.9811904761904762,0.07104384792208393,0.6968795821991085,2.443941650887223,0.11377885545217192,0.053270359583415944,0.5,21,0,15,4,0.84,1.0,1.0,0.7894736842105263,0.9130434782608696,0.9199999999999999,0.9,0.3557812284547894,22,1,14,3,0.88,0.9333333333333333,0.9565217391304348,0.8235294117647058,0.9166666666666666,0.9066666666666667,0.9
clinical_only_model,svm,sigmoid,1,4,40,25,0.9413333333333334,0.9723898635477584,0.06528411282301685,0.721454451955128,1.8152634501106977,0.052905020941978194,0.03634243778452874,0.5,22,0,15,3,0.88,1.0,1.0,0.8333333333333334,0.9361702127659575,0.94,0.925,0.4488134346008142,22,0,15,3,0.88,1.0,1.0,0.8333333333333334,0.9361702127659575,0.94,0.925
clinical_only_model,svm,sigmoid,2,0,40,26,0.9903846153846154,0.9948717948717948,0.03437330546596276,0.8489085474023614,,-0.38379210281775317,0.08647812521546999,0.5,25,0,14,1,0.9615384615384616,1.0,1.0,0.9333333333333333,0.9803921568627451,0.9807692307692308,0.975,0.325395741450036,25,0,14,1,0.9615384615384616,1.0,1.0,0.9333333333333333,0.9803921568627451,0.9807692307692308,0.975
clinical_only_model,svm,sigmoid,2,1,40,26,1.0,0.9999999999999999,0.02182572731936569,0.9040627370577332,,-0.6482727428458172,0.11031947739623527,0.5,26,0,14,0,1.0,1.0,1.0,1.0,1.0,1.0,1.0,0.2657758684478022,26,2,12,0,1.0,0.8571428571428571,0.9285714285714286,1.0,0.962962962962963,0.9285714285714286,0.95
clinical_only_model,svm,sigmoid,2,2,40,26,0.8750000000000001,0.9461717586084993,0.11983138031507838,0.4732686579556995,4.088315606636477,0.7911872254141127,0.08601931310750179,0.5,19,0,14,7,0.7307692307692307,1.0,1.0,0.6666666666666666,0.8444444444444443,0.8653846153846154,0.825,0.7971619334641703,19,0,14,7,0.7307692307692307,1.0,1.0,0.6666666666666666,0.8444444444444443,0.8653846153846154,0.825
clinical_only_model,svm,sigmoid,2,3,40,25,0.9440000000000001,0.9733793843471263,0.0919119600237169,0.6078423038988079,10.454309092975977,0.4227050079591587,0.07911298573635583,0.5,20,0,15,5,0.8,1.0,1.0,0.75,0.888888888888889,0.9,0.875,0.7438819812855351,20,0,15,5,0.8,1.0,1.0,0.75,0.888888888888889,0.9,0.875
clinical_only_model,svm,sigmoid,2,4,40,25,0.956,0.9799267399267401,0.060716591014973106,0.7409425450027813,1.606875787214657,-0.20103736794632124,0.09318237955069245,0.5,23,1,14,2,0.92,0.9333333333333333,0.9583333333333334,0.875,0.9387755102040817,0.9266666666666667,0.925,0.4494422859338896,23,1,14,2,0.92,0.9333333333333333,0.9583333333333334,0.875,0.9387755102040817,0.9266666666666667,0.925
clinical_only_model,svm,sigmoid,3,0,40,26,0.907967032967033,0.9630341880341878,0.12167308660719747,0.4651732456826485,,0.5425042817037943,0.07549164157937178,0.5,18,0,14,8,0.6923076923076923,1.0,1.0,0.6363636363636364,0.8181818181818181,0.8461538461538461,0.8,0.3518660225914315,20,0,14,6,0.7692307692307693,1.0,1.0,0.7,0.8695652173913044,0.8846153846153846,0.85
clinical_only_model,svm,sigmoid,3,1,40,26,0.9766483516483517,0.99010989010989,0.05508741674507447,0.7578575088128595,1.9142343762354808,-0.4178705600343477,0.11361606317948764,0.5,25,1,13,1,0.9615384615384616,0.9285714285714286,0.9615384615384616,0.9285714285714286,0.9615384615384616,0.945054945054945,0.95,0.3468054393968004,25,4,10,1,0.9615384615384616,0.7142857142857143,0.8620689655172413,0.9090909090909091,0.9090909090909091,0.8379120879120879,0.875
clinical_only_model,svm,sigmoid,3,2,40,26,0.9313186813186813,0.9710737179487179,0.0663275942555756,0.708450135140327,1.5442466775684742,0.04680810991671085,0.03466278319670304,0.5,23,0,14,3,0.8846153846153846,1.0,1.0,0.8235294117647058,0.9387755102040816,0.9423076923076923,0.925,0.6214828698822811,23,0,14,3,0.8846153846153846,1.0,1.0,0.8235294117647058,0.9387755102040816,0.9423076923076923,0.925
clinical_only_model,svm,sigmoid,3,3,40,25,0.9840000000000001,0.9888888888888889,0.056365292591317465,0.7595080849437121,,0.0008264544314102924,0.08451442200508062,0.5,22,0,15,3,0.88,1.0,1.0,0.8333333333333334,0.9361702127659575,0.94,0.925,0.3803307740497569,23,0,15,2,0.92,1.0,1.0,0.8823529411764706,0.9583333333333334,0.96,0.95
clinical_only_model,svm,sigmoid,3,4,40,25,0.9306666666666668,0.9716666666666667,0.06399626038683445,0.7269492890161731,2.1641910471871215,-0.10508996621843249,0.052232667611777917,0.5,22,0,15,3,0.88,1.0,1.0,0.8333333333333334,0.9361702127659575,0.94,0.925,0.3640308226144225,22,0,15,3,0.88,1.0,1.0,0.8333333333333334,0.9361702127659575,0.94,0.925
clinical_only_model,svm,sigmoid,4,0,40,26,0.9725274725274725,0.9893162393162392,0.05507738980859206,0.757901583258936,5.960775759224413,0.1481413912801575,0.07763725627696805,0.5,23,0,14,3,0.8846153846153846,1.0,1.0,0.8235294117647058,0.9387755102040816,0.9423076923076923,0.925,0.3197009335063847,24,0,14,2,0.9230769230769231,1.0,1.0,0.875,0.9600000000000001,0.9615384615384616,0.95
clinical_only_model,svm,sigmoid,4,1,40,26,0.9903846153846154,0.9948717948717949,0.03943130088485155,0.8266756005061471,2.415963665329022,-0.4662656436066655,0.09019854146353862,0.5,25,0,14,1,0.9615384615384616,1.0,1.0,0.9333333333333333,0.9803921568627451,0.9807692307692308,0.975,0.2749607727984023,25,3,11,1,0.9615384615384616,0.7857142857142857,0.8928571428571429,0.9166666666666666,0.9259259259259259,0.8736263736263736,0.9
clinical_only_model,svm,sigmoid,4,2,40,26,0.9835164835164835,0.9909475232055875,0.04679122144490081,0.7943243013410953,9.043931562047232,-0.16402498706186944,0.05442014769027427,0.5,24,0,14,2,0.9230769230769231,1.0,1.0,0.875,0.9600000000000001,0.9615384615384616,0.95,0.3528504075021551,24,0,14,2,0.9230769230769231,1.0,1.0,0.875,0.9600000000000001,0.9615384615384616,0.95
clinical_only_model,svm,sigmoid,4,3,40,25,0.8826666666666666,0.9477536126112976,0.08653264939401632,0.630794029252197,1.5167114864611486,0.3325762479107298,0.10854279389270365,0.5,21,0,15,4,0.84,1.0,1.0,0.7894736842105263,0.9130434782608696,0.9199999999999999,0.9,0.5441642115428026,21,0,15,4,0.84,1.0,1.0,0.7894736842105263,0.9130434782608696,0.9199999999999999,0.9
clinical_only_model,svm,sigmoid,4,4,40,25,0.9346666666666666,0.9685443495261167,0.08684734509856806,0.6294513275794429,1.2361326198796105,0.002313015249128174,0.09251127534200189,0.5,22,1,14,3,0.88,0.9333333333333333,0.9565217391304348,0.8235294117647058,0.9166666666666666,0.9066666666666667,0.9,0.5095965970101068,22,1,14,3,0.88,0.9333333333333333,0.9565217391304348,0.8235294117647058,0.9166666666666666,0.9066666666666667,0.9
clinical_only_model,xgboost,isotonic,0,0,40,26,0.9203296703296704,0.9668645870258774,0.08061948199609806,0.645628650566602,3.8532445560673336,-0.08636783634665632,0.11039300956763325,0.5,23,0,14,3,0.8846153846153846,1.0,1.0,0.8235294117647058,0.9387755102040816,0.9423076923076923,0.925,0.2127631697803735,24,10,4,2,0.9230769230769231,0.2857142857142857,0.7058823529411765,0.6666666666666666,0.8000000000000002,0.6043956043956045,0.7
clinical_only_model,xgboost,isotonic,0,1,40,26,0.9766483516483517,0.9893162393162394,0.04190123911207352,0.8158187291776988,3.087456982684052,-0.7632675589037287,0.07103723394684498,0.5,24,0,14,2,0.9230769230769231,1.0,1.0,0.875,0.9600000000000001,0.9615384615384616,0.95,0.2546620182693004,25,7,7,1,0.9615384615384616,0.5,0.78125,0.875,0.8620689655172413,0.7307692307692308,0.8
clinical_only_model,xgboost,isotonic,0,2,40,26,0.8200549450549451,0.9230939704497396,0.16218885334092442,0.2870819633365961,0.3894140228477685,1.0483948623484438,0.194390055956319,0.5,19,0,14,7,0.7307692307692307,1.0,1.0,0.6666666666666666,0.8444444444444443,0.8653846153846154,0.825,0.3690588474273681,19,3,11,7,0.7307692307692307,0.7857142857142857,0.8636363636363636,0.6111111111111112,0.7916666666666666,0.7582417582417582,0.75
clinical_only_model,xgboost,isotonic,0,3,40,25,0.9173333333333333,0.9611729323308271,0.0733226374531514,0.687156746866554,0.6203931327537101,-0.007069456574640674,0.09280957197770474,0.5,22,0,15,3,0.88,1.0,1.0,0.8333333333333334,0.9361702127659575,0.94,0.925,0.297122161835432,22,1,14,3,0.88,0.9333333333333333,0.9565217391304348,0.8235294117647058,0.9166666666666666,0.9066666666666667,0.9
clinical_only_model,xgboost,isotonic,0,4,40,25,0.9239999999999999,0.9592063492063492,0.07704709466001149,0.6712657294506177,,-0.036646787017380104,0.02034102161414923,0.5,21,0,15,4,0.84,1.0,1.0,0.7894736842105263,0.9130434782608696,0.9199999999999999,0.9,0.2271832823753357,25,12,3,0,1.0,0.2,0.6756756756756757,1.0,0.8064516129032258,0.6,0.7
clinical_only_model,xgboost,isotonic,1,0,40,26,0.9175824175824175,0.9597186524749327,0.12313668976490415,0.45873982520921264,1.8988817607304642,0.2766822816381718,0.11326326706912368,0.5,21,3,11,5,0.8076923076923077,0.7857142857142857,0.875,0.6875,0.8400000000000001,0.7967032967032968,0.8,0.342882689088583,21,3,11,5,0.8076923076923077,0.7857142857142857,0.875,0.6875,0.8400000000000001,0.7967032967032968,0.8
clinical_only_model,xgboost,isotonic,1,1,40,26,0.9423076923076923,0.9692685341723803,0.10444424799330865,0.5409044044250169,1.6961110875109602,0.8577918477913858,0.07423507180064917,0.5,20,0,14,6,0.7692307692307693,1.0,1.0,0.7,0.8695652173913044,0.8846153846153846,0.85,0.1553446613252163,23,4,10,3,0.8846153846153846,0.7142857142857143,0.8518518518518519,0.7692307692307693,0.8679245283018868,0.7994505494505495,0.825
clinical_only_model,xgboost,isotonic,1,2,40,26,0.9642857142857143,0.9865384615384616,0.05171136827547691,0.772697282305596,7.595006797058458,-0.700833119203072,0.08340821033343675,0.5,25,0,14,1,0.9615384615384616,1.0,1.0,0.9333333333333333,0.9803921568627451,0.9807692307692308,0.975,0.2895734384655952,25,3,11,1,0.9615384615384616,0.7857142857142857,0.8928571428571429,0.9166666666666666,0.9259259259259259,0.8736263736263736,0.9
clinical_only_model,xgboost,isotonic,1,3,40,25,0.9239999999999999,0.9616410256410256,0.09769396159386239,0.5831724305328538,1.2327219537084588,0.18796080489049513,0.025927335058804582,0.5,20,0,15,5,0.8,1.0,1.0,0.75,0.888888888888889,0.9,0.875,0.218389131128788,21,5,10,4,0.84,0.6666666666666666,0.8076923076923077,0.7142857142857143,0.8235294117647058,0.7533333333333333,0.775
clinical_only_model,xgboost,isotonic,1,4,40,25,0.9186666666666667,0.9628040540540541,0.07718040102362418,0.6706969556325368,4.297235476359273,0.2245827021317317,0.08457113802433015,0.5,22,0,15,3,0.88,1.0,1.0,0.8333333333333334,0.9361702127659575,0.94,0.925,0.2214263323694467,22,4,11,3,0.88,0.7333333333333333,0.8461538461538461,0.7857142857142857,0.8627450980392156,0.8066666666666666,0.825
clinical_only_model,xgboost,isotonic,2,0,40,26,0.9532967032967032,0.9804100822776545,0.05367041922201328,0.7640860693537878,1.8497750355785965,-0.15977837791299893,0.041999085992574695,0.5,24,0,14,2,0.9230769230769231,1.0,1.0,0.875,0.9600000000000001,0.9615384615384616,0.95,0.2424242570996284,24,2,12,2,0.9230769230769231,0.8571428571428571,0.9230769230769231,0.8571428571428571,0.9230769230769231,0.8901098901098901,0.9
clinical_only_model,xgboost,isotonic,2,1,40,26,0.9739010989010989,0.9893162393162394,0.04395298988344311,0.8068000444683819,2.2496973156068987,-0.723150056027205,0.08001101370900872,0.5,25,0,14,1,0.9615384615384616,1.0,1.0,0.9333333333333333,0.9803921568627451,0.9807692307692308,0.975,0.2359307445585727,25,9,5,1,0.9615384615384616,0.35714285714285715,0.7352941176470589,0.8333333333333334,0.8333333333333333,0.6593406593406593,0.75
clinical_only_model,xgboost,isotonic,2,2,40,26,0.7815934065934066,0.9039290450928382,0.1713446172060661,0.24683684744586332,1.0,0.889534217514105,0.12710043964907528,0.5,18,0,14,8,0.6923076923076923,1.0,1.0,0.6363636363636364,0.8181818181818181,0.8461538461538461,0.8,0.4741058796644211,18,0,14,8,0.6923076923076923,1.0,1.0,0.6363636363636364,0.8181818181818181,0.8461538461538461,0.8
clinical_only_model,xgboost,isotonic,2,3,40,25,0.9426666666666667,0.9660062126642772,0.09404535736554591,0.5987398085736708,1.8560048503764874,0.5053997362886047,0.048944375477731256,0.5,20,0,15,5,0.8,1.0,1.0,0.75,0.888888888888889,0.9,0.875,0.1899213381111621,21,4,11,4,0.84,0.7333333333333333,0.84,0.7333333333333333,0.8399999999999999,0.7866666666666666,0.8
clinical_only_model,xgboost,isotonic,2,4,40,25,0.9853333333333334,0.9897391688770999,0.06655235724025628,0.7160432757749066,0.9548420000209491,-0.565615406002337,0.06090160231105984,0.5,23,1,14,2,0.92,0.9333333333333333,0.9583333333333334,0.875,0.9387755102040817,0.9266666666666667,0.925,0.2583681847900152,23,1,14,2,0.92,0.9333333333333333,0.9583333333333334,0.875,0.9387755102040817,0.9266666666666667,0.925
clinical_only_model,xgboost,isotonic,3,0,40,26,0.8021978021978022,0.9104010025062657,0.1397145584258453,0.38587007285342734,0.5587313869100481,1.0393067832935556,0.09593358766287564,0.5,19,0,14,7,0.7307692307692307,1.0,1.0,0.6666666666666666,0.8444444444444443,0.8653846153846154,0.825,0.2049287557601928,19,0,14,7,0.7307692307692307,1.0,1.0,0.6666666666666666,0.8444444444444443,0.8653846153846154,0.825
clinical_only_model,xgboost,isotonic,3,1,40,26,0.9821428571428571,0.9918414918414918,0.037467579199926736,0.8353073441761463,2.7431546875665025,-1.0700315549476787,0.07542735394090412,0.5,25,0,14,1,0.9615384615384616,1.0,1.0,0.9333333333333333,0.9803921568627451,0.9807692307692308,0.975,0.2579768933355808,26,8,6,0,1.0,0.42857142857142855,0.7647058823529411,1.0,0.8666666666666666,0.7142857142857143,0.8
clinical_only_model,xgboost,isotonic,3,2,40,26,0.9313186813186813,0.9708379339958286,0.08382896419679234,0.631521036497616,5.502290521987675,-0.4275677745272768,0.06654824875295164,0.5,23,2,12,3,0.8846153846153846,0.8571428571428571,0.92,0.8,0.9019607843137256,0.8708791208791209,0.875,0.3111024089157581,23,4,10,3,0.8846153846153846,0.7142857142857143,0.8518518518518519,0.7692307692307693,0.8679245283018868,0.7994505494505495,0.825
clinical_only_model,xgboost,isotonic,3,3,40,25,0.9573333333333334,0.97420814479638,0.07235442472550624,0.6912877878378401,3.3980173015736392,0.19030093835716008,0.015588333085179297,0.5,21,0,15,4,0.84,1.0,1.0,0.7894736842105263,0.9130434782608696,0.9199999999999999,0.9,0.2326923161745071,22,1,14,3,0.88,0.9333333333333333,0.9565217391304348,0.8235294117647058,0.9166666666666666,0.9066666666666667,0.9
clinical_only_model,xgboost,isotonic,3,4,40,25,0.9373333333333335,0.9713523573200993,0.07896197387876279,0.6630955781172787,2.840214171056056,0.04001710251247872,0.04057662589475512,0.5,22,0,15,3,0.88,1.0,1.0,0.8333333333333334,0.9361702127659575,0.94,0.925,0.2958289682865143,22,3,12,3,0.88,0.8,0.88,0.8,0.88,0.8400000000000001,0.85
clinical_only_model,xgboost,isotonic,4,0,40,26,0.9148351648351648,0.9638241388241389,0.09328201931724549,0.5899691458582615,0.6468240176210377,0.535494907845971,0.08690349054522813,0.5,22,0,14,4,0.8461538461538461,1.0,1.0,0.7777777777777778,0.9166666666666666,0.9230769230769231,0.9,0.2465495318174362,23,4,10,3,0.8846153846153846,0.7142857142857143,0.8518518518518519,0.7692307692307693,0.8679245283018868,0.7994505494505495,0.825
clinical_only_model,xgboost,isotonic,4,1,40,26,0.9835164835164835,0.9918414918414918,0.044985909341746046,0.8022597391571602,2.1147852515529166,-1.0583740406401927,0.06173218809999524,0.5,25,0,14,1,0.9615384615384616,1.0,1.0,0.9333333333333333,0.9803921568627451,0.9807692307692308,0.975,0.1878205258399248,26,11,3,0,1.0,0.21428571428571427,0.7027027027027027,1.0,0.8253968253968255,0.6071428571428571,0.725
clinical_only_model,xgboost,isotonic,4,2,40,26,0.9436813186813187,0.9727177745853467,0.06111239604519634,0.7313740833178183,0.8490367026740998,0.29665846572436794,0.01618837433052252,0.5,23,0,14,3,0.8846153846153846,1.0,1.0,0.8235294117647058,0.9387755102040816,0.9423076923076923,0.925,0.2236460149288177,23,0,14,3,0.8846153846153846,1.0,1.0,0.8235294117647058,0.9387755102040816,0.9423076923076923,0.925
clinical_only_model,xgboost,isotonic,4,3,40,25,0.9066666666666666,0.9551024033437826,0.09858110287231478,0.5793872944114569,2.254878928229137,0.08106747678486002,0.04182458464056254,0.5,21,0,15,4,0.84,1.0,1.0,0.7894736842105263,0.9130434782608696,0.9199999999999999,0.9,0.2577457316219806,21,6,9,4,0.84,0.6,0.7777777777777778,0.6923076923076923,0.8076923076923077,0.72,0.75
clinical_only_model,xgboost,isotonic,4,4,40,25,0.776,0.8945463911384963,0.20983879384571189,0.10468781292496265,2.2990491750470996,0.3022482359738281,0.1711587278172374,0.5,18,3,12,7,0.72,0.8,0.8571428571428571,0.631578947368421,0.782608695652174,0.76,0.75,0.2299922332167625,19,6,9,6,0.76,0.6,0.76,0.6,0.76,0.6799999999999999,0.7
clinical_only_model,xgboost,none,0,0,40,26,0.9354395604395606,0.9729409479409479,0.07710984415938912,0.6610556300686192,1.4622525132032471,0.1384735872490383,0.06918120943009853,0.5,23,0,14,3,0.8846153846153846,1.0,1.0,0.8235294117647058,0.9387755102040816,0.9423076923076923,0.925,0.2654036581516266,24,5,9,2,0.9230769230769231,0.6428571428571429,0.8275862068965517,0.8181818181818182,0.8727272727272727,0.7829670329670331,0.825
clinical_only_model,xgboost,none,0,1,40,26,0.9739010989010989,0.9893162393162392,0.046547794432830546,0.7953943101853602,1.9176593802802655,-0.5796863130900197,0.09761070422828197,0.5,25,0,14,1,0.9615384615384616,1.0,1.0,0.9333333333333333,0.9803921568627451,0.9807692307692308,0.975,0.2804223001003265,25,6,8,1,0.9615384615384616,0.5714285714285714,0.8064516129032258,0.8888888888888888,0.8771929824561403,0.7664835164835164,0.825
clinical_only_model,xgboost,none,0,2,40,26,0.8063186813186813,0.9177819417921226,0.15633437919321222,0.31281591563423206,0.8097371565968753,0.7136694724592519,0.13899537790566685,0.5,19,1,13,7,0.7307692307692307,0.9285714285714286,0.95,0.65,0.8260869565217392,0.8296703296703296,0.8,0.4623977839946747,19,1,13,7,0.7307692307692307,0.9285714285714286,0.95,0.65,0.8260869565217392,0.8296703296703296,0.8
clinical_only_model,xgboost,none,0,3,40,25,0.9146666666666666,0.9605103668261565,0.07513923590346781,0.6794059268118706,1.4387310140846084,-0.0035525531292154707,0.1155501302331686,0.5,22,0,15,3,0.88,1.0,1.0,0.8333333333333334,0.9361702127659575,0.94,0.925,0.3080042004585266,22,2,13,3,0.88,0.8666666666666667,0.9166666666666666,0.8125,0.8979591836734694,0.8733333333333333,0.875
clinical_only_model,xgboost,none,0,4,40,25,0.9373333333333332,0.9669777777777778,0.08097954758790718,0.6544872636249294,2.2483697805228013,-0.07971139794120163,0.05252516232430935,0.5,21,0,15,4,0.84,1.0,1.0,0.7894736842105263,0.9130434782608696,0.9199999999999999,0.9,0.2867550551891327,24,8,7,1,0.96,0.4666666666666667,0.75,0.875,0.8421052631578947,0.7133333333333334,0.775
clinical_only_model,xgboost,none,1,0,40,26,0.8983516483516484,0.953677141149773,0.09792440584035804,0.5695630512511736,1.1954626335575878,0.33049672817793,0.032320579327642915,0.5,21,0,14,5,0.8076923076923077,1.0,1.0,0.7368421052631579,0.8936170212765957,0.9038461538461539,0.875,0.3536841869354248,21,3,11,5,0.8076923076923077,0.7857142857142857,0.875,0.6875,0.8400000000000001,0.7967032967032968,0.8
clinical_only_model,xgboost,none,1,1,40,26,0.9395604395604396,0.9681317399321376,0.10130393275722635,0.5547079878803237,3.019882632242219,0.5458851942949209,0.13173035345971584,0.5,20,0,14,6,0.7692307692307693,1.0,1.0,0.7,0.8695652173913044,0.8846153846153846,0.85,0.2365910708904266,23,4,10,3,0.8846153846153846,0.7142857142857143,0.8518518518518519,0.7692307692307693,0.8679245283018868,0.7994505494505495,0.825
clinical_only_model,xgboost,none,1,2,40,26,0.9615384615384616,0.9865384615384615,0.0569518980899686,0.7496619864177205,1.8334347147670202,-0.15150488941856968,0.0951585240662098,0.5,25,0,14,1,0.9615384615384616,1.0,1.0,0.9333333333333333,0.9803921568627451,0.9807692307692308,0.975,0.281720906496048,25,6,8,1,0.9615384615384616,0.5714285714285714,0.8064516129032258,0.8888888888888888,0.8771929824561403,0.7664835164835164,0.825
clinical_only_model,xgboost,none,1,3,40,25,0.8946666666666666,0.9522099405970376,0.10023513398624839,0.5723300949920069,1.425205783590111,-0.09815567923351151,0.06761917546391491,0.5,21,0,15,4,0.84,1.0,1.0,0.7894736842105263,0.9130434782608696,0.9199999999999999,0.9,0.2753566801548004,22,9,6,3,0.88,0.4,0.7096774193548387,0.6666666666666666,0.7857142857142856,0.64,0.7
clinical_only_model,xgboost,none,1,4,40,25,0.9413333333333334,0.9724116424116425,0.06717616061495879,0.7133817147095092,1.709810555308053,0.051116444875638295,0.04315249063074589,0.5,22,0,15,3,0.88,1.0,1.0,0.8333333333333334,0.9361702127659575,0.94,0.925,0.3066861033439636,22,1,14,3,0.88,0.9333333333333333,0.9565217391304348,0.8235294117647058,0.9166666666666666,0.9066666666666667,0.9
clinical_only_model,xgboost,none,2,0,40,26,0.9629120879120879,0.9840111995284408,0.06337321507050438,0.7214364172725083,2.5435200187569804,0.017737984714509103,0.09809174854308364,0.5,24,0,14,2,0.9230769230769231,1.0,1.0,0.875,0.9600000000000001,0.9615384615384616,0.95,0.3042776584625244,24,4,10,2,0.9230769230769231,0.7142857142857143,0.8571428571428571,0.8333333333333334,0.888888888888889,0.8186813186813187,0.85
clinical_only_model,xgboost,none,2,1,40,26,0.9725274725274725,0.9893162393162392,0.041849570126261434,0.8160458455988508,2.4134855690442105,-0.25565957135776296,0.10488257911056278,0.5,25,0,14,1,0.9615384615384616,1.0,1.0,0.9333333333333333,0.9803921568627451,0.9807692307692308,0.975,0.2964615523815155,25,2,12,1,0.9615384615384616,0.8571428571428571,0.9259259259259259,0.9230769230769231,0.9433962264150944,0.9093406593406593,0.925
clinical_only_model,xgboost,none,2,2,40,26,0.787087912087912,0.9070007540855998,0.16179419464879835,0.2888167268184689,0.6809136338327919,0.7456767464780413,0.15743164140731097,0.5,18,0,14,8,0.6923076923076923,1.0,1.0,0.6363636363636364,0.8181818181818181,0.8461538461538461,0.8,0.520639181137085,18,0,14,8,0.6923076923076923,1.0,1.0,0.6363636363636364,0.8181818181818181,0.8461538461538461,0.8
clinical_only_model,xgboost,none,2,3,40,25,0.9466666666666667,0.9706834146058284,0.09176195034625548,0.60848234518931,5.459414542757154,0.32020508000306663,0.11035994328558443,0.5,20,0,15,5,0.8,1.0,1.0,0.75,0.888888888888889,0.9,0.875,0.2670451998710632,20,0,15,5,0.8,1.0,1.0,0.75,0.888888888888889,0.9,0.875
clinical_only_model,xgboost,none,2,4,40,25,0.9586666666666667,0.9787128399746996,0.07506315518545198,0.6797305378754048,1.749256956944515,-0.03899739826411414,0.07578756473958495,0.5,22,1,14,3,0.88,0.9333333333333333,0.9565217391304348,0.8235294117647058,0.9166666666666666,0.9066666666666667,0.9,0.3126654922962188,23,3,12,2,0.92,0.8,0.8846153846153846,0.8571428571428571,0.9019607843137256,0.8600000000000001,0.875
clinical_only_model,xgboost,none,3,0,40,26,0.8241758241758241,0.9260877525883018,0.1331974915552075,0.4145165206364507,0.9552567997792148,0.700895885636937,0.08162964200600982,0.5,19,0,14,7,0.7307692307692307,1.0,1.0,0.6666666666666666,0.8444444444444443,0.8653846153846154,0.825,0.3046869933605194,20,1,13,6,0.7692307692307693,0.9285714285714286,0.9523809523809523,0.6842105263157895,0.8510638297872339,0.848901098901099,0.825
clinical_only_model,xgboost,none,3,1,40,26,0.9793956043956044,0.9909502262443439,0.04809795587441454,0.7885804137388372,2.3553931060447724,-0.4821428081055133,0.11179257556796071,0.5,25,0,14,1,0.9615384615384616,1.0,1.0,0.9333333333333333,0.9803921568627451,0.9807692307692308,0.975,0.3422245383262634,25,5,9,1,0.9615384615384616,0.6428571428571429,0.8333333333333334,0.9,0.8928571428571429,0.8021978021978022,0.85
clinical_only_model,xgboost,none,3,2,40,26,0.945054945054945,0.9752407708469999,0.06653349686349022,0.7075450687319111,2.1400112624890384,0.0832813804363628,0.055986632034182554,0.5,23,0,14,3,0.8846153846153846,1.0,1.0,0.8235294117647058,0.9387755102040816,0.9423076923076923,0.925,0.3274966478347778,23,0,14,3,0.8846153846153846,1.0,1.0,0.8235294117647058,0.9387755102040816,0.9423076923076923,0.925
clinical_only_model,xgboost,none,3,3,40,25,0.9573333333333334,0.9763771043771045,0.07293261626950212,0.6888208372501243,3.588096158145618,0.16079526503088615,0.07539586164057253,0.5,22,0,15,3,0.88,1.0,1.0,0.8333333333333334,0.9361702127659575,0.94,0.925,0.2675743997097015,23,4,11,2,0.92,0.7333333333333333,0.8518518518518519,0.8461538461538461,0.8846153846153846,0.8266666666666667,0.85
clinical_only_model,xgboost,none,3,4,40,25,0.9146666666666667,0.9633908045977013,0.09144046661078234,0.6098540091273287,1.047653214382411,-0.042418046617635284,0.10036687403917316,0.5,22,0,15,3,0.88,1.0,1.0,0.8333333333333334,0.9361702127659575,0.94,0.925,0.3949920833110809,22,3,12,3,0.88,0.8,0.88,0.8,0.88,0.8400000000000001,0.85
clinical_only_model,xgboost,none,4,0,40,26,0.9175824175824177,0.9645748042806865,0.09436702596979668,0.5851998858470475,1.5151619664158242,0.335611506769941,0.09439604748040434,0.5,22,0,14,4,0.8461538461538461,1.0,1.0,0.7777777777777778,0.9166666666666666,0.9230769230769231,0.9,0.2817937135696411,22,5,9,4,0.8461538461538461,0.6428571428571429,0.8148148148148148,0.6923076923076923,0.830188679245283,0.7445054945054945,0.775
clinical_only_model,xgboost,none,4,1,40,26,0.9821428571428572,0.9918414918414918,0.045593055251032466,0.7995909659295276,2.5992439157253555,-0.5649345108655581,0.10223718266934156,0.5,25,0,14,1,0.9615384615384616,1.0,1.0,0.9333333333333333,0.9803921568627451,0.9807692307692308,0.975,0.2417612820863723,26,8,6,0,1.0,0.42857142857142855,0.7647058823529411,1.0,0.8666666666666666,0.7142857142857143,0.8
clinical_only_model,xgboost,none,4,2,40,26,0.9629120879120878,0.9817219872392285,0.06257952730110035,0.7249251547204381,3.5137161366035774,0.0008771413622033086,0.039967814646661264,0.5,23,0,14,3,0.8846153846153846,1.0,1.0,0.8235294117647058,0.9387755102040816,0.9423076923076923,0.925,0.3017677664756775,23,0,14,3,0.8846153846153846,1.0,1.0,0.8235294117647058,0.9387755102040816,0.9423076923076923,0.925
clinical_only_model,xgboost,none,4,3,40,25,0.896,0.9521742424242424,0.09883170746907384,0.5783180481319516,1.2620402924393699,0.2210187185704645,0.09935923963785173,0.5,21,0,15,4,0.84,1.0,1.0,0.7894736842105263,0.9130434782608696,0.9199999999999999,0.9,0.3134870231151581,21,6,9,4,0.84,0.6,0.7777777777777778,0.6923076923076923,0.8076923076923077,0.72,0.75
clinical_only_model,xgboost,none,4,4,40,25,0.7773333333333334,0.898341726133472,0.1997567899121546,0.14770436304147372,0.5041042854246208,0.36988524960393665,0.22016351399943235,0.5,18,3,12,7,0.72,0.8,0.8571428571428571,0.631578947368421,0.782608695652174,0.76,0.75,0.3231075406074524,19,6,9,6,0.76,0.6,0.76,0.6,0.76,0.6799999999999999,0.7
clinical_only_model,xgboost,sigmoid,0,0,40,26,0.9258241758241759,0.9691706143319045,0.08326276838828332,0.6340098092822712,1.3587014708855059,-0.08727528372080756,0.09159949410721827,0.5,23,0,14,3,0.8846153846153846,1.0,1.0,0.8235294117647058,0.9387755102040816,0.9423076923076923,0.925,0.2746667111989802,24,7,7,2,0.9230769230769231,0.5,0.7741935483870968,0.7777777777777778,0.8421052631578947,0.7115384615384616,0.775
clinical_only_model,xgboost,sigmoid,0,1,40,26,0.9711538461538461,0.9885654885654885,0.05875374200858517,0.7417417933688564,2.023229742535169,-0.36539884128005345,0.10458350580774577,0.5,25,0,14,1,0.9615384615384616,1.0,1.0,0.9333333333333333,0.9803921568627451,0.9807692307692308,0.975,0.3507619598718125,25,6,8,1,0.9615384615384616,0.5714285714285714,0.8064516129032258,0.8888888888888888,0.8771929824561403,0.7664835164835164,0.825
clinical_only_model,xgboost,sigmoid,0,2,40,26,0.820054945054945,0.9219042646644455,0.1642285090396421,0.2781164437817931,0.8154469456049473,0.7135326470870715,0.13236604061712784,0.5,19,2,12,7,0.7307692307692307,0.8571428571428571,0.9047619047619048,0.631578947368421,0.8085106382978723,0.7939560439560439,0.775,0.4471257277979031,19,3,11,7,0.7307692307692307,0.7857142857142857,0.8636363636363636,0.6111111111111112,0.7916666666666666,0.7582417582417582,0.75
clinical_only_model,xgboost,sigmoid,0,3,40,25,0.9146666666666666,0.9605103668261565,0.07483983884331917,0.6806833542685049,1.5288743514927634,-0.062685309560072,0.06494777222920063,0.5,22,0,15,3,0.88,1.0,1.0,0.8333333333333334,0.9361702127659575,0.94,0.925,0.3169665355570686,22,2,13,3,0.88,0.8666666666666667,0.9166666666666666,0.8125,0.8979591836734694,0.8733333333333333,0.875
clinical_only_model,xgboost,sigmoid,0,4,40,25,0.9426666666666667,0.9691846743295021,0.08374626290832458,0.6426826115911484,2.387191946310258,-0.04772248948491944,0.08283654121657907,0.5,21,0,15,4,0.84,1.0,1.0,0.7894736842105263,0.9130434782608696,0.9199999999999999,0.9,0.3094494752746207,24,6,9,1,0.96,0.6,0.8,0.9,0.8727272727272728,0.78,0.825
clinical_only_model,xgboost,sigmoid,1,0,40,26,0.881868131868132,0.9484530691836193,0.10284872352599558,0.5479176987868326,1.1445997551897666,0.24246921044142866,0.08840359825137373,0.5,21,0,14,5,0.8076923076923077,1.0,1.0,0.7368421052631579,0.8936170212765957,0.9038461538461539,0.875,0.3727431175104693,21,3,11,5,0.8076923076923077,0.7857142857142857,0.875,0.6875,0.8400000000000001,0.7967032967032968,0.8
clinical_only_model,xgboost,sigmoid,1,1,40,26,0.9423076923076923,0.9692685341723801,0.1014207582859528,0.554194469072735,2.4486462000558293,0.5716972502574971,0.09789512869390649,0.5,20,0,14,6,0.7692307692307693,1.0,1.0,0.7,0.8695652173913044,0.8846153846153846,0.85,0.2738371103540291,21,2,12,5,0.8076923076923077,0.8571428571428571,0.9130434782608695,0.7058823529411765,0.8571428571428572,0.8324175824175823,0.825
clinical_only_model,xgboost,sigmoid,1,2,40,26,0.9615384615384616,0.9865384615384615,0.06138784256617693,0.7301633293794421,1.9694350636304396,-0.2604355295252209,0.14487963550514346,0.5,25,0,14,1,0.9615384615384616,1.0,1.0,0.9333333333333333,0.9803921568627451,0.9807692307692308,0.975,0.3308701953372299,25,6,8,1,0.9615384615384616,0.5714285714285714,0.8064516129032258,0.8888888888888888,0.8771929824561403,0.7664835164835164,0.825
clinical_only_model,xgboost,sigmoid,1,3,40,25,0.8893333333333333,0.9504987106505135,0.10177207414018123,0.56577248366856,1.7494694484658682,0.0719066771801581,0.06802596341165776,0.5,21,0,15,4,0.84,1.0,1.0,0.7894736842105263,0.9130434782608696,0.9199999999999999,0.9,0.3283222296043082,21,7,8,4,0.84,0.5333333333333333,0.75,0.6666666666666666,0.7924528301886793,0.6866666666666666,0.725
clinical_only_model,xgboost,sigmoid,1,4,40,25,0.9306666666666666,0.968119464001817,0.0731426572441347,0.6879246624250253,1.4431308124939173,-0.03935878152751346,0.05885470945984575,0.5,22,0,15,3,0.88,1.0,1.0,0.8333333333333334,0.9361702127659575,0.94,0.925,0.3230001399889136,22,2,13,3,0.88,0.8666666666666667,0.9166666666666666,0.8125,0.8979591836734694,0.8733333333333333,0.875
clinical_only_model,xgboost,sigmoid,2,0,40,26,0.9464285714285715,0.9783844930903755,0.06245696101651168,0.7254639076197289,2.1095235571170816,-0.07318026535541107,0.09848476620265424,0.5,24,0,14,2,0.9230769230769231,1.0,1.0,0.875,0.9600000000000001,0.9615384615384616,0.95,0.3717532194723714,24,0,14,2,0.9230769230769231,1.0,1.0,0.875,0.9600000000000001,0.9615384615384616,0.95
clinical_only_model,xgboost,sigmoid,2,1,40,26,0.9697802197802198,0.9885654885654885,0.05331210304101599,0.7656610855339957,2.1602137066474394,-0.2879834604138959,0.1272200275840415,0.5,25,0,14,1,0.9615384615384616,1.0,1.0,0.9333333333333333,0.9803921568627451,0.9807692307692308,0.975,0.3243375428130628,25,6,8,1,0.9615384615384616,0.5714285714285714,0.8064516129032258,0.8888888888888888,0.8771929824561403,0.7664835164835164,0.825
clinical_only_model,xgboost,sigmoid,2,2,40,26,0.787087912087912,0.9070007540855998,0.1639511845119903,0.2793354526945482,0.7379170312197016,0.5935030683369168,0.17083767662468197,0.5,18,0,14,8,0.6923076923076923,1.0,1.0,0.6363636363636364,0.8181818181818181,0.8461538461538461,0.8,0.4624600146760538,18,0,14,8,0.6923076923076923,1.0,1.0,0.6363636363636364,0.8181818181818181,0.8461538461538461,0.8
clinical_only_model,xgboost,sigmoid,2,3,40,25,0.9493333333333334,0.9723394810659187,0.09020744706259834,0.6151148925329137,4.524480858003607,0.23609371062438678,0.05558740811949273,0.5,20,0,15,5,0.8,1.0,1.0,0.75,0.888888888888889,0.9,0.875,0.2770898453767931,21,2,13,4,0.84,0.8666666666666667,0.9130434782608695,0.7647058823529411,0.8749999999999999,0.8533333333333333,0.85
clinical_only_model,xgboost,sigmoid,2,4,40,25,0.9533333333333334,0.977078853046595,0.07313172913784886,0.6879712890118448,1.7569760486188606,-0.27978846485023284,0.1075053728378273,0.5,23,1,14,2,0.92,0.9333333333333333,0.9583333333333334,0.875,0.9387755102040817,0.9266666666666667,0.925,0.3165174304331041,23,3,12,2,0.92,0.8,0.8846153846153846,0.8571428571428571,0.9019607843137256,0.8600000000000001,0.875
clinical_only_model,xgboost,sigmoid,3,0,40,26,0.815934065934066,0.9234234234234233,0.1342215744777925,0.4100150572404726,1.121910871604271,0.7186485932709752,0.1631570655683947,0.5,19,0,14,7,0.7307692307692307,1.0,1.0,0.6666666666666666,0.8444444444444443,0.8653846153846154,0.825,0.3339335974994746,19,0,14,7,0.7307692307692307,1.0,1.0,0.6666666666666666,0.8444444444444443,0.8653846153846154,0.825
clinical_only_model,xgboost,sigmoid,3,1,40,26,0.9793956043956044,0.9909502262443439,0.05553403428255812,0.7558943548019423,2.3079638256039168,-0.5075663199671125,0.12881304229407625,0.5,25,0,14,1,0.9615384615384616,1.0,1.0,0.9333333333333333,0.9803921568627451,0.9807692307692308,0.975,0.3786614981422558,25,5,9,1,0.9615384615384616,0.6428571428571429,0.8333333333333334,0.9,0.8928571428571429,0.8021978021978022,0.85
clinical_only_model,xgboost,sigmoid,3,2,40,26,0.9258241758241759,0.9691729323308269,0.07377572453064182,0.6757111009642117,1.5355152976029292,-0.17890774969808496,0.06551436111326678,0.5,23,0,14,3,0.8846153846153846,1.0,1.0,0.8235294117647058,0.9387755102040816,0.9423076923076923,0.925,0.3365873738264283,23,3,11,3,0.8846153846153846,0.7857142857142857,0.8846153846153846,0.7857142857142857,0.8846153846153846,0.8351648351648351,0.85
clinical_only_model,xgboost,sigmoid,3,3,40,25,0.9600000000000001,0.9776023573200993,0.07595738701479127,0.6759151487368906,4.752745967141331,0.13089599723903209,0.060951903322320845,0.5,21,0,15,4,0.84,1.0,1.0,0.7894736842105263,0.9130434782608696,0.9199999999999999,0.9,0.2872640728429856,22,1,14,3,0.88,0.9333333333333333,0.9565217391304348,0.8235294117647058,0.9166666666666666,0.9066666666666667,0.9
clinical_only_model,xgboost,sigmoid,3,4,40,25,0.9013333333333334,0.9587254901960787,0.09688831144762802,0.5866098711567871,1.2432477684162633,-0.023287106326544925,0.14776479779280474,0.5,22,2,13,3,0.88,0.8666666666666667,0.9166666666666666,0.8125,0.8979591836734694,0.8733333333333333,0.875,0.3957294625688905,22,2,13,3,0.88,0.8666666666666667,0.9166666666666666,0.8125,0.8979591836734694,0.8733333333333333,0.875
clinical_only_model,xgboost,sigmoid,4,0,40,26,0.9065934065934067,0.9610308323317618,0.09490241064464724,0.5828465466169351,1.3543182044231197,0.2666194282504675,0.08336205695833132,0.5,22,0,14,4,0.8461538461538461,1.0,1.0,0.7777777777777778,0.9166666666666666,0.9230769230769231,0.9,0.3261309185142786,22,5,9,4,0.8461538461538461,0.6428571428571429,0.8148148148148148,0.6923076923076923,0.830188679245283,0.7445054945054945,0.775
clinical_only_model,xgboost,sigmoid,4,1,40,26,0.9739010989010989,0.9893162393162394,0.07028758654106054,0.6910435756436899,2.2907039610672966,-0.5960458147768434,0.13115978720559526,0.5,25,3,11,1,0.9615384615384616,0.7857142857142857,0.8928571428571429,0.9166666666666666,0.9259259259259259,0.8736263736263736,0.9,0.3144464727946021,26,10,4,0,1.0,0.2857142857142857,0.7222222222222222,1.0,0.8387096774193548,0.6428571428571428,0.75
clinical_only_model,xgboost,sigmoid,4,2,40,26,0.9491758241758241,0.97613657800415,0.06440985878284802,0.7168797416138548,1.980627753918518,-0.07544545071893773,0.05014946459637756,0.5,23,0,14,3,0.8846153846153846,1.0,1.0,0.8235294117647058,0.9387755102040816,0.9423076923076923,0.925,0.3289562322427825,23,0,14,3,0.8846153846153846,1.0,1.0,0.8235294117647058,0.9387755102040816,0.9423076923076923,0.925
clinical_only_model,xgboost,sigmoid,4,3,40,25,0.8933333333333334,0.9513186274509805,0.10343816362006801,0.5586638352210431,1.2154028917790158,-0.06191189463728054,0.12554846434961406,0.5,21,0,15,4,0.84,1.0,1.0,0.7894736842105263,0.9130434782608696,0.9199999999999999,0.9,0.3482509113085532,21,6,9,4,0.84,0.6,0.7777777777777778,0.6923076923076923,0.8076923076923077,0.72,0.75
clinical_only_model,xgboost,sigmoid,4,4,40,25,0.8039999999999999,0.9104139824139826,0.1860528176204755,0.20617464481930448,0.6594187611353957,0.33837647713014873,0.14659514924680384,0.5,18,3,12,7,0.72,0.8,0.8571428571428571,0.631578947368421,0.782608695652174,0.76,0.75,0.3317437023923725,19,6,9,6,0.76,0.6,0.76,0.6,0.76,0.6799999999999999,0.7
full_valid_model,dummy,isotonic,0,0,40,26,0.5,0.65,0.22765624999999998,-0.0006868131868129623,,,0.012500000000000067,0.5,26,14,0,0,1.0,0.0,0.65,,0.787878787878788,0.5,0.65,0.6333333333333333,26,14,0,0,1.0,0.0,0.65,,0.787878787878788,0.5,0.65
full_valid_model,dummy,isotonic,0,1,40,26,0.5,0.65,0.22765624999999998,-0.0006868131868131844,,,0.012500000000000067,0.5,26,14,0,0,1.0,0.0,0.65,,0.787878787878788,0.5,0.65,0.6333333333333333,26,14,0,0,1.0,0.0,0.65,,0.787878787878788,0.5,0.65
full_valid_model,dummy,isotonic,0,2,40,26,0.5,0.65,0.22765624999999998,-0.0006868131868129623,,,0.012500000000000067,0.5,26,14,0,0,1.0,0.0,0.65,,0.787878787878788,0.5,0.65,0.6333333333333333,26,14,0,0,1.0,0.0,0.65,,0.787878787878788,0.5,0.65
full_valid_model,dummy,isotonic,0,3,40,25,0.5,0.625,0.23472656250000004,-0.0015000000000002789,,,0.018750000000000044,0.5,25,15,0,0,1.0,0.0,0.625,,0.7692307692307693,0.5,0.625,0.6416666666666666,25,15,0,0,1.0,0.0,0.625,,0.7692307692307693,0.5,0.625
full_valid_model,dummy,isotonic,0,4,40,25,0.5,0.625,0.23472656250000004,-0.0015000000000002789,,,0.018750000000000044,0.5,25,15,0,0,1.0,0.0,0.625,,0.7692307692307693,0.5,0.625,0.6416666666666666,25,15,0,0,1.0,0.0,0.625,,0.7692307692307693,0.5,0.625
full_valid_model,dummy,isotonic,1,0,40,26,0.5,0.65,0.22765624999999998,-0.0006868131868129623,,,0.012500000000000067,0.5,26,14,0,0,1.0,0.0,0.65,,0.787878787878788,0.5,0.65,0.6333333333333333,26,14,0,0,1.0,0.0,0.65,,0.787878787878788,0.5,0.65
full_valid_model,dummy,isotonic,1,1,40,26,0.5,0.65,0.22765624999999998,-0.0006868131868131844,,,0.012500000000000067,0.5,26,14,0,0,1.0,0.0,0.65,,0.787878787878788,0.5,0.65,0.6333333333333333,26,14,0,0,1.0,0.0,0.65,,0.787878787878788,0.5,0.65
full_valid_model,dummy,isotonic,1,2,40,26,0.5,0.65,0.22765624999999998,-0.0006868131868129623,,,0.012500000000000067,0.5,26,14,0,0,1.0,0.0,0.65,,0.787878787878788,0.5,0.65,0.6333333333333333,26,14,0,0,1.0,0.0,0.65,,0.787878787878788,0.5,0.65
full_valid_model,dummy,isotonic,1,3,40,25,0.5,0.625,0.23472656250000004,-0.0015000000000002789,,,0.018750000000000044,0.5,25,15,0,0,1.0,0.0,0.625,,0.7692307692307693,0.5,0.625,0.6416666666666666,25,15,0,0,1.0,0.0,0.625,,0.7692307692307693,0.5,0.625
full_valid_model,dummy,isotonic,1,4,40,25,0.5,0.625,0.23472656250000004,-0.0015000000000002789,,,0.018750000000000044,0.5,25,15,0,0,1.0,0.0,0.625,,0.7692307692307693,0.5,0.625,0.6416666666666666,25,15,0,0,1.0,0.0,0.625,,0.7692307692307693,0.5,0.625
full_valid_model,dummy,isotonic,2,0,40,26,0.5,0.65,0.22765624999999998,-0.0006868131868131844,,,0.012500000000000067,0.5,26,14,0,0,1.0,0.0,0.65,,0.787878787878788,0.5,0.65,0.6333333333333333,26,14,0,0,1.0,0.0,0.65,,0.787878787878788,0.5,0.65
full_valid_model,dummy,isotonic,2,1,40,26,0.5,0.65,0.22765624999999998,-0.0006868131868129623,,,0.012500000000000067,0.5,26,14,0,0,1.0,0.0,0.65,,0.787878787878788,0.5,0.65,0.6333333333333333,26,14,0,0,1.0,0.0,0.65,,0.787878787878788,0.5,0.65
full_valid_model,dummy,isotonic,2,2,40,26,0.5,0.65,0.22765624999999998,-0.0006868131868129623,,,0.012500000000000067,0.5,26,14,0,0,1.0,0.0,0.65,,0.787878787878788,0.5,0.65,0.6333333333333333,26,14,0,0,1.0,0.0,0.65,,0.787878787878788,0.5,0.65
full_valid_model,dummy,isotonic,2,3,40,25,0.5,0.625,0.23472656250000004,-0.0015000000000002789,,,0.018750000000000044,0.5,25,15,0,0,1.0,0.0,0.625,,0.7692307692307693,0.5,0.625,0.6416666666666666,25,15,0,0,1.0,0.0,0.625,,0.7692307692307693,0.5,0.625
full_valid_model,dummy,isotonic,2,4,40,25,0.5,0.625,0.23472656250000004,-0.0015000000000002789,,,0.018750000000000044,0.5,25,15,0,0,1.0,0.0,0.625,,0.7692307692307693,0.5,0.625,0.6416666666666666,25,15,0,0,1.0,0.0,0.625,,0.7692307692307693,0.5,0.625
full_valid_model,dummy,isotonic,3,0,40,26,0.5,0.65,0.22765624999999998,-0.0006868131868129623,,,0.012500000000000067,0.5,26,14,0,0,1.0,0.0,0.65,,0.787878787878788,0.5,0.65,0.6333333333333333,26,14,0,0,1.0,0.0,0.65,,0.787878787878788,0.5,0.65
full_valid_model,dummy,isotonic,3,1,40,26,0.5,0.65,0.22765624999999998,-0.0006868131868129623,,,0.012500000000000067,0.5,26,14,0,0,1.0,0.0,0.65,,0.787878787878788,0.5,0.65,0.6333333333333333,26,14,0,0,1.0,0.0,0.65,,0.787878787878788,0.5,0.65
full_valid_model,dummy,isotonic,3,2,40,26,0.5,0.65,0.22765624999999998,-0.0006868131868131844,,,0.012500000000000067,0.5,26,14,0,0,1.0,0.0,0.65,,0.787878787878788,0.5,0.65,0.6333333333333333,26,14,0,0,1.0,0.0,0.65,,0.787878787878788,0.5,0.65
full_valid_model,dummy,isotonic,3,3,40,25,0.5,0.625,0.23472656250000004,-0.0015000000000002789,,,0.018750000000000044,0.5,25,15,0,0,1.0,0.0,0.625,,0.7692307692307693,0.5,0.625,0.6416666666666666,25,15,0,0,1.0,0.0,0.625,,0.7692307692307693,0.5,0.625
full_valid_model,dummy,isotonic,3,4,40,25,0.5,0.625,0.23472656250000004,-0.0015000000000002789,,,0.018750000000000044,0.5,25,15,0,0,1.0,0.0,0.625,,0.7692307692307693,0.5,0.625,0.6416666666666666,25,15,0,0,1.0,0.0,0.625,,0.7692307692307693,0.5,0.625
full_valid_model,dummy,isotonic,4,0,40,26,0.5,0.65,0.22765624999999998,-0.0006868131868131844,,,0.012500000000000067,0.5,26,14,0,0,1.0,0.0,0.65,,0.787878787878788,0.5,0.65,0.6333333333333333,26,14,0,0,1.0,0.0,0.65,,0.787878787878788,0.5,0.65
full_valid_model,dummy,isotonic,4,1,40,26,0.5,0.65,0.22765624999999998,-0.0006868131868131844,,,0.012500000000000067,0.5,26,14,0,0,1.0,0.0,0.65,,0.787878787878788,0.5,0.65,0.6333333333333333,26,14,0,0,1.0,0.0,0.65,,0.787878787878788,0.5,0.65
full_valid_model,dummy,isotonic,4,2,40,26,0.5,0.65,0.22765624999999998,-0.0006868131868131844,,,0.012500000000000067,0.5,26,14,0,0,1.0,0.0,0.65,,0.787878787878788,0.5,0.65,0.6333333333333333,26,14,0,0,1.0,0.0,0.65,,0.787878787878788,0.5,0.65
full_valid_model,dummy,isotonic,4,3,40,25,0.5,0.625,0.23472656250000004,-0.0015000000000002789,,,0.018750000000000044,0.5,25,15,0,0,1.0,0.0,0.625,,0.7692307692307693,0.5,0.625,0.6416666666666666,25,15,0,0,1.0,0.0,0.625,,0.7692307692307693,0.5,0.625
full_valid_model,dummy,isotonic,4,4,40,25,0.5,0.625,0.23472656250000004,-0.0015000000000002789,,,0.018750000000000044,0.5,25,15,0,0,1.0,0.0,0.625,,0.7692307692307693,0.5,0.625,0.6416666666666666,25,15,0,0,1.0,0.0,0.625,,0.7692307692307693,0.5,0.625
full_valid_model,dummy,none,0,0,40,26,0.5,0.65,0.22765624999999998,-0.0006868131868129623,,,0.012500000000000067,0.5,26,14,0,0,1.0,0.0,0.65,,0.787878787878788,0.5,0.65,0.6333333333333333,26,14,0,0,1.0,0.0,0.65,,0.787878787878788,0.5,0.65
full_valid_model,dummy,none,0,1,40,26,0.5,0.65,0.22765624999999998,-0.0006868131868131844,,,0.012500000000000067,0.5,26,14,0,0,1.0,0.0,0.65,,0.787878787878788,0.5,0.65,0.6333333333333333,26,14,0,0,1.0,0.0,0.65,,0.787878787878788,0.5,0.65
full_valid_model,dummy,none,0,2,40,26,0.5,0.65,0.22765624999999998,-0.0006868131868129623,,,0.012500000000000067,0.5,26,14,0,0,1.0,0.0,0.65,,0.787878787878788,0.5,0.65,0.6333333333333333,26,14,0,0,1.0,0.0,0.65,,0.787878787878788,0.5,0.65
full_valid_model,dummy,none,0,3,40,25,0.5,0.625,0.23472656250000004,-0.0015000000000002789,,,0.018750000000000044,0.5,25,15,0,0,1.0,0.0,0.625,,0.7692307692307693,0.5,0.625,0.6416666666666667,25,15,0,0,1.0,0.0,0.625,,0.7692307692307693,0.5,0.625
full_valid_model,dummy,none,0,4,40,25,0.5,0.625,0.23472656250000004,-0.0015000000000002789,,,0.018750000000000044,0.5,25,15,0,0,1.0,0.0,0.625,,0.7692307692307693,0.5,0.625,0.6416666666666667,25,15,0,0,1.0,0.0,0.625,,0.7692307692307693,0.5,0.625
full_valid_model,dummy,none,1,0,40,26,0.5,0.65,0.22765624999999998,-0.0006868131868129623,,,0.012500000000000067,0.5,26,14,0,0,1.0,0.0,0.65,,0.787878787878788,0.5,0.65,0.6333333333333333,26,14,0,0,1.0,0.0,0.65,,0.787878787878788,0.5,0.65
full_valid_model,dummy,none,1,1,40,26,0.5,0.65,0.22765624999999998,-0.0006868131868131844,,,0.012500000000000067,0.5,26,14,0,0,1.0,0.0,0.65,,0.787878787878788,0.5,0.65,0.6333333333333333,26,14,0,0,1.0,0.0,0.65,,0.787878787878788,0.5,0.65
full_valid_model,dummy,none,1,2,40,26,0.5,0.65,0.22765624999999998,-0.0006868131868129623,,,0.012500000000000067,0.5,26,14,0,0,1.0,0.0,0.65,,0.787878787878788,0.5,0.65,0.6333333333333333,26,14,0,0,1.0,0.0,0.65,,0.787878787878788,0.5,0.65
full_valid_model,dummy,none,1,3,40,25,0.5,0.625,0.23472656250000004,-0.0015000000000002789,,,0.018750000000000044,0.5,25,15,0,0,1.0,0.0,0.625,,0.7692307692307693,0.5,0.625,0.6416666666666667,25,15,0,0,1.0,0.0,0.625,,0.7692307692307693,0.5,0.625
full_valid_model,dummy,none,1,4,40,25,0.5,0.625,0.23472656250000004,-0.0015000000000002789,,,0.018750000000000044,0.5,25,15,0,0,1.0,0.0,0.625,,0.7692307692307693,0.5,0.625,0.6416666666666667,25,15,0,0,1.0,0.0,0.625,,0.7692307692307693,0.5,0.625
full_valid_model,dummy,none,2,0,40,26,0.5,0.65,0.22765624999999998,-0.0006868131868131844,,,0.012500000000000067,0.5,26,14,0,0,1.0,0.0,0.65,,0.787878787878788,0.5,0.65,0.6333333333333333,26,14,0,0,1.0,0.0,0.65,,0.787878787878788,0.5,0.65
full_valid_model,dummy,none,2,1,40,26,0.5,0.65,0.22765624999999998,-0.0006868131868129623,,,0.012500000000000067,0.5,26,14,0,0,1.0,0.0,0.65,,0.787878787878788,0.5,0.65,0.6333333333333333,26,14,0,0,1.0,0.0,0.65,,0.787878787878788,0.5,0.65
full_valid_model,dummy,none,2,2,40,26,0.5,0.65,0.22765624999999998,-0.0006868131868129623,,,0.012500000000000067,0.5,26,14,0,0,1.0,0.0,0.65,,0.787878787878788,0.5,0.65,0.6333333333333333,26,14,0,0,1.0,0.0,0.65,,0.787878787878788,0.5,0.65
full_valid_model,dummy,none,2,3,40,25,0.5,0.625,0.23472656250000004,-0.0015000000000002789,,,0.018750000000000044,0.5,25,15,0,0,1.0,0.0,0.625,,0.7692307692307693,0.5,0.625,0.6416666666666667,25,15,0,0,1.0,0.0,0.625,,0.7692307692307693,0.5,0.625
full_valid_model,dummy,none,2,4,40,25,0.5,0.625,0.23472656250000004,-0.0015000000000002789,,,0.018750000000000044,0.5,25,15,0,0,1.0,0.0,0.625,,0.7692307692307693,0.5,0.625,0.6416666666666667,25,15,0,0,1.0,0.0,0.625,,0.7692307692307693,0.5,0.625
full_valid_model,dummy,none,3,0,40,26,0.5,0.65,0.22765624999999998,-0.0006868131868129623,,,0.012500000000000067,0.5,26,14,0,0,1.0,0.0,0.65,,0.787878787878788,0.5,0.65,0.6333333333333333,26,14,0,0,1.0,0.0,0.65,,0.787878787878788,0.5,0.65
full_valid_model,dummy,none,3,1,40,26,0.5,0.65,0.22765624999999998,-0.0006868131868129623,,,0.012500000000000067,0.5,26,14,0,0,1.0,0.0,0.65,,0.787878787878788,0.5,0.65,0.6333333333333333,26,14,0,0,1.0,0.0,0.65,,0.787878787878788,0.5,0.65
full_valid_model,dummy,none,3,2,40,26,0.5,0.65,0.22765624999999998,-0.0006868131868131844,,,0.012500000000000067,0.5,26,14,0,0,1.0,0.0,0.65,,0.787878787878788,0.5,0.65,0.6333333333333333,26,14,0,0,1.0,0.0,0.65,,0.787878787878788,0.5,0.65
full_valid_model,dummy,none,3,3,40,25,0.5,0.625,0.23472656250000004,-0.0015000000000002789,,,0.018750000000000044,0.5,25,15,0,0,1.0,0.0,0.625,,0.7692307692307693,0.5,0.625,0.6416666666666667,25,15,0,0,1.0,0.0,0.625,,0.7692307692307693,0.5,0.625
full_valid_model,dummy,none,3,4,40,25,0.5,0.625,0.23472656250000004,-0.0015000000000002789,,,0.018750000000000044,0.5,25,15,0,0,1.0,0.0,0.625,,0.7692307692307693,0.5,0.625,0.6416666666666667,25,15,0,0,1.0,0.0,0.625,,0.7692307692307693,0.5,0.625
full_valid_model,dummy,none,4,0,40,26,0.5,0.65,0.22765624999999998,-0.0006868131868131844,,,0.012500000000000067,0.5,26,14,0,0,1.0,0.0,0.65,,0.787878787878788,0.5,0.65,0.6333333333333333,26,14,0,0,1.0,0.0,0.65,,0.787878787878788,0.5,0.65
full_valid_model,dummy,none,4,1,40,26,0.5,0.65,0.22765624999999998,-0.0006868131868131844,,,0.012500000000000067,0.5,26,14,0,0,1.0,0.0,0.65,,0.787878787878788,0.5,0.65,0.6333333333333333,26,14,0,0,1.0,0.0,0.65,,0.787878787878788,0.5,0.65
full_valid_model,dummy,none,4,2,40,26,0.5,0.65,0.22765624999999998,-0.0006868131868131844,,,0.012500000000000067,0.5,26,14,0,0,1.0,0.0,0.65,,0.787878787878788,0.5,0.65,0.6333333333333333,26,14,0,0,1.0,0.0,0.65,,0.787878787878788,0.5,0.65
full_valid_model,dummy,none,4,3,40,25,0.5,0.625,0.23472656250000004,-0.0015000000000002789,,,0.018750000000000044,0.5,25,15,0,0,1.0,0.0,0.625,,0.7692307692307693,0.5,0.625,0.6416666666666667,25,15,0,0,1.0,0.0,0.625,,0.7692307692307693,0.5,0.625
full_valid_model,dummy,none,4,4,40,25,0.5,0.625,0.23472656250000004,-0.0015000000000002789,,,0.018750000000000044,0.5,25,15,0,0,1.0,0.0,0.625,,0.7692307692307693,0.5,0.625,0.6416666666666667,25,15,0,0,1.0,0.0,0.625,,0.7692307692307693,0.5,0.625
full_valid_model,dummy,sigmoid,0,0,40,26,0.5,0.65,0.22768808216656228,-0.0008267347980757123,,,0.013714305179713393,0.5,26,14,0,0,1.0,0.0,0.65,,0.787878787878788,0.5,0.65,0.6313797313556672,26,14,0,0,1.0,0.0,0.65,,0.787878787878788,0.5,0.65
full_valid_model,dummy,sigmoid,0,1,40,26,0.5,0.65,0.22768808216656228,-0.0008267347980759343,,,0.013714305179713393,0.5,26,14,0,0,1.0,0.0,0.65,,0.787878787878788,0.5,0.65,0.6313797313556672,26,14,0,0,1.0,0.0,0.65,,0.787878787878788,0.5,0.65
full_valid_model,dummy,sigmoid,0,2,40,26,0.5,0.65,0.22768808216656228,-0.0008267347980757123,,,0.013714305179713393,0.5,26,14,0,0,1.0,0.0,0.65,,0.787878787878788,0.5,0.65,0.6313797313556673,26,14,0,0,1.0,0.0,0.65,,0.787878787878788,0.5,0.65
full_valid_model,dummy,sigmoid,0,3,40,25,0.5,0.625,0.23468031287708527,-0.0013026682755639118,,,0.017473204545395915,0.5,25,15,0,0,1.0,0.0,0.625,,0.7692307692307693,0.5,0.625,0.6395701520450653,25,15,0,0,1.0,0.0,0.625,,0.7692307692307693,0.5,0.625
full_valid_model,dummy,sigmoid,0,4,40,25,0.5,0.625,0.23468031287708527,-0.0013026682755639118,,,0.017473204545395915,0.5,25,15,0,0,1.0,0.0,0.625,,0.7692307692307693,0.5,0.625,0.6395701520450653,25,15,0,0,1.0,0.0,0.625,,0.7692307692307693,0.5,0.625
full_valid_model,dummy,sigmoid,1,0,40,26,0.5,0.65,0.22768808216656228,-0.0008267347980757123,,,0.013714305179713393,0.5,26,14,0,0,1.0,0.0,0.65,,0.787878787878788,0.5,0.65,0.6313797313556672,26,14,0,0,1.0,0.0,0.65,,0.787878787878788,0.5,0.65
full_valid_model,dummy,sigmoid,1,1,40,26,0.5,0.65,0.22768808216656228,-0.0008267347980759343,,,0.013714305179713393,0.5,26,14,0,0,1.0,0.0,0.65,,0.787878787878788,0.5,0.65,0.6313797313556672,26,14,0,0,1.0,0.0,0.65,,0.787878787878788,0.5,0.65
full_valid_model,dummy,sigmoid,1,2,40,26,0.5,0.65,0.22768808216656228,-0.0008267347980757123,,,0.013714305179713393,0.5,26,14,0,0,1.0,0.0,0.65,,0.787878787878788,0.5,0.65,0.6313797313556672,26,14,0,0,1.0,0.0,0.65,,0.787878787878788,0.5,0.65
full_valid_model,dummy,sigmoid,1,3,40,25,0.5,0.625,0.2346803128770852,-0.0013026682755634678,,,0.017473204545395915,0.5,25,15,0,0,1.0,0.0,0.625,,0.7692307692307693,0.5,0.625,0.6395701520450654,25,15,0,0,1.0,0.0,0.625,,0.7692307692307693,0.5,0.625
full_valid_model,dummy,sigmoid,1,4,40,25,0.5,0.625,0.2346803128770852,-0.0013026682755634678,,,0.017473204545395915,0.5,25,15,0,0,1.0,0.0,0.625,,0.7692307692307693,0.5,0.625,0.6395701520450654,25,15,0,0,1.0,0.0,0.625,,0.7692307692307693,0.5,0.625
full_valid_model,dummy,sigmoid,2,0,40,26,0.5,0.65,0.22768808216656228,-0.0008267347980759343,,,0.013714305179713393,0.5,26,14,0,0,1.0,0.0,0.65,,0.787878787878788,0.5,0.65,0.6313797313556672,26,14,0,0,1.0,0.0,0.65,,0.787878787878788,0.5,0.65
full_valid_model,dummy,sigmoid,2,1,40,26,0.5,0.65,0.22768808216656228,-0.0008267347980757123,,,0.013714305179713393,0.5,26,14,0,0,1.0,0.0,0.65,,0.787878787878788,0.5,0.65,0.6313797313556672,26,14,0,0,1.0,0.0,0.65,,0.787878787878788,0.5,0.65
full_valid_model,dummy,sigmoid,2,2,40,26,0.5,0.65,0.22768808216656228,-0.0008267347980757123,,,0.013714305179713393,0.5,26,14,0,0,1.0,0.0,0.65,,0.787878787878788,0.5,0.65,0.6313797313556672,26,14,0,0,1.0,0.0,0.65,,0.787878787878788,0.5,0.65
full_valid_model,dummy,sigmoid,2,3,40,25,0.5,0.625,0.23468031287708527,-0.0013026682755639118,,,0.017473204545395915,0.5,25,15,0,0,1.0,0.0,0.625,,0.7692307692307693,0.5,0.625,0.6395701520450654,25,15,0,0,1.0,0.0,0.625,,0.7692307692307693,0.5,0.625
full_valid_model,dummy,sigmoid,2,4,40,25,0.5,0.625,0.23468031287708527,-0.0013026682755639118,,,0.017473204545395915,0.5,25,15,0,0,1.0,0.0,0.625,,0.7692307692307693,0.5,0.625,0.6395701520450654,25,15,0,0,1.0,0.0,0.625,,0.7692307692307693,0.5,0.625
full_valid_model,dummy,sigmoid,3,0,40,26,0.5,0.65,0.22768808216656228,-0.0008267347980757123,,,0.013714305179713393,0.5,26,14,0,0,1.0,0.0,0.65,,0.787878787878788,0.5,0.65,0.6313797313556672,26,14,0,0,1.0,0.0,0.65,,0.787878787878788,0.5,0.65
full_valid_model,dummy,sigmoid,3,1,40,26,0.5,0.65,0.22768808216656228,-0.0008267347980757123,,,0.013714305179713393,0.5,26,14,0,0,1.0,0.0,0.65,,0.787878787878788,0.5,0.65,0.6313797313556673,26,14,0,0,1.0,0.0,0.65,,0.787878787878788,0.5,0.65
full_valid_model,dummy,sigmoid,3,2,40,26,0.5,0.65,0.22768808216656228,-0.0008267347980759343,,,0.013714305179713393,0.5,26,14,0,0,1.0,0.0,0.65,,0.787878787878788,0.5,0.65,0.6313797313556673,26,14,0,0,1.0,0.0,0.65,,0.787878787878788,0.5,0.65
full_valid_model,dummy,sigmoid,3,3,40,25,0.5,0.625,0.2346803128770852,-0.0013026682755634678,,,0.017473204545395915,0.5,25,15,0,0,1.0,0.0,0.625,,0.7692307692307693,0.5,0.625,0.6395701520450654,25,15,0,0,1.0,0.0,0.625,,0.7692307692307693,0.5,0.625
full_valid_model,dummy,sigmoid,3,4,40,25,0.5,0.625,0.23468031287708527,-0.0013026682755639118,,,0.017473204545395915,0.5,25,15,0,0,1.0,0.0,0.625,,0.7692307692307693,0.5,0.625,0.6395701520450653,25,15,0,0,1.0,0.0,0.625,,0.7692307692307693,0.5,0.625
full_valid_model,dummy,sigmoid,4,0,40,26,0.5,0.65,0.22768808216656228,-0.0008267347980759343,,,0.013714305179713393,0.5,26,14,0,0,1.0,0.0,0.65,,0.787878787878788,0.5,0.65,0.6313797313556672,26,14,0,0,1.0,0.0,0.65,,0.787878787878788,0.5,0.65
full_valid_model,dummy,sigmoid,4,1,40,26,0.5,0.65,0.22768808216656228,-0.0008267347980759343,,,0.013714305179713393,0.5,26,14,0,0,1.0,0.0,0.65,,0.787878787878788,0.5,0.65,0.6313797313556672,26,14,0,0,1.0,0.0,0.65,,0.787878787878788,0.5,0.65
full_valid_model,dummy,sigmoid,4,2,40,26,0.5,0.65,0.22768808216656228,-0.0008267347980759343,,,0.013714305179713393,0.5,26,14,0,0,1.0,0.0,0.65,,0.787878787878788,0.5,0.65,0.6313797313556672,26,14,0,0,1.0,0.0,0.65,,0.787878787878788,0.5,0.65
full_valid_model,dummy,sigmoid,4,3,40,25,0.5,0.625,0.23468031287708527,-0.0013026682755639118,,,0.017473204545395915,0.5,25,15,0,0,1.0,0.0,0.625,,0.7692307692307693,0.5,0.625,0.6395701520450654,25,15,0,0,1.0,0.0,0.625,,0.7692307692307693,0.5,0.625
full_valid_model,dummy,sigmoid,4,4,40,25,0.5,0.625,0.23468031287708527,-0.0013026682755639118,,,0.017473204545395915,0.5,25,15,0,0,1.0,0.0,0.625,,0.7692307692307693,0.5,0.625,0.6395701520450653,25,15,0,0,1.0,0.0,0.625,,0.7692307692307693,0.5,0.625
full_valid_model,ebm,isotonic,0,0,40,26,0.9945054945054945,0.9970962086346702,0.02373065960818071,0.8956894083156892,0.6406243011584197,-1.0217911677453948,0.03011647780246972,0.5,26,1,13,0,1.0,0.9285714285714286,0.9629629629629629,1.0,0.9811320754716981,0.9642857142857143,0.975,0.9950846641714206,23,0,14,3,0.8846153846153846,1.0,1.0,0.8235294117647058,0.9387755102040816,0.9423076923076923,0.925
full_valid_model,ebm,isotonic,0,1,40,26,1.0,1.0,0.0051867580168519075,0.9772010636621894,,0.27407494185315007,0.016958389935349746,0.5,26,0,14,0,1.0,1.0,1.0,1.0,1.0,1.0,1.0,1.0,24,0,14,2,0.9230769230769231,1.0,1.0,0.875,0.9600000000000001,0.9615384615384616,0.95
full_valid_model,ebm,isotonic,0,2,40,26,1.0,1.0,0.005047970682831997,0.9778111178776615,,0.3211118643712329,0.021911776840635153,0.5,26,0,14,0,1.0,1.0,1.0,1.0,1.0,1.0,1.0,1.0,24,0,14,2,0.9230769230769231,1.0,1.0,0.875,0.9600000000000001,0.9615384615384616,0.95
full_valid_model,ebm,isotonic,0,3,40,25,1.0,1.0,3.713355737509969e-05,0.9998415634885329,,-3.6896349432352085,0.0009635034687936999,0.5,25,0,15,0,1.0,1.0,1.0,1.0,1.0,1.0,1.0,1.0,25,0,15,0,1.0,1.0,1.0,1.0,1.0,1.0,1.0
full_valid_model,ebm,isotonic,0,4,40,25,1.0,1.0,0.01190164470792458,0.9492196492461885,,1.0609844648321929,0.028753831219790815,0.5,24,0,15,1,0.96,1.0,1.0,0.9375,0.9795918367346939,0.98,0.975,1.0,22,0,15,3,0.88,1.0,1.0,0.8333333333333334,0.9361702127659575,0.94,0.925
full_valid_model,ebm,isotonic,1,0,40,26,1.0,1.0,0.002059215569357806,0.9909485029918338,,1.1323572372069433,0.012835158596260488,0.5,26,0,14,0,1.0,1.0,1.0,1.0,1.0,1.0,1.0,1.0,22,0,14,4,0.8461538461538461,1.0,1.0,0.7777777777777778,0.9166666666666666,0.9230769230769231,0.9
full_valid_model,ebm,isotonic,1,1,40,26,0.9972527472527473,0.9985754985754985,0.01577510780897354,0.9306588667737427,4.381350850085481,0.8133027120855113,0.01660818320259708,0.5,25,0,14,1,0.9615384615384616,1.0,1.0,0.9333333333333333,0.9803921568627451,0.9807692307692308,0.975,0.9590927689900984,23,0,14,3,0.8846153846153846,1.0,1.0,0.8235294117647058,0.9387755102040816,0.9423076923076923,0.925
full_valid_model,ebm,isotonic,1,2,40,26,1.0,1.0,0.018099124021579618,0.9204434108941555,,1.8206877013545737,0.03284452817325535,0.5,24,0,14,2,0.9230769230769231,1.0,1.0,0.875,0.9600000000000001,0.9615384615384616,0.95,1.0,23,0,14,3,0.8846153846153846,1.0,1.0,0.8235294117647058,0.9387755102040816,0.9423076923076923,0.925
full_valid_model,ebm,isotonic,1,3,40,25,1.0,1.0,0.007044724910931828,0.9699425070466908,,0.8970572852352663,0.019352012535988942,0.5,25,0,15,0,1.0,1.0,1.0,1.0,1.0,1.0,1.0,1.0,23,0,15,2,0.92,1.0,1.0,0.8823529411764706,0.9583333333333334,0.96,0.95
full_valid_model,ebm,isotonic,1,4,40,25,1.0,1.0,0.013723188583538357,0.9414477287102363,,-1.78504141412079,0.024300455866243,0.5,25,1,14,0,1.0,0.9333333333333333,0.9615384615384616,1.0,0.9803921568627451,0.9666666666666667,0.975,0.9930898693316292,24,0,15,1,0.96,1.0,1.0,0.9375,0.9795918367346939,0.98,0.975
full_valid_model,ebm,isotonic,2,0,40,26,1.0,1.0,0.0019512294892693547,0.9914231670801347,,2.459465096765979,0.007054241157684377,0.5,26,0,14,0,1.0,1.0,1.0,1.0,1.0,1.0,1.0,0.9503365600280992,25,0,14,1,0.9615384615384616,1.0,1.0,0.9333333333333333,0.9803921568627451,0.9807692307692308,0.975
full_valid_model,ebm,isotonic,2,1,40,26,1.0,1.0,0.0012950087092798153,0.9943076540251437,,0.5196653019936831,0.01088102509651131,0.5,26,0,14,0,1.0,1.0,1.0,1.0,1.0,1.0,1.0,0.875,25,0,14,1,0.9615384615384616,1.0,1.0,0.9333333333333333,0.9803921568627451,0.9807692307692308,0.975
full_valid_model,ebm,isotonic,2,2,40,26,0.9972527472527473,0.9985754985754985,0.021507391454533932,0.9054620155844663,2.9794685246932353,-0.44477971163202235,0.025485350139640463,0.5,25,1,13,1,0.9615384615384616,0.9285714285714286,0.9615384615384616,0.9285714285714286,0.9615384615384616,0.945054945054945,0.95,0.9946818762434,21,0,14,5,0.8076923076923077,1.0,1.0,0.7368421052631579,0.8936170212765957,0.9038461538461539,0.875
full_valid_model,ebm,isotonic,2,3,40,25,1.0,1.0,0.026733735900755236,0.8859360601567776,,-1.4696583662407547,0.03581606759492702,0.5,25,2,13,0,1.0,0.8666666666666667,0.9259259259259259,1.0,0.9615384615384615,0.9333333333333333,0.95,0.9716632107950204,23,0,15,2,0.92,1.0,1.0,0.8823529411764706,0.9583333333333334,0.96,0.95
full_valid_model,ebm,isotonic,2,4,40,25,1.0,1.0,0.0003627721085366388,0.9984521723369103,,-0.892451033226718,0.004803671086329811,0.5,25,0,15,0,1.0,1.0,1.0,1.0,1.0,1.0,1.0,0.9486905313779754,25,0,15,0,1.0,1.0,1.0,1.0,1.0,1.0,1.0
full_valid_model,ebm,isotonic,3,0,40,26,1.0,1.0,0.0014552888641104693,0.9936031258720419,,5.133740639304683,0.008297900616968504,0.5,26,0,14,0,1.0,1.0,1.0,1.0,1.0,1.0,1.0,0.9838983532481288,24,0,14,2,0.9230769230769231,1.0,1.0,0.875,0.9600000000000001,0.9615384615384616,0.95
full_valid_model,ebm,isotonic,3,1,40,26,1.0,1.0,0.004620616148282948,0.9796895993482069,,-0.3097930895209848,0.0165687127906494,0.5,26,0,14,0,1.0,1.0,1.0,1.0,1.0,1.0,1.0,0.9855981832520868,24,0,14,2,0.9230769230769231,1.0,1.0,0.875,0.9600000000000001,0.9615384615384616,0.95
full_valid_model,ebm,isotonic,3,2,40,26,1.0,1.0,0.0005418841814413876,0.9976180915101478,,0.07685863579519955,0.005664375075125173,0.5,26,0,14,0,1.0,1.0,1.0,1.0,1.0,1.0,1.0,0.974030669940808,25,0,14,1,0.9615384615384616,1.0,1.0,0.9333333333333333,0.9803921568627451,0.9807692307692308,0.975
full_valid_model,ebm,isotonic,3,3,40,25,0.9946666666666667,0.9968615384615385,0.03619268421160385,0.8455778806971569,0.4487420243882827,-0.3103811124893353,0.040637253629093345,0.5,24,1,14,1,0.96,0.9333333333333333,0.96,0.9333333333333333,0.96,0.9466666666666667,0.95,0.9594508467010718,23,0,15,2,0.92,1.0,1.0,0.8823529411764706,0.9583333333333334,0.96,0.95
full_valid_model,ebm,isotonic,3,4,40,25,1.0,1.0,0.009094849442580193,0.9611953090449912,,-0.044483661997644385,0.024559146385279937,0.5,25,0,15,0,1.0,1.0,1.0,1.0,1.0,1.0,1.0,0.9839046353015488,24,0,15,1,0.96,1.0,1.0,0.9375,0.9795918367346939,0.98,0.975
full_valid_model,ebm,isotonic,4,0,40,26,1.0,1.0,0.008296643143020945,0.9635312389317761,,-0.15285084763074372,0.0056388085165183476,0.5,26,0,14,0,1.0,1.0,1.0,1.0,1.0,1.0,1.0,0.9645096326289446,24,0,14,2,0.9230769230769231,1.0,1.0,0.875,0.9600000000000001,0.9615384615384616,0.95
full_valid_model,ebm,isotonic,4,1,40,26,1.0,1.0,0.002154308280878204,0.9905305130510849,,0.5957518178858437,0.009649064233580005,0.5,26,0,14,0,1.0,1.0,1.0,1.0,1.0,1.0,1.0,0.9980259084055612,25,0,14,1,0.9615384615384616,1.0,1.0,0.9333333333333333,0.9803921568627451,0.9807692307692308,0.975
full_valid_model,ebm,isotonic,4,2,40,26,1.0,1.0,0.012046809455771749,0.9470469914032011,,-2.3431271051843012,0.017857664762444454,0.5,26,1,13,0,1.0,0.9285714285714286,0.9629629629629629,1.0,0.9811320754716981,0.9642857142857143,0.975,0.9907905014369882,25,0,14,1,0.9615384615384616,1.0,1.0,0.9333333333333333,0.9803921568627451,0.9807692307692308,0.975
full_valid_model,ebm,isotonic,4,3,40,25,1.0,1.0,0.007791541571014739,0.9667560892970037,,0.5338608296740258,0.01962551714149829,0.5,24,0,15,1,0.96,1.0,1.0,0.9375,0.9795918367346939,0.98,0.975,0.8627802573351868,24,0,15,1,0.96,1.0,1.0,0.9375,0.9795918367346939,0.98,0.975
full_valid_model,ebm,isotonic,4,4,40,25,1.0,1.0,0.0014370948869694158,0.9938683951489304,,0.3026258381610335,0.016460460585228834,0.5,25,0,15,0,1.0,1.0,1.0,1.0,1.0,1.0,1.0,1.0,18,0,15,7,0.72,1.0,1.0,0.6818181818181818,0.8372093023255813,0.86,0.825
full_valid_model,ebm,none,0,0,40,26,0.9945054945054945,0.9970962086346701,0.024527271958107392,0.8921878155687587,0.5997229953303839,-1.5710610451159348,0.028351803612587746,0.5,26,1,13,0,1.0,0.9285714285714286,0.9629629629629629,1.0,0.9811320754716981,0.9642857142857143,0.975,0.999559165249026,21,0,14,5,0.8076923076923077,1.0,1.0,0.7368421052631579,0.8936170212765957,0.9038461538461539,0.875
full_valid_model,ebm,none,0,1,40,26,1.0,1.0,0.006560173124598209,0.9711640741775903,,2.2481968730474255,0.015926202520730584,0.5,26,0,14,0,1.0,1.0,1.0,1.0,1.0,1.0,1.0,0.9951009974481186,24,0,14,2,0.9230769230769231,1.0,1.0,0.875,0.9600000000000001,0.9615384615384616,0.95
full_valid_model,ebm,none,0,2,40,26,1.0,1.0,0.001063257432302247,0.9953263409569132,,2.005278502067389,0.007047126912799456,0.5,26,0,14,0,1.0,1.0,1.0,1.0,1.0,1.0,1.0,0.9998110711668916,23,0,14,3,0.8846153846153846,1.0,1.0,0.8235294117647058,0.9387755102040816,0.9423076923076923,0.925
full_valid_model,ebm,none,0,3,40,25,1.0,1.0,1.516656738546107e-06,0.9999935289312488,,-2.744398391071607,0.0002226267277049857,0.5,25,0,15,0,1.0,1.0,1.0,1.0,1.0,1.0,1.0,0.9998488442676228,25,0,15,0,1.0,1.0,1.0,1.0,1.0,1.0,1.0
full_valid_model,ebm,none,0,4,40,25,1.0,1.0,0.023730255144946092,0.8987509113815634,,4.295196116494001,0.024530744365842305,0.5,24,0,15,1,0.96,1.0,1.0,0.9375,0.9795918367346939,0.98,0.975,0.9999226143115204,20,0,15,5,0.8,1.0,1.0,0.75,0.888888888888889,0.9,0.875
full_valid_model,ebm,none,1,0,40,26,1.0,1.0,5.292670745950035e-07,0.9999976735513204,,0.8981957054760077,0.00017031854215507382,0.5,26,0,14,0,1.0,1.0,1.0,1.0,1.0,1.0,1.0,0.999997370991818,22,0,14,4,0.8461538461538461,1.0,1.0,0.7777777777777778,0.9166666666666666,0.9230769230769231,0.9
full_valid_model,ebm,none,1,1,40,26,1.0,1.0,0.0005162025282277579,0.9977309778979,,0.048970442059865886,0.005627545081663871,0.5,26,0,14,0,1.0,1.0,1.0,1.0,1.0,1.0,1.0,0.9911345714371096,24,0,14,2,0.9230769230769231,1.0,1.0,0.875,0.9600000000000001,0.9615384615384616,0.95
full_valid_model,ebm,none,1,2,40,26,1.0,1.0,0.0151515577836796,0.933399746005804,,5.755480880367733,0.021841911888708897,0.5,25,0,14,1,0.9615384615384616,1.0,1.0,0.9333333333333333,0.9803921568627451,0.9807692307692308,0.975,0.9994080171774664,23,0,14,3,0.8846153846153846,1.0,1.0,0.8235294117647058,0.9387755102040816,0.9423076923076923,0.925
full_valid_model,ebm,none,1,3,40,25,1.0,1.0,0.0223541109581988,0.9046224599116851,,3.463681989183582,0.023265942489770968,0.5,24,0,15,1,0.96,1.0,1.0,0.9375,0.9795918367346939,0.98,0.975,0.9983097363679556,24,0,15,1,0.96,1.0,1.0,0.9375,0.9795918367346939,0.98,0.975
full_valid_model,ebm,none,1,4,40,25,1.0,1.0,0.023804322621409225,0.898434890148654,,-5.126749853892773,0.024403683863759986,0.5,25,1,14,0,1.0,0.9333333333333333,0.9615384615384616,1.0,0.9803921568627451,0.9666666666666667,0.975,0.9999489810863698,24,0,15,1,0.96,1.0,1.0,0.9375,0.9795918367346939,0.98,0.975
full_valid_model,ebm,none,2,0,40,26,1.0,1.0,0.012120433427079467,0.9467233695512991,,5.155415965264869,0.01745916924687831,0.5,25,0,14,1,0.9615384615384616,1.0,1.0,0.9333333333333333,0.9803921568627451,0.9807692307692308,0.975,0.9959015568608308,25,0,14,1,0.9615384615384616,1.0,1.0,0.9333333333333333,0.9803921568627451,0.9807692307692308,0.975
full_valid_model,ebm,none,2,1,40,26,1.0,1.0,0.00042544428464684166,0.9981299152323215,,2.5442196575486453,0.004568173141497427,0.5,26,0,14,0,1.0,1.0,1.0,1.0,1.0,1.0,1.0,0.988799427880833,24,0,14,2,0.9230769230769231,1.0,1.0,0.875,0.9600000000000001,0.9615384615384616,0.95
full_valid_model,ebm,none,2,2,40,26,0.9917582417582418,0.9960212201591512,0.031389792674946404,0.862022889340895,0.7384909067877249,-0.7446631896660915,0.020029328505148745,0.5,25,1,13,1,0.9615384615384616,0.9285714285714286,0.9615384615384616,0.9285714285714286,0.9615384615384616,0.945054945054945,0.95,0.999377784934393,23,0,14,3,0.8846153846153846,1.0,1.0,0.8235294117647058,0.9387755102040816,0.9423076923076923,0.925
full_valid_model,ebm,none,2,3,40,25,1.0,1.0,0.019676662006031048,0.9160462421076009,,-1.5675600314816973,0.0348822202425646,0.5,25,1,14,0,1.0,0.9333333333333333,0.9615384615384616,1.0,0.9803921568627451,0.9666666666666667,0.975,0.9999977932460848,22,0,15,3,0.88,1.0,1.0,0.8333333333333334,0.9361702127659575,0.94,0.925
full_valid_model,ebm,none,2,4,40,25,1.0,1.0,1.4153118309011551e-08,0.9999999396133619,,-1.3199228876170994,2.3839099559323957e-05,0.5,25,0,15,0,1.0,1.0,1.0,1.0,1.0,1.0,1.0,0.9997334748157062,25,0,15,0,1.0,1.0,1.0,1.0,1.0,1.0,1.0
full_valid_model,ebm,none,3,0,40,26,1.0,1.0,0.02084206451233906,0.908386529616092,,6.758483715347984,0.022871072071333154,0.5,25,0,14,1,0.9615384615384616,1.0,1.0,0.9333333333333333,0.9803921568627451,0.9807692307692308,0.975,0.9976050695155771,25,0,14,1,0.9615384615384616,1.0,1.0,0.9333333333333333,0.9803921568627451,0.9807692307692308,0.975
full_valid_model,ebm,none,3,1,40,26,1.0,1.0,0.0022795596295069514,0.9899799576724969,,1.3239585142878474,0.008801338531610426,0.5,26,0,14,0,1.0,1.0,1.0,1.0,1.0,1.0,1.0,0.9999562370716958,23,0,14,3,0.8846153846153846,1.0,1.0,0.8235294117647058,0.9387755102040816,0.9423076923076923,0.925
full_valid_model,ebm,none,3,2,40,26,1.0,1.0,0.0009418673668769018,0.9958599236620795,,1.5540178245277059,0.0051684014267053754,0.5,26,0,14,0,1.0,1.0,1.0,1.0,1.0,1.0,1.0,0.9703344058707652,25,0,14,1,0.9615384615384616,1.0,1.0,0.9333333333333333,0.9803921568627451,0.9807692307692308,0.975
full_valid_model,ebm,none,3,3,40,25,0.9973333333333334,0.9984615384615385,0.039484360196404784,0.8315333964953395,3.077734980745981,-1.1472472001474563,0.044116475309873476,0.5,24,1,14,1,0.96,0.9333333333333333,0.96,0.9333333333333333,0.96,0.9466666666666667,0.95,0.9995307267621684,22,0,15,3,0.88,1.0,1.0,0.8333333333333334,0.9361702127659575,0.94,0.925
full_valid_model,ebm,none,3,4,40,25,1.0,1.0,0.013590896267336425,0.9420121759260313,,2.0613669150974894,0.019410604015113953,0.5,24,0,15,1,0.96,1.0,1.0,0.9375,0.9795918367346939,0.98,0.975,0.9962218626967704,24,0,15,1,0.96,1.0,1.0,0.9375,0.9795918367346939,0.98,0.975
full_valid_model,ebm,none,4,0,40,26,1.0,1.0,0.01151294825332001,0.9493936340513406,,1.6927508671492153,0.021808437463997375,0.5,25,0,14,1,0.9615384615384616,1.0,1.0,0.9333333333333333,0.9803921568627451,0.9807692307692308,0.975,0.9983414836787694,24,0,14,2,0.9230769230769231,1.0,1.0,0.875,0.9600000000000001,0.9615384615384616,0.95
full_valid_model,ebm,none,4,1,40,26,1.0,1.0,0.00032451564770121763,0.9985735575925221,,2.7942909605168498,0.00288003621981978,0.5,26,0,14,0,1.0,1.0,1.0,1.0,1.0,1.0,1.0,0.9999797311052464,23,0,14,3,0.8846153846153846,1.0,1.0,0.8235294117647058,0.9387755102040816,0.9423076923076923,0.925
full_valid_model,ebm,none,4,2,40,26,1.0,1.0,0.023020280083987994,0.898811955674778,,-6.029031275568861,0.02399199989507141,0.5,26,1,13,0,1.0,0.9285714285714286,0.9629629629629629,1.0,0.9811320754716981,0.9642857142857143,0.975,0.9999474504842786,25,0,14,1,0.9615384615384616,1.0,1.0,0.9333333333333333,0.9803921568627451,0.9807692307692308,0.975
full_valid_model,ebm,none,4,3,40,25,1.0,1.0,0.009823766349946963,0.9580852635735596,,1.3745098895461023,0.024676662160269716,0.5,24,0,15,1,0.96,1.0,1.0,0.9375,0.9795918367346939,0.98,0.975,0.985026601444075,21,0,15,4,0.84,1.0,1.0,0.7894736842105263,0.9130434782608696,0.9199999999999999,0.9
full_valid_model,ebm,none,4,4,40,25,1.0,1.0,2.1461481573782936e-05,0.9999084310119518,,0.8700091258563597,0.0009372217655612802,0.5,25,0,15,0,1.0,1.0,1.0,1.0,1.0,1.0,1.0,0.9999861956638928,18,0,15,7,0.72,1.0,1.0,0.6818181818181818,0.8372093023255813,0.86,0.825
full_valid_model,ebm,sigmoid,0,0,40,26,0.9972527472527473,0.9985754985754985,0.027586261111144744,0.8787417094015616,2.5524070204645093,0.06271014487832163,0.06814376358473188,0.5,26,1,13,0,1.0,0.9285714285714286,0.9629629629629629,1.0,0.9811320754716981,0.9642857142857143,0.975,0.7881843960910431,23,0,14,3,0.8846153846153846,1.0,1.0,0.8235294117647058,0.9387755102040816,0.9423076923076923,0.925
full_valid_model,ebm,sigmoid,0,1,40,26,1.0,1.0,0.020193037124192872,0.9112393972562951,,0.12028316423403927,0.08932375465243704,0.5,25,0,14,1,0.9615384615384616,1.0,1.0,0.9333333333333333,0.9803921568627451,0.9807692307692308,0.975,0.7837058430221306,24,0,14,2,0.9230769230769231,1.0,1.0,0.875,0.9600000000000001,0.9615384615384616,0.95
full_valid_model,ebm,sigmoid,0,2,40,26,1.0,1.0,0.022421940798000924,0.9014420184703256,,0.08627689990308522,0.10112574726674657,0.5,26,0,14,0,1.0,1.0,1.0,1.0,1.0,1.0,1.0,0.7267307407409177,24,0,14,2,0.9230769230769231,1.0,1.0,0.875,0.9600000000000001,0.9615384615384616,0.95
full_valid_model,ebm,sigmoid,0,3,40,25,1.0,1.0,0.011104457728322515,0.9526209803591573,,-0.10958873189307984,0.07743834330355129,0.5,25,0,15,0,1.0,1.0,1.0,1.0,1.0,1.0,1.0,0.723865232544529,25,0,15,0,1.0,1.0,1.0,1.0,1.0,1.0,1.0
full_valid_model,ebm,sigmoid,0,4,40,25,1.0,1.0,0.030392245847787314,0.8703264177161074,,0.13708592863552435,0.09566221577430249,0.5,24,0,15,1,0.96,1.0,1.0,0.9375,0.9795918367346939,0.98,0.975,0.74670954356754,21,0,15,4,0.84,1.0,1.0,0.7894736842105263,0.9130434782608696,0.9199999999999999,0.9
full_valid_model,ebm,sigmoid,1,0,40,26,1.0,1.0,0.013385057671517658,0.9411645816636587,,0.11904207665793048,0.07782699282227157,0.5,26,0,14,0,1.0,1.0,1.0,1.0,1.0,1.0,1.0,0.750398799265099,23,0,14,3,0.8846153846153846,1.0,1.0,0.8235294117647058,0.9387755102040816,0.9423076923076923,0.925
full_valid_model,ebm,sigmoid,1,1,40,26,1.0,1.0,0.0251125083444675,0.8896153479364066,,0.281092782428557,0.08346839477854678,0.5,25,0,14,1,0.9615384615384616,1.0,1.0,0.9333333333333333,0.9803921568627451,0.9807692307692308,0.975,0.7867648966764332,21,0,14,5,0.8076923076923077,1.0,1.0,0.7368421052631579,0.8936170212765957,0.9038461538461539,0.875
full_valid_model,ebm,sigmoid,1,2,40,26,1.0,1.0,0.02432961901535586,0.8930566197127215,,0.27314935792961587,0.10235624592177646,0.5,24,0,14,2,0.9230769230769231,1.0,1.0,0.875,0.9600000000000001,0.9615384615384616,0.95,0.6997430281081247,24,0,14,2,0.9230769230769231,1.0,1.0,0.875,0.9600000000000001,0.9615384615384616,0.95
full_valid_model,ebm,sigmoid,1,3,40,25,1.0,1.0,0.016564711436219397,0.9293238978721305,,-0.09270485858468948,0.07965391204413683,0.5,24,0,15,1,0.96,1.0,1.0,0.9375,0.9795918367346939,0.98,0.975,0.7595614132928477,24,0,15,1,0.96,1.0,1.0,0.9375,0.9795918367346939,0.98,0.975
full_valid_model,ebm,sigmoid,1,4,40,25,1.0,1.0,0.018881869073636044,0.9194373586191529,,-0.3536981415368029,0.08913571704160803,0.5,25,0,15,0,1.0,1.0,1.0,1.0,1.0,1.0,1.0,0.7624600487388757,24,0,15,1,0.96,1.0,1.0,0.9375,0.9795918367346939,0.98,0.975
full_valid_model,ebm,sigmoid,2,0,40,26,1.0,1.0,0.011040599652977429,0.9514698916352641,,0.0025154670654446757,0.07043480977478471,0.5,26,0,14,0,1.0,1.0,1.0,1.0,1.0,1.0,1.0,0.7539087414654542,25,0,14,1,0.9615384615384616,1.0,1.0,0.9333333333333333,0.9803921568627451,0.9807692307692308,0.975
full_valid_model,ebm,sigmoid,2,1,40,26,1.0,1.0,0.018360567358897427,0.9192942094114399,,0.21641009663365607,0.09734645419868773,0.5,26,0,14,0,1.0,1.0,1.0,1.0,1.0,1.0,1.0,0.7618877527263357,22,0,14,4,0.8461538461538461,1.0,1.0,0.7777777777777778,0.9166666666666666,0.9230769230769231,0.9
full_valid_model,ebm,sigmoid,2,2,40,26,1.0,1.0,0.031860273541800065,0.8599548415745052,,0.10273355054517799,0.09203281294192515,0.5,25,0,14,1,0.9615384615384616,1.0,1.0,0.9333333333333333,0.9803921568627451,0.9807692307692308,0.975,0.804157816541422,21,0,14,5,0.8076923076923077,1.0,1.0,0.7368421052631579,0.8936170212765957,0.9038461538461539,0.875
full_valid_model,ebm,sigmoid,2,3,40,25,1.0,1.0,0.028377002869888646,0.8789247877551418,,-0.1799478575912772,0.08211845418140687,0.5,25,0,15,0,1.0,1.0,1.0,1.0,1.0,1.0,1.0,0.742512429507377,22,0,15,3,0.88,1.0,1.0,0.8333333333333334,0.9361702127659575,0.94,0.925
full_valid_model,ebm,sigmoid,2,4,40,25,1.0,1.0,0.010629543491243482,0.9546472811040279,,-0.3065012329460866,0.07507159030299385,0.5,25,0,15,0,1.0,1.0,1.0,1.0,1.0,1.0,1.0,0.7325539726920705,25,0,15,0,1.0,1.0,1.0,1.0,1.0,1.0,1.0
full_valid_model,ebm,sigmoid,3,0,40,26,1.0,1.0,0.018959843131722103,0.9166600301902326,,0.3796228213981167,0.09465547466951607,0.5,26,0,14,0,1.0,1.0,1.0,1.0,1.0,1.0,1.0,0.8097478193119221,21,0,14,5,0.8076923076923077,1.0,1.0,0.7368421052631579,0.8936170212765957,0.9038461538461539,0.875
full_valid_model,ebm,sigmoid,3,1,40,26,1.0,1.0,0.020999432374259958,0.9076948027505057,,0.035552833245965254,0.08826719663299633,0.5,26,0,14,0,1.0,1.0,1.0,1.0,1.0,1.0,1.0,0.7373815046559961,23,0,14,3,0.8846153846153846,1.0,1.0,0.8235294117647058,0.9387755102040816,0.9423076923076923,0.925
full_valid_model,ebm,sigmoid,3,2,40,26,1.0,1.0,0.01659602246448757,0.9270504507055491,,0.051187970884746366,0.09114634085689975,0.5,26,0,14,0,1.0,1.0,1.0,1.0,1.0,1.0,1.0,0.7348907686535875,25,0,14,1,0.9615384615384616,1.0,1.0,0.9333333333333333,0.9803921568627451,0.9807692307692308,0.975
full_valid_model,ebm,sigmoid,3,3,40,25,0.9973333333333334,0.9984615384615385,0.03118643178909251,0.8669378910332053,1.6721774010251738,0.019670285343632986,0.056290060428488234,0.5,24,1,14,1,0.96,0.9333333333333333,0.96,0.9333333333333333,0.96,0.9466666666666667,0.95,0.7837080056134706,22,0,15,3,0.88,1.0,1.0,0.8333333333333334,0.9361702127659575,0.94,0.925
full_valid_model,ebm,sigmoid,3,4,40,25,1.0,1.0,0.02156021763275732,0.9080097381002354,,0.021257988152930278,0.09906370871264417,0.5,24,0,15,1,0.96,1.0,1.0,0.9375,0.9795918367346939,0.98,0.975,0.7075749504692671,24,0,15,1,0.96,1.0,1.0,0.9375,0.9795918367346939,0.98,0.975
full_valid_model,ebm,sigmoid,4,0,40,26,1.0,1.0,0.0204991964184426,0.9098936421167358,,0.18233784753934437,0.08826016067011945,0.5,25,0,14,1,0.9615384615384616,1.0,1.0,0.9333333333333333,0.9803921568627451,0.9807692307692308,0.975,0.7399141323318675,24,0,14,2,0.9230769230769231,1.0,1.0,0.875,0.9600000000000001,0.9615384615384616,0.95
full_valid_model,ebm,sigmoid,4,1,40,26,1.0,1.0,0.018591672689949157,0.9182783618024213,,-0.06662854899264986,0.09267773055934062,0.5,26,0,14,0,1.0,1.0,1.0,1.0,1.0,1.0,1.0,0.7456463304943365,23,0,14,3,0.8846153846153846,1.0,1.0,0.8235294117647058,0.9387755102040816,0.9423076923076923,0.925
full_valid_model,ebm,sigmoid,4,2,40,26,1.0,1.0,0.01510993525836198,0.9335827021610462,,-0.20647970565311954,0.07887706074876971,0.5,26,0,14,0,1.0,1.0,1.0,1.0,1.0,1.0,1.0,0.6957403530016399,26,0,14,0,1.0,1.0,1.0,1.0,1.0,1.0,1.0
full_valid_model,ebm,sigmoid,4,3,40,25,1.0,1.0,0.021820592558652006,0.9068988050830847,,0.10989784341877597,0.09422700242462867,0.5,24,0,15,1,0.96,1.0,1.0,0.9375,0.9795918367346939,0.98,0.975,0.6717026532073136,23,0,15,2,0.92,1.0,1.0,0.8823529411764706,0.9583333333333334,0.96,0.95
full_valid_model,ebm,sigmoid,4,4,40,25,1.0,1.0,0.02448062099833021,0.8955493504071245,,0.19681811976231237,0.11728959224757073,0.5,25,0,15,0,1.0,1.0,1.0,1.0,1.0,1.0,1.0,0.7448555613721366,21,0,15,4,0.84,1.0,1.0,0.7894736842105263,0.9130434782608696,0.9199999999999999,0.9
full_valid_model,logreg,isotonic,0,0,40,26,1.0,1.0,0.015240662370498615,0.9330080774923137,,-2.784792009897567,0.02045306036941132,0.5,26,1,13,0,1.0,0.9285714285714286,0.9629629629629629,1.0,0.9811320754716981,0.9642857142857143,0.975,0.9624323032081772,26,0,14,0,1.0,1.0,1.0,1.0,1.0,1.0,1.0
full_valid_model,logreg,isotonic,0,1,40,26,1.0,1.0,5.9997966908374644e-05,0.9997362726729302,,0.9522227619334447,0.0019511713218394327,0.5,26,0,14,0,1.0,1.0,1.0,1.0,1.0,1.0,1.0,0.9782405486535932,24,0,14,2,0.9230769230769231,1.0,1.0,0.875,0.9600000000000001,0.9615384615384616,0.95
full_valid_model,logreg,isotonic,0,2,40,26,1.0,1.0,0.001325315894658765,0.9941744356278736,,1.5002502708675534,0.008528632336382732,0.5,26,0,14,0,1.0,1.0,1.0,1.0,1.0,1.0,1.0,0.9788737817770632,23,0,14,3,0.8846153846153846,1.0,1.0,0.8235294117647058,0.9387755102040816,0.9423076923076923,0.925
full_valid_model,logreg,isotonic,0,3,40,25,1.0,1.0,0.0019039232585757453,0.9918765940967434,,-5.021548215058602,0.012066461761888553,0.5,25,0,15,0,1.0,1.0,1.0,1.0,1.0,1.0,1.0,1.0,25,0,15,0,1.0,1.0,1.0,1.0,1.0,1.0,1.0
full_valid_model,logreg,isotonic,0,4,40,25,1.0,1.0,0.030824529713099225,0.8684820065574433,,1.919395224726284,0.03791630453113464,0.5,23,0,15,2,0.92,1.0,1.0,0.8823529411764706,0.9583333333333334,0.96,0.95,0.9970617470234584,22,0,15,3,0.88,1.0,1.0,0.8333333333333334,0.9361702127659575,0.94,0.925
full_valid_model,logreg,isotonic,1,0,40,26,1.0,1.0,0.0003490031636146038,0.9984659201599358,,2.5439940873437585,0.003996706405025566,0.5,26,0,14,0,1.0,1.0,1.0,1.0,1.0,1.0,1.0,0.962487052738884,25,0,14,1,0.9615384615384616,1.0,1.0,0.9333333333333333,0.9803921568627451,0.9807692307692308,0.975
full_valid_model,logreg,isotonic,1,1,40,26,1.0,1.0,0.011566070756830072,0.9491601285414063,,0.7331247361468435,0.01106948946157224,0.5,25,0,14,1,0.9615384615384616,1.0,1.0,0.9333333333333333,0.9803921568627451,0.9807692307692308,0.975,0.9568982489960468,23,0,14,3,0.8846153846153846,1.0,1.0,0.8235294117647058,0.9387755102040816,0.9423076923076923,0.925
full_valid_model,logreg,isotonic,1,2,40,26,1.0,1.0,1.1697388318331549e-06,0.9999948582908491,,3.100863674516683,0.00017100722439662987,0.5,26,0,14,0,1.0,1.0,1.0,1.0,1.0,1.0,1.0,1.0,25,0,14,1,0.9615384615384616,1.0,1.0,0.9333333333333333,0.9803921568627451,0.9807692307692308,0.975
full_valid_model,logreg,isotonic,1,3,40,25,1.0,1.0,0.011039947812995677,0.9528962226645518,,1.251616114243614,0.019427186883351218,0.5,24,0,15,1,0.96,1.0,1.0,0.9375,0.9795918367346939,0.98,0.975,1.0,24,0,15,1,0.96,1.0,1.0,0.9375,0.9795918367346939,0.98,0.975
full_valid_model,logreg,isotonic,1,4,40,25,1.0,1.0,0.01644838278909182,0.9298202334332082,,-1.603155360849858,0.031378363605565285,0.5,25,1,14,0,1.0,0.9333333333333333,0.9615384615384616,1.0,0.9803921568627451,0.9666666666666667,0.975,0.9526060497589202,24,0,15,1,0.96,1.0,1.0,0.9375,0.9795918367346939,0.98,0.975
full_valid_model,logreg,isotonic,2,0,40,26,1.0,1.0,0.00025609513079668134,0.9988743071173772,,-0.022941000944423535,0.003577555386612024,0.5,26,0,14,0,1.0,1.0,1.0,1.0,1.0,1.0,1.0,1.0,25,0,14,1,0.9615384615384616,1.0,1.0,0.9333333333333333,0.9803921568627451,0.9807692307692308,0.975
full_valid_model,logreg,isotonic,2,1,40,26,1.0,1.0,0.0,1.0,,0.30951991863229283,0.0,0.5,26,0,14,0,1.0,1.0,1.0,1.0,1.0,1.0,1.0,1.0,26,0,14,0,1.0,1.0,1.0,1.0,1.0,1.0,1.0
full_valid_model,logreg,isotonic,2,2,40,26,1.0,1.0,0.010894025010274939,0.9521141757790113,,0.42659258330945804,0.02454663902335828,0.5,25,0,14,1,0.9615384615384616,1.0,1.0,0.9333333333333333,0.9803921568627451,0.9807692307692308,0.975,1.0,25,0,14,1,0.9615384615384616,1.0,1.0,0.9333333333333333,0.9803921568627451,0.9807692307692308,0.975
full_valid_model,logreg,isotonic,2,3,40,25,0.9973333333333334,0.9984615384615385,0.02320939321771435,0.9009732556044188,0.7628163947106572,-0.22815418023920664,0.0431427860980637,0.5,24,1,14,1,0.96,0.9333333333333333,0.96,0.9333333333333333,0.96,0.9466666666666667,0.95,0.9840178062648032,23,0,15,2,0.92,1.0,1.0,0.8823529411764706,0.9583333333333334,0.96,0.95
full_valid_model,logreg,isotonic,2,4,40,25,1.0,1.0,0.0014459109554753092,0.9938307799233054,,-2.901731556116813,0.007530854448102508,0.5,25,0,15,0,1.0,1.0,1.0,1.0,1.0,1.0,1.0,0.9792584306170252,25,0,15,0,1.0,1.0,1.0,1.0,1.0,1.0,1.0
full_valid_model,logreg,isotonic,3,0,40,26,1.0,1.0,0.009135325561430355,0.9598447228068996,,5.798199614196684,0.015112350546349794,0.5,25,0,14,1,0.9615384615384616,1.0,1.0,0.9333333333333333,0.9803921568627451,0.9807692307692308,0.975,0.9928254400200212,25,0,14,1,0.9615384615384616,1.0,1.0,0.9333333333333333,0.9803921568627451,0.9807692307692308,0.975
full_valid_model,logreg,isotonic,3,1,40,26,1.0,1.0,0.00014630366307521575,0.9993569069754935,,-0.19939359764159834,0.0028450542493673207,0.5,26,0,14,0,1.0,1.0,1.0,1.0,1.0,1.0,1.0,0.93109867706129,26,0,14,0,1.0,1.0,1.0,1.0,1.0,1.0,1.0
full_valid_model,logreg,isotonic,3,2,40,26,1.0,1.0,0.0005182837187414918,0.9977218298077297,,-1.6312872194755397,0.0037552294158103906,0.5,26,0,14,0,1.0,1.0,1.0,1.0,1.0,1.0,1.0,0.97797544195625,26,0,14,0,1.0,1.0,1.0,1.0,1.0,1.0,1.0
full_valid_model,logreg,isotonic,3,3,40,25,1.0,1.0,0.01642267895495171,0.9299299031255394,,-1.6466206666059415,0.029661056828022923,0.5,25,1,14,0,1.0,0.9333333333333333,0.9615384615384616,1.0,0.9803921568627451,0.9666666666666667,0.975,0.990765191410137,24,0,15,1,0.96,1.0,1.0,0.9375,0.9795918367346939,0.98,0.975
full_valid_model,logreg,isotonic,3,4,40,25,1.0,1.0,0.008923257195911112,0.9619274359641126,,1.4346358121936693,0.01708558044159814,0.5,24,0,15,1,0.96,1.0,1.0,0.9375,0.9795918367346939,0.98,0.975,0.9757287116275684,24,0,15,1,0.96,1.0,1.0,0.9375,0.9795918367346939,0.98,0.975
full_valid_model,logreg,isotonic,4,0,40,26,1.0,1.0,0.011697133886364359,0.9485840268731237,,1.460592714319941,0.020618456283822816,0.5,25,0,14,1,0.9615384615384616,1.0,1.0,0.9333333333333333,0.9803921568627451,0.9807692307692308,0.975,0.9842848613412216,24,0,14,2,0.9230769230769231,1.0,1.0,0.875,0.9600000000000001,0.9615384615384616,0.95
full_valid_model,logreg,isotonic,4,1,40,26,1.0,1.0,0.0004973139710886374,0.9978140045226873,,-4.374417499175596,0.0035260245712722895,0.5,26,0,14,0,1.0,1.0,1.0,1.0,1.0,1.0,1.0,0.9751427897109002,26,0,14,0,1.0,1.0,1.0,1.0,1.0,1.0,1.0
full_valid_model,logreg,isotonic,4,2,40,26,1.0,1.0,0.016478444932235554,0.9275672750231404,,-6.005662114852897,0.020528749906323453,0.5,26,1,13,0,1.0,0.9285714285714286,0.9629629629629629,1.0,0.9811320754716981,0.9642857142857143,0.975,1.0,26,0,14,0,1.0,1.0,1.0,1.0,1.0,1.0,1.0
full_valid_model,logreg,isotonic,4,3,40,25,1.0,1.0,0.002294278562074566,0.9902110781351485,,0.578040440220626,0.016747661194468324,0.5,25,0,15,0,1.0,1.0,1.0,1.0,1.0,1.0,1.0,1.0,19,0,15,6,0.76,1.0,1.0,0.7142857142857143,0.8636363636363636,0.88,0.85
full_valid_model,logreg,isotonic,4,4,40,25,1.0,1.0,0.012644511197131508,0.9460500855589056,,0.876473040635636,0.040028984445431466,0.5,24,0,15,1,0.96,1.0,1.0,0.9375,0.9795918367346939,0.98,0.975,1.0,14,0,15,11,0.56,1.0,1.0,0.5769230769230769,0.717948717948718,0.78,0.725
full_valid_model,logreg,none,0,0,40,26,1.0,1.0,0.09828636374069274,0.5679720275134386,,0.7255444613209099,0.27625013255526426,0.5,20,0,14,6,0.7692307692307693,1.0,1.0,0.7,0.8695652173913044,0.8846153846153846,0.85,0.4648659878355808,22,0,14,4,0.8461538461538461,1.0,1.0,0.7777777777777778,0.9166666666666666,0.9230769230769231,0.9
full_valid_model,logreg,none,0,1,40,26,1.0,1.0,0.0874567723340777,0.6155746271029552,,0.6431863011860407,0.2555337700244738,0.5,22,0,14,4,0.8461538461538461,1.0,1.0,0.7777777777777778,0.9166666666666666,0.9230769230769231,0.9,0.4760353134892616,24,0,14,2,0.9230769230769231,1.0,1.0,0.875,0.9600000000000001,0.9615384615384616,0.95
full_valid_model,logreg,none,0,2,40,26,1.0,1.0,0.10007893706150664,0.5600925843450258,,0.751399674624541,0.2556379889339977,0.5,22,0,14,4,0.8461538461538461,1.0,1.0,0.7777777777777778,0.9166666666666666,0.9230769230769231,0.9,0.4586840559827525,23,0,14,3,0.8846153846153846,1.0,1.0,0.8235294117647058,0.9387755102040816,0.9423076923076923,0.925
full_valid_model,logreg,none,0,3,40,25,1.0,1.0,0.09282522598101434,0.6039457024810055,,0.6098080132663595,0.2829939111361253,0.5,24,0,15,1,0.96,1.0,1.0,0.9375,0.9795918367346939,0.98,0.975,0.4356186480350754,25,0,15,0,1.0,1.0,1.0,1.0,1.0,1.0,1.0
full_valid_model,logreg,none,0,4,40,25,1.0,1.0,0.09533445537641562,0.5932396570606266,,0.561501235015065,0.19623788874548473,0.5,20,0,15,5,0.8,1.0,1.0,0.75,0.888888888888889,0.9,0.875,0.4592494379170787,22,0,15,3,0.88,1.0,1.0,0.8333333333333334,0.9361702127659575,0.94,0.925
full_valid_model,logreg,none,1,0,40,26,1.0,1.0,0.08180270706533739,0.6404276612512643,,0.607670229202648,0.25589377800874724,0.5,24,0,14,2,0.9230769230769231,1.0,1.0,0.875,0.9600000000000001,0.9615384615384616,0.95,0.4590382291072416,25,0,14,1,0.9615384615384616,1.0,1.0,0.9333333333333333,0.9803921568627451,0.9807692307692308,0.975
full_valid_model,logreg,none,1,1,40,26,1.0,1.0,0.10173665382707017,0.5528059172436475,,0.7061088984615368,0.24722009852383495,0.5,20,0,14,6,0.7692307692307693,1.0,1.0,0.7,0.8695652173913044,0.8846153846153846,0.85,0.4687323345143557,21,0,14,5,0.8076923076923077,1.0,1.0,0.7368421052631579,0.8936170212765957,0.9038461538461539,0.875
full_valid_model,logreg,none,1,2,40,26,1.0,1.0,0.1095427238765045,0.5184935214219584,,0.8122772113147118,0.29695954595440555,0.5,21,0,14,5,0.8076923076923077,1.0,1.0,0.7368421052631579,0.8936170212765957,0.9038461538461539,0.875,0.4444331449498997,23,0,14,3,0.8846153846153846,1.0,1.0,0.8235294117647058,0.9387755102040816,0.9423076923076923,0.925
full_valid_model,logreg,none,1,3,40,25,1.0,1.0,0.08345428810571484,0.64392837074895,,0.5300273254594322,0.21335023081061266,0.5,21,0,15,4,0.84,1.0,1.0,0.7894736842105263,0.9130434782608696,0.9199999999999999,0.9,0.4615116207536512,22,0,15,3,0.88,1.0,1.0,0.8333333333333334,0.9361702127659575,0.94,0.925
full_valid_model,logreg,none,1,4,40,25,1.0,1.0,0.09317192508421904,0.6024664529739987,,0.5972057206563484,0.2481888825845413,0.5,24,0,15,1,0.96,1.0,1.0,0.9375,0.9795918367346939,0.98,0.975,0.4442455182848386,24,0,15,1,0.96,1.0,1.0,0.9375,0.9795918367346939,0.98,0.975
full_valid_model,logreg,none,2,0,40,26,1.0,1.0,0.08495202303510192,0.6265845141314201,,0.5756628175148087,0.2610287632604103,0.5,25,0,14,1,0.9615384615384616,1.0,1.0,0.9333333333333333,0.9803921568627451,0.9807692307692308,0.975,0.4471515065242427,25,0,14,1,0.9615384615384616,1.0,1.0,0.9333333333333333,0.9803921568627451,0.9807692307692308,0.975
full_valid_model,logreg,none,2,1,40,26,1.0,1.0,0.04838811305188251,0.7873049975741429,,0.6772382282804141,0.1677292181267903,0.5,24,0,14,2,0.9230769230769231,1.0,1.0,0.875,0.9600000000000001,0.9615384615384616,0.95,0.4960935113876694,24,0,14,2,0.9230769230769231,1.0,1.0,0.875,0.9600000000000001,0.9615384615384616,0.95
full_valid_model,logreg,none,2,2,40,26,1.0,1.0,0.1283770403986156,0.43570531692916226,,0.876555155961402,0.2550607250913316,0.5,18,0,14,8,0.6923076923076923,1.0,1.0,0.6363636363636364,0.8181818181818181,0.8461538461538461,0.8,0.4729041833599365,18,0,14,8,0.6923076923076923,1.0,1.0,0.6363636363636364,0.8181818181818181,0.8461538461538461,0.8
full_valid_model,logreg,none,2,3,40,25,0.9973333333333334,0.9984615384615385,0.10231133298107661,0.5634716459474065,9.012957510224407,0.6473547999708574,0.22253656176960643,0.5,21,0,15,4,0.84,1.0,1.0,0.7894736842105263,0.9130434782608696,0.9199999999999999,0.9,0.4594924810746076,23,0,15,2,0.92,1.0,1.0,0.8823529411764706,0.9583333333333334,0.96,0.95
full_valid_model,logreg,none,2,4,40,25,1.0,1.0,0.07380293329392977,0.6851074846125663,,0.464769114211121,0.24192590354147614,0.5,23,0,15,2,0.92,1.0,1.0,0.8823529411764706,0.9583333333333334,0.96,0.95,0.4479079983273251,25,0,15,0,1.0,1.0,1.0,1.0,1.0,1.0,1.0
full_valid_model,logreg,none,3,0,40,26,1.0,1.0,0.107662357995605,0.5267588659533846,,0.7582315570750565,0.2570845752874275,0.5,20,0,14,6,0.7692307692307693,1.0,1.0,0.7,0.8695652173913044,0.8846153846153846,0.85,0.4782199781308929,20,0,14,6,0.7692307692307693,1.0,1.0,0.7,0.8695652173913044,0.8846153846153846,0.85
full_valid_model,logreg,none,3,1,40,26,1.0,1.0,0.07880772524707322,0.6535924164963816,,0.5737174432919486,0.24454950048793425,0.5,23,0,14,3,0.8846153846153846,1.0,1.0,0.8235294117647058,0.9387755102040816,0.9423076923076923,0.925,0.4540461159920849,24,0,14,2,0.9230769230769231,1.0,1.0,0.875,0.9600000000000001,0.9615384615384616,0.95
full_valid_model,logreg,none,3,2,40,26,1.0,1.0,0.0889808404207322,0.6088754267220562,,0.6409865662136016,0.2672650381796598,0.5,24,0,14,2,0.9230769230769231,1.0,1.0,0.875,0.9600000000000001,0.9615384615384616,0.95,0.4598016290821352,25,0,14,1,0.9615384615384616,1.0,1.0,0.9333333333333333,0.9803921568627451,0.9807692307692308,0.975
full_valid_model,logreg,none,3,3,40,25,1.0,1.0,0.10523572690045246,0.5509942318914028,,0.657958086530125,0.26385218152598083,0.5,19,0,15,6,0.76,1.0,1.0,0.7142857142857143,0.8636363636363636,0.88,0.85,0.470655684949859,20,0,15,5,0.8,1.0,1.0,0.75,0.888888888888889,0.9,0.875
full_valid_model,logreg,none,3,4,40,25,1.0,1.0,0.09457902889479386,0.5964628100488796,,0.64576527596305,0.23999594201815275,0.5,22,0,15,3,0.88,1.0,1.0,0.8333333333333334,0.9361702127659575,0.94,0.925,0.4555259164541163,23,0,15,2,0.92,1.0,1.0,0.8823529411764706,0.9583333333333334,0.96,0.95
full_valid_model,logreg,none,4,0,40,26,1.0,1.0,0.09030944636213033,0.6030354006060206,,0.7202735905181613,0.22789230622531842,0.5,23,0,14,3,0.8846153846153846,1.0,1.0,0.8235294117647058,0.9387755102040816,0.9423076923076923,0.925,0.4559287825932288,23,0,14,3,0.8846153846153846,1.0,1.0,0.8235294117647058,0.9387755102040816,0.9423076923076923,0.925
full_valid_model,logreg,none,4,1,40,26,1.0,1.0,0.08889216964195515,0.6092651883870104,,0.6351457954385088,0.2697764143370745,0.5,22,0,14,4,0.8461538461538461,1.0,1.0,0.7777777777777778,0.9166666666666666,0.9230769230769231,0.9,0.4590916248607192,25,0,14,1,0.9615384615384616,1.0,1.0,0.9333333333333333,0.9803921568627451,0.9807692307692308,0.975
full_valid_model,logreg,none,4,2,40,26,1.0,1.0,0.07975960535941436,0.6494083280904863,,0.5787682033653716,0.2591990286564244,0.5,25,0,14,1,0.9615384615384616,1.0,1.0,0.9333333333333333,0.9803921568627451,0.9807692307692308,0.975,0.4551177840442176,25,0,14,1,0.9615384615384616,1.0,1.0,0.9333333333333333,0.9803921568627451,0.9807692307692308,0.975
full_valid_model,logreg,none,4,3,40,25,1.0,1.0,0.10201612505953235,0.5647311997459953,,0.6560028838954172,0.251953514155275,0.5,19,0,15,6,0.76,1.0,1.0,0.7142857142857143,0.8636363636363636,0.88,0.85,0.441646134150517,22,0,15,3,0.88,1.0,1.0,0.8333333333333334,0.9361702127659575,0.94,0.925
full_valid_model,logreg,none,4,4,40,25,1.0,1.0,0.11535463502104215,0.5078202239102201,,0.7111924021112994,0.23259366645423937,0.5,18,0,15,7,0.72,1.0,1.0,0.6818181818181818,0.8372093023255813,0.86,0.825,0.473392382767278,20,0,15,5,0.8,1.0,1.0,0.75,0.888888888888889,0.9,0.875
full_valid_model,logreg,sigmoid,0,0,40,26,1.0,1.0,0.022856264721794514,0.8995329023217824,,0.0924403651530094,0.10218829397034153,0.5,26,0,14,0,1.0,1.0,1.0,1.0,1.0,1.0,1.0,0.7212034125098893,23,0,14,3,0.8846153846153846,1.0,1.0,0.8235294117647058,0.9387755102040816,0.9423076923076923,0.925
full_valid_model,logreg,sigmoid,0,1,40,26,1.0,1.0,0.016879322232222348,0.9258051770012204,,0.0740926718845807,0.08940158262105519,0.5,26,0,14,0,1.0,1.0,1.0,1.0,1.0,1.0,1.0,0.7148242578247392,24,0,14,2,0.9230769230769231,1.0,1.0,0.875,0.9600000000000001,0.9615384615384616,0.95
full_valid_model,logreg,sigmoid,0,2,40,26,1.0,1.0,0.020371466861639372,0.9104550907180687,,0.16331773319751164,0.09565482565890562,0.5,26,0,14,0,1.0,1.0,1.0,1.0,1.0,1.0,1.0,0.704724078214906,23,0,14,3,0.8846153846153846,1.0,1.0,0.8235294117647058,0.9387755102040816,0.9423076923076923,0.925
full_valid_model,logreg,sigmoid,0,3,40,25,1.0,1.0,0.013651281424413419,0.9417545325891694,,-0.27311745305381485,0.08864556902615273,0.5,25,0,15,0,1.0,1.0,1.0,1.0,1.0,1.0,1.0,0.6610828833856183,25,0,15,0,1.0,1.0,1.0,1.0,1.0,1.0,1.0
full_valid_model,logreg,sigmoid,0,4,40,25,1.0,1.0,0.0383111484539286,0.8365390999299046,,0.14087168710852807,0.07993565063857926,0.5,23,0,15,2,0.92,1.0,1.0,0.8823529411764706,0.9583333333333334,0.96,0.95,0.7043385446539676,22,0,15,3,0.88,1.0,1.0,0.8333333333333334,0.9361702127659575,0.94,0.925
full_valid_model,logreg,sigmoid,1,0,40,26,1.0,1.0,0.013835908468240505,0.939182819919822,,-0.040363276831114465,0.07969046114424726,0.5,26,0,14,0,1.0,1.0,1.0,1.0,1.0,1.0,1.0,0.6915110418082557,25,0,14,1,0.9615384615384616,1.0,1.0,0.9333333333333333,0.9803921568627451,0.9807692307692308,0.975
full_valid_model,logreg,sigmoid,1,1,40,26,1.0,1.0,0.03029686607791321,0.866826962294887,,0.20577170363867425,0.08389232301687617,0.5,25,0,14,1,0.9615384615384616,1.0,1.0,0.9333333333333333,0.9803921568627451,0.9807692307692308,0.975,0.7274423393192903,21,0,14,5,0.8076923076923077,1.0,1.0,0.7368421052631579,0.8936170212765957,0.9038461538461539,0.875
full_valid_model,logreg,sigmoid,1,2,40,26,1.0,1.0,0.019343912709190843,0.914971812267293,,0.21786911829743003,0.1047177914840931,0.5,26,0,14,0,1.0,1.0,1.0,1.0,1.0,1.0,1.0,0.6632926871843512,24,0,14,2,0.9230769230769231,1.0,1.0,0.875,0.9600000000000001,0.9615384615384616,0.95
full_valid_model,logreg,sigmoid,1,3,40,25,1.0,1.0,0.02548300368947467,0.8912725175915748,,0.04622479581776531,0.07396656701889597,0.5,24,0,15,1,0.96,1.0,1.0,0.9375,0.9795918367346939,0.98,0.975,0.7125794631821105,23,0,15,2,0.92,1.0,1.0,0.8823529411764706,0.9583333333333334,0.96,0.95
full_valid_model,logreg,sigmoid,1,4,40,25,1.0,1.0,0.021572132685558635,0.9079589005416164,,-0.28355924401382465,0.07231840435959347,0.5,25,0,15,0,1.0,1.0,1.0,1.0,1.0,1.0,1.0,0.6804881350063973,24,0,15,1,0.96,1.0,1.0,0.9375,0.9795918367346939,0.98,0.975
full_valid_model,logreg,sigmoid,2,0,40,26,1.0,1.0,0.013937811307860527,0.9387348953500636,,-0.20412399885548085,0.08710141084587353,0.5,26,0,14,0,1.0,1.0,1.0,1.0,1.0,1.0,1.0,0.6761388840829561,26,0,14,0,1.0,1.0,1.0,1.0,1.0,1.0,1.0
full_valid_model,logreg,sigmoid,2,1,40,26,1.0,1.0,0.011837105154991683,0.9479687685494871,,0.06333393472145189,0.07178451967542904,0.5,26,0,14,0,1.0,1.0,1.0,1.0,1.0,1.0,1.0,0.7239376945938253,24,0,14,2,0.9230769230769231,1.0,1.0,0.875,0.9600000000000001,0.9615384615384616,0.95
full_valid_model,logreg,sigmoid,2,2,40,26,1.0,1.0,0.042399583058508675,0.8136282063362257,,0.4368966260876616,0.1106295413502095,0.5,25,0,14,1,0.9615384615384616,1.0,1.0,0.9333333333333333,0.9803921568627451,0.9807692307692308,0.975,0.7308778573322787,19,0,14,7,0.7307692307692307,1.0,1.0,0.6666666666666666,0.8444444444444443,0.8653846153846154,0.825
full_valid_model,logreg,sigmoid,2,3,40,25,0.9973333333333334,0.9984615384615385,0.03212432758368432,0.8629362023096135,3.2460348805623593,0.03945978877928356,0.0754444495979972,0.5,24,0,15,1,0.96,1.0,1.0,0.9375,0.9795918367346939,0.98,0.975,0.7079604535012025,23,0,15,2,0.92,1.0,1.0,0.8823529411764706,0.9583333333333334,0.96,0.95
full_valid_model,logreg,sigmoid,2,4,40,25,1.0,1.0,0.012242872359328423,0.9477637446001987,,-0.3939717989330652,0.0752641241525044,0.5,25,0,15,0,1.0,1.0,1.0,1.0,1.0,1.0,1.0,0.6892433964056033,25,0,15,0,1.0,1.0,1.0,1.0,1.0,1.0,1.0
full_valid_model,logreg,sigmoid,3,0,40,26,1.0,1.0,0.030222261509255686,0.8671548944648102,,0.2734505390506605,0.10428747794944665,0.5,25,0,14,1,0.9615384615384616,1.0,1.0,0.9333333333333333,0.9803921568627451,0.9807692307692308,0.975,0.7305808251610523,21,0,14,5,0.8076923076923077,1.0,1.0,0.7368421052631579,0.8936170212765957,0.9038461538461539,0.875
full_valid_model,logreg,sigmoid,3,1,40,26,1.0,1.0,0.01610744509068894,0.9291980435574112,,-0.06386217079448517,0.08428146403896228,0.5,26,0,14,0,1.0,1.0,1.0,1.0,1.0,1.0,1.0,0.6805975030932607,24,0,14,2,0.9230769230769231,1.0,1.0,0.875,0.9600000000000001,0.9615384615384616,0.95
full_valid_model,logreg,sigmoid,3,2,40,26,1.0,1.0,0.014213502057020816,0.9375230678812272,,-0.09034481129564297,0.08659104102133805,0.5,26,0,14,0,1.0,1.0,1.0,1.0,1.0,1.0,1.0,0.6854359034150523,25,0,14,1,0.9615384615384616,1.0,1.0,0.9333333333333333,0.9803921568627451,0.9807692307692308,0.975
full_valid_model,logreg,sigmoid,3,3,40,25,1.0,1.0,0.028577236268479606,0.8780704585878203,,-0.01791957728590833,0.09575797658391852,0.5,25,0,15,0,1.0,1.0,1.0,1.0,1.0,1.0,1.0,0.740213494697495,20,0,15,5,0.8,1.0,1.0,0.75,0.888888888888889,0.9,0.875
full_valid_model,logreg,sigmoid,3,4,40,25,1.0,1.0,0.02229638803153091,0.9048687443988015,,0.05134189303179643,0.06650188563085269,0.5,24,0,15,1,0.96,1.0,1.0,0.9375,0.9795918367346939,0.98,0.975,0.6934641631557819,23,0,15,2,0.92,1.0,1.0,0.8823529411764706,0.9583333333333334,0.96,0.95
full_valid_model,logreg,sigmoid,4,0,40,26,1.0,1.0,0.024332820705750498,0.8930425463483495,,0.3339728128683569,0.07430597209989047,0.5,25,0,14,1,0.9615384615384616,1.0,1.0,0.9333333333333333,0.9803921568627451,0.9807692307692308,0.975,0.6923720603200589,23,0,14,3,0.8846153846153846,1.0,1.0,0.8235294117647058,0.9387755102040816,0.9423076923076923,0.925
full_valid_model,logreg,sigmoid,4,1,40,26,1.0,1.0,0.01561213654905617,0.9313752239601927,,-0.06411257353668515,0.08881555902170793,0.5,26,0,14,0,1.0,1.0,1.0,1.0,1.0,1.0,1.0,0.6959735646563671,25,0,14,1,0.9615384615384616,1.0,1.0,0.9333333333333333,0.9803921568627451,0.9807692307692308,0.975
full_valid_model,logreg,sigmoid,4,2,40,26,1.0,1.0,0.015506809987822251,0.9318381978557264,,-0.4214865764668085,0.07754514697422982,0.5,26,0,14,0,1.0,1.0,1.0,1.0,1.0,1.0,1.0,0.6911651002277329,26,0,14,0,1.0,1.0,1.0,1.0,1.0,1.0,1.0
full_valid_model,logreg,sigmoid,4,3,40,25,1.0,1.0,0.025877970968924607,0.8895873238659217,,0.10386754709925256,0.11329591811940064,0.5,25,0,15,0,1.0,1.0,1.0,1.0,1.0,1.0,1.0,0.6646856861977426,22,0,15,3,0.88,1.0,1.0,0.8333333333333334,0.9361702127659575,0.94,0.925
full_valid_model,logreg,sigmoid,4,4,40,25,1.0,1.0,0.035047541600132355,0.850463822506102,,0.2802388069615911,0.10843416204928968,0.5,24,0,15,1,0.96,1.0,1.0,0.9375,0.9795918367346939,0.98,0.975,0.7238336252767298,20,0,15,5,0.8,1.0,1.0,0.75,0.888888888888889,0.9,0.875
full_valid_model,random_forest,isotonic,0,0,40,26,1.0,1.0,0.007804718275816605,0.9656935460403666,,-0.17550130147694057,0.02031825506445674,0.5,26,0,14,0,1.0,1.0,1.0,1.0,1.0,1.0,1.0,1.0,23,0,14,3,0.8846153846153846,1.0,1.0,0.8235294117647058,0.9387755102040816,0.9423076923076923,0.925
full_valid_model,random_forest,isotonic,0,1,40,26,1.0,1.0,0.010591891626993208,0.9534422346066233,,-0.6914622665035193,0.026058035763536713,0.5,26,1,13,0,1.0,0.9285714285714286,0.9629629629629629,1.0,0.9811320754716981,0.9642857142857143,0.975,0.9909997215315076,25,0,14,1,0.9615384615384616,1.0,1.0,0.9333333333333333,0.9803921568627451,0.9807692307692308,0.975
full_valid_model,random_forest,isotonic,0,2,40,26,1.0,1.0,0.0062036971745846985,0.9727310014303969,,0.49865822939799737,0.023646747076023374,0.5,26,0,14,0,1.0,1.0,1.0,1.0,1.0,1.0,1.0,0.9908256880733946,23,0,14,3,0.8846153846153846,1.0,1.0,0.8235294117647058,0.9387755102040816,0.9423076923076923,0.925
full_valid_model,random_forest,isotonic,0,3,40,25,1.0,1.0,4.882368206779107e-06,0.9999791685623177,,-3.1703117516472714,0.000349369725605235,0.5,25,0,15,0,1.0,1.0,1.0,1.0,1.0,1.0,1.0,1.0,25,0,15,0,1.0,1.0,1.0,1.0,1.0,1.0,1.0
full_valid_model,random_forest,isotonic,0,4,40,25,1.0,1.0,0.013488341143614791,0.9424497444539103,,-1.1730019300418304,0.0223247598288121,0.5,25,1,14,0,1.0,0.9333333333333333,0.9615384615384616,1.0,0.9803921568627451,0.9666666666666667,0.975,0.9686593390479395,22,0,15,3,0.88,1.0,1.0,0.8333333333333334,0.9361702127659575,0.94,0.925
full_valid_model,random_forest,isotonic,1,0,40,26,1.0,1.0,4.749266611910298e-05,0.999791241028048,,0.9129791928633122,0.0012541334157890646,0.5,26,0,14,0,1.0,1.0,1.0,1.0,1.0,1.0,1.0,0.9907546866800664,25,0,14,1,0.9615384615384616,1.0,1.0,0.9333333333333333,0.9803921568627451,0.9807692307692308,0.975
full_valid_model,random_forest,isotonic,1,1,40,26,0.9945054945054945,0.9970962086346702,0.028475438878182786,0.8748332357002955,3.860877618005195,0.12433426107077009,0.04150976784985502,0.5,25,1,13,1,0.9615384615384616,0.9285714285714286,0.9615384615384616,0.9285714285714286,0.9615384615384616,0.945054945054945,0.95,1.0,23,0,14,3,0.8846153846153846,1.0,1.0,0.8235294117647058,0.9387755102040816,0.9423076923076923,0.925
full_valid_model,random_forest,isotonic,1,2,40,26,1.0,1.0,0.0025678913038121734,0.9887125656975289,,-0.1500297984481407,0.014625389596362774,0.5,26,0,14,0,1.0,1.0,1.0,1.0,1.0,1.0,1.0,0.9848993288590604,23,0,14,3,0.8846153846153846,1.0,1.0,0.8235294117647058,0.9387755102040816,0.9423076923076923,0.925
full_valid_model,random_forest,isotonic,1,3,40,25,1.0,1.0,0.00021547128052030405,0.99908065586978,,0.5649499117568746,0.002948935860021003,0.5,25,0,15,0,1.0,1.0,1.0,1.0,1.0,1.0,1.0,1.0,24,0,15,1,0.96,1.0,1.0,0.9375,0.9795918367346939,0.98,0.975
full_valid_model,random_forest,isotonic,1,4,40,25,1.0,1.0,0.0035685791058667066,0.9847740624816353,,-5.098299936645265,0.011103605598866048,0.5,25,0,15,0,1.0,1.0,1.0,1.0,1.0,1.0,1.0,0.9189775910364144,25,0,15,0,1.0,1.0,1.0,1.0,1.0,1.0,1.0
full_valid_model,random_forest,isotonic,2,0,40,26,1.0,1.0,8.166943641691269e-06,0.9999641013466299,,1.1684158542254468,0.0005562018191896785,0.5,26,0,14,0,1.0,1.0,1.0,1.0,1.0,1.0,1.0,0.9822685790100651,25,0,14,1,0.9615384615384616,1.0,1.0,0.9333333333333333,0.9803921568627451,0.9807692307692308,0.975
full_valid_model,random_forest,isotonic,2,1,40,26,1.0,1.0,0.0008031228450724239,0.9964697896919893,,0.23925393053770616,0.006715176480104904,0.5,26,0,14,0,1.0,1.0,1.0,1.0,1.0,1.0,1.0,1.0,25,0,14,1,0.9615384615384616,1.0,1.0,0.9333333333333333,0.9803921568627451,0.9807692307692308,0.975
full_valid_model,random_forest,isotonic,2,2,40,26,1.0,1.0,0.011607512454957666,0.9489779672309553,,1.0824717489193547,0.033869834718060564,0.5,26,0,14,0,1.0,1.0,1.0,1.0,1.0,1.0,1.0,0.9865739906754634,23,0,14,3,0.8846153846153846,1.0,1.0,0.8235294117647058,0.9387755102040816,0.9423076923076923,0.925
full_valid_model,random_forest,isotonic,2,3,40,25,0.9946666666666667,0.997037037037037,0.050156985374222675,0.7859968624033166,3.357027964948819,-2.773912490783555,0.05387877012055156,0.5,25,3,12,0,1.0,0.8,0.8928571428571429,1.0,0.9433962264150945,0.9,0.925,0.9873652071172322,24,0,15,1,0.96,1.0,1.0,0.9375,0.9795918367346939,0.98,0.975
full_valid_model,random_forest,isotonic,2,4,40,25,1.0,1.0,0.0,1.0,,0.2554130701510444,0.0,0.5,25,0,15,0,1.0,1.0,1.0,1.0,1.0,1.0,1.0,1.0,25,0,15,0,1.0,1.0,1.0,1.0,1.0,1.0,1.0
full_valid_model,random_forest,isotonic,3,0,40,26,1.0,1.0,0.0018227597942597471,0.9919878690362209,,1.3597027470133036,0.010576575934806095,0.5,26,0,14,0,1.0,1.0,1.0,1.0,1.0,1.0,1.0,0.9729075182456548,24,0,14,2,0.9230769230769231,1.0,1.0,0.875,0.9600000000000001,0.9615384615384616,0.95
full_valid_model,random_forest,isotonic,3,1,40,26,1.0,1.0,0.0045497662383762695,0.9800010275236208,,2.200570388275908,0.016525515979374846,0.5,26,0,14,0,1.0,1.0,1.0,1.0,1.0,1.0,1.0,1.0,22,0,14,4,0.8461538461538461,1.0,1.0,0.7777777777777778,0.9166666666666666,0.9230769230769231,0.9
full_valid_model,random_forest,isotonic,3,2,40,26,1.0,1.0,0.0018289481861534142,0.9919606673136113,,-4.7960826868196715,0.0070440222047744895,0.5,26,0,14,0,1.0,1.0,1.0,1.0,1.0,1.0,1.0,0.9839212927252154,26,0,14,0,1.0,1.0,1.0,1.0,1.0,1.0,1.0
full_valid_model,random_forest,isotonic,3,3,40,25,1.0,1.0,0.01707975546139307,0.9271263766980562,,0.9498666459641032,0.01665208341086762,0.5,24,0,15,1,0.96,1.0,1.0,0.9375,0.9795918367346939,0.98,0.975,0.9951806357225382,23,0,15,2,0.92,1.0,1.0,0.8823529411764706,0.9583333333333334,0.96,0.95
full_valid_model,random_forest,isotonic,3,4,40,25,1.0,1.0,0.021322422685658014,0.9090243298745257,,-3.4040825553646874,0.026445084959541704,0.5,25,1,14,0,1.0,0.9333333333333333,0.9615384615384616,1.0,0.9803921568627451,0.9666666666666667,0.975,0.9957219788259304,24,0,15,1,0.96,1.0,1.0,0.9375,0.9795918367346939,0.98,0.975
full_valid_model,random_forest,isotonic,4,0,40,26,0.9972527472527473,0.9985754985754985,0.019085988596546456,0.916105544630565,0.8522865513170518,-1.0096605126567746,0.026081235809247615,0.5,26,1,13,0,1.0,0.9285714285714286,0.9629629629629629,1.0,0.9811320754716981,0.9642857142857143,0.975,0.9767011134103044,24,0,14,2,0.9230769230769231,1.0,1.0,0.875,0.9600000000000001,0.9615384615384616,0.95
full_valid_model,random_forest,isotonic,4,1,40,26,1.0,1.0,0.001730369116955011,0.9923939819034945,,0.6938577487366528,0.008394517480619541,0.5,26,0,14,0,1.0,1.0,1.0,1.0,1.0,1.0,1.0,1.0,25,0,14,1,0.9615384615384616,1.0,1.0,0.9333333333333333,0.9803921568627451,0.9807692307692308,0.975
full_valid_model,random_forest,isotonic,4,2,40,26,1.0,1.0,0.0088469052026317,0.9611125046038167,,-5.485820070683183,0.019234035162637657,0.5,26,1,13,0,1.0,0.9285714285714286,0.9629629629629629,1.0,0.9811320754716981,0.9642857142857143,0.975,1.0,26,0,14,0,1.0,1.0,1.0,1.0,1.0,1.0,1.0
full_valid_model,random_forest,isotonic,4,3,40,25,1.0,1.0,0.003898085870875788,0.98336816695093,,0.9539005510757235,0.011861802413272988,0.5,25,0,15,0,1.0,1.0,1.0,1.0,1.0,1.0,1.0,0.9870689655172414,24,0,15,1,0.96,1.0,1.0,0.9375,0.9795918367346939,0.98,0.975
full_valid_model,random_forest,isotonic,4,4,40,25,1.0,1.0,0.01546612715468183,0.9340111908066908,,1.3242954745840998,0.03651777517234497,0.5,24,0,15,1,0.96,1.0,1.0,0.9375,0.9795918367346939,0.98,0.975,1.0,21,0,15,4,0.84,1.0,1.0,0.7894736842105263,0.9130434782608696,0.9199999999999999,0.9
full_valid_model,random_forest,none,0,0,40,26,1.0,1.0,0.012880555555555557,0.9433821733821733,,0.5860590872420536,0.05316666666666668,0.5,26,0,14,0,1.0,1.0,1.0,1.0,1.0,1.0,1.0,0.83,22,0,14,4,0.8461538461538461,1.0,1.0,0.7777777777777778,0.9166666666666666,0.9230769230769231,0.9
full_valid_model,random_forest,none,0,1,40,26,1.0,1.0,0.018547085714424066,0.9184743485080261,,0.028007312647284337,0.08617976374295619,0.5,26,1,13,0,1.0,0.9285714285714286,0.9629629629629629,1.0,0.9811320754716981,0.9642857142857143,0.975,0.8009056629636548,24,0,14,2,0.9230769230769231,1.0,1.0,0.875,0.9600000000000001,0.9615384615384616,0.95
full_valid_model,random_forest,none,0,2,40,26,1.0,1.0,0.013929444444444442,0.9387716727716728,,0.4192163745425081,0.061500000000000006,0.5,26,0,14,0,1.0,1.0,1.0,1.0,1.0,1.0,1.0,0.84,22,0,14,4,0.8461538461538461,1.0,1.0,0.7777777777777778,0.9166666666666666,0.9230769230769231,0.9
full_valid_model,random_forest,none,0,3,40,25,1.0,1.0,0.011948133994975288,0.949021294954772,,0.5223668146531937,0.08152663877864849,0.5,25,0,15,0,1.0,1.0,1.0,1.0,1.0,1.0,1.0,0.7561700054928896,24,0,15,1,0.96,1.0,1.0,0.9375,0.9795918367346939,0.98,0.975
full_valid_model,random_forest,none,0,4,40,25,1.0,1.0,0.021293625170506682,0.9091471992725049,,-0.09738581624055483,0.09885396235080213,0.5,25,1,14,0,1.0,0.9333333333333333,0.9615384615384616,1.0,0.9803921568627451,0.9666666666666667,0.975,0.784607250458196,22,0,15,3,0.88,1.0,1.0,0.8333333333333334,0.9361702127659575,0.94,0.925
full_valid_model,random_forest,none,1,0,40,26,1.0,1.0,0.012281471295588918,0.9460155107886201,,0.5559264957405494,0.07556421535278798,0.5,26,0,14,0,1.0,1.0,1.0,1.0,1.0,1.0,1.0,0.762696471846164,24,0,14,2,0.9230769230769231,1.0,1.0,0.875,0.9600000000000001,0.9615384615384616,0.95
full_valid_model,random_forest,none,1,1,40,26,0.9945054945054945,0.9970962086346701,0.029577055867336555,0.8699909632204986,2.418321652190619,0.3069733358199613,0.09511355805003055,0.5,25,1,13,1,0.9615384615384616,0.9285714285714286,0.9615384615384616,0.9285714285714286,0.9615384615384616,0.945054945054945,0.95,0.8485954308760028,21,0,14,5,0.8076923076923077,1.0,1.0,0.7368421052631579,0.8936170212765957,0.9038461538461539,0.875
full_valid_model,random_forest,none,1,2,40,26,1.0,1.0,0.012718055555555552,0.9440964590964591,,0.6996038791352236,0.05375,0.5,26,0,14,0,1.0,1.0,1.0,1.0,1.0,1.0,1.0,0.81,22,0,14,4,0.8461538461538461,1.0,1.0,0.7777777777777778,0.9166666666666666,0.9230769230769231,0.9
full_valid_model,random_forest,none,1,3,40,25,1.0,1.0,0.014122342236415304,0.9397446731246281,,0.3739743990299913,0.0850615313640362,0.5,25,0,15,0,1.0,1.0,1.0,1.0,1.0,1.0,1.0,0.7428399967377608,24,0,15,1,0.96,1.0,1.0,0.9375,0.9795918367346939,0.98,0.975
full_valid_model,random_forest,none,1,4,40,25,1.0,1.0,0.006661944444444444,0.9715757037037037,,0.16385398954650154,0.037083333333333336,0.5,25,0,15,0,1.0,1.0,1.0,1.0,1.0,1.0,1.0,0.7566666666666667,25,0,15,0,1.0,1.0,1.0,1.0,1.0,1.0,1.0
full_valid_model,random_forest,none,2,0,40,26,1.0,1.0,0.011736618822578962,0.9484104667139386,,0.23547975628996112,0.08671216206483534,0.5,26,0,14,0,1.0,1.0,1.0,1.0,1.0,1.0,1.0,0.8021611706146524,23,0,14,3,0.8846153846153846,1.0,1.0,0.8235294117647058,0.9387755102040816,0.9423076923076923,0.925
full_valid_model,random_forest,none,2,1,40,26,1.0,1.0,0.017306728064092367,0.9239264700479457,,0.4594369073291282,0.09935031323388804,0.5,26,0,14,0,1.0,1.0,1.0,1.0,1.0,1.0,1.0,0.7694633642542541,22,0,14,4,0.8461538461538461,1.0,1.0,0.7777777777777778,0.9166666666666666,0.9230769230769231,0.9
full_valid_model,random_forest,none,2,2,40,26,1.0,1.0,0.03053537028017047,0.8657785921750749,,0.3989509196287837,0.12506215290325504,0.5,26,0,14,0,1.0,1.0,1.0,1.0,1.0,1.0,1.0,0.8015780504388735,19,0,14,7,0.7307692307692307,1.0,1.0,0.6666666666666666,0.8444444444444443,0.8653846153846154,0.825
full_valid_model,random_forest,none,2,3,40,25,0.9973333333333334,0.9984615384615385,0.03499069260389063,0.8507063782234,2.6247000123564836,-0.2349092388553311,0.07536801747514604,0.5,25,1,14,0,1.0,0.9333333333333333,0.9615384615384616,1.0,0.9803921568627451,0.9666666666666667,0.975,0.8226015968168411,22,0,15,3,0.88,1.0,1.0,0.8333333333333334,0.9361702127659575,0.94,0.925
full_valid_model,random_forest,none,2,4,40,25,1.0,1.0,0.007835907609054216,0.9665667942013687,,0.33785294006125194,0.06940383623260082,0.5,25,0,15,0,1.0,1.0,1.0,1.0,1.0,1.0,1.0,0.716410878235679,25,0,15,0,1.0,1.0,1.0,1.0,1.0,1.0,1.0
full_valid_model,random_forest,none,3,0,40,26,1.0,1.0,0.014097033955156085,0.9380350155817315,,0.37924125056308,0.08923095732688621,0.5,26,0,14,0,1.0,1.0,1.0,1.0,1.0,1.0,1.0,0.8120185943729424,23,0,14,3,0.8846153846153846,1.0,1.0,0.8235294117647058,0.9387755102040816,0.9423076923076923,0.925
full_valid_model,random_forest,none,3,1,40,26,1.0,1.0,0.019989742883486646,0.9121329983143445,,0.5473694787130146,0.08980131393093549,0.5,26,0,14,0,1.0,1.0,1.0,1.0,1.0,1.0,1.0,0.7688636966080157,22,0,14,4,0.8461538461538461,1.0,1.0,0.7777777777777778,0.9166666666666666,0.9230769230769231,0.9
full_valid_model,random_forest,none,3,2,40,26,1.0,1.0,0.013321444353330802,0.9414442006446998,,0.39946095255077235,0.08659438761889283,0.5,26,0,14,0,1.0,1.0,1.0,1.0,1.0,1.0,1.0,0.6879324700043,26,0,14,0,1.0,1.0,1.0,1.0,1.0,1.0,1.0
full_valid_model,random_forest,none,3,3,40,25,1.0,1.0,0.02505293500536937,0.8931074773104241,,0.2628685397611328,0.08081259996819366,0.5,25,0,15,0,1.0,1.0,1.0,1.0,1.0,1.0,1.0,0.7775929905053153,23,0,15,2,0.92,1.0,1.0,0.8823529411764706,0.9583333333333334,0.96,0.95
full_valid_model,random_forest,none,3,4,40,25,1.0,1.0,0.02323883835690002,0.9008476230105599,,-0.16306599914450398,0.09075850512533115,0.5,25,1,14,0,1.0,0.9333333333333333,0.9615384615384616,1.0,0.9803921568627451,0.9666666666666667,0.975,0.8093300469655079,24,0,15,1,0.96,1.0,1.0,0.9375,0.9795918367346939,0.98,0.975
full_valid_model,random_forest,none,4,0,40,26,0.9972527472527473,0.9985754985754985,0.02070272257827231,0.9089990216339678,7.68907170848195,0.20207084376687354,0.056271465348357586,0.5,26,1,13,0,1.0,0.9285714285714286,0.9629629629629629,1.0,0.9811320754716981,0.9642857142857143,0.975,0.8013542898075786,24,0,14,2,0.9230769230769231,1.0,1.0,0.875,0.9600000000000001,0.9615384615384616,0.95
full_valid_model,random_forest,none,4,1,40,26,1.0,1.0,0.014458785134601351,0.9364449005072468,,-0.042084626213099184,0.08928399503692362,0.5,26,0,14,0,1.0,1.0,1.0,1.0,1.0,1.0,1.0,0.7806211047254585,25,0,14,1,0.9615384615384616,1.0,1.0,0.9333333333333333,0.9803921568627451,0.9807692307692308,0.975
full_valid_model,random_forest,none,4,2,40,26,1.0,0.9999999999999999,0.016567282712531883,0.9271767792855741,,-0.14850717815324302,0.09062731486986625,0.5,26,0,14,0,1.0,1.0,1.0,1.0,1.0,1.0,1.0,0.7621319856721158,26,0,14,0,1.0,1.0,1.0,1.0,1.0,1.0,1.0
full_valid_model,random_forest,none,4,3,40,25,1.0,1.0,0.009690833333333333,0.9586524444444444,,0.8358350897185526,0.05041666666666664,0.5,25,0,15,0,1.0,1.0,1.0,1.0,1.0,1.0,1.0,0.8266666666666667,21,0,15,4,0.84,1.0,1.0,0.7894736842105263,0.9130434782608696,0.9199999999999999,0.9
full_valid_model,random_forest,none,4,4,40,25,1.0,1.0,0.029969431728441465,0.8721304246253164,,0.3694473911155371,0.1262473653338252,0.5,24,0,15,1,0.96,1.0,1.0,0.9375,0.9795918367346939,0.98,0.975,0.7950911682596173,20,0,15,5,0.8,1.0,1.0,0.75,0.888888888888889,0.9,0.875
full_valid_model,random_forest,sigmoid,0,0,40,26,1.0,1.0,0.012250111459576518,0.9461533562216417,,0.06111273852409595,0.06808532491447832,0.5,26,0,14,0,1.0,1.0,1.0,1.0,1.0,1.0,1.0,0.9048283020298524,23,0,14,3,0.8846153846153846,1.0,1.0,0.8235294117647058,0.9387755102040816,0.9423076923076923,0.925
full_valid_model,random_forest,sigmoid,0,1,40,26,1.0,1.0,0.012473371215446992,0.9451719946573759,,-0.12241763172044504,0.06340543811665204,0.5,26,1,13,0,1.0,0.9285714285714286,0.9629629629629629,1.0,0.9811320754716981,0.9642857142857143,0.975,0.8929652561205086,25,0,14,1,0.9615384615384616,1.0,1.0,0.9333333333333333,0.9803921568627451,0.9807692307692308,0.975
full_valid_model,random_forest,sigmoid,0,2,40,26,1.0,1.0,0.010500042490840985,0.9538459670732264,,0.16758541296338172,0.0705469855292617,0.5,26,0,14,0,1.0,1.0,1.0,1.0,1.0,1.0,1.0,0.905340298189953,23,0,14,3,0.8846153846153846,1.0,1.0,0.8235294117647058,0.9387755102040816,0.9423076923076923,0.925
full_valid_model,random_forest,sigmoid,0,3,40,25,1.0,1.0,0.0035246416546906,0.9849615289399868,,-0.026500505487592366,0.049888392524701716,0.5,25,0,15,0,1.0,1.0,1.0,1.0,1.0,1.0,1.0,0.8859966668219998,25,0,15,0,1.0,1.0,1.0,1.0,1.0,1.0,1.0
full_valid_model,random_forest,sigmoid,0,4,40,25,1.0,1.0,0.01636355036700026,0.9301821851007989,,-0.3812991356151081,0.06710191458527787,0.5,25,1,14,0,1.0,0.9333333333333333,0.9615384615384616,1.0,0.9803921568627451,0.9666666666666667,0.975,0.8980169334238767,22,0,15,3,0.88,1.0,1.0,0.8333333333333334,0.9361702127659575,0.94,0.925
full_valid_model,random_forest,sigmoid,1,0,40,26,1.0,1.0,0.004047543541779083,0.9822085998163557,,0.1757692653657671,0.04731211992872576,0.5,26,0,14,0,1.0,1.0,1.0,1.0,1.0,1.0,1.0,0.8974433089678242,24,0,14,2,0.9230769230769231,1.0,1.0,0.875,0.9600000000000001,0.9615384615384616,0.95
full_valid_model,random_forest,sigmoid,1,1,40,26,0.9945054945054945,0.9970962086346701,0.026259343685816415,0.8845743134689388,1.6919578197877345,0.12556025330729062,0.0669856996738751,0.5,26,1,13,0,1.0,0.9285714285714286,0.9629629629629629,1.0,0.9811320754716981,0.9642857142857143,0.975,0.9164658237287028,23,0,14,3,0.8846153846153846,1.0,1.0,0.8235294117647058,0.9387755102040816,0.9423076923076923,0.925
full_valid_model,random_forest,sigmoid,1,2,40,26,1.0,0.9999999999999999,0.00979490235058196,0.9569454841732661,,0.04841514924617769,0.06723120592500142,0.5,26,0,14,0,1.0,1.0,1.0,1.0,1.0,1.0,1.0,0.9006522001233734,23,0,14,3,0.8846153846153846,1.0,1.0,0.8235294117647058,0.9387755102040816,0.9423076923076923,0.925
full_valid_model,random_forest,sigmoid,1,3,40,25,1.0,1.0,0.004240616384074823,0.9819067034279474,,0.009528146815035296,0.048937531466125325,0.5,25,0,15,0,1.0,1.0,1.0,1.0,1.0,1.0,1.0,0.8744308592180489,24,0,15,1,0.96,1.0,1.0,0.9375,0.9795918367346939,0.98,0.975
full_valid_model,random_forest,sigmoid,1,4,40,25,1.0,1.0,0.007183472417855686,0.9693505176838157,,-0.26201379822125176,0.056188931463904336,0.5,25,0,15,0,1.0,1.0,1.0,1.0,1.0,1.0,1.0,0.8500042994304119,25,0,15,0,1.0,1.0,1.0,1.0,1.0,1.0,1.0
full_valid_model,random_forest,sigmoid,2,0,40,26,1.0,1.0,0.003183981115288773,0.9860044786141153,,0.1715839184484521,0.04951759288481032,0.5,26,0,14,0,1.0,1.0,1.0,1.0,1.0,1.0,1.0,0.8885560665154977,25,0,14,1,0.9615384615384616,1.0,1.0,0.9333333333333333,0.9803921568627451,0.9807692307692308,0.975
full_valid_model,random_forest,sigmoid,2,1,40,26,1.0,1.0,0.005958309499109042,0.9738096285753449,,0.08791311041480056,0.05984373937674847,0.5,26,0,14,0,1.0,1.0,1.0,1.0,1.0,1.0,1.0,0.8955988337554714,24,0,14,2,0.9230769230769231,1.0,1.0,0.875,0.9600000000000001,0.9615384615384616,0.95
full_valid_model,random_forest,sigmoid,2,2,40,26,1.0,1.0,0.015176862906823314,0.9332885146952822,,0.29505306547441346,0.08613532597729219,0.5,26,0,14,0,1.0,1.0,1.0,1.0,1.0,1.0,1.0,0.900295309238279,19,0,14,7,0.7307692307692307,1.0,1.0,0.6666666666666666,0.8444444444444443,0.8653846153846154,0.825
full_valid_model,random_forest,sigmoid,2,3,40,25,0.9946666666666667,0.997037037037037,0.03933525948997137,0.8321695595094555,1.8331468259695565,-0.5775849922710093,0.03534481755147513,0.5,25,3,12,0,1.0,0.8,0.8928571428571429,1.0,0.9433962264150945,0.9,0.925,0.913469186835274,23,0,15,2,0.92,1.0,1.0,0.8823529411764706,0.9583333333333334,0.96,0.95
full_valid_model,random_forest,sigmoid,2,4,40,25,1.0,1.0,0.002019391775491894,0.9913839284245679,,-0.09719578964176129,0.039218847544629724,0.5,25,0,15,0,1.0,1.0,1.0,1.0,1.0,1.0,1.0,0.8756841152608156,25,0,15,0,1.0,1.0,1.0,1.0,1.0,1.0,1.0
full_valid_model,random_forest,sigmoid,3,0,40,26,1.0,1.0,0.006200944862152518,0.9727430995070219,,0.3297350384606103,0.05810485026766454,0.5,26,0,14,0,1.0,1.0,1.0,1.0,1.0,1.0,1.0,0.898096998846261,23,0,14,3,0.8846153846153846,1.0,1.0,0.8235294117647058,0.9387755102040816,0.9423076923076923,0.925
full_valid_model,random_forest,sigmoid,3,1,40,26,1.0,1.0,0.009658215518905777,0.9575463054114032,,0.2858586977175763,0.0643984953292311,0.5,26,0,14,0,1.0,1.0,1.0,1.0,1.0,1.0,1.0,0.8938998605989102,22,0,14,4,0.8461538461538461,1.0,1.0,0.7777777777777778,0.9166666666666666,0.9230769230769231,0.9
full_valid_model,random_forest,sigmoid,3,2,40,26,1.0,1.0,0.006440517646784329,0.9716900323218272,,-0.13170796365421017,0.05678418963465688,0.5,26,0,14,0,1.0,1.0,1.0,1.0,1.0,1.0,1.0,0.847028375784854,26,0,14,0,1.0,1.0,1.0,1.0,1.0,1.0,1.0
full_valid_model,random_forest,sigmoid,3,3,40,25,1.0,1.0,0.01953689974190187,0.9166425611012187,,0.2428066098832523,0.05310016123015003,0.5,25,0,15,0,1.0,1.0,1.0,1.0,1.0,1.0,1.0,0.8880939505475632,23,0,15,2,0.92,1.0,1.0,0.8823529411764706,0.9583333333333334,0.96,0.95
full_valid_model,random_forest,sigmoid,3,4,40,25,1.0,1.0,0.01953070704220832,0.9166689832865779,,-0.47893772967453396,0.07267505440787189,0.5,25,1,14,0,1.0,0.9333333333333333,0.9615384615384616,1.0,0.9803921568627451,0.9666666666666667,0.975,0.895523830413215,24,0,15,1,0.96,1.0,1.0,0.9375,0.9795918367346939,0.98,0.975
full_valid_model,random_forest,sigmoid,4,0,40,26,0.9972527472527473,0.9985754985754985,0.020089106014253615,0.9116962372999841,2.111005908192973,-0.08974668658232995,0.05230375632955207,0.5,26,1,13,0,1.0,0.9285714285714286,0.9629629629629629,1.0,0.9811320754716981,0.9642857142857143,0.975,0.90868954126665,24,0,14,2,0.9230769230769231,1.0,1.0,0.875,0.9600000000000001,0.9615384615384616,0.95
full_valid_model,random_forest,sigmoid,4,1,40,26,1.0,1.0,0.007400488228481013,0.9674703814132702,,0.026584471199815357,0.0597769615151057,0.5,26,0,14,0,1.0,1.0,1.0,1.0,1.0,1.0,1.0,0.8761602363025183,25,0,14,1,0.9615384615384616,1.0,1.0,0.9333333333333333,0.9803921568627451,0.9807692307692308,0.975
full_valid_model,random_forest,sigmoid,4,2,40,26,1.0,1.0,0.011206102301653056,0.9507424074652613,,-0.3689147087302597,0.05943672850401721,0.5,26,1,13,0,1.0,0.9285714285714286,0.9629629629629629,1.0,0.9811320754716981,0.9642857142857143,0.975,0.8862074312617552,26,0,14,0,1.0,1.0,1.0,1.0,1.0,1.0,1.0
full_valid_model,random_forest,sigmoid,4,3,40,25,1.0,1.0,0.006574511018370585,0.9719487529882855,,0.2510846015106605,0.059352220331391314,0.5,25,0,15,0,1.0,1.0,1.0,1.0,1.0,1.0,1.0,0.8987239127342033,21,0,15,4,0.84,1.0,1.0,0.7894736842105263,0.9130434782608696,0.9199999999999999,0.9
full_valid_model,random_forest,sigmoid,4,4,40,25,1.0,1.0,0.022000950505308266,0.9061292778440181,,0.37223419568813326,0.09140568068142726,0.5,24,0,15,1,0.96,1.0,1.0,0.9375,0.9795918367346939,0.98,0.975,0.8836375369764854,21,0,15,4,0.84,1.0,1.0,0.7894736842105263,0.9130434782608696,0.9199999999999999,0.9
full_valid_model,svm,isotonic,0,0,40,26,1.0,1.0,0.0028269069133704606,0.9875740355456244,,-1.69106841497839,0.009937228525315707,0.5,26,0,14,0,1.0,1.0,1.0,1.0,1.0,1.0,1.0,0.977797181335616,26,0,14,0,1.0,1.0,1.0,1.0,1.0,1.0,1.0
full_valid_model,svm,isotonic,0,1,40,26,1.0,1.0,0.0014674379914191842,0.993549723114641,,-4.707219132358203,0.00605689275003938,0.5,26,0,14,0,1.0,1.0,1.0,1.0,1.0,1.0,1.0,0.9634828105840418,26,0,14,0,1.0,1.0,1.0,1.0,1.0,1.0,1.0
full_valid_model,svm,isotonic,0,2,40,26,1.0,1.0,0.0073696766429046075,0.9676058169542655,,2.341991241110471,0.018668417181274106,0.5,25,0,14,1,0.9615384615384616,1.0,1.0,0.9333333333333333,0.9803921568627451,0.9807692307692308,0.975,0.9809440665009668,23,0,14,3,0.8846153846153846,1.0,1.0,0.8235294117647058,0.9387755102040816,0.9423076923076923,0.925
full_valid_model,svm,isotonic,0,3,40,25,1.0,1.0,0.00014102835600214117,0.9993982790143908,,-4.192395409162905,0.00258980633077866,0.5,25,0,15,0,1.0,1.0,1.0,1.0,1.0,1.0,1.0,1.0,25,0,15,0,1.0,1.0,1.0,1.0,1.0,1.0,1.0
full_valid_model,svm,isotonic,0,4,40,25,1.0,1.0,0.01904771204706967,0.9187297619325028,,2.2428148494724325,0.03562820733246137,0.5,24,0,15,1,0.96,1.0,1.0,0.9375,0.9795918367346939,0.98,0.975,0.9776812831953524,22,0,15,3,0.88,1.0,1.0,0.8333333333333334,0.9361702127659575,0.94,0.925
full_valid_model,svm,isotonic,1,0,40,26,1.0,1.0,0.0006080346554247022,0.9973273201959354,,1.2416629075930097,0.004882622130334016,0.5,26,0,14,0,1.0,1.0,1.0,1.0,1.0,1.0,1.0,0.991051282271386,24,0,14,2,0.9230769230769231,1.0,1.0,0.875,0.9600000000000001,0.9615384615384616,0.95
full_valid_model,svm,isotonic,1,1,40,26,1.0,1.0,0.0025817359356819156,0.9886517101728267,,0.6886681633021222,0.016568801083896287,0.5,26,0,14,0,1.0,1.0,1.0,1.0,1.0,1.0,1.0,0.9652212695114624,21,0,14,5,0.8076923076923077,1.0,1.0,0.7368421052631579,0.8936170212765957,0.9038461538461539,0.875
full_valid_model,svm,isotonic,1,2,40,26,1.0,1.0,0.00033622021787045234,0.9985221089324375,,-0.8016271777103532,0.003456638340557515,0.5,26,0,14,0,1.0,1.0,1.0,1.0,1.0,1.0,1.0,1.0,25,0,14,1,0.9615384615384616,1.0,1.0,0.9333333333333333,0.9803921568627451,0.9807692307692308,0.975
full_valid_model,svm,isotonic,1,3,40,25,1.0,1.0,0.010286280629227058,0.9561118693152979,,5.842515132855036,0.01606973127351081,0.5,24,0,15,1,0.96,1.0,1.0,0.9375,0.9795918367346939,0.98,0.975,0.9985033145524967,24,0,15,1,0.96,1.0,1.0,0.9375,0.9795918367346939,0.98,0.975
full_valid_model,svm,isotonic,1,4,40,25,1.0,1.0,0.0077157192201958505,0.967079597993831,,-0.1399523418482599,0.025742088097557098,0.5,25,0,15,0,1.0,1.0,1.0,1.0,1.0,1.0,1.0,0.9723043796646358,24,0,15,1,0.96,1.0,1.0,0.9375,0.9795918367346939,0.98,0.975
full_valid_model,svm,isotonic,2,0,40,26,1.0,1.0,0.0003403629059576058,0.998503899314472,,4.575569464795099,0.0029170314789079667,0.5,26,0,14,0,1.0,1.0,1.0,1.0,1.0,1.0,1.0,1.0,25,0,14,1,0.9615384615384616,1.0,1.0,0.9333333333333333,0.9803921568627451,0.9807692307692308,0.975
full_valid_model,svm,isotonic,2,1,40,26,1.0,1.0,2.292922869167984e-05,0.9998992121815751,,-3.704812447305339,0.001050462573438545,0.5,26,0,14,0,1.0,1.0,1.0,1.0,1.0,1.0,1.0,0.9612873266187802,26,0,14,0,1.0,1.0,1.0,1.0,1.0,1.0,1.0
full_valid_model,svm,isotonic,2,2,40,26,1.0,1.0,0.0024051272589219463,0.9894280120486948,,0.27418498285135057,0.011631578742928386,0.5,26,0,14,0,1.0,1.0,1.0,1.0,1.0,1.0,1.0,1.0,24,0,14,2,0.9230769230769231,1.0,1.0,0.875,0.9600000000000001,0.9615384615384616,0.95
full_valid_model,svm,isotonic,2,3,40,25,1.0,1.0,0.015255228936529485,0.9349110232041409,,-0.12034096185674839,0.04305085203689473,0.5,25,0,15,0,1.0,1.0,1.0,1.0,1.0,1.0,1.0,0.9855746829624078,23,0,15,2,0.92,1.0,1.0,0.8823529411764706,0.9583333333333334,0.96,0.95
full_valid_model,svm,isotonic,2,4,40,25,1.0,1.0,0.0001380260145129476,0.9994110890047447,,-0.5659330093716352,0.0023549005039509774,0.5,25,0,15,0,1.0,1.0,1.0,1.0,1.0,1.0,1.0,0.9802225053285184,24,0,15,1,0.96,1.0,1.0,0.9375,0.9795918367346939,0.98,0.975
full_valid_model,svm,isotonic,3,0,40,26,1.0,1.0,0.002160427965180372,0.9905036133398665,,5.184832299086879,0.008128161565836223,0.5,26,0,14,0,1.0,1.0,1.0,1.0,1.0,1.0,1.0,1.0,23,0,14,3,0.8846153846153846,1.0,1.0,0.8235294117647058,0.9387755102040816,0.9423076923076923,0.925
full_valid_model,svm,isotonic,3,1,40,26,1.0,1.0,0.0003706094243585036,0.9983709475852374,,-1.3298518121135858,0.0033837809697001044,0.5,26,0,14,0,1.0,1.0,1.0,1.0,1.0,1.0,1.0,0.9617540012101412,26,0,14,0,1.0,1.0,1.0,1.0,1.0,1.0,1.0
full_valid_model,svm,isotonic,3,2,40,26,1.0,1.0,0.0009239942736548664,0.9959384867092094,,-4.81911505715319,0.008917888933571221,0.5,26,0,14,0,1.0,1.0,1.0,1.0,1.0,1.0,1.0,1.0,26,0,14,0,1.0,1.0,1.0,1.0,1.0,1.0,1.0
full_valid_model,svm,isotonic,3,3,40,25,1.0,1.0,0.007848251343969498,0.9665141275990635,,-0.37835406833619717,0.02050607543141316,0.5,25,0,15,0,1.0,1.0,1.0,1.0,1.0,1.0,1.0,1.0,24,0,15,1,0.96,1.0,1.0,0.9375,0.9795918367346939,0.98,0.975
full_valid_model,svm,isotonic,3,4,40,25,1.0,1.0,0.0012225421541978208,0.9947838201420893,,4.923283388031175,0.0055284314099883275,0.5,25,0,15,0,1.0,1.0,1.0,1.0,1.0,1.0,1.0,1.0,24,0,15,1,0.96,1.0,1.0,0.9375,0.9795918367346939,0.98,0.975
full_valid_model,svm,isotonic,4,0,40,26,1.0,1.0,0.005454794288555095,0.9760228822481095,,1.5498368146647863,0.012782133554290729,0.5,26,0,14,0,1.0,1.0,1.0,1.0,1.0,1.0,1.0,1.0,24,0,14,2,0.9230769230769231,1.0,1.0,0.875,0.9600000000000001,0.9615384615384616,0.95
full_valid_model,svm,isotonic,4,1,40,26,1.0,1.0,6.68126207862045e-05,0.9997063181503903,,-3.823609017252392,0.0012924068707860974,0.5,26,0,14,0,1.0,1.0,1.0,1.0,1.0,1.0,1.0,1.0,26,0,14,0,1.0,1.0,1.0,1.0,1.0,1.0,1.0
full_valid_model,svm,isotonic,4,2,40,26,1.0,1.0,0.0026240670952632716,0.9884656391416999,,-4.909251372099113,0.00809948624182928,0.5,26,0,14,0,1.0,1.0,1.0,1.0,1.0,1.0,1.0,1.0,26,0,14,0,1.0,1.0,1.0,1.0,1.0,1.0,1.0
full_valid_model,svm,isotonic,4,3,40,25,1.0,1.0,0.002962124724113919,0.9873616011771139,,0.546312940533696,0.018455581385378065,0.5,25,0,15,0,1.0,1.0,1.0,1.0,1.0,1.0,1.0,1.0,20,0,15,5,0.8,1.0,1.0,0.75,0.888888888888889,0.9,0.875
full_valid_model,svm,isotonic,4,4,40,25,1.0,1.0,0.006005345144602889,0.9743771940496944,,0.28576214158840313,0.02371300268146537,0.5,25,0,15,0,1.0,1.0,1.0,1.0,1.0,1.0,1.0,1.0,21,0,15,4,0.84,1.0,1.0,0.7894736842105263,0.9130434782608696,0.9199999999999999,0.9
full_valid_model,svm,none,0,0,40,26,1.0,1.0,0.002529001229904678,0.9888835110773421,,-0.26565904250047917,0.021448003223328238,0.5,26,0,14,0,1.0,1.0,1.0,1.0,1.0,1.0,1.0,0.905800066200815,24,0,14,2,0.9230769230769231,1.0,1.0,0.875,0.9600000000000001,0.9615384615384616,0.95
full_valid_model,svm,none,0,1,40,26,1.0,1.0,0.0014918784354896416,0.9934422925912543,,-0.3279494356632624,0.01800464039835572,0.5,26,0,14,0,1.0,1.0,1.0,1.0,1.0,1.0,1.0,0.9043083275972504,25,0,14,1,0.9615384615384616,1.0,1.0,0.9333333333333333,0.9803921568627451,0.9807692307692308,0.975
full_valid_model,svm,none,0,2,40,26,1.0,1.0,0.016771446729537738,0.9262793550349989,,1.318126596152035,0.034967916794735016,0.5,25,0,14,1,0.9615384615384616,1.0,1.0,0.9333333333333333,0.9803921568627451,0.9807692307692308,0.975,0.8636094884481741,23,0,14,3,0.8846153846153846,1.0,1.0,0.8235294117647058,0.9387755102040816,0.9423076923076923,0.925
full_valid_model,svm,none,0,3,40,25,1.0,1.0,0.000421270000187948,0.9982025813325314,,-0.6160963402277039,0.009669405101907546,0.5,25,0,15,0,1.0,1.0,1.0,1.0,1.0,1.0,1.0,0.8414999332290124,25,0,15,0,1.0,1.0,1.0,1.0,1.0,1.0,1.0
full_valid_model,svm,none,0,4,40,25,1.0,1.0,0.021264721838549182,0.9092705201555235,,0.9087399813975209,0.05124306086489906,0.5,23,0,15,2,0.92,1.0,1.0,0.8823529411764706,0.9583333333333334,0.96,0.95,0.9112575822538028,22,0,15,3,0.88,1.0,1.0,0.8333333333333334,0.9361702127659575,0.94,0.925
full_valid_model,svm,none,1,0,40,26,1.0,1.0,0.003289199859542535,0.9855419786393734,,0.5214918902108973,0.01530511668143818,0.5,26,0,14,0,1.0,1.0,1.0,1.0,1.0,1.0,1.0,0.8716711946916412,25,0,14,1,0.9615384615384616,1.0,1.0,0.9333333333333333,0.9803921568627451,0.9807692307692308,0.975
full_valid_model,svm,none,1,1,40,26,1.0,1.0,0.0053900176983894665,0.9763076145125738,,0.1878405125098919,0.030940541766931475,0.5,26,0,14,0,1.0,1.0,1.0,1.0,1.0,1.0,1.0,0.8898833233343189,23,0,14,3,0.8846153846153846,1.0,1.0,0.8235294117647058,0.9387755102040816,0.9423076923076923,0.925
full_valid_model,svm,none,1,2,40,26,1.0,1.0,0.0023528762879822676,0.9896576866462318,,0.05921635203019771,0.022653101691573925,0.5,26,0,14,0,1.0,1.0,1.0,1.0,1.0,1.0,1.0,0.8744164297694207,25,0,14,1,0.9615384615384616,1.0,1.0,0.9333333333333333,0.9803921568627451,0.9807692307692308,0.975
full_valid_model,svm,none,1,3,40,25,1.0,1.0,0.011181831099337975,0.952290853976158,,0.8092706299927386,0.028222859184463028,0.5,24,0,15,1,0.96,1.0,1.0,0.9375,0.9795918367346939,0.98,0.975,0.833940318624915,24,0,15,1,0.96,1.0,1.0,0.9375,0.9795918367346939,0.98,0.975
full_valid_model,svm,none,1,4,40,25,1.0,1.0,0.010706070655867842,0.9543207652016306,,-0.04694065278696431,0.031603342457341185,0.5,24,0,15,1,0.96,1.0,1.0,0.9375,0.9795918367346939,0.98,0.975,0.8246474229118052,24,0,15,1,0.96,1.0,1.0,0.9375,0.9795918367346939,0.98,0.975
full_valid_model,svm,none,2,0,40,26,1.0,1.0,0.0008023074876451977,0.9964733736806805,,-0.6515436485556892,0.014371320147565165,0.5,26,0,14,0,1.0,1.0,1.0,1.0,1.0,1.0,1.0,0.9367232029487608,25,0,14,1,0.9615384615384616,1.0,1.0,0.9333333333333333,0.9803921568627451,0.9807692307692308,0.975
full_valid_model,svm,none,2,1,40,26,1.0,1.0,0.001051827634669274,0.9953765818256296,,-0.1863741872047649,0.016673605148193327,0.5,26,0,14,0,1.0,1.0,1.0,1.0,1.0,1.0,1.0,0.9026572477706852,25,0,14,1,0.9615384615384616,1.0,1.0,0.9333333333333333,0.9803921568627451,0.9807692307692308,0.975
full_valid_model,svm,none,2,2,40,26,1.0,1.0,0.013731960502015953,0.9396397340570728,,0.8335055119131216,0.045735047692204996,0.5,25,0,14,1,0.9615384615384616,1.0,1.0,0.9333333333333333,0.9803921568627451,0.9807692307692308,0.975,0.9407559424559916,19,0,14,7,0.7307692307692307,1.0,1.0,0.6666666666666666,0.8444444444444443,0.8653846153846154,0.825
full_valid_model,svm,none,2,3,40,25,1.0,1.0,0.019361913081870193,0.9173891708506872,,0.3641626479877223,0.04791873323056887,0.5,23,0,15,2,0.92,1.0,1.0,0.8823529411764706,0.9583333333333334,0.96,0.95,0.8883933441400326,23,0,15,2,0.92,1.0,1.0,0.8823529411764706,0.9583333333333334,0.96,0.95
full_valid_model,svm,none,2,4,40,25,1.0,1.0,0.0008035019323299137,0.9965717250887257,,-0.2385009155198096,0.012392976672165868,0.5,25,0,15,0,1.0,1.0,1.0,1.0,1.0,1.0,1.0,0.872679753074993,25,0,15,0,1.0,1.0,1.0,1.0,1.0,1.0,1.0
full_valid_model,svm,none,3,0,40,26,1.0,1.0,0.008605086922414743,0.9621754420992759,,0.7083224996313232,0.03241335267900369,0.5,25,0,14,1,0.9615384615384616,1.0,1.0,0.9333333333333333,0.9803921568627451,0.9807692307692308,0.975,0.8858099297204128,23,0,14,3,0.8846153846153846,1.0,1.0,0.8235294117647058,0.9387755102040816,0.9423076923076923,0.925
full_valid_model,svm,none,3,1,40,26,1.0,1.0,0.0022344154964843354,0.9901783934220468,,0.011273321014715511,0.01801694610511915,0.5,26,0,14,0,1.0,1.0,1.0,1.0,1.0,1.0,1.0,0.8582778960260096,25,0,14,1,0.9615384615384616,1.0,1.0,0.9333333333333333,0.9803921568627451,0.9807692307692308,0.975
full_valid_model,svm,none,3,2,40,26,1.0,1.0,0.0014890369672789189,0.9934547825614114,,-0.6490855936641657,0.017245631316041357,0.5,26,0,14,0,1.0,1.0,1.0,1.0,1.0,1.0,1.0,0.8892566678273884,26,0,14,0,1.0,1.0,1.0,1.0,1.0,1.0,1.0
full_valid_model,svm,none,3,3,40,25,1.0,1.0,0.010098379223954266,0.9569135819777951,,0.15127481187920336,0.03277924546507193,0.5,24,0,15,1,0.96,1.0,1.0,0.9375,0.9795918367346939,0.98,0.975,0.8966880886386717,24,0,15,1,0.96,1.0,1.0,0.9375,0.9795918367346939,0.98,0.975
full_valid_model,svm,none,3,4,40,25,1.0,1.0,0.006939762651347592,0.9703903460209169,,0.2581131617881707,0.02899244801408534,0.5,25,0,15,0,1.0,1.0,1.0,1.0,1.0,1.0,1.0,0.8817662284799787,23,0,15,2,0.92,1.0,1.0,0.8823529411764706,0.9583333333333334,0.96,0.95
full_valid_model,svm,none,4,0,40,26,1.0,1.0,0.01026521812139312,0.9548781621037665,,0.7903473194661512,0.026865717669355034,0.5,25,0,14,1,0.9615384615384616,1.0,1.0,0.9333333333333333,0.9803921568627451,0.9807692307692308,0.975,0.8192364362658309,25,0,14,1,0.9615384615384616,1.0,1.0,0.9333333333333333,0.9803921568627451,0.9807692307692308,0.975
full_valid_model,svm,none,4,1,40,26,1.0,1.0,0.0006670116631333869,0.9970680806016115,,-0.1387564863770046,0.01334552675599137,0.5,26,0,14,0,1.0,1.0,1.0,1.0,1.0,1.0,1.0,0.8624589606136883,26,0,14,0,1.0,1.0,1.0,1.0,1.0,1.0,1.0
full_valid_model,svm,none,4,2,40,26,1.0,1.0,0.0025490332508375626,0.9887954582380767,,-0.9535914641119709,0.016682370696445754,0.5,26,0,14,0,1.0,1.0,1.0,1.0,1.0,1.0,1.0,0.8695312795921301,26,0,14,0,1.0,1.0,1.0,1.0,1.0,1.0,1.0
full_valid_model,svm,none,4,3,40,25,1.0,1.0,0.009471277506528045,0.959589215972147,,0.3103665765513203,0.03182159740966146,0.5,24,0,15,1,0.96,1.0,1.0,0.9375,0.9795918367346939,0.98,0.975,0.8827325100195383,24,0,15,1,0.96,1.0,1.0,0.9375,0.9795918367346939,0.98,0.975
full_valid_model,svm,none,4,4,40,25,1.0,1.0,0.013963459584854315,0.9404225724379549,,0.32320315826593105,0.051681823687093086,0.5,25,0,15,0,1.0,1.0,1.0,1.0,1.0,1.0,1.0,0.9415396894929016,21,0,15,4,0.84,1.0,1.0,0.7894736842105263,0.9130434782608696,0.9199999999999999,0.9
full_valid_model,svm,sigmoid,0,0,40,26,1.0,1.0,0.010724565077867947,0.9528590546027783,,0.040627144010952264,0.0709029663112676,0.5,26,0,14,0,1.0,1.0,1.0,1.0,1.0,1.0,1.0,0.8218381258585294,24,0,14,2,0.9230769230769231,1.0,1.0,0.875,0.9600000000000001,0.9615384615384616,0.95
full_valid_model,svm,sigmoid,0,1,40,26,1.0,1.0,0.009098640986864612,0.9600059736841116,,-0.12843138472224128,0.06826642475365789,0.5,26,0,14,0,1.0,1.0,1.0,1.0,1.0,1.0,1.0,0.8425166148846842,24,0,14,2,0.9230769230769231,1.0,1.0,0.875,0.9600000000000001,0.9615384615384616,0.95
full_valid_model,svm,sigmoid,0,2,40,26,1.0,1.0,0.017152822235401644,0.9246029791850477,,0.2106078561474054,0.07519329506648777,0.5,25,0,14,1,0.9615384615384616,1.0,1.0,0.9333333333333333,0.9803921568627451,0.9807692307692308,0.975,0.8184181183469168,23,0,14,3,0.8846153846153846,1.0,1.0,0.8235294117647058,0.9387755102040816,0.9423076923076923,0.925
full_valid_model,svm,sigmoid,0,3,40,25,1.0,1.0,0.005752135509627756,0.9754575551589215,,-0.2996459788125302,0.055808001335451496,0.5,25,0,15,0,1.0,1.0,1.0,1.0,1.0,1.0,1.0,0.7886710841813916,25,0,15,0,1.0,1.0,1.0,1.0,1.0,1.0,1.0
full_valid_model,svm,sigmoid,0,4,40,25,1.0,1.0,0.026945847912421512,0.8850310489070016,,0.36336481974864204,0.07866131126650185,0.5,23,0,15,2,0.92,1.0,1.0,0.8823529411764706,0.9583333333333334,0.96,0.95,0.839476365181515,21,0,15,4,0.84,1.0,1.0,0.7894736842105263,0.9130434782608696,0.9199999999999999,0.9
full_valid_model,svm,sigmoid,1,0,40,26,1.0,1.0,0.007710206763305154,0.9661089812601972,,-0.0003712183629457151,0.054591692450203705,0.5,26,0,14,0,1.0,1.0,1.0,1.0,1.0,1.0,1.0,0.8413418647337401,24,0,14,2,0.9230769230769231,1.0,1.0,0.875,0.9600000000000001,0.9615384615384616,0.95
full_valid_model,svm,sigmoid,1,1,40,26,1.0,1.0,0.015435910996254498,0.9321498417747055,,0.1436481126087145,0.0806923383036332,0.5,26,0,14,0,1.0,1.0,1.0,1.0,1.0,1.0,1.0,0.8498542831222548,22,0,14,4,0.8461538461538461,1.0,1.0,0.7777777777777778,0.9166666666666666,0.9230769230769231,0.9
full_valid_model,svm,sigmoid,1,2,40,26,1.0,1.0,0.010788607452964161,0.9525775496573003,,0.1178358485949773,0.07419832346077868,0.5,26,0,14,0,1.0,1.0,1.0,1.0,1.0,1.0,1.0,0.7916220567264086,24,0,14,2,0.9230769230769231,1.0,1.0,0.875,0.9600000000000001,0.9615384615384616,0.95
full_valid_model,svm,sigmoid,1,3,40,25,1.0,1.0,0.01690221156764401,0.9278838973113855,,0.19583840765947053,0.07448127380718932,0.5,24,0,15,1,0.96,1.0,1.0,0.9375,0.9795918367346939,0.98,0.975,0.8229429886971996,22,0,15,3,0.88,1.0,1.0,0.8333333333333334,0.9361702127659575,0.94,0.925
full_valid_model,svm,sigmoid,1,4,40,25,1.0,1.0,0.016245127442757266,0.9306874562442357,,-0.20850554089916795,0.07182830314186378,0.5,24,0,15,1,0.96,1.0,1.0,0.9375,0.9795918367346939,0.98,0.975,0.7935839031172112,24,0,15,1,0.96,1.0,1.0,0.9375,0.9795918367346939,0.98,0.975
full_valid_model,svm,sigmoid,2,0,40,26,1.0,1.0,0.005949355361766296,0.9738489874208075,,-0.15192533505778455,0.05443515331036708,0.5,26,0,14,0,1.0,1.0,1.0,1.0,1.0,1.0,1.0,0.7561902756991441,25,0,14,1,0.9615384615384616,1.0,1.0,0.9333333333333333,0.9803921568627451,0.9807692307692308,0.975
full_valid_model,svm,sigmoid,2,1,40,26,1.0,1.0,0.008682709499404032,0.9618342439586636,,-0.013505415583604335,0.06450101176170069,0.5,26,0,14,0,1.0,1.0,1.0,1.0,1.0,1.0,1.0,0.8135710294136432,24,0,14,2,0.9230769230769231,1.0,1.0,0.875,0.9600000000000001,0.9615384615384616,0.95
full_valid_model,svm,sigmoid,2,2,40,26,1.0,1.0,0.024638049828285574,0.8917008798756678,,0.40147130890434646,0.10452374347128035,0.5,25,0,14,1,0.9615384615384616,1.0,1.0,0.9333333333333333,0.9803921568627451,0.9807692307692308,0.975,0.8723505596272276,19,0,14,7,0.7307692307692307,1.0,1.0,0.6666666666666666,0.8444444444444443,0.8653846153846154,0.825
full_valid_model,svm,sigmoid,2,3,40,25,1.0,1.0,0.02520088688550936,0.89247621595516,,0.006682163220127504,0.08716054590488877,0.5,23,0,15,2,0.92,1.0,1.0,0.8823529411764706,0.9583333333333334,0.96,0.95,0.8215555403713216,23,0,15,2,0.92,1.0,1.0,0.8823529411764706,0.9583333333333334,0.96,0.95
full_valid_model,svm,sigmoid,2,4,40,25,1.0,1.0,0.006780790422522916,0.9710686275305689,,-0.21166851804369938,0.056669050059254975,0.5,25,0,15,0,1.0,1.0,1.0,1.0,1.0,1.0,1.0,0.8019665403867406,24,0,15,1,0.96,1.0,1.0,0.9375,0.9795918367346939,0.98,0.975
full_valid_model,svm,sigmoid,3,0,40,26,1.0,1.0,0.017490641988277267,0.9231180571943857,,0.32342360824082844,0.08088899706176335,0.5,25,0,14,1,0.9615384615384616,1.0,1.0,0.9333333333333333,0.9803921568627451,0.9807692307692308,0.975,0.8361312943517393,22,0,14,4,0.8461538461538461,1.0,1.0,0.7777777777777778,0.9166666666666666,0.9230769230769231,0.9
full_valid_model,svm,sigmoid,3,1,40,26,1.0,1.0,0.008781430927297074,0.9614003036162766,,-0.06519842503149771,0.06021711965853599,0.5,26,0,14,0,1.0,1.0,1.0,1.0,1.0,1.0,1.0,0.8303195182515419,24,0,14,2,0.9230769230769231,1.0,1.0,0.875,0.9600000000000001,0.9615384615384616,0.95
full_valid_model,svm,sigmoid,3,2,40,26,1.0,1.0,0.008722844210772806,0.9616578276449547,,-0.17265434587361508,0.06600194005232554,0.5,26,0,14,0,1.0,1.0,1.0,1.0,1.0,1.0,1.0,0.8229799955274084,25,0,14,1,0.9615384615384616,1.0,1.0,0.9333333333333333,0.9803921568627451,0.9807692307692308,0.975
full_valid_model,svm,sigmoid,3,3,40,25,1.0,1.0,0.016185304706716745,0.9309426999180086,,-0.011075579089138988,0.07966359505849614,0.5,24,0,15,1,0.96,1.0,1.0,0.9375,0.9795918367346939,0.98,0.975,0.8215421141306269,22,0,15,3,0.88,1.0,1.0,0.8333333333333334,0.9361702127659575,0.94,0.925
full_valid_model,svm,sigmoid,3,4,40,25,1.0,1.0,0.014354290889176724,0.9387550255395126,,-0.04044740827613613,0.07911701637202875,0.5,25,0,15,0,1.0,1.0,1.0,1.0,1.0,1.0,1.0,0.8229562811688206,23,0,15,2,0.92,1.0,1.0,0.8823529411764706,0.9583333333333334,0.96,0.95
full_valid_model,svm,sigmoid,4,0,40,26,1.0,1.0,0.015296763443861012,0.9327614793676439,,0.33462794474172514,0.055581044499527076,0.5,25,0,14,1,0.9615384615384616,1.0,1.0,0.9333333333333333,0.9803921568627451,0.9807692307692308,0.975,0.8322216146104533,24,0,14,2,0.9230769230769231,1.0,1.0,0.875,0.9600000000000001,0.9615384615384616,0.95
full_valid_model,svm,sigmoid,4,1,40,26,1.0,1.0,0.008151008997165577,0.964171389023448,,-0.16336470063905065,0.06551214190300612,0.5,26,0,14,0,1.0,1.0,1.0,1.0,1.0,1.0,1.0,0.8184575580697648,24,0,14,2,0.9230769230769231,1.0,1.0,0.875,0.9600000000000001,0.9615384615384616,0.95
full_valid_model,svm,sigmoid,4,2,40,26,1.0,1.0,0.007224937722642965,0.9682420319883825,,-0.31829844696596094,0.054393940958335114,0.5,26,0,14,0,1.0,1.0,1.0,1.0,1.0,1.0,1.0,0.8138912857575717,25,0,14,1,0.9615384615384616,1.0,1.0,0.9333333333333333,0.9803921568627451,0.9807692307692308,0.975
full_valid_model,svm,sigmoid,4,3,40,25,1.0,1.0,0.016988278925796702,0.9275166765832674,,0.10495272094879401,0.08132799573268612,0.5,24,0,15,1,0.96,1.0,1.0,0.9375,0.9795918367346939,0.98,0.975,0.806179000199367,22,0,15,3,0.88,1.0,1.0,0.8333333333333334,0.9361702127659575,0.94,0.925
full_valid_model,svm,sigmoid,4,4,40,25,1.0,1.0,0.026149413481417076,0.8884291691459538,,0.20988956730085026,0.10292950241391934,0.5,23,0,15,2,0.92,1.0,1.0,0.8823529411764706,0.9583333333333334,0.96,0.95,0.7992959776503699,21,0,15,4,0.84,1.0,1.0,0.7894736842105263,0.9130434782608696,0.9199999999999999,0.9
full_valid_model,xgboost,isotonic,0,0,40,26,0.9972527472527473,0.9985754985754985,0.029014585672682346,0.8724633596805171,0.5497511620741996,0.07092556156146462,0.04453191830543804,0.5,25,1,13,1,0.9615384615384616,0.9285714285714286,0.9615384615384616,0.9285714285714286,0.9615384615384616,0.945054945054945,0.95,0.9882802665233612,24,0,14,2,0.9230769230769231,1.0,1.0,0.875,0.9600000000000001,0.9615384615384616,0.95
full_valid_model,xgboost,isotonic,0,1,40,26,0.9945054945054945,0.9972527472527473,0.0445351596747383,0.8042410563747767,5.139366694550767,-0.18167984205165782,0.05050528942956589,0.5,25,1,13,1,0.9615384615384616,0.9285714285714286,0.9615384615384616,0.9285714285714286,0.9615384615384616,0.945054945054945,0.95,0.926898330450058,23,0,14,3,0.8846153846153846,1.0,1.0,0.8235294117647058,0.9387755102040816,0.9423076923076923,0.925
full_valid_model,xgboost,isotonic,0,2,40,26,1.0,1.0,0.0145141997752291,0.9362013196693226,,-0.3855527390426185,0.05149622363969685,0.5,26,0,14,0,1.0,1.0,1.0,1.0,1.0,1.0,1.0,0.8792825788259506,23,0,14,3,0.8846153846153846,1.0,1.0,0.8235294117647058,0.9387755102040816,0.9423076923076923,0.925
full_valid_model,xgboost,isotonic,0,3,40,25,1.0,1.0,0.0030440518152718148,0.9870120455881736,,0.020926899710861445,0.018306863919133352,0.5,25,0,15,0,1.0,1.0,1.0,1.0,1.0,1.0,1.0,0.961243286728859,22,0,15,3,0.88,1.0,1.0,0.8333333333333334,0.9361702127659575,0.94,0.925
full_valid_model,xgboost,isotonic,0,4,40,25,1.0,1.0,0.016393492440415484,0.9300544322542272,,-0.7394682867691857,0.037372586919809714,0.5,25,1,14,0,1.0,0.9333333333333333,0.9615384615384616,1.0,0.9803921568627451,0.9666666666666667,0.975,0.9842334985733032,22,0,15,3,0.88,1.0,1.0,0.8333333333333334,0.9361702127659575,0.94,0.925
full_valid_model,xgboost,isotonic,1,0,40,26,1.0,1.0,0.019320745211269016,0.9150736474229934,,2.0151181977092296,0.02107816874049601,0.5,25,0,14,1,0.9615384615384616,1.0,1.0,0.9333333333333333,0.9803921568627451,0.9807692307692308,0.975,0.9321891963481904,25,0,14,1,0.9615384615384616,1.0,1.0,0.9333333333333333,0.9803921568627451,0.9807692307692308,0.975
full_valid_model,xgboost,isotonic,1,1,40,26,0.989010989010989,0.9939551829936445,0.028585163306128564,0.8743509305225118,0.8522276113321318,0.4819677017781572,0.05425683541106987,0.5,26,1,13,0,1.0,0.9285714285714286,0.9629629629629629,1.0,0.9811320754716981,0.9642857142857143,0.975,0.9999999701976776,21,0,14,5,0.8076923076923077,1.0,1.0,0.7368421052631579,0.8936170212765957,0.9038461538461539,0.875
full_valid_model,xgboost,isotonic,1,2,40,26,0.9945054945054945,0.9972527472527473,0.0424491908263938,0.8134101502136537,3.399703256231728,0.16989495114666983,0.057947583822533524,0.5,25,1,13,1,0.9615384615384616,0.9285714285714286,0.9615384615384616,0.9285714285714286,0.9615384615384616,0.945054945054945,0.95,0.9106340110301973,24,0,14,2,0.9230769230769231,1.0,1.0,0.875,0.9600000000000001,0.9615384615384616,0.95
full_valid_model,xgboost,isotonic,1,3,40,25,1.0,1.0,0.0004740356778439968,0.9979774477745322,,-0.5759941063538113,0.008014940971042975,0.5,25,0,15,0,1.0,1.0,1.0,1.0,1.0,1.0,1.0,0.9723306149244308,23,0,15,2,0.92,1.0,1.0,0.8823529411764706,0.9583333333333334,0.96,0.95
full_valid_model,xgboost,isotonic,1,4,40,25,1.0,1.0,0.01623063627828811,0.9307492852126373,,-1.8686398804653457,0.03632620719436093,0.5,25,1,14,0,1.0,0.9333333333333333,0.9615384615384616,1.0,0.9803921568627451,0.9666666666666667,0.975,0.8593943864107132,25,0,15,0,1.0,1.0,1.0,1.0,1.0,1.0,1.0
full_valid_model,xgboost,isotonic,2,0,40,26,1.0,1.0,0.0014799693570279001,0.9934946401888883,,-0.14792463633225686,0.01356690315296875,0.5,26,0,14,0,1.0,1.0,1.0,1.0,1.0,1.0,1.0,0.8541666716337204,26,0,14,0,1.0,1.0,1.0,1.0,1.0,1.0,1.0
full_valid_model,xgboost,isotonic,2,1,40,26,1.0,1.0,0.0024855409859038916,0.989074545116906,,-0.12420560242669663,0.019102537765866144,0.5,26,0,14,0,1.0,1.0,1.0,1.0,1.0,1.0,1.0,0.9825019091367722,24,0,14,2,0.9230769230769231,1.0,1.0,0.875,0.9600000000000001,0.9615384615384616,0.95
full_valid_model,xgboost,isotonic,2,2,40,26,0.9986263736263736,0.9985754985754985,0.024597920770039673,0.891877271340485,,0.5804902089703663,0.020490124868229046,0.5,25,0,14,1,0.9615384615384616,1.0,1.0,0.9333333333333333,0.9803921568627451,0.9807692307692308,0.975,0.9554209560155869,22,0,14,4,0.8461538461538461,1.0,1.0,0.7777777777777778,0.9166666666666666,0.9230769230769231,0.9
full_valid_model,xgboost,isotonic,2,3,40,25,0.984,0.9907084886128364,0.08432304133036304,0.6402216903237843,2.2451208670732927,-3.0757934961787585,0.08821858447045092,0.5,24,3,12,1,0.96,0.8,0.8888888888888888,0.9230769230769231,0.923076923076923,0.88,0.9,0.9976352751255037,21,0,15,4,0.84,1.0,1.0,0.7894736842105263,0.9130434782608696,0.9199999999999999,0.9
full_valid_model,xgboost,isotonic,2,4,40,25,1.0,1.0,0.00013838952752991273,0.9994095380158724,,-4.335318024071298,0.0034998828545212725,0.5,25,0,15,0,1.0,1.0,1.0,1.0,1.0,1.0,1.0,0.9192559272050858,25,0,15,0,1.0,1.0,1.0,1.0,1.0,1.0,1.0
full_valid_model,xgboost,isotonic,3,0,40,26,1.0,1.0,0.002320065794230096,0.9898019085967907,,0.544076819957941,0.01849534937646243,0.5,26,0,14,0,1.0,1.0,1.0,1.0,1.0,1.0,1.0,0.8994426429271698,23,0,14,3,0.8846153846153846,1.0,1.0,0.8235294117647058,0.9387755102040816,0.9423076923076923,0.925
full_valid_model,xgboost,isotonic,3,1,40,26,0.9972527472527473,0.9985754985754985,0.01659541051766183,0.9270531405817063,2.0218993899712374,1.0301051132069976,0.019945527196978195,0.5,25,0,14,1,0.9615384615384616,1.0,1.0,0.9333333333333333,0.9803921568627451,0.9807692307692308,0.975,0.9023604840040208,23,0,14,3,0.8846153846153846,1.0,1.0,0.8235294117647058,0.9387755102040816,0.9423076923076923,0.925
full_valid_model,xgboost,isotonic,3,2,40,26,1.0,1.0,0.01428443519438781,0.9372112738708228,,-1.3645695038453438,0.02535258986172264,0.5,26,1,13,0,1.0,0.9285714285714286,0.9629629629629629,1.0,0.9811320754716981,0.9642857142857143,0.975,0.9695190787315368,25,0,14,1,0.9615384615384616,1.0,1.0,0.9333333333333333,0.9803921568627451,0.9807692307692308,0.975
full_valid_model,xgboost,isotonic,3,3,40,25,0.9920000000000001,0.995437037037037,0.0439313683409257,0.8125594950787169,0.45128114749128545,0.7445278597747627,0.04886690099956468,0.5,24,1,14,1,0.96,0.9333333333333333,0.96,0.9333333333333333,0.96,0.9466666666666667,0.95,0.875,23,0,15,2,0.92,1.0,1.0,0.8823529411764706,0.9583333333333334,0.96,0.95
full_valid_model,xgboost,isotonic,3,4,40,25,1.0,1.0,0.023247944159891443,0.9008087715844632,,-2.484095920343484,0.0358349593414459,0.5,25,1,14,0,1.0,0.9333333333333333,0.9615384615384616,1.0,0.9803921568627451,0.9666666666666667,0.975,0.967009887099266,25,0,15,0,1.0,1.0,1.0,1.0,1.0,1.0,1.0
full_valid_model,xgboost,isotonic,4,0,40,26,0.9972527472527473,0.9985754985754985,0.02225669736418525,0.9021683632343506,1.0442618212055501,-0.7477071582184515,0.03158452570205551,0.5,26,1,13,0,1.0,0.9285714285714286,0.9629629629629629,1.0,0.9811320754716981,0.9642857142857143,0.975,0.9685407727956772,23,0,14,3,0.8846153846153846,1.0,1.0,0.8235294117647058,0.9387755102040816,0.9423076923076923,0.925
full_valid_model,xgboost,isotonic,4,1,40,26,1.0,1.0,0.004903995664491691,0.9784439751011355,,-0.7698836856234069,0.027127660438418397,0.5,26,0,14,0,1.0,1.0,1.0,1.0,1.0,1.0,1.0,0.9505474120378494,25,0,14,1,0.9615384615384616,1.0,1.0,0.9333333333333333,0.9803921568627451,0.9807692307692308,0.975
full_valid_model,xgboost,isotonic,4,2,40,26,1.0,1.0,0.02381170731898268,0.8953331546418344,,-6.448534208251475,0.03833708199672406,0.5,26,1,13,0,1.0,0.9285714285714286,0.9629629629629629,1.0,0.9811320754716981,0.9642857142857143,0.975,0.9974439293146132,26,0,14,0,1.0,1.0,1.0,1.0,1.0,1.0,1.0
full_valid_model,xgboost,isotonic,4,3,40,25,0.9973333333333334,0.9984615384615385,0.024032701602382925,0.8974604731631661,0.5858252846252395,2.394994691171316,0.021507085194753046,0.5,24,0,15,1,0.96,1.0,1.0,0.9375,0.9795918367346939,0.98,0.975,0.979891672730446,24,0,15,1,0.96,1.0,1.0,0.9375,0.9795918367346939,0.98,0.975
full_valid_model,xgboost,isotonic,4,4,40,25,0.9973333333333334,0.9984615384615385,0.031340078436333726,0.8662823320049761,0.6569048835862851,1.607405330256032,0.03490944285877052,0.5,23,0,15,2,0.92,1.0,1.0,0.8823529411764706,0.9583333333333334,0.96,0.95,0.9965295791625975,20,0,15,5,0.8,1.0,1.0,0.75,0.888888888888889,0.9,0.875
full_valid_model,xgboost,none,0,0,40,26,0.9972527472527473,0.9985754985754985,0.025630600614630218,0.8873380192763507,1.2810611745605625,0.11031856454324185,0.059125557169318214,0.5,25,1,13,1,0.9615384615384616,0.9285714285714286,0.9615384615384616,0.9285714285714286,0.9615384615384616,0.945054945054945,0.95,0.909394919872284,23,0,14,3,0.8846153846153846,1.0,1.0,0.8235294117647058,0.9387755102040816,0.9423076923076923,0.925
full_valid_model,xgboost,none,0,1,40,26,0.9945054945054945,0.9972527472527473,0.033534486037115216,0.8525956657709222,0.8597288582955307,0.21971673294205094,0.04940546412253752,0.5,25,1,13,1,0.9615384615384616,0.9285714285714286,0.9615384615384616,0.9285714285714286,0.9615384615384616,0.945054945054945,0.95,0.928711473941803,25,0,14,1,0.9615384615384616,1.0,1.0,0.9333333333333333,0.9803921568627451,0.9807692307692308,0.975
full_valid_model,xgboost,none,0,2,40,26,1.0,1.0,0.005641857970067441,0.9752006243073958,,0.1705230720600626,0.041137798596173496,0.5,26,0,14,0,1.0,1.0,1.0,1.0,1.0,1.0,1.0,0.9048238396644592,23,0,14,3,0.8846153846153846,1.0,1.0,0.8235294117647058,0.9387755102040816,0.9423076923076923,0.925
full_valid_model,xgboost,none,0,3,40,25,1.0,1.0,0.0021364269653209637,0.9908845782812972,,-0.04478440595597382,0.026990670687518974,0.5,25,0,15,0,1.0,1.0,1.0,1.0,1.0,1.0,1.0,0.9096540808677672,24,0,15,1,0.96,1.0,1.0,0.9375,0.9795918367346939,0.98,0.975
full_valid_model,xgboost,none,0,4,40,25,1.0,1.0,0.017281529478831128,0.9262654742236538,,-0.2237593390358442,0.03669100389815866,0.5,25,1,14,0,1.0,0.9333333333333333,0.9615384615384616,1.0,0.9803921568627451,0.9666666666666667,0.975,0.9296334385871888,21,0,15,4,0.84,1.0,1.0,0.7894736842105263,0.9130434782608696,0.9199999999999999,0.9
full_valid_model,xgboost,none,1,0,40,26,1.0,1.0000000000000002,0.018183572200407786,0.9200722101080977,,1.0271062918686549,0.019008519820636144,0.5,25,0,14,1,0.9615384615384616,1.0,1.0,0.9333333333333333,0.9803921568627451,0.9807692307692308,0.975,0.8960837125778198,24,0,14,2,0.9230769230769231,1.0,1.0,0.875,0.9600000000000001,0.9615384615384616,0.95
full_valid_model,xgboost,none,1,1,40,26,0.9945054945054945,0.9970962086346701,0.021305091422206924,0.9063512464957937,1.7214731246266768,0.1791215456634863,0.02661261695902791,0.5,26,1,13,0,1.0,0.9285714285714286,0.9629629629629629,1.0,0.9811320754716981,0.9642857142857143,0.975,0.9438028931617736,20,0,14,6,0.7692307692307693,1.0,1.0,0.7,0.8695652173913044,0.8846153846153846,0.85
full_valid_model,xgboost,none,1,2,40,26,0.9945054945054945,0.9972527472527473,0.036064426191398415,0.8414750497081389,1.0301074431740618,0.32262438297951,0.059163102577440424,0.5,25,1,13,1,0.9615384615384616,0.9285714285714286,0.9615384615384616,0.9285714285714286,0.9615384615384616,0.945054945054945,0.95,0.887215256690979,23,0,14,3,0.8846153846153846,1.0,1.0,0.8235294117647058,0.9387755102040816,0.9423076923076923,0.925
full_valid_model,xgboost,none,1,3,40,25,1.0,1.0,0.0023231298943010813,0.9900879791176487,,0.06648929123826021,0.02744714010041205,0.5,25,0,15,0,1.0,1.0,1.0,1.0,1.0,1.0,1.0,0.8911409974098206,24,0,15,1,0.96,1.0,1.0,0.9375,0.9795918367346939,0.98,0.975
full_valid_model,xgboost,none,1,4,40,25,1.0,1.0000000000000002,0.01940187458808037,0.9172186684241904,,-0.8649179611653859,0.024714077147655174,0.5,25,1,14,0,1.0,0.9333333333333333,0.9615384615384616,1.0,0.9803921568627451,0.9666666666666667,0.975,0.7877926826477051,25,1,14,0,1.0,0.9333333333333333,0.9615384615384616,1.0,0.9803921568627451,0.9666666666666667,0.975
full_valid_model,xgboost,none,2,0,40,26,1.0,0.9999999999999999,0.0022244237796486344,0.9902223130564896,,0.4362229287241783,0.020069557940587363,0.5,26,0,14,0,1.0,1.0,1.0,1.0,1.0,1.0,1.0,0.9100437760353088,24,0,14,2,0.9230769230769231,1.0,1.0,0.875,0.9600000000000001,0.9615384615384616,0.95
full_valid_model,xgboost,none,2,1,40,26,1.0,1.0,0.0022705509043706843,0.9900195564643047,,0.20415142444306586,0.029950386402197177,0.5,26,0,14,0,1.0,1.0,1.0,1.0,1.0,1.0,1.0,0.919112741947174,24,0,14,2,0.9230769230769231,1.0,1.0,0.875,0.9600000000000001,0.9615384615384616,0.95
full_valid_model,xgboost,none,2,2,40,26,0.989010989010989,0.9948717948717949,0.029956476705251367,0.8683231793175764,1.319045436342473,0.5996428271551079,0.05098124169744554,0.5,25,0,14,1,0.9615384615384616,1.0,1.0,0.9333333333333333,0.9803921568627451,0.9807692307692308,0.975,0.9203604459762572,20,0,14,6,0.7692307692307693,1.0,1.0,0.7,0.8695652173913044,0.8846153846153846,0.85
full_valid_model,xgboost,none,2,3,40,25,0.9893333333333334,0.994114285714286,0.07685613397322393,0.6720804950475779,0.8200846637020678,-2.14813903367693,0.08818791699013677,0.5,24,3,12,1,0.96,0.8,0.8888888888888888,0.9230769230769231,0.923076923076923,0.88,0.9,0.9755142331123352,23,1,14,2,0.92,0.9333333333333333,0.9583333333333334,0.875,0.9387755102040817,0.9266666666666667,0.925
full_valid_model,xgboost,none,2,4,40,25,1.0,1.0,0.0006565544267973822,0.9971987011123312,,-0.17893261515626857,0.01764756839256732,0.5,25,0,15,0,1.0,1.0,1.0,1.0,1.0,1.0,1.0,0.9157668948173524,25,0,15,0,1.0,1.0,1.0,1.0,1.0,1.0,1.0
full_valid_model,xgboost,none,3,0,40,26,1.0,1.0,0.0041165779372947285,0.9819051519239792,,0.7336448411895925,0.029272069549188026,0.5,26,0,14,0,1.0,1.0,1.0,1.0,1.0,1.0,1.0,0.9011722803115844,23,0,14,3,0.8846153846153846,1.0,1.0,0.8235294117647058,0.9387755102040816,0.9423076923076923,0.925
full_valid_model,xgboost,none,3,1,40,26,1.0,0.9999999999999999,0.015041191569244891,0.9338848722230993,,0.5905527281247217,0.04827818083576856,0.5,25,0,14,1,0.9615384615384616,1.0,1.0,0.9333333333333333,0.9803921568627451,0.9807692307692308,0.975,0.8920547366142273,22,0,14,4,0.8461538461538461,1.0,1.0,0.7777777777777778,0.9166666666666666,0.9230769230769231,0.9
full_valid_model,xgboost,none,3,2,40,26,1.0,1.0,0.008851531482448369,0.9610921693079193,,-0.5002236951231435,0.035056065185926875,0.5,26,1,13,0,1.0,0.9285714285714286,0.9629629629629629,1.0,0.9811320754716981,0.9642857142857143,0.975,0.8723862767219543,26,0,14,0,1.0,1.0,1.0,1.0,1.0,1.0,1.0
full_valid_model,xgboost,none,3,3,40,25,0.9813333333333334,0.9888903067946547,0.0477528341363591,0.7962545743515346,0.7438043512334372,0.3482965045150121,0.03645846681320108,0.5,24,1,14,1,0.96,0.9333333333333333,0.96,0.9333333333333333,0.96,0.9466666666666667,0.95,0.9358522295951844,20,1,14,5,0.8,0.9333333333333333,0.9523809523809523,0.7368421052631579,0.8695652173913043,0.8666666666666667,0.85
full_valid_model,xgboost,none,3,4,40,25,1.0,1.0,0.019146175020878276,0.9183096532442527,,-0.6382706133132113,0.05164347572717817,0.5,25,1,14,0,1.0,0.9333333333333333,0.9615384615384616,1.0,0.9803921568627451,0.9666666666666667,0.975,0.9209455251693726,23,0,15,2,0.92,1.0,1.0,0.8823529411764706,0.9583333333333334,0.96,0.95
full_valid_model,xgboost,none,4,0,40,26,1.0,1.0,0.017291823620158228,0.9239919840872166,,-0.3856327685241435,0.04276838798541574,0.5,26,1,13,0,1.0,0.9285714285714286,0.9629629629629629,1.0,0.9811320754716981,0.9642857142857143,0.975,0.9256320595741272,24,0,14,2,0.9230769230769231,1.0,1.0,0.875,0.9600000000000001,0.9615384615384616,0.95
full_valid_model,xgboost,none,4,1,40,26,1.0,1.0,0.002191444314062635,0.990367277740384,,-0.18404308045574613,0.027511142450384787,0.5,26,0,14,0,1.0,1.0,1.0,1.0,1.0,1.0,1.0,0.8677416443824768,25,0,14,1,0.9615384615384616,1.0,1.0,0.9333333333333333,0.9803921568627451,0.9807692307692308,0.975
full_valid_model,xgboost,none,4,2,40,26,1.0,1.0,0.017205244456555885,0.9243725518393148,,-0.747818112421214,0.01873351738322531,0.5,26,1,13,0,1.0,0.9285714285714286,0.9629629629629629,1.0,0.9811320754716981,0.9642857142857143,0.975,0.918053388595581,25,0,14,1,0.9615384615384616,1.0,1.0,0.9333333333333333,0.9803921568627451,0.9807692307692308,0.975
full_valid_model,xgboost,none,4,3,40,25,0.9973333333333334,0.9984615384615386,0.024515347708193684,0.8954011831117069,1.3838057390334288,0.8348369599793701,0.03715012365719303,0.5,24,0,15,1,0.96,1.0,1.0,0.9375,0.9795918367346939,0.98,0.975,0.923293113708496,20,0,15,5,0.8,1.0,1.0,0.75,0.888888888888889,0.9,0.875
full_valid_model,xgboost,none,4,4,40,25,0.9973333333333334,0.9984615384615386,0.02976473514298959,0.8730037967232445,1.6505072027313803,0.8080908939216465,0.05059384771157056,0.5,24,0,15,1,0.96,1.0,1.0,0.9375,0.9795918367346939,0.98,0.975,0.9299790263175964,20,0,15,5,0.8,1.0,1.0,0.75,0.888888888888889,0.9,0.875
full_valid_model,xgboost,sigmoid,0,0,40,26,0.9945054945054945,0.9970962086346701,0.03468512829487223,0.8475378976049572,1.3533174226490914,0.02701619447659296,0.05032578555040762,0.5,25,1,13,1,0.9615384615384616,0.9285714285714286,0.9615384615384616,0.9285714285714286,0.9615384615384616,0.945054945054945,0.95,0.9095327716745129,24,0,14,2,0.9230769230769231,1.0,1.0,0.875,0.9600000000000001,0.9615384615384616,0.95
full_valid_model,xgboost,sigmoid,0,1,40,26,0.9945054945054945,0.9972527472527473,0.04304920182564186,0.8107727392279478,1.1989991051273854,0.06355200869908545,0.022752625348535484,0.5,25,1,13,1,0.9615384615384616,0.9285714285714286,0.9615384615384616,0.9285714285714286,0.9615384615384616,0.945054945054945,0.95,0.9131474094230224,25,0,14,1,0.9615384615384616,1.0,1.0,0.9333333333333333,0.9803921568627451,0.9807692307692308,0.975
full_valid_model,xgboost,sigmoid,0,2,40,26,1.0,1.0,0.012434558220818508,0.9453426012271714,,0.07766150935758649,0.08761925553335863,0.5,26,0,14,0,1.0,1.0,1.0,1.0,1.0,1.0,1.0,0.8890209802435884,23,0,14,3,0.8846153846153846,1.0,1.0,0.8235294117647058,0.9387755102040816,0.9423076923076923,0.925
full_valid_model,xgboost,sigmoid,0,3,40,25,1.0,1.0000000000000002,0.005539664025632592,0.9763641001573009,,-0.015433851407052295,0.06733795199942028,0.5,25,0,15,0,1.0,1.0,1.0,1.0,1.0,1.0,1.0,0.9032834977487436,23,0,15,2,0.92,1.0,1.0,0.8823529411764706,0.9583333333333334,0.96,0.95
full_valid_model,xgboost,sigmoid,0,4,40,25,1.0,1.0,0.02239672753200101,0.9044406291967957,,-0.3463412371999853,0.03706345884309925,0.5,25,1,14,0,1.0,0.9333333333333333,0.9615384615384616,1.0,0.9803921568627451,0.9666666666666667,0.975,0.920779071405736,22,0,15,3,0.88,1.0,1.0,0.8333333333333334,0.9361702127659575,0.94,0.925
full_valid_model,xgboost,sigmoid,1,0,40,26,1.0,1.0,0.019771621416608494,0.9130917739929297,,0.4692452972056089,0.0317103663212261,0.5,25,0,14,1,0.9615384615384616,1.0,1.0,0.9333333333333333,0.9803921568627451,0.9807692307692308,0.975,0.9139374745301624,24,0,14,2,0.9230769230769231,1.0,1.0,0.875,0.9600000000000001,0.9615384615384616,0.95
full_valid_model,xgboost,sigmoid,1,1,40,26,0.9917582417582418,0.9955577470962086,0.03336388353857586,0.8533455668634028,1.5000597587571778,0.0665974358540556,0.058262750992309265,0.5,26,1,13,0,1.0,0.9285714285714286,0.9629629629629629,1.0,0.9811320754716981,0.9642857142857143,0.975,0.9258071658374908,21,0,14,5,0.8076923076923077,1.0,1.0,0.7368421052631579,0.8936170212765957,0.9038461538461539,0.875
full_valid_model,xgboost,sigmoid,1,2,40,26,0.9945054945054945,0.9972527472527473,0.044861262165531976,0.8028076388328265,1.1744257910246536,0.12064871620039808,0.027733223362756784,0.5,25,1,13,1,0.9615384615384616,0.9285714285714286,0.9615384615384616,0.9285714285714286,0.9615384615384616,0.945054945054945,0.95,0.902976045613234,24,0,14,2,0.9230769230769231,1.0,1.0,0.875,0.9600000000000001,0.9615384615384616,0.95
full_valid_model,xgboost,sigmoid,1,3,40,25,1.0,1.0,0.004026184549743754,0.98282161258776,,0.008834896128272476,0.05928225423986455,0.5,25,0,15,0,1.0,1.0,1.0,1.0,1.0,1.0,1.0,0.8942876864245157,24,0,15,1,0.96,1.0,1.0,0.9375,0.9795918367346939,0.98,0.975
full_valid_model,xgboost,sigmoid,1,4,40,25,1.0,1.0,0.023023919738064034,0.9017646091175935,,-0.4182288976306087,0.04285171517589999,0.5,25,1,14,0,1.0,0.9333333333333333,0.9615384615384616,1.0,0.9803921568627451,0.9666666666666667,0.975,0.8488141772922919,25,0,15,0,1.0,1.0,1.0,1.0,1.0,1.0,1.0
full_valid_model,xgboost,sigmoid,2,0,40,26,1.0,1.0,0.004341590190155817,0.9809160870762381,,0.056117645046226,0.062070689987873656,0.5,26,0,14,0,1.0,1.0,1.0,1.0,1.0,1.0,1.0,0.9071326497016244,25,0,14,1,0.9615384615384616,1.0,1.0,0.9333333333333333,0.9803921568627451,0.9807692307692308,0.975
full_valid_model,xgboost,sigmoid,2,1,40,26,1.0,1.0,0.006898710276461195,0.9696759987847859,,0.05548247503365605,0.07371695813914889,0.5,26,0,14,0,1.0,1.0,1.0,1.0,1.0,1.0,1.0,0.9100136047320276,24,0,14,2,0.9230769230769231,1.0,1.0,0.875,0.9600000000000001,0.9615384615384616,0.95
full_valid_model,xgboost,sigmoid,2,2,40,26,0.9917582417582418,0.9960212201591512,0.030814307056113766,0.8645524964566428,1.705725257300991,0.4095403695291885,0.05524506267807582,0.5,25,0,14,1,0.9615384615384616,1.0,1.0,0.9333333333333333,0.9803921568627451,0.9807692307692308,0.975,0.8999163757587044,20,0,14,6,0.7692307692307693,1.0,1.0,0.7,0.8695652173913044,0.8846153846153846,0.85
full_valid_model,xgboost,sigmoid,2,3,40,25,0.9866666666666668,0.9924476190476191,0.08134942935560271,0.652909101416095,1.0360598771938503,-0.9324949723779647,0.09337902952379509,0.5,24,3,12,1,0.96,0.8,0.8888888888888888,0.9230769230769231,0.923076923076923,0.88,0.9,0.9414893239301104,24,2,13,1,0.96,0.8666666666666667,0.9230769230769231,0.9285714285714286,0.9411764705882353,0.9133333333333333,0.925
full_valid_model,xgboost,sigmoid,2,4,40,25,1.0,1.0,0.00362090901180285,0.9845507882163078,,0.07254404922927496,0.05839853918979085,0.5,25,0,15,0,1.0,1.0,1.0,1.0,1.0,1.0,1.0,0.9029902474867918,25,0,15,0,1.0,1.0,1.0,1.0,1.0,1.0,1.0
full_valid_model,xgboost,sigmoid,3,0,40,26,1.0,1.0,0.007647559499117165,0.9663843538500344,,0.2026804357346691,0.07928416809676214,0.5,26,0,14,0,1.0,1.0,1.0,1.0,1.0,1.0,1.0,0.8976262799143514,23,0,14,3,0.8846153846153846,1.0,1.0,0.8235294117647058,0.9387755102040816,0.9423076923076923,0.925
full_valid_model,xgboost,sigmoid,3,1,40,26,0.9972527472527473,0.9985754985754985,0.02305703811445301,0.8986503819144923,3.1021227427329854,0.4070927288154819,0.07678708440863077,0.5,25,0,14,1,0.9615384615384616,1.0,1.0,0.9333333333333333,0.9803921568627451,0.9807692307692308,0.975,0.9090025989944882,22,0,14,4,0.8461538461538461,1.0,1.0,0.7777777777777778,0.9166666666666666,0.9230769230769231,0.9
full_valid_model,xgboost,sigmoid,3,2,40,26,1.0,1.0,0.015772120408111455,0.9306719982061035,,-0.26698200778324116,0.07388541559301692,0.5,26,1,13,0,1.0,0.9285714285714286,0.9629629629629629,1.0,0.9811320754716981,0.9642857142857143,0.975,0.8947616959686905,26,0,14,0,1.0,1.0,1.0,1.0,1.0,1.0,1.0
full_valid_model,xgboost,sigmoid,3,3,40,25,0.992,0.995437037037037,0.047046897175798595,0.799266572049926,1.1192330510451494,0.1801100396604575,0.01374442753006622,0.5,24,1,14,1,0.96,0.9333333333333333,0.96,0.9333333333333333,0.96,0.9466666666666667,0.95,0.9258418341341664,22,0,15,3,0.88,1.0,1.0,0.8333333333333334,0.9361702127659575,0.94,0.925
full_valid_model,xgboost,sigmoid,3,4,40,25,1.0,1.0,0.025176667996787618,0.8925795498803728,,-0.43422296261657456,0.04282290730671514,0.5,25,1,14,0,1.0,0.9333333333333333,0.9615384615384616,1.0,0.9803921568627451,0.9666666666666667,0.975,0.9154153793363702,24,0,15,1,0.96,1.0,1.0,0.9375,0.9795918367346939,0.98,0.975
full_valid_model,xgboost,sigmoid,4,0,40,26,0.9945054945054945,0.9970962086346702,0.026213429781570964,0.8847761328282595,1.921887108459102,-0.18812226250167743,0.04759606810105382,0.5,26,1,13,0,1.0,0.9285714285714286,0.9629629629629629,1.0,0.9811320754716981,0.9642857142857143,0.975,0.9119520864161677,24,0,14,2,0.9230769230769231,1.0,1.0,0.875,0.9600000000000001,0.9615384615384616,0.95
full_valid_model,xgboost,sigmoid,4,1,40,26,1.0,1.0,0.006729301541255053,0.9704206525659118,,-0.04342897238981732,0.0699150776101662,0.5,26,0,14,0,1.0,1.0,1.0,1.0,1.0,1.0,1.0,0.9003478978613311,25,0,14,1,0.9615384615384616,1.0,1.0,0.9333333333333333,0.9803921568627451,0.9807692307692308,0.975
full_valid_model,xgboost,sigmoid,4,2,40,26,1.0,0.9999999999999999,0.022384294065499022,0.9016074986131911,,-0.37279648330451665,0.028826032843315155,0.5,26,1,13,0,1.0,0.9285714285714286,0.9629629629629629,1.0,0.9811320754716981,0.9642857142857143,0.975,0.9114350247333872,26,0,14,0,1.0,1.0,1.0,1.0,1.0,1.0,1.0
full_valid_model,xgboost,sigmoid,4,3,40,25,0.9946666666666667,0.997037037037037,0.02532589251667062,0.8919428585955387,1.6010168990214513,0.5011601282205894,0.03772556211030087,0.5,24,0,15,1,0.96,1.0,1.0,0.9375,0.9795918367346939,0.98,0.975,0.9140130470887872,23,0,15,2,0.92,1.0,1.0,0.8823529411764706,0.9583333333333334,0.96,0.95
full_valid_model,xgboost,sigmoid,4,4,40,25,0.9946666666666667,0.9968615384615387,0.0355645225233319,0.8482580372337839,1.6688764077370728,0.4247542647485143,0.09487386432266741,0.5,23,1,14,2,0.92,0.9333333333333333,0.9583333333333334,0.875,0.9387755102040817,0.9266666666666667,0.925,0.9234880332039948,20,0,15,5,0.8,1.0,1.0,0.75,0.888888888888889,0.9,0.875
laboratory_model,dummy,isotonic,0,0,40,26,0.5,0.65,0.22765624999999998,-0.0006868131868129623,,,0.012500000000000067,0.5,26,14,0,0,1.0,0.0,0.65,,0.787878787878788,0.5,0.65,0.6333333333333333,26,14,0,0,1.0,0.0,0.65,,0.787878787878788,0.5,0.65
laboratory_model,dummy,isotonic,0,1,40,26,0.5,0.65,0.22765624999999998,-0.0006868131868131844,,,0.012500000000000067,0.5,26,14,0,0,1.0,0.0,0.65,,0.787878787878788,0.5,0.65,0.6333333333333333,26,14,0,0,1.0,0.0,0.65,,0.787878787878788,0.5,0.65
laboratory_model,dummy,isotonic,0,2,40,26,0.5,0.65,0.22765624999999998,-0.0006868131868129623,,,0.012500000000000067,0.5,26,14,0,0,1.0,0.0,0.65,,0.787878787878788,0.5,0.65,0.6333333333333333,26,14,0,0,1.0,0.0,0.65,,0.787878787878788,0.5,0.65
laboratory_model,dummy,isotonic,0,3,40,25,0.5,0.625,0.23472656250000004,-0.0015000000000002789,,,0.018750000000000044,0.5,25,15,0,0,1.0,0.0,0.625,,0.7692307692307693,0.5,0.625,0.6416666666666666,25,15,0,0,1.0,0.0,0.625,,0.7692307692307693,0.5,0.625
laboratory_model,dummy,isotonic,0,4,40,25,0.5,0.625,0.23472656250000004,-0.0015000000000002789,,,0.018750000000000044,0.5,25,15,0,0,1.0,0.0,0.625,,0.7692307692307693,0.5,0.625,0.6416666666666666,25,15,0,0,1.0,0.0,0.625,,0.7692307692307693,0.5,0.625
laboratory_model,dummy,isotonic,1,0,40,26,0.5,0.65,0.22765624999999998,-0.0006868131868129623,,,0.012500000000000067,0.5,26,14,0,0,1.0,0.0,0.65,,0.787878787878788,0.5,0.65,0.6333333333333333,26,14,0,0,1.0,0.0,0.65,,0.787878787878788,0.5,0.65
laboratory_model,dummy,isotonic,1,1,40,26,0.5,0.65,0.22765624999999998,-0.0006868131868131844,,,0.012500000000000067,0.5,26,14,0,0,1.0,0.0,0.65,,0.787878787878788,0.5,0.65,0.6333333333333333,26,14,0,0,1.0,0.0,0.65,,0.787878787878788,0.5,0.65
laboratory_model,dummy,isotonic,1,2,40,26,0.5,0.65,0.22765624999999998,-0.0006868131868129623,,,0.012500000000000067,0.5,26,14,0,0,1.0,0.0,0.65,,0.787878787878788,0.5,0.65,0.6333333333333333,26,14,0,0,1.0,0.0,0.65,,0.787878787878788,0.5,0.65
laboratory_model,dummy,isotonic,1,3,40,25,0.5,0.625,0.23472656250000004,-0.0015000000000002789,,,0.018750000000000044,0.5,25,15,0,0,1.0,0.0,0.625,,0.7692307692307693,0.5,0.625,0.6416666666666666,25,15,0,0,1.0,0.0,0.625,,0.7692307692307693,0.5,0.625
laboratory_model,dummy,isotonic,1,4,40,25,0.5,0.625,0.23472656250000004,-0.0015000000000002789,,,0.018750000000000044,0.5,25,15,0,0,1.0,0.0,0.625,,0.7692307692307693,0.5,0.625,0.6416666666666666,25,15,0,0,1.0,0.0,0.625,,0.7692307692307693,0.5,0.625
laboratory_model,dummy,isotonic,2,0,40,26,0.5,0.65,0.22765624999999998,-0.0006868131868131844,,,0.012500000000000067,0.5,26,14,0,0,1.0,0.0,0.65,,0.787878787878788,0.5,0.65,0.6333333333333333,26,14,0,0,1.0,0.0,0.65,,0.787878787878788,0.5,0.65
laboratory_model,dummy,isotonic,2,1,40,26,0.5,0.65,0.22765624999999998,-0.0006868131868129623,,,0.012500000000000067,0.5,26,14,0,0,1.0,0.0,0.65,,0.787878787878788,0.5,0.65,0.6333333333333333,26,14,0,0,1.0,0.0,0.65,,0.787878787878788,0.5,0.65
laboratory_model,dummy,isotonic,2,2,40,26,0.5,0.65,0.22765624999999998,-0.0006868131868129623,,,0.012500000000000067,0.5,26,14,0,0,1.0,0.0,0.65,,0.787878787878788,0.5,0.65,0.6333333333333333,26,14,0,0,1.0,0.0,0.65,,0.787878787878788,0.5,0.65
laboratory_model,dummy,isotonic,2,3,40,25,0.5,0.625,0.23472656250000004,-0.0015000000000002789,,,0.018750000000000044,0.5,25,15,0,0,1.0,0.0,0.625,,0.7692307692307693,0.5,0.625,0.6416666666666666,25,15,0,0,1.0,0.0,0.625,,0.7692307692307693,0.5,0.625
laboratory_model,dummy,isotonic,2,4,40,25,0.5,0.625,0.23472656250000004,-0.0015000000000002789,,,0.018750000000000044,0.5,25,15,0,0,1.0,0.0,0.625,,0.7692307692307693,0.5,0.625,0.6416666666666666,25,15,0,0,1.0,0.0,0.625,,0.7692307692307693,0.5,0.625
laboratory_model,dummy,isotonic,3,0,40,26,0.5,0.65,0.22765624999999998,-0.0006868131868129623,,,0.012500000000000067,0.5,26,14,0,0,1.0,0.0,0.65,,0.787878787878788,0.5,0.65,0.6333333333333333,26,14,0,0,1.0,0.0,0.65,,0.787878787878788,0.5,0.65
laboratory_model,dummy,isotonic,3,1,40,26,0.5,0.65,0.22765624999999998,-0.0006868131868129623,,,0.012500000000000067,0.5,26,14,0,0,1.0,0.0,0.65,,0.787878787878788,0.5,0.65,0.6333333333333333,26,14,0,0,1.0,0.0,0.65,,0.787878787878788,0.5,0.65
laboratory_model,dummy,isotonic,3,2,40,26,0.5,0.65,0.22765624999999998,-0.0006868131868131844,,,0.012500000000000067,0.5,26,14,0,0,1.0,0.0,0.65,,0.787878787878788,0.5,0.65,0.6333333333333333,26,14,0,0,1.0,0.0,0.65,,0.787878787878788,0.5,0.65
laboratory_model,dummy,isotonic,3,3,40,25,0.5,0.625,0.23472656250000004,-0.0015000000000002789,,,0.018750000000000044,0.5,25,15,0,0,1.0,0.0,0.625,,0.7692307692307693,0.5,0.625,0.6416666666666666,25,15,0,0,1.0,0.0,0.625,,0.7692307692307693,0.5,0.625
laboratory_model,dummy,isotonic,3,4,40,25,0.5,0.625,0.23472656250000004,-0.0015000000000002789,,,0.018750000000000044,0.5,25,15,0,0,1.0,0.0,0.625,,0.7692307692307693,0.5,0.625,0.6416666666666666,25,15,0,0,1.0,0.0,0.625,,0.7692307692307693,0.5,0.625
laboratory_model,dummy,isotonic,4,0,40,26,0.5,0.65,0.22765624999999998,-0.0006868131868131844,,,0.012500000000000067,0.5,26,14,0,0,1.0,0.0,0.65,,0.787878787878788,0.5,0.65,0.6333333333333333,26,14,0,0,1.0,0.0,0.65,,0.787878787878788,0.5,0.65
laboratory_model,dummy,isotonic,4,1,40,26,0.5,0.65,0.22765624999999998,-0.0006868131868131844,,,0.012500000000000067,0.5,26,14,0,0,1.0,0.0,0.65,,0.787878787878788,0.5,0.65,0.6333333333333333,26,14,0,0,1.0,0.0,0.65,,0.787878787878788,0.5,0.65
laboratory_model,dummy,isotonic,4,2,40,26,0.5,0.65,0.22765624999999998,-0.0006868131868131844,,,0.012500000000000067,0.5,26,14,0,0,1.0,0.0,0.65,,0.787878787878788,0.5,0.65,0.6333333333333333,26,14,0,0,1.0,0.0,0.65,,0.787878787878788,0.5,0.65
laboratory_model,dummy,isotonic,4,3,40,25,0.5,0.625,0.23472656250000004,-0.0015000000000002789,,,0.018750000000000044,0.5,25,15,0,0,1.0,0.0,0.625,,0.7692307692307693,0.5,0.625,0.6416666666666666,25,15,0,0,1.0,0.0,0.625,,0.7692307692307693,0.5,0.625
laboratory_model,dummy,isotonic,4,4,40,25,0.5,0.625,0.23472656250000004,-0.0015000000000002789,,,0.018750000000000044,0.5,25,15,0,0,1.0,0.0,0.625,,0.7692307692307693,0.5,0.625,0.6416666666666666,25,15,0,0,1.0,0.0,0.625,,0.7692307692307693,0.5,0.625
laboratory_model,dummy,none,0,0,40,26,0.5,0.65,0.22765624999999998,-0.0006868131868129623,,,0.012500000000000067,0.5,26,14,0,0,1.0,0.0,0.65,,0.787878787878788,0.5,0.65,0.6333333333333333,26,14,0,0,1.0,0.0,0.65,,0.787878787878788,0.5,0.65
laboratory_model,dummy,none,0,1,40,26,0.5,0.65,0.22765624999999998,-0.0006868131868131844,,,0.012500000000000067,0.5,26,14,0,0,1.0,0.0,0.65,,0.787878787878788,0.5,0.65,0.6333333333333333,26,14,0,0,1.0,0.0,0.65,,0.787878787878788,0.5,0.65
laboratory_model,dummy,none,0,2,40,26,0.5,0.65,0.22765624999999998,-0.0006868131868129623,,,0.012500000000000067,0.5,26,14,0,0,1.0,0.0,0.65,,0.787878787878788,0.5,0.65,0.6333333333333333,26,14,0,0,1.0,0.0,0.65,,0.787878787878788,0.5,0.65
laboratory_model,dummy,none,0,3,40,25,0.5,0.625,0.23472656250000004,-0.0015000000000002789,,,0.018750000000000044,0.5,25,15,0,0,1.0,0.0,0.625,,0.7692307692307693,0.5,0.625,0.6416666666666667,25,15,0,0,1.0,0.0,0.625,,0.7692307692307693,0.5,0.625
laboratory_model,dummy,none,0,4,40,25,0.5,0.625,0.23472656250000004,-0.0015000000000002789,,,0.018750000000000044,0.5,25,15,0,0,1.0,0.0,0.625,,0.7692307692307693,0.5,0.625,0.6416666666666667,25,15,0,0,1.0,0.0,0.625,,0.7692307692307693,0.5,0.625
laboratory_model,dummy,none,1,0,40,26,0.5,0.65,0.22765624999999998,-0.0006868131868129623,,,0.012500000000000067,0.5,26,14,0,0,1.0,0.0,0.65,,0.787878787878788,0.5,0.65,0.6333333333333333,26,14,0,0,1.0,0.0,0.65,,0.787878787878788,0.5,0.65
laboratory_model,dummy,none,1,1,40,26,0.5,0.65,0.22765624999999998,-0.0006868131868131844,,,0.012500000000000067,0.5,26,14,0,0,1.0,0.0,0.65,,0.787878787878788,0.5,0.65,0.6333333333333333,26,14,0,0,1.0,0.0,0.65,,0.787878787878788,0.5,0.65
laboratory_model,dummy,none,1,2,40,26,0.5,0.65,0.22765624999999998,-0.0006868131868129623,,,0.012500000000000067,0.5,26,14,0,0,1.0,0.0,0.65,,0.787878787878788,0.5,0.65,0.6333333333333333,26,14,0,0,1.0,0.0,0.65,,0.787878787878788,0.5,0.65
laboratory_model,dummy,none,1,3,40,25,0.5,0.625,0.23472656250000004,-0.0015000000000002789,,,0.018750000000000044,0.5,25,15,0,0,1.0,0.0,0.625,,0.7692307692307693,0.5,0.625,0.6416666666666667,25,15,0,0,1.0,0.0,0.625,,0.7692307692307693,0.5,0.625
laboratory_model,dummy,none,1,4,40,25,0.5,0.625,0.23472656250000004,-0.0015000000000002789,,,0.018750000000000044,0.5,25,15,0,0,1.0,0.0,0.625,,0.7692307692307693,0.5,0.625,0.6416666666666667,25,15,0,0,1.0,0.0,0.625,,0.7692307692307693,0.5,0.625
laboratory_model,dummy,none,2,0,40,26,0.5,0.65,0.22765624999999998,-0.0006868131868131844,,,0.012500000000000067,0.5,26,14,0,0,1.0,0.0,0.65,,0.787878787878788,0.5,0.65,0.6333333333333333,26,14,0,0,1.0,0.0,0.65,,0.787878787878788,0.5,0.65
laboratory_model,dummy,none,2,1,40,26,0.5,0.65,0.22765624999999998,-0.0006868131868129623,,,0.012500000000000067,0.5,26,14,0,0,1.0,0.0,0.65,,0.787878787878788,0.5,0.65,0.6333333333333333,26,14,0,0,1.0,0.0,0.65,,0.787878787878788,0.5,0.65
laboratory_model,dummy,none,2,2,40,26,0.5,0.65,0.22765624999999998,-0.0006868131868129623,,,0.012500000000000067,0.5,26,14,0,0,1.0,0.0,0.65,,0.787878787878788,0.5,0.65,0.6333333333333333,26,14,0,0,1.0,0.0,0.65,,0.787878787878788,0.5,0.65
laboratory_model,dummy,none,2,3,40,25,0.5,0.625,0.23472656250000004,-0.0015000000000002789,,,0.018750000000000044,0.5,25,15,0,0,1.0,0.0,0.625,,0.7692307692307693,0.5,0.625,0.6416666666666667,25,15,0,0,1.0,0.0,0.625,,0.7692307692307693,0.5,0.625
laboratory_model,dummy,none,2,4,40,25,0.5,0.625,0.23472656250000004,-0.0015000000000002789,,,0.018750000000000044,0.5,25,15,0,0,1.0,0.0,0.625,,0.7692307692307693,0.5,0.625,0.6416666666666667,25,15,0,0,1.0,0.0,0.625,,0.7692307692307693,0.5,0.625
laboratory_model,dummy,none,3,0,40,26,0.5,0.65,0.22765624999999998,-0.0006868131868129623,,,0.012500000000000067,0.5,26,14,0,0,1.0,0.0,0.65,,0.787878787878788,0.5,0.65,0.6333333333333333,26,14,0,0,1.0,0.0,0.65,,0.787878787878788,0.5,0.65
laboratory_model,dummy,none,3,1,40,26,0.5,0.65,0.22765624999999998,-0.0006868131868129623,,,0.012500000000000067,0.5,26,14,0,0,1.0,0.0,0.65,,0.787878787878788,0.5,0.65,0.6333333333333333,26,14,0,0,1.0,0.0,0.65,,0.787878787878788,0.5,0.65
laboratory_model,dummy,none,3,2,40,26,0.5,0.65,0.22765624999999998,-0.0006868131868131844,,,0.012500000000000067,0.5,26,14,0,0,1.0,0.0,0.65,,0.787878787878788,0.5,0.65,0.6333333333333333,26,14,0,0,1.0,0.0,0.65,,0.787878787878788,0.5,0.65
laboratory_model,dummy,none,3,3,40,25,0.5,0.625,0.23472656250000004,-0.0015000000000002789,,,0.018750000000000044,0.5,25,15,0,0,1.0,0.0,0.625,,0.7692307692307693,0.5,0.625,0.6416666666666667,25,15,0,0,1.0,0.0,0.625,,0.7692307692307693,0.5,0.625
laboratory_model,dummy,none,3,4,40,25,0.5,0.625,0.23472656250000004,-0.0015000000000002789,,,0.018750000000000044,0.5,25,15,0,0,1.0,0.0,0.625,,0.7692307692307693,0.5,0.625,0.6416666666666667,25,15,0,0,1.0,0.0,0.625,,0.7692307692307693,0.5,0.625
laboratory_model,dummy,none,4,0,40,26,0.5,0.65,0.22765624999999998,-0.0006868131868131844,,,0.012500000000000067,0.5,26,14,0,0,1.0,0.0,0.65,,0.787878787878788,0.5,0.65,0.6333333333333333,26,14,0,0,1.0,0.0,0.65,,0.787878787878788,0.5,0.65
laboratory_model,dummy,none,4,1,40,26,0.5,0.65,0.22765624999999998,-0.0006868131868131844,,,0.012500000000000067,0.5,26,14,0,0,1.0,0.0,0.65,,0.787878787878788,0.5,0.65,0.6333333333333333,26,14,0,0,1.0,0.0,0.65,,0.787878787878788,0.5,0.65
laboratory_model,dummy,none,4,2,40,26,0.5,0.65,0.22765624999999998,-0.0006868131868131844,,,0.012500000000000067,0.5,26,14,0,0,1.0,0.0,0.65,,0.787878787878788,0.5,0.65,0.6333333333333333,26,14,0,0,1.0,0.0,0.65,,0.787878787878788,0.5,0.65
laboratory_model,dummy,none,4,3,40,25,0.5,0.625,0.23472656250000004,-0.0015000000000002789,,,0.018750000000000044,0.5,25,15,0,0,1.0,0.0,0.625,,0.7692307692307693,0.5,0.625,0.6416666666666667,25,15,0,0,1.0,0.0,0.625,,0.7692307692307693,0.5,0.625
laboratory_model,dummy,none,4,4,40,25,0.5,0.625,0.23472656250000004,-0.0015000000000002789,,,0.018750000000000044,0.5,25,15,0,0,1.0,0.0,0.625,,0.7692307692307693,0.5,0.625,0.6416666666666667,25,15,0,0,1.0,0.0,0.625,,0.7692307692307693,0.5,0.625
laboratory_model,dummy,sigmoid,0,0,40,26,0.5,0.65,0.22768808216656228,-0.0008267347980757123,,,0.013714305179713393,0.5,26,14,0,0,1.0,0.0,0.65,,0.787878787878788,0.5,0.65,0.6313797313556672,26,14,0,0,1.0,0.0,0.65,,0.787878787878788,0.5,0.65
laboratory_model,dummy,sigmoid,0,1,40,26,0.5,0.65,0.22768808216656228,-0.0008267347980759343,,,0.013714305179713393,0.5,26,14,0,0,1.0,0.0,0.65,,0.787878787878788,0.5,0.65,0.6313797313556672,26,14,0,0,1.0,0.0,0.65,,0.787878787878788,0.5,0.65
laboratory_model,dummy,sigmoid,0,2,40,26,0.5,0.65,0.22768808216656228,-0.0008267347980757123,,,0.013714305179713393,0.5,26,14,0,0,1.0,0.0,0.65,,0.787878787878788,0.5,0.65,0.6313797313556673,26,14,0,0,1.0,0.0,0.65,,0.787878787878788,0.5,0.65
laboratory_model,dummy,sigmoid,0,3,40,25,0.5,0.625,0.23468031287708527,-0.0013026682755639118,,,0.017473204545395915,0.5,25,15,0,0,1.0,0.0,0.625,,0.7692307692307693,0.5,0.625,0.6395701520450653,25,15,0,0,1.0,0.0,0.625,,0.7692307692307693,0.5,0.625
laboratory_model,dummy,sigmoid,0,4,40,25,0.5,0.625,0.23468031287708527,-0.0013026682755639118,,,0.017473204545395915,0.5,25,15,0,0,1.0,0.0,0.625,,0.7692307692307693,0.5,0.625,0.6395701520450653,25,15,0,0,1.0,0.0,0.625,,0.7692307692307693,0.5,0.625
laboratory_model,dummy,sigmoid,1,0,40,26,0.5,0.65,0.22768808216656228,-0.0008267347980757123,,,0.013714305179713393,0.5,26,14,0,0,1.0,0.0,0.65,,0.787878787878788,0.5,0.65,0.6313797313556672,26,14,0,0,1.0,0.0,0.65,,0.787878787878788,0.5,0.65
laboratory_model,dummy,sigmoid,1,1,40,26,0.5,0.65,0.22768808216656228,-0.0008267347980759343,,,0.013714305179713393,0.5,26,14,0,0,1.0,0.0,0.65,,0.787878787878788,0.5,0.65,0.6313797313556672,26,14,0,0,1.0,0.0,0.65,,0.787878787878788,0.5,0.65
laboratory_model,dummy,sigmoid,1,2,40,26,0.5,0.65,0.22768808216656228,-0.0008267347980757123,,,0.013714305179713393,0.5,26,14,0,0,1.0,0.0,0.65,,0.787878787878788,0.5,0.65,0.6313797313556672,26,14,0,0,1.0,0.0,0.65,,0.787878787878788,0.5,0.65
laboratory_model,dummy,sigmoid,1,3,40,25,0.5,0.625,0.2346803128770852,-0.0013026682755634678,,,0.017473204545395915,0.5,25,15,0,0,1.0,0.0,0.625,,0.7692307692307693,0.5,0.625,0.6395701520450654,25,15,0,0,1.0,0.0,0.625,,0.7692307692307693,0.5,0.625
laboratory_model,dummy,sigmoid,1,4,40,25,0.5,0.625,0.2346803128770852,-0.0013026682755634678,,,0.017473204545395915,0.5,25,15,0,0,1.0,0.0,0.625,,0.7692307692307693,0.5,0.625,0.6395701520450654,25,15,0,0,1.0,0.0,0.625,,0.7692307692307693,0.5,0.625
laboratory_model,dummy,sigmoid,2,0,40,26,0.5,0.65,0.22768808216656228,-0.0008267347980759343,,,0.013714305179713393,0.5,26,14,0,0,1.0,0.0,0.65,,0.787878787878788,0.5,0.65,0.6313797313556672,26,14,0,0,1.0,0.0,0.65,,0.787878787878788,0.5,0.65
laboratory_model,dummy,sigmoid,2,1,40,26,0.5,0.65,0.22768808216656228,-0.0008267347980757123,,,0.013714305179713393,0.5,26,14,0,0,1.0,0.0,0.65,,0.787878787878788,0.5,0.65,0.6313797313556672,26,14,0,0,1.0,0.0,0.65,,0.787878787878788,0.5,0.65
laboratory_model,dummy,sigmoid,2,2,40,26,0.5,0.65,0.22768808216656228,-0.0008267347980757123,,,0.013714305179713393,0.5,26,14,0,0,1.0,0.0,0.65,,0.787878787878788,0.5,0.65,0.6313797313556672,26,14,0,0,1.0,0.0,0.65,,0.787878787878788,0.5,0.65
laboratory_model,dummy,sigmoid,2,3,40,25,0.5,0.625,0.23468031287708527,-0.0013026682755639118,,,0.017473204545395915,0.5,25,15,0,0,1.0,0.0,0.625,,0.7692307692307693,0.5,0.625,0.6395701520450654,25,15,0,0,1.0,0.0,0.625,,0.7692307692307693,0.5,0.625
laboratory_model,dummy,sigmoid,2,4,40,25,0.5,0.625,0.23468031287708527,-0.0013026682755639118,,,0.017473204545395915,0.5,25,15,0,0,1.0,0.0,0.625,,0.7692307692307693,0.5,0.625,0.6395701520450654,25,15,0,0,1.0,0.0,0.625,,0.7692307692307693,0.5,0.625
laboratory_model,dummy,sigmoid,3,0,40,26,0.5,0.65,0.22768808216656228,-0.0008267347980757123,,,0.013714305179713393,0.5,26,14,0,0,1.0,0.0,0.65,,0.787878787878788,0.5,0.65,0.6313797313556672,26,14,0,0,1.0,0.0,0.65,,0.787878787878788,0.5,0.65
laboratory_model,dummy,sigmoid,3,1,40,26,0.5,0.65,0.22768808216656228,-0.0008267347980757123,,,0.013714305179713393,0.5,26,14,0,0,1.0,0.0,0.65,,0.787878787878788,0.5,0.65,0.6313797313556673,26,14,0,0,1.0,0.0,0.65,,0.787878787878788,0.5,0.65
laboratory_model,dummy,sigmoid,3,2,40,26,0.5,0.65,0.22768808216656228,-0.0008267347980759343,,,0.013714305179713393,0.5,26,14,0,0,1.0,0.0,0.65,,0.787878787878788,0.5,0.65,0.6313797313556673,26,14,0,0,1.0,0.0,0.65,,0.787878787878788,0.5,0.65
laboratory_model,dummy,sigmoid,3,3,40,25,0.5,0.625,0.2346803128770852,-0.0013026682755634678,,,0.017473204545395915,0.5,25,15,0,0,1.0,0.0,0.625,,0.7692307692307693,0.5,0.625,0.6395701520450654,25,15,0,0,1.0,0.0,0.625,,0.7692307692307693,0.5,0.625
laboratory_model,dummy,sigmoid,3,4,40,25,0.5,0.625,0.23468031287708527,-0.0013026682755639118,,,0.017473204545395915,0.5,25,15,0,0,1.0,0.0,0.625,,0.7692307692307693,0.5,0.625,0.6395701520450653,25,15,0,0,1.0,0.0,0.625,,0.7692307692307693,0.5,0.625
laboratory_model,dummy,sigmoid,4,0,40,26,0.5,0.65,0.22768808216656228,-0.0008267347980759343,,,0.013714305179713393,0.5,26,14,0,0,1.0,0.0,0.65,,0.787878787878788,0.5,0.65,0.6313797313556672,26,14,0,0,1.0,0.0,0.65,,0.787878787878788,0.5,0.65
laboratory_model,dummy,sigmoid,4,1,40,26,0.5,0.65,0.22768808216656228,-0.0008267347980759343,,,0.013714305179713393,0.5,26,14,0,0,1.0,0.0,0.65,,0.787878787878788,0.5,0.65,0.6313797313556672,26,14,0,0,1.0,0.0,0.65,,0.787878787878788,0.5,0.65
laboratory_model,dummy,sigmoid,4,2,40,26,0.5,0.65,0.22768808216656228,-0.0008267347980759343,,,0.013714305179713393,0.5,26,14,0,0,1.0,0.0,0.65,,0.787878787878788,0.5,0.65,0.6313797313556672,26,14,0,0,1.0,0.0,0.65,,0.787878787878788,0.5,0.65
laboratory_model,dummy,sigmoid,4,3,40,25,0.5,0.625,0.23468031287708527,-0.0013026682755639118,,,0.017473204545395915,0.5,25,15,0,0,1.0,0.0,0.625,,0.7692307692307693,0.5,0.625,0.6395701520450654,25,15,0,0,1.0,0.0,0.625,,0.7692307692307693,0.5,0.625
laboratory_model,dummy,sigmoid,4,4,40,25,0.5,0.625,0.23468031287708527,-0.0013026682755639118,,,0.017473204545395915,0.5,25,15,0,0,1.0,0.0,0.625,,0.7692307692307693,0.5,0.625,0.6395701520450653,25,15,0,0,1.0,0.0,0.625,,0.7692307692307693,0.5,0.625
laboratory_model,ebm,isotonic,0,0,40,26,0.9917582417582418,0.9955577470962086,0.041188151895403056,0.8189531784817449,0.5559226600492729,0.4153499890436715,0.06344160983323327,0.5,25,1,13,1,0.9615384615384616,0.9285714285714286,0.9615384615384616,0.9285714285714286,0.9615384615384616,0.945054945054945,0.95,0.9342745979626776,23,0,14,3,0.8846153846153846,1.0,1.0,0.8235294117647058,0.9387755102040816,0.9423076923076923,0.925
laboratory_model,ebm,isotonic,0,1,40,26,0.9793956043956045,0.9865384615384616,0.03247643274907493,0.8572464494546157,0.53344480843092,6.557439821727013,0.04078348180701276,0.5,24,0,14,2,0.9230769230769231,1.0,1.0,0.875,0.9600000000000001,0.9615384615384616,0.95,0.7575312142286014,24,0,14,2,0.9230769230769231,1.0,1.0,0.875,0.9600000000000001,0.9615384615384616,0.95
laboratory_model,ebm,isotonic,0,2,40,26,0.9793956043956044,0.9879916463626871,0.05042060210145012,0.7783709797738456,0.9350045562736874,-0.5762266988973451,0.05285039217646392,0.5,25,1,13,1,0.9615384615384616,0.9285714285714286,0.9615384615384616,0.9285714285714286,0.9615384615384616,0.945054945054945,0.95,0.8928815005622351,23,0,14,3,0.8846153846153846,1.0,1.0,0.8235294117647058,0.9387755102040816,0.9423076923076923,0.925
laboratory_model,ebm,isotonic,0,3,40,25,0.992,0.9954370370370369,0.045903068795338606,0.804146906473222,2.627328234026402,-0.4314263366347785,0.0773269710951458,0.5,25,2,13,0,1.0,0.8666666666666667,0.9259259259259259,1.0,0.9615384615384615,0.9333333333333333,0.95,0.9375,16,0,15,9,0.64,1.0,1.0,0.625,0.7804878048780487,0.8200000000000001,0.775
laboratory_model,ebm,isotonic,0,4,40,25,1.0,1.0,0.033057118229036384,0.8589562955561114,,-0.27358772194689496,0.04011256100343182,0.5,25,1,14,0,1.0,0.9333333333333333,0.9615384615384616,1.0,0.9803921568627451,0.9666666666666667,0.975,0.8208418588263874,22,0,15,3,0.88,1.0,1.0,0.8333333333333334,0.9361702127659575,0.94,0.925
laboratory_model,ebm,isotonic,1,0,40,26,0.9917582417582418,0.9957734573119188,0.04126868280560815,0.8185991964588653,0.8525087592177318,1.383320326105925,0.037716828325738694,0.5,24,0,14,2,0.9230769230769231,1.0,1.0,0.875,0.9600000000000001,0.9615384615384616,0.95,0.8258848974885863,24,0,14,2,0.9230769230769231,1.0,1.0,0.875,0.9600000000000001,0.9615384615384616,0.95
laboratory_model,ebm,isotonic,1,1,40,26,0.989010989010989,0.9948717948717949,0.04052758930275906,0.8218567503175426,0.9772407661788954,-0.5096101871797354,0.06742974781140995,0.5,25,2,12,1,0.9615384615384616,0.8571428571428571,0.9259259259259259,0.9230769230769231,0.9433962264150944,0.9093406593406593,0.925,0.8108450372920425,25,0,14,1,0.9615384615384616,1.0,1.0,0.9333333333333333,0.9803921568627451,0.9807692307692308,0.975
laboratory_model,ebm,isotonic,1,2,40,26,0.989010989010989,0.9944037444037443,0.043493903215620584,0.8088180078434261,1.346200839080701,1.1048059693084706,0.050762395731384344,0.5,24,0,14,2,0.9230769230769231,1.0,1.0,0.875,0.9600000000000001,0.9615384615384616,0.95,0.875,23,0,14,3,0.8846153846153846,1.0,1.0,0.8235294117647058,0.9387755102040816,0.9423076923076923,0.925
laboratory_model,ebm,isotonic,1,3,40,25,0.992,0.9951948717948718,0.03148873119866916,0.8656480802190116,1.2629270509393649,0.19786081087081975,0.049041433655396836,0.5,24,1,14,1,0.96,0.9333333333333333,0.96,0.9333333333333333,0.96,0.9466666666666667,0.95,0.8208125176346056,22,0,15,3,0.88,1.0,1.0,0.8333333333333334,0.9361702127659575,0.94,0.925
laboratory_model,ebm,isotonic,1,4,40,25,0.9653333333333334,0.9600615384615385,0.02821776751322972,0.8796041919435532,0.36320660443706143,-6.963988342095521,0.03952064911781013,0.5,25,1,14,0,1.0,0.9333333333333333,0.9615384615384616,1.0,0.9803921568627451,0.9666666666666667,0.975,0.8284323837526771,25,1,14,0,1.0,0.9333333333333333,0.9615384615384616,1.0,0.9803921568627451,0.9666666666666667,0.975
laboratory_model,ebm,isotonic,2,0,40,26,1.0,1.0,0.020072068561043765,0.9117711272042033,,0.25400572821270245,0.06410778291798534,0.5,26,0,14,0,1.0,1.0,1.0,1.0,1.0,1.0,1.0,0.8354534310486141,22,0,14,4,0.8461538461538461,1.0,1.0,0.7777777777777778,0.9166666666666666,0.9230769230769231,0.9
laboratory_model,ebm,isotonic,2,1,40,26,0.9945054945054945,0.9972527472527473,0.03413447155828641,0.8499583667767631,1.9402054614656083,0.29327619118966863,0.0595519339303979,0.5,25,1,13,1,0.9615384615384616,0.9285714285714286,0.9615384615384616,0.9285714285714286,0.9615384615384616,0.945054945054945,0.95,0.8333333333333334,20,0,14,6,0.7692307692307693,1.0,1.0,0.7,0.8695652173913044,0.8846153846153846,0.85
laboratory_model,ebm,isotonic,2,2,40,26,0.9821428571428571,0.9907509157509158,0.07989335904623705,0.6488203997967603,2.768578073846479,-1.281993877062399,0.09450938996739279,0.5,24,3,11,2,0.9230769230769231,0.7857142857142857,0.8888888888888888,0.8461538461538461,0.9056603773584906,0.8543956043956045,0.875,0.9059272640848612,24,1,13,2,0.9230769230769231,0.9285714285714286,0.96,0.8666666666666667,0.9411764705882353,0.9258241758241759,0.925
laboratory_model,ebm,isotonic,2,3,40,25,0.9893333333333334,0.9935282051282052,0.037578843768699265,0.8396635999202164,1.1170461715934457,-0.01733408901073344,0.030663883441648897,0.5,24,1,14,1,0.96,0.9333333333333333,0.96,0.9333333333333333,0.96,0.9466666666666667,0.95,0.9166666666666666,21,0,15,4,0.84,1.0,1.0,0.7894736842105263,0.9130434782608696,0.9199999999999999,0.9
laboratory_model,ebm,isotonic,2,4,40,25,0.9946666666666667,0.9968615384615385,0.022189023185889528,0.9053268344068713,1.4593318836337907,-0.14945853930304717,0.03180713938495465,0.5,25,1,14,0,1.0,0.9333333333333333,0.9615384615384616,1.0,0.9803921568627451,0.9666666666666667,0.975,0.8318940578663462,23,0,15,2,0.92,1.0,1.0,0.8823529411764706,0.9583333333333334,0.96,0.95
laboratory_model,ebm,isotonic,3,0,40,26,0.9972527472527473,0.9985754985754985,0.02253717758965071,0.9009354831224144,1.8721688632241498,0.5414278095893111,0.034712519439411456,0.5,25,0,14,1,0.9615384615384616,1.0,1.0,0.9333333333333333,0.9803921568627451,0.9807692307692308,0.975,0.7916666666666667,25,0,14,1,0.9615384615384616,1.0,1.0,0.9333333333333333,0.9803921568627451,0.9807692307692308,0.975
laboratory_model,ebm,isotonic,3,1,40,26,0.9917582417582417,0.9957734573119188,0.046805881888302966,0.7942598598316354,0.8991320365102194,0.8092368991617807,0.05659310100203287,0.5,24,1,13,2,0.9230769230769231,0.9285714285714286,0.96,0.8666666666666667,0.9411764705882353,0.9258241758241759,0.925,0.95,22,0,14,4,0.8461538461538461,1.0,1.0,0.7777777777777778,0.9166666666666666,0.9230769230769231,0.9
laboratory_model,ebm,isotonic,3,2,40,26,1.0,1.0,0.019421653857115785,0.9146300929357548,,-1.1163382928300838,0.05718572324921536,0.5,26,0,14,0,1.0,1.0,1.0,1.0,1.0,1.0,1.0,0.7027145410908454,26,0,14,0,1.0,1.0,1.0,1.0,1.0,1.0,1.0
laboratory_model,ebm,isotonic,3,3,40,25,0.92,0.9130605510431596,0.07533908562130358,0.6785532346824381,0.489775386961693,-0.6944893407428384,0.07934547076683947,0.5,23,2,13,2,0.92,0.8666666666666667,0.92,0.8666666666666667,0.92,0.8933333333333333,0.9,0.9965160158143171,21,2,13,4,0.84,0.8666666666666667,0.9130434782608695,0.7647058823529411,0.8749999999999999,0.8533333333333333,0.85
laboratory_model,ebm,isotonic,3,4,40,25,1.0,1.0,0.0261949073393929,0.8882350620185903,,-0.5076119896171168,0.05092612000469338,0.5,25,2,13,0,1.0,0.8666666666666667,0.9259259259259259,1.0,0.9615384615384615,0.9333333333333333,0.95,0.7616219381659193,24,0,15,1,0.96,1.0,1.0,0.9375,0.9795918367346939,0.98,0.975
laboratory_model,ebm,isotonic,4,0,40,26,0.9931318681318682,0.9960212201591512,0.02495910455637494,0.8902896503016486,1.126310885034288,0.8744782031025236,0.03531391063710785,0.5,25,0,14,1,0.9615384615384616,1.0,1.0,0.9333333333333333,0.9803921568627451,0.9807692307692308,0.975,0.9614396696896708,21,0,14,5,0.8076923076923077,1.0,1.0,0.7368421052631579,0.8936170212765957,0.9038461538461539,0.875
laboratory_model,ebm,isotonic,4,1,40,26,0.9917582417582418,0.9960212201591512,0.03852130855946919,0.830675566771564,0.6949260175162265,-0.9332998218185085,0.04952790291718094,0.5,25,2,12,1,0.9615384615384616,0.8571428571428571,0.9259259259259259,0.9230769230769231,0.9433962264150944,0.9093406593406593,0.925,0.8994281592373043,25,0,14,1,0.9615384615384616,1.0,1.0,0.9333333333333333,0.9803921568627451,0.9807692307692308,0.975
laboratory_model,ebm,isotonic,4,2,40,26,0.9615384615384616,0.9601731317115932,0.02787521050430971,0.8774716021788584,0.3682045301156944,-2.8330331365842834,0.03809386142689475,0.5,26,1,13,0,1.0,0.9285714285714286,0.9629629629629629,1.0,0.9811320754716981,0.9642857142857143,0.975,0.821285265187221,26,1,13,0,1.0,0.9285714285714286,0.9629629629629629,1.0,0.9811320754716981,0.9642857142857143,0.975
laboratory_model,ebm,isotonic,4,3,40,25,0.984,0.992258064516129,0.029252463851183776,0.8751894875682825,0.7048476179139095,0.2597780710541055,0.02508375944638182,0.5,24,0,15,1,0.96,1.0,1.0,0.9375,0.9795918367346939,0.98,0.975,0.831532272114557,24,0,15,1,0.96,1.0,1.0,0.9375,0.9795918367346939,0.98,0.975
laboratory_model,ebm,isotonic,4,4,40,25,0.9946666666666667,0.997037037037037,0.03828868135200898,0.8366349595647616,1.4081933018846604,0.7515288095197127,0.0763121661866669,0.5,24,0,15,1,0.96,1.0,1.0,0.9375,0.9795918367346939,0.98,0.975,0.7916666666666667,19,0,15,6,0.76,1.0,1.0,0.7142857142857143,0.8636363636363636,0.88,0.85
laboratory_model,ebm,none,0,0,40,26,0.9917582417582418,0.9955577470962086,0.049617214023538914,0.7819023559404883,5.995110535351612,0.7141495123657852,0.056039730784395184,0.5,25,1,13,1,0.9615384615384616,0.9285714285714286,0.9615384615384616,0.9285714285714286,0.9615384615384616,0.945054945054945,0.95,0.997394862980956,23,0,14,3,0.8846153846153846,1.0,1.0,0.8235294117647058,0.9387755102040816,0.9423076923076923,0.925
laboratory_model,ebm,none,0,1,40,26,1.0,1.0,0.03466736850031627,0.8476159626359724,,3.2212868995242885,0.04067544721156361,0.5,24,0,14,2,0.9230769230769231,1.0,1.0,0.875,0.9600000000000001,0.9615384615384616,0.95,0.92656748632522,24,0,14,2,0.9230769230769231,1.0,1.0,0.875,0.9600000000000001,0.9615384615384616,0.95
laboratory_model,ebm,none,0,2,40,26,0.9917582417582418,0.9960212201591511,0.04362210693361956,0.8082544750170569,0.6935498734160155,-0.5055670292093802,0.04296749511414188,0.5,25,1,13,1,0.9615384615384616,0.9285714285714286,0.9615384615384616,0.9285714285714286,0.9615384615384616,0.945054945054945,0.95,0.9480398013759688,23,0,14,3,0.8846153846153846,1.0,1.0,0.8235294117647058,0.9387755102040816,0.9423076923076923,0.925
laboratory_model,ebm,none,0,3,40,25,0.992,0.9957142857142858,0.05994001036996397,0.7442559557548204,1.2885110305421086,-1.8575824456755667,0.07266902197447132,0.5,24,2,13,1,0.96,0.8666666666666667,0.9230769230769231,0.9285714285714286,0.9411764705882353,0.9133333333333333,0.925,0.978690074407982,24,0,15,1,0.96,1.0,1.0,0.9375,0.9795918367346939,0.98,0.975
laboratory_model,ebm,none,0,4,40,25,1.0,1.0000000000000002,0.010407827292490424,0.9555932702187075,,-0.29025101170145773,0.053999205656854045,0.5,25,0,15,0,1.0,1.0,1.0,1.0,1.0,1.0,1.0,0.9997078307212688,14,0,15,11,0.56,1.0,1.0,0.5769230769230769,0.717948717948718,0.78,0.725
laboratory_model,ebm,none,1,0,40,26,0.9945054945054945,0.9972527472527473,0.033944315081552594,0.8507942194217468,1.2464093814476707,1.018576438581353,0.029830922959271894,0.5,24,0,14,2,0.9230769230769231,1.0,1.0,0.875,0.9600000000000001,0.9615384615384616,0.95,0.9672437350474352,22,0,14,4,0.8461538461538461,1.0,1.0,0.7777777777777778,0.9166666666666666,0.9230769230769231,0.9
laboratory_model,ebm,none,1,1,40,26,0.9835164835164835,0.9927884615384615,0.0628666306566101,0.7236631619489665,-0.2341393267404357,-2.0832414444648455,0.06430240778749609,0.5,25,2,12,1,0.9615384615384616,0.8571428571428571,0.9259259259259259,0.9230769230769231,0.9433962264150944,0.9093406593406593,0.925,0.9375943134744336,25,1,13,1,0.9615384615384616,0.9285714285714286,0.9615384615384616,0.9285714285714286,0.9615384615384616,0.945054945054945,0.95
laboratory_model,ebm,none,1,2,40,26,0.9972527472527473,0.9985754985754985,0.04714288905076722,0.7927785096669573,0.3982172848004706,2.4185041430101624,0.055768111684658256,0.5,24,0,14,2,0.9230769230769231,1.0,1.0,0.875,0.9600000000000001,0.9615384615384616,0.95,0.9959832458515706,15,0,14,11,0.5769230769230769,1.0,1.0,0.56,0.7317073170731707,0.7884615384615384,0.725
laboratory_model,ebm,none,1,3,40,25,0.9893333333333334,0.9934557413600891,0.043603134910992124,0.8139599577131003,-0.2001316195642221,-0.5456364674142123,0.045109904460395624,0.5,24,1,14,1,0.96,0.9333333333333333,0.96,0.9333333333333333,0.96,0.9466666666666667,0.95,0.9593335270539944,23,1,14,2,0.92,0.9333333333333333,0.9583333333333334,0.875,0.9387755102040817,0.9266666666666667,0.925
laboratory_model,ebm,none,1,4,40,25,1.0,1.0,0.028212116024749406,0.8796283049610691,,-1.299986286571954,0.0435461975099512,0.5,25,1,14,0,1.0,0.9333333333333333,0.9615384615384616,1.0,0.9803921568627451,0.9666666666666667,0.975,0.9879748527149496,18,0,15,7,0.72,1.0,1.0,0.6818181818181818,0.8372093023255813,0.86,0.825
laboratory_model,ebm,none,2,0,40,26,1.0,0.9999999999999999,0.013863511740029288,0.9390614868570141,,0.13970965621925197,0.054407625240699226,0.5,26,0,14,0,1.0,1.0,1.0,1.0,1.0,1.0,1.0,0.9153617151142168,23,0,14,3,0.8846153846153846,1.0,1.0,0.8235294117647058,0.9387755102040816,0.9423076923076923,0.925
laboratory_model,ebm,none,2,1,40,26,1.0,1.0,0.021240141716895995,0.9066367397059517,,2.594441902897294,0.02848963547292922,0.5,25,0,14,1,0.9615384615384616,1.0,1.0,0.9333333333333333,0.9803921568627451,0.9807692307692308,0.975,0.9909615645434322,18,0,14,8,0.6923076923076923,1.0,1.0,0.6363636363636364,0.8181818181818181,0.8461538461538461,0.8
laboratory_model,ebm,none,2,2,40,26,0.9697802197802198,0.9841925972770165,0.09967922497006368,0.5618495605711487,0.19929105133627756,-6.3683840089009385,0.09830448664327249,0.5,25,3,11,1,0.9615384615384616,0.7857142857142857,0.8928571428571429,0.9166666666666666,0.9259259259259259,0.8736263736263736,0.9,0.9945725240824904,24,2,12,2,0.9230769230769231,0.8571428571428571,0.9230769230769231,0.8571428571428571,0.9230769230769231,0.8901098901098901,0.9
laboratory_model,ebm,none,2,3,40,25,0.9840000000000001,0.9907084886128366,0.06258606373283472,0.7329661280732385,3.0089109717111846,-3.1226343981648035,0.07265955538609045,0.5,24,2,13,1,0.96,0.8666666666666667,0.9230769230769231,0.9285714285714286,0.9411764705882353,0.9133333333333333,0.925,0.9926704432555667,23,1,14,2,0.92,0.9333333333333333,0.9583333333333334,0.875,0.9387755102040817,0.9266666666666667,0.925
laboratory_model,ebm,none,2,4,40,25,0.9973333333333334,0.9984615384615385,0.02147824304826585,0.9083594963273991,0.9717025753482521,-0.4811607644580749,0.029454966676594564,0.5,25,1,14,0,1.0,0.9333333333333333,0.9615384615384616,1.0,0.9803921568627451,0.9666666666666667,0.975,0.8995404803946647,23,0,15,2,0.92,1.0,1.0,0.8823529411764706,0.9583333333333334,0.96,0.95
laboratory_model,ebm,none,3,0,40,26,0.9972527472527473,0.9985754985754985,0.021210397047752738,0.9067674855043836,1.3942222301691396,0.9864619393454882,0.01892700103562019,0.5,25,0,14,1,0.9615384615384616,1.0,1.0,0.9333333333333333,0.9803921568627451,0.9807692307692308,0.975,0.9057874211290384,24,0,14,2,0.9230769230769231,1.0,1.0,0.875,0.9600000000000001,0.9615384615384616,0.95
laboratory_model,ebm,none,3,1,40,26,0.9725274725274725,0.9861342567618865,0.0949366412564739,0.5826960823891258,0.22753884555810594,1.4288042568599288,0.09712202438480422,0.5,24,2,12,2,0.9230769230769231,0.8571428571428571,0.9230769230769231,0.8571428571428571,0.9230769230769231,0.8901098901098901,0.9,0.9944500568244264,23,1,13,3,0.8846153846153846,0.9285714285714286,0.9583333333333334,0.8125,0.9199999999999999,0.9065934065934066,0.9
laboratory_model,ebm,none,3,2,40,26,1.0,0.9999999999999999,0.005207014355556354,0.9771120248107413,,-0.4792559588705269,0.034944908416809646,0.5,26,0,14,0,1.0,1.0,1.0,1.0,1.0,1.0,1.0,0.7702160990809649,26,0,14,0,1.0,1.0,1.0,1.0,1.0,1.0,1.0
laboratory_model,ebm,none,3,3,40,25,0.9706666666666668,0.9819752884796363,0.07424051003954811,0.6832404904979281,0.6499891345690114,-1.9449357000145486,0.06580188006501553,0.5,24,2,13,1,0.96,0.8666666666666667,0.9230769230769231,0.9285714285714286,0.9411764705882353,0.9133333333333333,0.925,0.9986677698450408,19,1,14,6,0.76,0.9333333333333333,0.95,0.7,0.8444444444444444,0.8466666666666667,0.825
laboratory_model,ebm,none,3,4,40,25,0.984,0.990213058117406,0.050629435970746914,0.7839810731914798,3.6262886327197545,-3.355991632350013,0.061007232780076706,0.5,24,2,13,1,0.96,0.8666666666666667,0.9230769230769231,0.9285714285714286,0.9411764705882353,0.9133333333333333,0.925,0.9190989286668084,24,1,14,1,0.96,0.9333333333333333,0.96,0.9333333333333333,0.96,0.9466666666666667,0.95
laboratory_model,ebm,none,4,0,40,26,0.9945054945054945,0.9972527472527473,0.024579856057729613,0.8919566766693203,1.1490472200241664,1.1995343906424933,0.041180770805378894,0.5,25,0,14,1,0.9615384615384616,1.0,1.0,0.9333333333333333,0.9803921568627451,0.9807692307692308,0.975,0.9802239045685028,20,0,14,6,0.7692307692307693,1.0,1.0,0.7,0.8695652173913044,0.8846153846153846,0.85
laboratory_model,ebm,none,4,1,40,26,0.9917582417582418,0.9960212201591512,0.030554695347753468,0.8656936468230616,1.2740557633883904,-0.09844379408906634,0.04366263262308076,0.5,25,1,13,1,0.9615384615384616,0.9285714285714286,0.9615384615384616,0.9285714285714286,0.9615384615384616,0.945054945054945,0.95,0.92676836891222,23,0,14,3,0.8846153846153846,1.0,1.0,0.8235294117647058,0.9387755102040816,0.9423076923076923,0.925
laboratory_model,ebm,none,4,2,40,26,0.9972527472527473,0.9985754985754987,0.05011229065987218,0.7797261949016607,1.4527690191220506,-8.346063941883461,0.052796408942135796,0.5,26,2,12,0,1.0,0.8571428571428571,0.9285714285714286,1.0,0.962962962962963,0.9285714285714286,0.95,0.9294854526337136,26,2,12,0,1.0,0.8571428571428571,0.9285714285714286,1.0,0.962962962962963,0.9285714285714286,0.95
laboratory_model,ebm,none,4,3,40,25,0.9786666666666668,0.988327536231884,0.0741349187720112,0.6836910132394189,,6.91883478538886,0.07433279278766054,0.5,23,1,14,2,0.92,0.9333333333333333,0.9583333333333334,0.875,0.9387755102040817,0.9266666666666667,0.925,0.8329053785555266,23,1,14,2,0.92,0.9333333333333333,0.9583333333333334,0.875,0.9387755102040817,0.9266666666666667,0.925
laboratory_model,ebm,none,4,4,40,25,0.9893333333333334,0.9941142857142858,0.05193848312497986,0.7783958053334192,0.642704367159135,2.2443605414258725,0.05663322907894659,0.5,23,0,15,2,0.92,1.0,1.0,0.8823529411764706,0.9583333333333334,0.96,0.95,0.9551718394016322,20,0,15,5,0.8,1.0,1.0,0.75,0.888888888888889,0.9,0.875
laboratory_model,ebm,sigmoid,0,0,40,26,0.9945054945054945,0.9970962086346701,0.040704617857945095,0.8210786028222194,2.109340813002791,0.18867444279465406,0.08939174433224142,0.5,24,1,13,2,0.9230769230769231,0.9285714285714286,0.96,0.8666666666666667,0.9411764705882353,0.9258241758241759,0.925,0.7119539046072624,23,0,14,3,0.8846153846153846,1.0,1.0,0.8235294117647058,0.9387755102040816,0.9423076923076923,0.925
laboratory_model,ebm,sigmoid,0,1,40,26,0.9945054945054945,0.9972527472527473,0.032269042945764485,0.8581580529856506,3.217033123696901,0.34822457379130894,0.06376565105010276,0.5,24,0,14,2,0.9230769230769231,1.0,1.0,0.875,0.9600000000000001,0.9615384615384616,0.95,0.7003489132210045,24,0,14,2,0.9230769230769231,1.0,1.0,0.875,0.9600000000000001,0.9615384615384616,0.95
laboratory_model,ebm,sigmoid,0,2,40,26,0.9917582417582418,0.9960212201591511,0.05258687759213469,0.7688488897049025,1.9669916482487189,-0.24702863983886783,0.09471515109275051,0.5,25,2,12,1,0.9615384615384616,0.8571428571428571,0.9259259259259259,0.9230769230769231,0.9433962264150944,0.9093406593406593,0.925,0.7676719426930858,25,0,14,1,0.9615384615384616,1.0,1.0,0.9333333333333333,0.9803921568627451,0.9807692307692308,0.975
laboratory_model,ebm,sigmoid,0,3,40,25,0.9946666666666667,0.997037037037037,0.059753189831456034,0.7450530567191209,4.144248941054751,-0.16414359984589783,0.09305592504697618,0.5,25,2,13,0,1.0,0.8666666666666667,0.9259259259259259,1.0,0.9615384615384615,0.9333333333333333,0.95,0.700524535750396,24,0,15,1,0.96,1.0,1.0,0.9375,0.9795918367346939,0.98,0.975
laboratory_model,ebm,sigmoid,0,4,40,25,1.0,1.0000000000000002,0.03990111571518255,0.8297552396152211,,-0.1340502429410804,0.1233255334070247,0.5,25,0,15,0,1.0,1.0,1.0,1.0,1.0,1.0,1.0,0.7335399249219301,21,0,15,4,0.84,1.0,1.0,0.7894736842105263,0.9130434782608696,0.9199999999999999,0.9
laboratory_model,ebm,sigmoid,1,0,40,26,0.9945054945054945,0.9972527472527473,0.038384369678813916,0.8312774959173015,2.3215710860325296,0.252921326219902,0.07470573221739274,0.5,24,0,14,2,0.9230769230769231,1.0,1.0,0.875,0.9600000000000001,0.9615384615384616,0.95,0.7617305464110287,23,0,14,3,0.8846153846153846,1.0,1.0,0.8235294117647058,0.9387755102040816,0.9423076923076923,0.925
laboratory_model,ebm,sigmoid,1,1,40,26,0.989010989010989,0.9948717948717948,0.05085637377913789,0.7764554998719213,2.0223657247860896,-0.12532883740315032,0.07589947009989306,0.5,25,2,12,1,0.9615384615384616,0.8571428571428571,0.9259259259259259,0.9230769230769231,0.9433962264150944,0.9093406593406593,0.925,0.7179317876766951,24,0,14,2,0.9230769230769231,1.0,1.0,0.875,0.9600000000000001,0.9615384615384616,0.95
laboratory_model,ebm,sigmoid,1,2,40,26,0.9917582417582418,0.9960212201591512,0.04685497208675756,0.7940440787395272,4.166779521502337,0.3939925488878736,0.10827435403055809,0.5,24,0,14,2,0.9230769230769231,1.0,1.0,0.875,0.9600000000000001,0.9615384615384616,0.95,0.7097273882996387,23,0,14,3,0.8846153846153846,1.0,1.0,0.8235294117647058,0.9387755102040816,0.9423076923076923,0.925
laboratory_model,ebm,sigmoid,1,3,40,25,0.9946666666666667,0.9968615384615386,0.03228633840664119,0.8622449561316643,8.347306831620768,-0.03853242516789848,0.09092887878483602,0.5,25,1,14,0,1.0,0.9333333333333333,0.9615384615384616,1.0,0.9803921568627451,0.9666666666666667,0.975,0.6976303245087843,22,0,15,3,0.88,1.0,1.0,0.8333333333333334,0.9361702127659575,0.94,0.925
laboratory_model,ebm,sigmoid,1,4,40,25,0.9973333333333334,0.9984615384615385,0.03994413230160836,0.8295717021798044,8.237218487359174,-0.34189448920800697,0.08728701457459948,0.5,25,1,14,0,1.0,0.9333333333333333,0.9615384615384616,1.0,0.9803921568627451,0.9666666666666667,0.975,0.6907229360436327,25,1,14,0,1.0,0.9333333333333333,0.9615384615384616,1.0,0.9803921568627451,0.9666666666666667,0.975
laboratory_model,ebm,sigmoid,2,0,40,26,1.0,0.9999999999999999,0.031708587422717524,0.8606215937462967,,-0.0029769604757934644,0.1295302168792128,0.5,26,0,14,0,1.0,1.0,1.0,1.0,1.0,1.0,1.0,0.7338450449746239,22,0,14,4,0.8461538461538461,1.0,1.0,0.7777777777777778,0.9166666666666666,0.9230769230769231,0.9
laboratory_model,ebm,sigmoid,2,1,40,26,0.9972527472527473,0.9985754985754983,0.04727218937752369,0.7922101565823134,4.29283035251839,0.3853281885439931,0.09995819602236256,0.5,25,0,14,1,0.9615384615384616,1.0,1.0,0.9333333333333333,0.9803921568627451,0.9807692307692308,0.975,0.6862899566385812,21,0,14,5,0.8076923076923077,1.0,1.0,0.7368421052631579,0.8936170212765957,0.9038461538461539,0.875
laboratory_model,ebm,sigmoid,2,2,40,26,0.9807692307692308,0.9907509157509158,0.06859344566879762,0.698490348708582,1.4446686590003253,0.0492831037133806,0.12796048152521516,0.5,24,3,11,2,0.9230769230769231,0.7857142857142857,0.8888888888888888,0.8461538461538461,0.9056603773584906,0.8543956043956045,0.875,0.7419387412459391,24,1,13,2,0.9230769230769231,0.9285714285714286,0.96,0.8666666666666667,0.9411764705882353,0.9258241758241759,0.925
laboratory_model,ebm,sigmoid,2,3,40,25,0.9893333333333334,0.9937703703703703,0.045725316820838816,0.8049053148977544,1.911847611315693,-0.24546561874220474,0.08570141086387678,0.5,24,2,13,1,0.96,0.8666666666666667,0.9230769230769231,0.9285714285714286,0.9411764705882353,0.9133333333333333,0.925,0.722567450366861,23,1,14,2,0.92,0.9333333333333333,0.9583333333333334,0.875,0.9387755102040817,0.9266666666666667,0.925
laboratory_model,ebm,sigmoid,2,4,40,25,0.9973333333333334,0.9984615384615385,0.029563861225947563,0.8738608587692904,3.1576984827275454,-0.27028152283785867,0.09141662775951162,0.5,25,1,14,0,1.0,0.9333333333333333,0.9615384615384616,1.0,0.9803921568627451,0.9666666666666667,0.975,0.6368039768200705,24,0,15,1,0.96,1.0,1.0,0.9375,0.9795918367346939,0.98,0.975
laboratory_model,ebm,sigmoid,3,0,40,26,0.9945054945054945,0.9972527472527473,0.03152812924475973,0.8614148165065507,2.9697299093664196,0.20944342137492358,0.08845920033409596,0.5,25,0,14,1,0.9615384615384616,1.0,1.0,0.9333333333333333,0.9803921568627451,0.9807692307692308,0.975,0.7165306216952698,25,0,14,1,0.9615384615384616,1.0,1.0,0.9333333333333333,0.9803921568627451,0.9807692307692308,0.975
laboratory_model,ebm,sigmoid,3,1,40,26,0.9945054945054945,0.9970962086346701,0.044623890512565656,0.8038510307139971,2.0125641169044903,0.1289025649891586,0.09799722990879317,0.5,24,1,13,2,0.9230769230769231,0.9285714285714286,0.96,0.8666666666666667,0.9411764705882353,0.9258241758241759,0.925,0.7862840672345681,23,0,14,3,0.8846153846153846,1.0,1.0,0.8235294117647058,0.9387755102040816,0.9423076923076923,0.925
laboratory_model,ebm,sigmoid,3,2,40,26,1.0,0.9999999999999999,0.03311448649925293,0.8544418175857014,,-0.18672757494218428,0.13288424137482982,0.5,26,0,14,0,1.0,1.0,1.0,1.0,1.0,1.0,1.0,0.6638209593846158,26,0,14,0,1.0,1.0,1.0,1.0,1.0,1.0,1.0
laboratory_model,ebm,sigmoid,3,3,40,25,0.9680000000000001,0.9803810855810856,0.06462267571693635,0.7242765836077383,1.4073639160248164,-0.05229567270388433,0.04513929142835862,0.5,24,2,13,1,0.96,0.8666666666666667,0.9230769230769231,0.9285714285714286,0.9411764705882353,0.9133333333333333,0.925,0.7441326762192726,21,2,13,4,0.84,0.8666666666666667,0.9130434782608695,0.7647058823529411,0.8749999999999999,0.8533333333333333,0.85
laboratory_model,ebm,sigmoid,3,4,40,25,1.0,1.0,0.043170593709095074,0.8158054668411944,,-0.16339548049576824,0.11009590286995968,0.5,25,2,13,0,1.0,0.8666666666666667,0.9259259259259259,1.0,0.9615384615384615,0.9333333333333333,0.95,0.6516019898558443,25,0,15,0,1.0,1.0,1.0,1.0,1.0,1.0,1.0
laboratory_model,ebm,sigmoid,4,0,40,26,0.9945054945054945,0.9972527472527473,0.041416718254409075,0.8179484911894106,2.788001407319743,0.3609840690632331,0.0918485406133396,0.5,25,0,14,1,0.9615384615384616,1.0,1.0,0.9333333333333333,0.9803921568627451,0.9807692307692308,0.975,0.7128779664780541,20,0,14,6,0.7692307692307693,1.0,1.0,0.7,0.8695652173913044,0.8846153846153846,0.85
laboratory_model,ebm,sigmoid,4,1,40,26,0.9917582417582418,0.9960212201591512,0.04014539849414603,0.8235367099158416,2.1664131203537744,-0.13569773038372934,0.09777736899190148,0.5,25,2,12,1,0.9615384615384616,0.8571428571428571,0.9259259259259259,0.9230769230769231,0.9433962264150944,0.9093406593406593,0.925,0.7644269369383482,24,0,14,2,0.9230769230769231,1.0,1.0,0.875,0.9600000000000001,0.9615384615384616,0.95
laboratory_model,ebm,sigmoid,4,2,40,26,0.9972527472527473,0.9985754985754985,0.0381328593458017,0.8323830358426298,2.719094605390633,-0.4144788032760171,0.10538372676272142,0.5,26,1,13,0,1.0,0.9285714285714286,0.9629629629629629,1.0,0.9811320754716981,0.9642857142857143,0.975,0.6966219256242763,25,1,13,1,0.9615384615384616,0.9285714285714286,0.9615384615384616,0.9285714285714286,0.9615384615384616,0.945054945054945,0.95
laboratory_model,ebm,sigmoid,4,3,40,25,0.9866666666666667,0.9933333333333334,0.03864467785007145,0.8351160411730285,2.4548506317003107,-0.09490965054619804,0.08656951708654148,0.5,24,0,15,1,0.96,1.0,1.0,0.9375,0.9795918367346939,0.98,0.975,0.6833898982477954,24,0,15,1,0.96,1.0,1.0,0.9375,0.9795918367346939,0.98,0.975
laboratory_model,ebm,sigmoid,4,4,40,25,0.9946666666666667,0.9970370370370372,0.05428078166172619,0.7684019982433016,3.5198465547195075,0.37704119152286913,0.13373971735130494,0.5,23,0,15,2,0.92,1.0,1.0,0.8823529411764706,0.9583333333333334,0.96,0.95,0.6442858882594407,21,0,15,4,0.84,1.0,1.0,0.7894736842105263,0.9130434782608696,0.9199999999999999,0.9
laboratory_model,logreg,isotonic,0,0,40,26,0.9601648351648352,0.9586987727372343,0.053074673186193064,0.766704733247503,1.0,0.5145897936496964,0.062293823184273095,0.5,23,1,13,3,0.8846153846153846,0.9285714285714286,0.9583333333333334,0.8125,0.9199999999999999,0.9065934065934066,0.9,1.0,23,1,13,3,0.8846153846153846,0.9285714285714286,0.9583333333333334,0.8125,0.9199999999999999,0.9065934065934066,0.9
laboratory_model,logreg,isotonic,0,1,40,26,0.9807692307692308,0.9865384615384616,0.027515824960979995,0.8790513188528352,,16.23183629053677,0.032930676139176274,0.5,25,0,14,1,0.9615384615384616,1.0,1.0,0.9333333333333333,0.9803921568627451,0.9807692307692308,0.975,0.9025781850938686,24,0,14,2,0.9230769230769231,1.0,1.0,0.875,0.9600000000000001,0.9615384615384616,0.95
laboratory_model,logreg,isotonic,0,2,40,26,0.9945054945054945,0.9972527472527473,0.030891654142087006,0.8642125092655517,0.5646488315524724,1.2749624566213549,0.047699810961005853,0.5,24,0,14,2,0.9230769230769231,1.0,1.0,0.875,0.9600000000000001,0.9615384615384616,0.95,0.9658245316456676,24,0,14,2,0.9230769230769231,1.0,1.0,0.875,0.9600000000000001,0.9615384615384616,0.95
laboratory_model,logreg,isotonic,0,3,40,25,1.0,1.0,0.01721677548410857,0.9265417579344701,,-0.3505057423386139,0.018681187546092458,0.5,25,1,14,0,1.0,0.9333333333333333,0.9615384615384616,1.0,0.9803921568627451,0.9666666666666667,0.975,0.9950979946088812,21,0,15,4,0.84,1.0,1.0,0.7894736842105263,0.9130434782608696,0.9199999999999999,0.9
laboratory_model,logreg,isotonic,0,4,40,25,1.0,1.0,0.023363533387376338,0.9003155908805276,,-2.3226602017017357,0.05719921672866757,0.5,25,2,13,0,1.0,0.8666666666666667,0.9259259259259259,1.0,0.9615384615384615,0.9333333333333333,0.95,0.9094253065370655,25,0,15,0,1.0,1.0,1.0,1.0,1.0,1.0,1.0
laboratory_model,logreg,isotonic,1,0,40,26,0.9972527472527473,0.9985754985754985,0.024625271122895302,0.8917570500092514,0.6849763653515264,0.08461940950457918,0.01617602924211538,0.5,25,1,13,1,0.9615384615384616,0.9285714285714286,0.9615384615384616,0.9285714285714286,0.9615384615384616,0.945054945054945,0.95,0.8706695543040059,24,0,14,2,0.9230769230769231,1.0,1.0,0.875,0.9600000000000001,0.9615384615384616,0.95
laboratory_model,logreg,isotonic,1,1,40,26,0.9917582417582418,0.9957734573119188,0.035282694048509075,0.8449112349516085,0.9112240810127117,-0.11617536626261721,0.04579947517153492,0.5,24,1,13,2,0.9230769230769231,0.9285714285714286,0.96,0.8666666666666667,0.9411764705882353,0.9258241758241759,0.925,0.9800783788842656,22,0,14,4,0.8461538461538461,1.0,1.0,0.7777777777777778,0.9166666666666666,0.9230769230769231,0.9
laboratory_model,logreg,isotonic,1,2,40,26,0.9807692307692308,0.9865384615384616,0.048802520187039816,0.7854834277492756,3.8892276847343856,11.177019203842782,0.05106517888054039,0.5,24,0,14,2,0.9230769230769231,1.0,1.0,0.875,0.9600000000000001,0.9615384615384616,0.95,0.9166465548222202,24,0,14,2,0.9230769230769231,1.0,1.0,0.875,0.9600000000000001,0.9615384615384616,0.95
laboratory_model,logreg,isotonic,1,3,40,25,1.0,1.0,0.0031621848841598224,0.9865080111609181,,-0.6572543892336086,0.015536730975227165,0.5,25,0,15,0,1.0,1.0,1.0,1.0,1.0,1.0,1.0,0.9039706586309671,24,0,15,1,0.96,1.0,1.0,0.9375,0.9795918367346939,0.98,0.975
laboratory_model,logreg,isotonic,1,4,40,25,0.9946666666666667,0.997037037037037,0.03977382615559735,0.8302983417361179,0.7705802446494162,-1.9410008514726689,0.04458440779870747,0.5,25,2,13,0,1.0,0.8666666666666667,0.9259259259259259,1.0,0.9615384615384615,0.9333333333333333,0.95,0.9837581815083644,23,0,15,2,0.92,1.0,1.0,0.8823529411764706,0.9583333333333334,0.96,0.95
laboratory_model,logreg,isotonic,2,0,40,26,0.9972527472527473,0.9985754985754985,0.013887553831069386,0.9389558073359587,1.6624366842045328,-0.17935076862751415,0.005557025067259006,0.5,25,0,14,1,0.9615384615384616,1.0,1.0,0.9333333333333333,0.9803921568627451,0.9807692307692308,0.975,0.9424185006379356,25,0,14,1,0.9615384615384616,1.0,1.0,0.9333333333333333,0.9803921568627451,0.9807692307692308,0.975
laboratory_model,logreg,isotonic,2,1,40,26,0.9958791208791209,0.9960212201591512,0.02103200198102309,0.9075516396438545,13.357990922105206,0.9581557787849133,0.017576624269887837,0.5,25,0,14,1,0.9615384615384616,1.0,1.0,0.9333333333333333,0.9803921568627451,0.9807692307692308,0.975,0.9324620220111464,24,0,14,2,0.9230769230769231,1.0,1.0,0.875,0.9600000000000001,0.9615384615384616,0.95
laboratory_model,logreg,isotonic,2,2,40,26,0.9725274725274726,0.9850591715976331,0.051247831045116675,0.7747348085928938,1.0,0.5719069198792708,0.05360353173164381,0.5,23,0,14,3,0.8846153846153846,1.0,1.0,0.8235294117647058,0.9387755102040816,0.9423076923076923,0.925,0.9999477292075498,22,0,14,4,0.8461538461538461,1.0,1.0,0.7777777777777778,0.9166666666666666,0.9230769230769231,0.9
laboratory_model,logreg,isotonic,2,3,40,25,0.9920000000000001,0.995437037037037,0.03655221426133383,0.844043885818309,7.429274294839214,-0.6574787477939994,0.029665978932336426,0.5,24,1,14,1,0.96,0.9333333333333333,0.96,0.9333333333333333,0.96,0.9466666666666667,0.95,0.9701058071947604,23,0,15,2,0.92,1.0,1.0,0.8823529411764706,0.9583333333333334,0.96,0.95
laboratory_model,logreg,isotonic,2,4,40,25,1.0,1.0,0.014256037632800372,0.9391742394333851,,-1.1621092355553724,0.030458830292934835,0.5,25,1,14,0,1.0,0.9333333333333333,0.9615384615384616,1.0,0.9803921568627451,0.9666666666666667,0.975,0.9790025666091272,23,0,15,2,0.92,1.0,1.0,0.8823529411764706,0.9583333333333334,0.96,0.95
laboratory_model,logreg,isotonic,3,0,40,26,0.9972527472527473,0.9985754985754985,0.017399139721060268,0.9235202649623725,1.9062149824514394,-0.0836768015910461,0.02407836974035712,0.5,25,0,14,1,0.9615384615384616,1.0,1.0,0.9333333333333333,0.9803921568627451,0.9807692307692308,0.975,0.975277574622774,22,0,14,4,0.8461538461538461,1.0,1.0,0.7777777777777778,0.9166666666666666,0.9230769230769231,0.9
laboratory_model,logreg,isotonic,3,1,40,26,1.0,1.0,0.04413257703568553,0.8060106503925911,,1.535209008530724,0.052815977733329314,0.5,23,0,14,3,0.8846153846153846,1.0,1.0,0.8235294117647058,0.9387755102040816,0.9423076923076923,0.925,0.9180741198784934,22,0,14,4,0.8461538461538461,1.0,1.0,0.7777777777777778,0.9166666666666666,0.9230769230769231,0.9
laboratory_model,logreg,isotonic,3,2,40,26,1.0,1.0,0.010526511648655446,0.9537296191267892,,-5.632901915362913,0.027320335967307874,0.5,26,1,13,0,1.0,0.9285714285714286,0.9629629629629629,1.0,0.9811320754716981,0.9642857142857143,0.975,0.9449718262353484,26,0,14,0,1.0,1.0,1.0,1.0,1.0,1.0,1.0
laboratory_model,logreg,isotonic,3,3,40,25,0.976,0.986850613154961,0.06820360121183841,0.7089979681628228,0.4013674405814029,-0.5761915429413375,0.06786328131587901,0.5,24,2,13,1,0.96,0.8666666666666667,0.9230769230769231,0.9285714285714286,0.9411764705882353,0.9133333333333333,0.925,0.9765997176189152,21,0,15,4,0.84,1.0,1.0,0.7894736842105263,0.9130434782608696,0.9199999999999999,0.9
laboratory_model,logreg,isotonic,3,4,40,25,1.0,1.0,0.0101217227491865,0.9568139829368043,,-2.2236956491792554,0.029168389521566897,0.5,25,0,15,0,1.0,1.0,1.0,1.0,1.0,1.0,1.0,0.9232058588035728,25,0,15,0,1.0,1.0,1.0,1.0,1.0,1.0,1.0
laboratory_model,logreg,isotonic,4,0,40,26,1.0,1.0,0.014223100225496688,0.9374808781296848,,0.49316930189531266,0.014309706635912692,0.5,25,0,14,1,0.9615384615384616,1.0,1.0,0.9333333333333333,0.9803921568627451,0.9807692307692308,0.975,0.954193317778146,24,0,14,2,0.9230769230769231,1.0,1.0,0.875,0.9600000000000001,0.9615384615384616,0.95
laboratory_model,logreg,isotonic,4,1,40,26,0.9945054945054944,0.9972527472527473,0.033444054145441125,0.8529931685914676,6.864533959374975,-0.8932949468251871,0.02610331169461048,0.5,25,1,13,1,0.9615384615384616,0.9285714285714286,0.9615384615384616,0.9285714285714286,0.9615384615384616,0.945054945054945,0.95,0.9455002865613704,25,0,14,1,0.9615384615384616,1.0,1.0,0.9333333333333333,0.9803921568627451,0.9807692307692308,0.975
laboratory_model,logreg,isotonic,4,2,40,26,1.0,1.0,0.02250358534517121,0.9010831413399067,,-6.214077886819269,0.037079850597496994,0.5,26,1,13,0,1.0,0.9285714285714286,0.9629629629629629,1.0,0.9811320754716981,0.9642857142857143,0.975,0.9894275527493228,26,0,14,0,1.0,1.0,1.0,1.0,1.0,1.0,1.0
laboratory_model,logreg,isotonic,4,3,40,25,0.9746666666666668,0.9834,0.04370214468992925,0.8135375159896352,0.9999999999999964,1.0663479249231418,0.04466292285589343,0.5,24,1,14,1,0.96,0.9333333333333333,0.96,0.9333333333333333,0.96,0.9466666666666667,0.95,0.9425935133458674,22,0,15,3,0.88,1.0,1.0,0.8333333333333334,0.9361702127659575,0.94,0.925
laboratory_model,logreg,isotonic,4,4,40,25,0.9946666666666668,0.9968615384615385,0.0420595996739207,0.8205457080579384,1.459510311532557,1.2865010847275828,0.05174565370652579,0.5,23,0,15,2,0.92,1.0,1.0,0.8823529411764706,0.9583333333333334,0.96,0.95,0.9365677092766468,18,0,15,7,0.72,1.0,1.0,0.6818181818181818,0.8372093023255813,0.86,0.825
laboratory_model,logreg,none,0,0,40,26,0.9917582417582418,0.9955577470962086,0.12877888520607245,0.4339389661271542,7.05409783660875,0.6727869671340537,0.21616895641230705,0.5,20,0,14,6,0.7692307692307693,1.0,1.0,0.7,0.8695652173913044,0.8846153846153846,0.85,0.4704965350779605,23,0,14,3,0.8846153846153846,1.0,1.0,0.8235294117647058,0.9387755102040816,0.9423076923076923,0.925
laboratory_model,logreg,none,0,1,40,26,1.0,1.0,0.10851009173810126,0.5230325637885658,,0.5779068550368611,0.26482196269132907,0.5,22,0,14,4,0.8461538461538461,1.0,1.0,0.7777777777777778,0.9166666666666666,0.9230769230769231,0.9,0.4721344284788601,24,0,14,2,0.9230769230769231,1.0,1.0,0.875,0.9600000000000001,0.9615384615384616,0.95
laboratory_model,logreg,none,0,2,40,26,0.9945054945054945,0.9972527472527472,0.12454254027913439,0.4525602625092995,14.227910957112549,0.7228746826578922,0.26071531360154215,0.5,20,0,14,6,0.7692307692307693,1.0,1.0,0.7,0.8695652173913044,0.8846153846153846,0.85,0.4478244218747381,21,0,14,5,0.8076923076923077,1.0,1.0,0.7368421052631579,0.8936170212765957,0.9038461538461539,0.875
laboratory_model,logreg,none,0,3,40,25,1.0,1.0,0.1273983020332752,0.45643391132469247,,0.5618724847311652,0.31569501930329436,0.5,21,0,15,4,0.84,1.0,1.0,0.7894736842105263,0.9130434782608696,0.9199999999999999,0.9,0.4720466849614978,22,0,15,3,0.88,1.0,1.0,0.8333333333333334,0.9361702127659575,0.94,0.925
laboratory_model,logreg,none,0,4,40,25,1.0,1.0000000000000002,0.11759918509993761,0.4982434769069328,,0.5091827688762992,0.31356404919719444,0.5,19,0,15,6,0.76,1.0,1.0,0.7142857142857143,0.8636363636363636,0.88,0.85,0.4418104012389561,25,0,15,0,1.0,1.0,1.0,1.0,1.0,1.0,1.0
laboratory_model,logreg,none,1,0,40,26,0.9945054945054945,0.9972527472527473,0.04983574688141231,0.780941771949836,3.706838412995221,0.5086594882662295,0.1235425460437811,0.5,24,0,14,2,0.9230769230769231,1.0,1.0,0.875,0.9600000000000001,0.9615384615384616,0.95,0.545462613323018,24,0,14,2,0.9230769230769231,1.0,1.0,0.875,0.9600000000000001,0.9615384615384616,0.95
laboratory_model,logreg,none,1,1,40,26,0.9917582417582418,0.9957734573119187,0.12253989542567083,0.4613630970300183,9.409099337224042,0.5649948444153764,0.27179131446633836,0.5,20,0,14,6,0.7692307692307693,1.0,1.0,0.7,0.8695652173913044,0.8846153846153846,0.85,0.4721505598083452,23,0,14,3,0.8846153846153846,1.0,1.0,0.8235294117647058,0.9387755102040816,0.9423076923076923,0.925
laboratory_model,logreg,none,1,2,40,26,0.9917582417582418,0.9960212201591512,0.14233040097953964,0.37437186382619947,16.41530066615127,0.8354174817342255,0.273800193644159,0.5,19,0,14,7,0.7307692307692307,1.0,1.0,0.6666666666666666,0.8444444444444443,0.8653846153846154,0.825,0.4441480225252362,23,0,14,3,0.8846153846153846,1.0,1.0,0.8235294117647058,0.9387755102040816,0.9423076923076923,0.925
laboratory_model,logreg,none,1,3,40,25,1.0,1.0,0.10198956056974584,0.5648445415690844,,0.42604156941510885,0.291156536612595,0.5,21,0,15,4,0.84,1.0,1.0,0.7894736842105263,0.9130434782608696,0.9199999999999999,0.9,0.4672602525748074,24,0,15,1,0.96,1.0,1.0,0.9375,0.9795918367346939,0.98,0.975
laboratory_model,logreg,none,1,4,40,25,0.9946666666666667,0.997037037037037,0.12430134663776853,0.4696475876788543,9.85133903380576,0.5122880918145626,0.2893541656956195,0.5,21,0,15,4,0.84,1.0,1.0,0.7894736842105263,0.9130434782608696,0.9199999999999999,0.9,0.4681966177320097,23,0,15,2,0.92,1.0,1.0,0.8823529411764706,0.9583333333333334,0.96,0.95
laboratory_model,logreg,none,2,0,40,26,0.9972527472527473,0.9985754985754983,0.11860582637353327,0.47865570824820536,14.044957061278811,0.513035821501584,0.2981491678026372,0.5,23,0,14,3,0.8846153846153846,1.0,1.0,0.8235294117647058,0.9387755102040816,0.9423076923076923,0.925,0.4745287636731827,25,0,14,1,0.9615384615384616,1.0,1.0,0.9333333333333333,0.9803921568627451,0.9807692307692308,0.975
laboratory_model,logreg,none,2,1,40,26,0.9972527472527473,0.9985754985754983,0.11769823067595286,0.4826451398859215,23.607368450594688,0.6729819584687252,0.2837639769410596,0.5,19,0,14,7,0.7307692307692307,1.0,1.0,0.6666666666666666,0.8444444444444443,0.8653846153846154,0.825,0.4663280844073539,24,0,14,2,0.9230769230769231,1.0,1.0,0.875,0.9600000000000001,0.9615384615384616,0.95
laboratory_model,logreg,none,2,2,40,26,0.9862637362637363,0.9933925049309664,0.15197587377976401,0.3319741811878506,8.708063882485693,0.8580105549592296,0.2598360921194537,0.5,19,0,14,7,0.7307692307692307,1.0,1.0,0.6666666666666666,0.8444444444444443,0.8653846153846154,0.825,0.442451190073803,20,0,14,6,0.7692307692307693,1.0,1.0,0.7,0.8695652173913044,0.8846153846153846,0.85
laboratory_model,logreg,none,2,3,40,25,0.992,0.995437037037037,0.12539707651354812,0.46497247354219473,7.930268118315788,0.5414052104485205,0.27877748638337413,0.5,21,0,15,4,0.84,1.0,1.0,0.7894736842105263,0.9130434782608696,0.9199999999999999,0.9,0.4740153606827654,23,0,15,2,0.92,1.0,1.0,0.8823529411764706,0.9583333333333334,0.96,0.95
laboratory_model,logreg,none,2,4,40,25,1.0,1.0,0.09728807002197226,0.5849042345729183,,0.3179553331467215,0.2671332730851644,0.5,23,0,15,2,0.92,1.0,1.0,0.8823529411764706,0.9583333333333334,0.96,0.95,0.4818634220317141,24,0,15,1,0.96,1.0,1.0,0.9375,0.9795918367346939,0.98,0.975
laboratory_model,logreg,none,3,0,40,26,0.9972527472527473,0.9985754985754985,0.12270498608977212,0.4606374237812215,15.687757039922788,0.6293204504695985,0.29526374024844326,0.5,20,0,14,6,0.7692307692307693,1.0,1.0,0.7,0.8695652173913044,0.8846153846153846,0.85,0.4683045398617544,24,0,14,2,0.9230769230769231,1.0,1.0,0.875,0.9600000000000001,0.9615384615384616,0.95
laboratory_model,logreg,none,3,1,40,26,1.0,1.0,0.11426442288248122,0.49773880051656616,,0.5869908187715579,0.24494234934783593,0.5,22,0,14,4,0.8461538461538461,1.0,1.0,0.7777777777777778,0.9166666666666666,0.9230769230769231,0.9,0.4819866115993598,22,0,14,4,0.8461538461538461,1.0,1.0,0.7777777777777778,0.9166666666666666,0.9230769230769231,0.9
laboratory_model,logreg,none,3,2,40,26,1.0,0.9999999999999999,0.11764832567097519,0.482864502545164,,0.6331244605177295,0.3147601410649247,0.5,20,0,14,6,0.7692307692307693,1.0,1.0,0.7,0.8695652173913044,0.8846153846153846,0.85,0.438099484921705,26,0,14,0,1.0,1.0,1.0,1.0,1.0,1.0,1.0
laboratory_model,logreg,none,3,3,40,25,0.9733333333333334,0.9853172798216278,0.13672567584540501,0.41663711639293866,5.862925766795649,0.588344915379524,0.2674326514999261,0.5,19,0,15,6,0.76,1.0,1.0,0.7142857142857143,0.8636363636363636,0.88,0.85,0.4710272911756579,21,0,15,4,0.84,1.0,1.0,0.7894736842105263,0.9130434782608696,0.9199999999999999,0.9
laboratory_model,logreg,none,3,4,40,25,1.0,1.0,0.11431369143877437,0.5122615831945627,,0.4819785530082631,0.31836152881060387,0.5,23,0,15,2,0.92,1.0,1.0,0.8823529411764706,0.9583333333333334,0.96,0.95,0.4694024065050459,25,0,15,0,1.0,1.0,1.0,1.0,1.0,1.0,1.0
laboratory_model,logreg,none,4,0,40,26,0.9972527472527473,0.9985754985754985,0.11067071912268733,0.513535300559616,24.223934415549937,0.5740897380873977,0.27431723792766705,0.5,20,0,14,6,0.7692307692307693,1.0,1.0,0.7,0.8695652173913044,0.8846153846153846,0.85,0.4718456500872086,24,0,14,2,0.9230769230769231,1.0,1.0,0.875,0.9600000000000001,0.9615384615384616,0.95
laboratory_model,logreg,none,4,1,40,26,0.9945054945054945,0.9972527472527473,0.05626243204522724,0.7526926063946056,2.8954349927910594,0.722946767121156,0.13876945997194906,0.5,25,0,14,1,0.9615384615384616,1.0,1.0,0.9333333333333333,0.9803921568627451,0.9807692307692308,0.975,0.4861415812628322,25,0,14,1,0.9615384615384616,1.0,1.0,0.9333333333333333,0.9803921568627451,0.9807692307692308,0.975
laboratory_model,logreg,none,4,2,40,26,1.0,1.0,0.10667152560082405,0.531114173183191,,0.49966696342527267,0.2862446865516317,0.5,26,0,14,0,1.0,1.0,1.0,1.0,1.0,1.0,1.0,0.4755962144720907,26,0,14,0,1.0,1.0,1.0,1.0,1.0,1.0,1.0
laboratory_model,logreg,none,4,3,40,25,0.9840000000000001,0.9917333333333334,0.12411002735190872,0.47046388329852273,8.683248300157063,0.5285529555032593,0.2636273437939827,0.5,20,0,15,5,0.8,1.0,1.0,0.75,0.888888888888889,0.9,0.875,0.4731117972366175,22,0,15,3,0.88,1.0,1.0,0.8333333333333334,0.9361702127659575,0.94,0.925
laboratory_model,logreg,none,4,4,40,25,0.9946666666666667,0.9968615384615387,0.07699137928773986,0.6715034483723099,4.079429122462539,0.7192128333792827,0.1688807771345886,0.5,22,0,15,3,0.88,1.0,1.0,0.8333333333333334,0.9361702127659575,0.94,0.925,0.5588242503541024,20,0,15,5,0.8,1.0,1.0,0.75,0.888888888888889,0.9,0.875
laboratory_model,logreg,sigmoid,0,0,40,26,0.9917582417582418,0.9955577470962086,0.051626680995714644,0.7730695340847709,2.065264646146113,0.33860836696681523,0.08889583622452082,0.5,23,1,13,3,0.8846153846153846,0.9285714285714286,0.9583333333333334,0.8125,0.9199999999999999,0.9065934065934066,0.9,0.6797306821649657,23,0,14,3,0.8846153846153846,1.0,1.0,0.8235294117647058,0.9387755102040816,0.9423076923076923,0.925
laboratory_model,logreg,sigmoid,0,1,40,26,1.0,1.0,0.029888812458499676,0.8686206045780234,,0.32333750339302864,0.09232560913020416,0.5,25,0,14,1,0.9615384615384616,1.0,1.0,0.9333333333333333,0.9803921568627451,0.9807692307692308,0.975,0.6759322808843994,24,0,14,2,0.9230769230769231,1.0,1.0,0.875,0.9600000000000001,0.9615384615384616,0.95
laboratory_model,logreg,sigmoid,0,2,40,26,0.9945054945054945,0.9972527472527472,0.03888523847683682,0.8290758748270909,4.339012336374439,0.10604211867546919,0.09242282189669632,0.5,24,0,14,2,0.9230769230769231,1.0,1.0,0.875,0.9600000000000001,0.9615384615384616,0.95,0.6842661089952147,24,0,14,2,0.9230769230769231,1.0,1.0,0.875,0.9600000000000001,0.9615384615384616,0.95
laboratory_model,logreg,sigmoid,0,3,40,25,1.0,1.0,0.03365043917481107,0.8564247928541394,,-0.04794223496099492,0.12909410459354848,0.5,25,1,14,0,1.0,0.9333333333333333,0.9615384615384616,1.0,0.9803921568627451,0.9666666666666667,0.975,0.682674203761446,23,0,15,2,0.92,1.0,1.0,0.8823529411764706,0.9583333333333334,0.96,0.95
laboratory_model,logreg,sigmoid,0,4,40,25,1.0,1.0000000000000002,0.03810547985728108,0.8374166192756007,,-0.4282597331067019,0.1381891308967018,0.5,25,0,15,0,1.0,1.0,1.0,1.0,1.0,1.0,1.0,0.6910387910390269,25,0,15,0,1.0,1.0,1.0,1.0,1.0,1.0,1.0
laboratory_model,logreg,sigmoid,1,0,40,26,0.9945054945054945,0.9972527472527473,0.03404613157993007,0.8503466743739339,2.7826769556030824,0.06663256595360789,0.07114382351980866,0.5,25,0,14,1,0.9615384615384616,1.0,1.0,0.9333333333333333,0.9803921568627451,0.9807692307692308,0.975,0.6775678832208752,24,0,14,2,0.9230769230769231,1.0,1.0,0.875,0.9600000000000001,0.9615384615384616,0.95
laboratory_model,logreg,sigmoid,1,1,40,26,0.9917582417582418,0.9957734573119187,0.046421685846190164,0.7959486336431201,2.7146786871465927,0.03212387668315369,0.08724951139117429,0.5,24,1,13,2,0.9230769230769231,0.9285714285714286,0.96,0.8666666666666667,0.9411764705882353,0.9258241758241759,0.925,0.688937920289991,24,0,14,2,0.9230769230769231,1.0,1.0,0.875,0.9600000000000001,0.9615384615384616,0.95
laboratory_model,logreg,sigmoid,1,2,40,26,0.9917582417582418,0.9960212201591512,0.04696124992848942,0.7935769233912553,4.870131086278577,0.40802149706875357,0.0937808833587935,0.5,24,0,14,2,0.9230769230769231,1.0,1.0,0.875,0.9600000000000001,0.9615384615384616,0.95,0.675996631434359,24,0,14,2,0.9230769230769231,1.0,1.0,0.875,0.9600000000000001,0.9615384615384616,0.95
laboratory_model,logreg,sigmoid,1,3,40,25,1.0,1.0,0.021330502721772098,0.9089898550537724,,-0.10888157900389261,0.10168364200664798,0.5,25,0,15,0,1.0,1.0,1.0,1.0,1.0,1.0,1.0,0.6716230918901241,24,0,15,1,0.96,1.0,1.0,0.9375,0.9795918367346939,0.98,0.975
laboratory_model,logreg,sigmoid,1,4,40,25,0.9946666666666667,0.997037037037037,0.04424084612798594,0.8112390565205934,2.8996184600049464,-0.2633795576363995,0.07601145886138211,0.5,24,2,13,1,0.96,0.8666666666666667,0.9230769230769231,0.9285714285714286,0.9411764705882353,0.9133333333333333,0.925,0.6816633442044592,23,0,15,2,0.92,1.0,1.0,0.8823529411764706,0.9583333333333334,0.96,0.95
laboratory_model,logreg,sigmoid,2,0,40,26,0.9972527472527473,0.9985754985754983,0.03194434869768158,0.8595852804497512,4.729868692003671,-0.11766362005584151,0.1018007697479733,0.5,25,1,13,1,0.9615384615384616,0.9285714285714286,0.9615384615384616,0.9285714285714286,0.9615384615384616,0.945054945054945,0.95,0.6722023694441643,25,0,14,1,0.9615384615384616,1.0,1.0,0.9333333333333333,0.9803921568627451,0.9807692307692308,0.975
laboratory_model,logreg,sigmoid,2,1,40,26,0.9972527472527473,0.9985754985754983,0.03462716004280057,0.8477927031085689,7.24553907410205,0.35859078796181776,0.08125627249463878,0.5,25,0,14,1,0.9615384615384616,1.0,1.0,0.9333333333333333,0.9803921568627451,0.9807692307692308,0.975,0.6690274732974808,24,0,14,2,0.9230769230769231,1.0,1.0,0.875,0.9600000000000001,0.9615384615384616,0.95
laboratory_model,logreg,sigmoid,2,2,40,26,0.9862637362637363,0.9933925049309664,0.05889246983120753,0.741132000741945,2.661373742004905,0.3163684985742417,0.10405747798850806,0.5,23,0,14,3,0.8846153846153846,1.0,1.0,0.8235294117647058,0.9387755102040816,0.9423076923076923,0.925,0.6724484691220832,23,0,14,3,0.8846153846153846,1.0,1.0,0.8235294117647058,0.9387755102040816,0.9423076923076923,0.925
laboratory_model,logreg,sigmoid,2,3,40,25,0.992,0.995437037037037,0.03966159540375707,0.8307771929439698,2.311639275985465,-0.022374595031584454,0.08260466289699157,0.5,24,1,14,1,0.96,0.9333333333333333,0.96,0.9333333333333333,0.96,0.9466666666666667,0.95,0.6923482305747457,23,0,15,2,0.92,1.0,1.0,0.8823529411764706,0.9583333333333334,0.96,0.95
laboratory_model,logreg,sigmoid,2,4,40,25,1.0,1.0,0.026940142044802516,0.8850553939421759,,-0.5271594168631039,0.07282961281676714,0.5,25,1,14,0,1.0,0.9333333333333333,0.9615384615384616,1.0,0.9803921568627451,0.9666666666666667,0.975,0.7048971218459749,24,0,15,1,0.96,1.0,1.0,0.9375,0.9795918367346939,0.98,0.975
laboratory_model,logreg,sigmoid,3,0,40,26,0.9972527472527473,0.9985754985754985,0.03413885817119257,0.8499390849617909,4.599014066100235,0.12668905591275176,0.10146733143535419,0.5,25,0,14,1,0.9615384615384616,1.0,1.0,0.9333333333333333,0.9803921568627451,0.9807692307692308,0.975,0.6793557405649211,25,0,14,1,0.9615384615384616,1.0,1.0,0.9333333333333333,0.9803921568627451,0.9807692307692308,0.975
laboratory_model,logreg,sigmoid,3,1,40,26,1.0,1.0,0.040028372304810524,0.8240511107480857,,0.3532354214457759,0.09470034182222056,0.5,23,0,14,3,0.8846153846153846,1.0,1.0,0.8235294117647058,0.9387755102040816,0.9423076923076923,0.925,0.6953275680248141,22,0,14,4,0.8461538461538461,1.0,1.0,0.7777777777777778,0.9166666666666666,0.9230769230769231,0.9
laboratory_model,logreg,sigmoid,3,2,40,26,1.0,0.9999999999999999,0.029589070519887895,0.8699381515609323,,-0.19739972779529252,0.124432691170842,0.5,26,0,14,0,1.0,1.0,1.0,1.0,1.0,1.0,1.0,0.6455466210854481,26,0,14,0,1.0,1.0,1.0,1.0,1.0,1.0,1.0
laboratory_model,logreg,sigmoid,3,3,40,25,0.976,0.9868506131549609,0.061645246568965306,0.736980281305748,1.646674634040718,0.08768563661539883,0.05228590759944858,0.5,23,2,13,2,0.92,0.8666666666666667,0.92,0.8666666666666667,0.92,0.8933333333333333,0.9,0.6898940859554259,21,0,15,4,0.84,1.0,1.0,0.7894736842105263,0.9130434782608696,0.9199999999999999,0.9
laboratory_model,logreg,sigmoid,3,4,40,25,1.0,1.0,0.023857334645140692,0.8982087055140664,,-0.22608021785104518,0.10991720996291571,0.5,25,0,15,0,1.0,1.0,1.0,1.0,1.0,1.0,1.0,0.6725177743093806,25,0,15,0,1.0,1.0,1.0,1.0,1.0,1.0,1.0
laboratory_model,logreg,sigmoid,4,0,40,26,0.9972527472527473,0.9985754985754985,0.03158672707259305,0.8611572436369537,6.8463463059470975,0.24624677660536745,0.09223317839471505,0.5,25,0,14,1,0.9615384615384616,1.0,1.0,0.9333333333333333,0.9803921568627451,0.9807692307692308,0.975,0.6804286970214108,24,0,14,2,0.9230769230769231,1.0,1.0,0.875,0.9600000000000001,0.9615384615384616,0.95
laboratory_model,logreg,sigmoid,4,1,40,26,0.9945054945054945,0.9972527472527473,0.03736980625300499,0.8357371153714066,2.3115384387106475,-0.08690746875767294,0.07203367320950438,0.5,25,1,13,1,0.9615384615384616,0.9285714285714286,0.9615384615384616,0.9285714285714286,0.9615384615384616,0.945054945054945,0.95,0.702580469002116,25,0,14,1,0.9615384615384616,1.0,1.0,0.9333333333333333,0.9803921568627451,0.9807692307692308,0.975
laboratory_model,logreg,sigmoid,4,2,40,26,1.0,1.0,0.027244529298713755,0.8802438272584011,,-0.5109520284003863,0.08969970411873864,0.5,26,1,13,0,1.0,0.9285714285714286,0.9629629629629629,1.0,0.9811320754716981,0.9642857142857143,0.975,0.6946237059769724,26,0,14,0,1.0,1.0,1.0,1.0,1.0,1.0,1.0
laboratory_model,logreg,sigmoid,4,3,40,25,0.9866666666666667,0.9933333333333334,0.048407496576817345,0.7934613479389127,2.4117334685225655,0.12016047381076694,0.07510388042582225,0.5,23,0,15,2,0.92,1.0,1.0,0.8823529411764706,0.9583333333333334,0.96,0.95,0.6770334452637162,22,0,15,3,0.88,1.0,1.0,0.8333333333333334,0.9361702127659575,0.94,0.925
laboratory_model,logreg,sigmoid,4,4,40,25,0.9946666666666667,0.9968615384615387,0.049451133835613795,0.7890084956347145,3.179034592818005,0.3483357940493644,0.09958684386775886,0.5,23,0,15,2,0.92,1.0,1.0,0.8823529411764706,0.9583333333333334,0.96,0.95,0.6949925430443366,20,0,15,5,0.8,1.0,1.0,0.75,0.888888888888889,0.9,0.875
laboratory_model,random_forest,isotonic,0,0,40,26,0.9752747252747254,0.9850591715976331,0.06024995512359255,0.7351650324237691,0.5302871518627308,2.554918044034663,0.06844362597474621,0.5,24,1,13,2,0.9230769230769231,0.9285714285714286,0.96,0.8666666666666667,0.9411764705882353,0.9258241758241759,0.925,0.9114019575911356,23,0,14,3,0.8846153846153846,1.0,1.0,0.8235294117647058,0.9387755102040816,0.9423076923076923,0.925
laboratory_model,random_forest,isotonic,0,1,40,26,0.9945054945054945,0.9972527472527473,0.02876282308298785,0.8735700084264271,0.6200559386439118,0.24887777717185927,0.03273101875826794,0.5,25,1,13,1,0.9615384615384616,0.9285714285714286,0.9615384615384616,0.9285714285714286,0.9615384615384616,0.945054945054945,0.95,0.8767221702774775,25,0,14,1,0.9615384615384616,1.0,1.0,0.9333333333333333,0.9803921568627451,0.9807692307692308,0.975
laboratory_model,random_forest,isotonic,0,2,40,26,0.9917582417582418,0.9960212201591512,0.033229498031084756,0.8539362723908362,1.873186239343551,-0.24173834887960452,0.03327447418516114,0.5,24,0,14,2,0.9230769230769231,1.0,1.0,0.875,0.9600000000000001,0.9615384615384616,0.95,0.8930137844611528,24,0,14,2,0.9230769230769231,1.0,1.0,0.875,0.9600000000000001,0.9615384615384616,0.95
laboratory_model,random_forest,isotonic,0,3,40,25,1.0,1.0,0.013422003926038595,0.942732783248902,,0.35372314489108353,0.0480439125881834,0.5,25,0,15,0,1.0,1.0,1.0,1.0,1.0,1.0,1.0,0.9338235294117648,21,0,15,4,0.84,1.0,1.0,0.7894736842105263,0.9130434782608696,0.9199999999999999,0.9
laboratory_model,random_forest,isotonic,0,4,40,25,1.0,1.0,0.022545586787162404,0.9038054963747737,,-1.0987040280661593,0.04473177926573198,0.5,25,1,14,0,1.0,0.9333333333333333,0.9615384615384616,1.0,0.9803921568627451,0.9666666666666667,0.975,0.7082987910189982,25,0,15,0,1.0,1.0,1.0,1.0,1.0,1.0,1.0
laboratory_model,random_forest,isotonic,1,0,40,26,0.9972527472527473,0.9985754985754985,0.026214448606982778,0.884771654474801,2.493584759831546,1.1060432398765812,0.025867231638418017,0.5,25,0,14,1,0.9615384615384616,1.0,1.0,0.9333333333333333,0.9803921568627451,0.9807692307692308,0.975,0.9397804054054056,23,0,14,3,0.8846153846153846,1.0,1.0,0.8235294117647058,0.9387755102040816,0.9423076923076923,0.925
laboratory_model,random_forest,isotonic,1,1,40,26,0.9835164835164835,0.9914451645220876,0.06466680621235019,0.7157503023632958,0.5451922860948395,0.18748855992210547,0.09785534965162211,0.5,23,1,13,3,0.8846153846153846,0.9285714285714286,0.9583333333333334,0.8125,0.9199999999999999,0.9065934065934066,0.9,0.9940298507462686,22,0,14,4,0.8461538461538461,1.0,1.0,0.7777777777777778,0.9166666666666666,0.9230769230769231,0.9
laboratory_model,random_forest,isotonic,1,2,40,26,0.9890109890109889,0.9942349957734573,0.044070504562440736,0.8062834964288319,0.8007079454851073,1.061134769018892,0.03470733661551231,0.5,24,1,13,2,0.9230769230769231,0.9285714285714286,0.96,0.8666666666666667,0.9411764705882353,0.9258241758241759,0.925,0.9304306468350052,23,0,14,3,0.8846153846153846,1.0,1.0,0.8235294117647058,0.9387755102040816,0.9423076923076923,0.925
laboratory_model,random_forest,isotonic,1,3,40,25,1.0,1.0,0.00786002148378177,0.9664639083358645,,-1.748508888727399,0.020281975878622516,0.5,25,1,14,0,1.0,0.9333333333333333,0.9615384615384616,1.0,0.9803921568627451,0.9666666666666667,0.975,0.950308341447582,25,0,15,0,1.0,1.0,1.0,1.0,1.0,1.0,1.0
laboratory_model,random_forest,isotonic,1,4,40,25,0.9973333333333333,0.9984615384615385,0.025621433772900677,0.8906818825689571,1.680045434867332,-1.2542447106970258,0.04731762011635095,0.5,25,1,14,0,1.0,0.9333333333333333,0.9615384615384616,1.0,0.9803921568627451,0.9666666666666667,0.975,0.928030303030303,23,0,15,2,0.92,1.0,1.0,0.8823529411764706,0.9583333333333334,0.96,0.95
laboratory_model,random_forest,isotonic,2,0,40,26,0.9999999999999999,1.0,0.008358212595466555,0.9632606039759712,,0.495056359505052,0.04324493215118222,0.5,26,0,14,0,1.0,1.0,1.0,1.0,1.0,1.0,1.0,0.9841954022988504,20,0,14,6,0.7692307692307693,1.0,1.0,0.7,0.8695652173913044,0.8846153846153846,0.85
laboratory_model,random_forest,isotonic,2,1,40,26,0.9862637362637363,0.9937965260545906,0.030584368223565396,0.8655632165997126,0.871253347111922,0.3098487843100843,0.028308368441354904,0.5,25,0,14,1,0.9615384615384616,1.0,1.0,0.9333333333333333,0.9803921568627451,0.9807692307692308,0.975,0.9377314686988506,23,0,14,3,0.8846153846153846,1.0,1.0,0.8235294117647058,0.9387755102040816,0.9423076923076923,0.925
laboratory_model,random_forest,isotonic,2,2,40,26,0.9697802197802198,0.9847154127923359,0.07779000715782178,0.6580659026029813,0.6244405025684482,1.001091102970317,0.07242581407563023,0.5,22,0,14,4,0.8461538461538461,1.0,1.0,0.7777777777777778,0.9166666666666666,0.9230769230769231,0.9,0.9813084112149532,22,0,14,4,0.8461538461538461,1.0,1.0,0.7777777777777778,0.9166666666666666,0.9230769230769231,0.9
laboratory_model,random_forest,isotonic,2,3,40,25,0.992,0.9957142857142857,0.07002629183449167,0.7012211548395022,5.380952907737586,-2.3717886925011364,0.09668760359357967,0.5,24,3,12,1,0.96,0.8,0.8888888888888888,0.9230769230769231,0.923076923076923,0.88,0.9,0.9644308943089432,23,0,15,2,0.92,1.0,1.0,0.8823529411764706,0.9583333333333334,0.96,0.95
laboratory_model,random_forest,isotonic,2,4,40,25,1.0,1.0,0.014098901673549376,0.939844686192856,,-5.813985204747093,0.029213721061547147,0.5,25,1,14,0,1.0,0.9333333333333333,0.9615384615384616,1.0,0.9803921568627451,0.9666666666666667,0.975,0.873,25,0,15,0,1.0,1.0,1.0,1.0,1.0,1.0,1.0
laboratory_model,random_forest,isotonic,3,0,40,26,0.9972527472527473,0.9985754985754985,0.03002446551543017,0.8680243274047026,9.565586257912129,0.6208392429092511,0.01897868710657225,0.5,24,0,14,2,0.9230769230769231,1.0,1.0,0.875,0.9600000000000001,0.9615384615384616,0.95,0.8565937594065638,24,0,14,2,0.9230769230769231,1.0,1.0,0.875,0.9600000000000001,0.9615384615384616,0.95
laboratory_model,random_forest,isotonic,3,1,40,26,0.9807692307692307,0.9907509157509158,0.04432271280094069,0.8051748887870739,5.945017787826253,0.5007727658032116,0.03795200892857139,0.5,24,0,14,2,0.9230769230769231,1.0,1.0,0.875,0.9600000000000001,0.9615384615384616,0.95,0.8768115942028986,23,0,14,3,0.8846153846153846,1.0,1.0,0.8235294117647058,0.9387755102040816,0.9423076923076923,0.925
laboratory_model,random_forest,isotonic,3,2,40,26,1.0,1.0,0.022389255446022376,0.9015856903471544,,-0.8120483312781676,0.03320206911010767,0.5,26,1,13,0,1.0,0.9285714285714286,0.9629629629629629,1.0,0.9811320754716981,0.9642857142857143,0.975,0.8972763599833695,23,0,14,3,0.8846153846153846,1.0,1.0,0.8235294117647058,0.9387755102040816,0.9423076923076923,0.925
laboratory_model,random_forest,isotonic,3,3,40,25,0.9546666666666667,0.9526132045088567,0.08630410721925082,0.6317691425311965,0.2382628138030864,0.3539214838071989,0.09966247566006092,0.5,23,2,13,2,0.92,0.8666666666666667,0.92,0.8666666666666667,0.92,0.8933333333333333,0.9,0.9605597964376592,22,1,14,3,0.88,0.9333333333333333,0.9565217391304348,0.8235294117647058,0.9166666666666666,0.9066666666666667,0.9
laboratory_model,random_forest,isotonic,3,4,40,25,1.0,1.0,0.04244530596273385,0.8189000278923356,,-2.350759371699192,0.05772435897435893,0.5,25,3,12,0,1.0,0.8,0.8928571428571429,1.0,0.9433962264150945,0.9,0.925,0.9469279960046034,24,0,15,1,0.96,1.0,1.0,0.9375,0.9795918367346939,0.98,0.975
laboratory_model,random_forest,isotonic,4,0,40,26,0.9945054945054944,0.9960212201591512,0.04353188748296605,0.8086510440309185,0.6071917861829643,-0.4031221230848162,0.03563602743933811,0.5,25,1,13,1,0.9615384615384616,0.9285714285714286,0.9615384615384616,0.9285714285714286,0.9615384615384616,0.945054945054945,0.95,0.9945398503357517,22,0,14,4,0.8461538461538461,1.0,1.0,0.7777777777777778,0.9166666666666666,0.9230769230769231,0.9
laboratory_model,random_forest,isotonic,4,1,40,26,0.9945054945054945,0.9972527472527473,0.02050667408052153,0.9098607732724329,1.7841479753522944,-0.2761220423107025,0.012456518695339591,0.5,25,0,14,1,0.9615384615384616,1.0,1.0,0.9333333333333333,0.9803921568627451,0.9807692307692308,0.975,0.9376265182186234,24,0,14,2,0.9230769230769231,1.0,1.0,0.875,0.9600000000000001,0.9615384615384616,0.95
laboratory_model,random_forest,isotonic,4,2,40,26,1.0,1.0,0.025925611904149964,0.8860412663553847,,-1.9714582299521863,0.03330572582068117,0.5,26,1,13,0,1.0,0.9285714285714286,0.9629629629629629,1.0,0.9811320754716981,0.9642857142857143,0.975,0.8119178165792991,26,1,13,0,1.0,0.9285714285714286,0.9629629629629629,1.0,0.9811320754716981,0.9642857142857143,0.975
laboratory_model,random_forest,isotonic,4,3,40,25,1.0,1.0,0.024610543546258794,0.8949950142026292,,1.3354506385441514,0.0410833470658978,0.5,24,0,15,1,0.96,1.0,1.0,0.9375,0.9795918367346939,0.98,0.975,0.93064263322884,21,0,15,4,0.84,1.0,1.0,0.7894736842105263,0.9130434782608696,0.9199999999999999,0.9
laboratory_model,random_forest,isotonic,4,4,40,25,0.9680000000000001,0.9817333333333333,0.05744644234912897,0.7548951793103831,1.5568628949318857,1.0123696563841849,0.03715737194841079,0.5,22,0,15,3,0.88,1.0,1.0,0.8333333333333334,0.9361702127659575,0.94,0.925,0.991573359257492,20,0,15,5,0.8,1.0,1.0,0.75,0.888888888888889,0.9,0.875
laboratory_model,random_forest,none,0,0,40,26,0.9835164835164836,0.992022792022792,0.05547445464811407,0.7561562433049931,1.5998682233061483,0.6272318541193024,0.0827285592310113,0.5,24,1,13,2,0.9230769230769231,0.9285714285714286,0.96,0.8666666666666667,0.9411764705882353,0.9258241758241759,0.925,0.6991382425560694,23,0,14,3,0.8846153846153846,1.0,1.0,0.8235294117647058,0.9387755102040816,0.9423076923076923,0.925
laboratory_model,random_forest,none,0,1,40,26,0.9945054945054945,0.9972527472527473,0.034962919601343734,0.8463168369171704,2.036621523758764,-0.006099833992396687,0.08324064023720622,0.5,25,1,13,1,0.9615384615384616,0.9285714285714286,0.9615384615384616,0.9285714285714286,0.9615384615384616,0.945054945054945,0.95,0.6999964923462657,24,0,14,2,0.9230769230769231,1.0,1.0,0.875,0.9600000000000001,0.9615384615384616,0.95
laboratory_model,random_forest,none,0,2,40,26,0.9945054945054945,0.9972527472527473,0.032816111111111115,0.8557533577533578,1.898940392727545,0.06653416887649903,0.026333333333333302,0.5,24,0,14,2,0.9230769230769231,1.0,1.0,0.875,0.9600000000000001,0.9615384615384616,0.95,0.8233333333333334,23,0,14,3,0.8846153846153846,1.0,1.0,0.8235294117647058,0.9387755102040816,0.9423076923076923,0.925
laboratory_model,random_forest,none,0,3,40,25,1.0,1.0,0.021483055555555554,0.908338962962963,,-0.07404635291588953,0.0699166666666666,0.5,25,1,14,0,1.0,0.9333333333333333,0.9615384615384616,1.0,0.9803921568627451,0.9666666666666667,0.975,0.9033333333333332,21,0,15,4,0.84,1.0,1.0,0.7894736842105263,0.9130434782608696,0.9199999999999999,0.9
laboratory_model,random_forest,none,0,4,40,25,1.0,1.0,0.0215525,0.9080426666666667,,-0.6220928691196698,0.04891666666666664,0.5,25,1,14,0,1.0,0.9333333333333333,0.9615384615384616,1.0,0.9803921568627451,0.9666666666666667,0.975,0.7333333333333333,23,0,15,2,0.92,1.0,1.0,0.8823529411764706,0.9583333333333334,0.96,0.95
laboratory_model,random_forest,none,1,0,40,26,0.9972527472527473,0.9985754985754985,0.027917499999999994,0.8772857142857143,3.0631486277330695,0.41742996499813556,0.05441666666666681,0.5,24,0,14,2,0.9230769230769231,1.0,1.0,0.875,0.9600000000000001,0.9615384615384616,0.95,0.8633333333333333,23,0,14,3,0.8846153846153846,1.0,1.0,0.8235294117647058,0.9387755102040816,0.9423076923076923,0.925
laboratory_model,random_forest,none,1,1,40,26,0.9835164835164835,0.9914451645220876,0.04779750000000001,0.7899010989010988,1.1752676454875435,0.30180160568802267,0.06991666666666667,0.5,23,1,13,3,0.8846153846153846,0.9285714285714286,0.9583333333333334,0.8125,0.9199999999999999,0.9065934065934066,0.9,0.86,23,0,14,3,0.8846153846153846,1.0,1.0,0.8235294117647058,0.9387755102040816,0.9423076923076923,0.925
laboratory_model,random_forest,none,1,2,40,26,0.9917582417582418,0.9955577470962086,0.04213166666666667,0.8148058608058608,1.5255701963013695,0.7811044958425551,0.05750000000000004,0.5,23,1,13,3,0.8846153846153846,0.9285714285714286,0.9583333333333334,0.8125,0.9199999999999999,0.9065934065934066,0.9,0.77,23,0,14,3,0.8846153846153846,1.0,1.0,0.8235294117647058,0.9387755102040816,0.9423076923076923,0.925
laboratory_model,random_forest,none,1,3,40,25,1.0,1.0,0.010506944444444444,0.9551703703703703,,-0.23642034912958212,0.046583333333333254,0.5,25,1,14,0,1.0,0.9333333333333333,0.9615384615384616,1.0,0.9803921568627451,0.9666666666666667,0.975,0.8233333333333334,23,0,15,2,0.92,1.0,1.0,0.8823529411764706,0.9583333333333334,0.96,0.95
laboratory_model,random_forest,none,1,4,40,25,0.9973333333333333,0.9984615384615385,0.029121111111111115,0.8757499259259259,2.02746702032961,-0.7215414818112179,0.05816666666666667,0.5,25,1,14,0,1.0,0.9333333333333333,0.9615384615384616,1.0,0.9803921568627451,0.9666666666666667,0.975,0.8433333333333334,23,0,15,2,0.92,1.0,1.0,0.8823529411764706,0.9583333333333334,0.96,0.95
laboratory_model,random_forest,none,2,0,40,26,1.0,1.0,0.018037777777777778,0.9207130647130647,,0.5620112567749269,0.07316666666666664,0.5,26,0,14,0,1.0,1.0,1.0,1.0,1.0,1.0,1.0,0.8533333333333334,20,0,14,6,0.7692307692307693,1.0,1.0,0.7,0.8695652173913044,0.8846153846153846,0.85
laboratory_model,random_forest,none,2,1,40,26,0.9862637362637362,0.9937965260545903,0.03569250542232863,0.8431098662754786,2.865595486282165,0.12405218626433656,0.0926159223145798,0.5,25,0,14,1,0.9615384615384616,1.0,1.0,0.9333333333333333,0.9803921568627451,0.9807692307692308,0.975,0.7524764119885511,23,0,14,3,0.8846153846153846,1.0,1.0,0.8235294117647058,0.9387755102040816,0.9423076923076923,0.925
laboratory_model,random_forest,none,2,2,40,26,0.9752747252747253,0.9873391970540512,0.0611525,0.7311978021978023,1.1011133070009846,0.49845040290752696,0.027750000000000007,0.5,22,1,13,4,0.8461538461538461,0.9285714285714286,0.9565217391304348,0.7647058823529411,0.8979591836734695,0.8873626373626373,0.875,0.8433333333333334,22,0,14,4,0.8461538461538461,1.0,1.0,0.7777777777777778,0.9166666666666666,0.9230769230769231,0.9
laboratory_model,random_forest,none,2,3,40,25,0.992,0.9957142857142858,0.04553277777777779,0.8057268148148148,1.0743830244044796,-0.26460943614727317,0.07066666666666661,0.5,24,2,13,1,0.96,0.8666666666666667,0.9230769230769231,0.9285714285714286,0.9411764705882353,0.9133333333333333,0.925,0.8233333333333334,23,0,15,2,0.92,1.0,1.0,0.8823529411764706,0.9583333333333334,0.96,0.95
laboratory_model,random_forest,none,2,4,40,25,1.0,1.0,0.013414166666666663,0.9427662222222223,,-1.224699308834312,0.04108333333333329,0.5,25,1,14,0,1.0,0.9333333333333333,0.9615384615384616,1.0,0.9803921568627451,0.9666666666666667,0.975,0.7666666666666667,25,0,15,0,1.0,1.0,1.0,1.0,1.0,1.0,1.0
laboratory_model,random_forest,none,3,0,40,26,0.9945054945054945,0.9972527472527473,0.03978412177391736,0.8251247394553083,3.843498234890678,0.3186605830130599,0.08989687902966817,0.5,24,0,14,2,0.9230769230769231,1.0,1.0,0.875,0.9600000000000001,0.9615384615384616,0.95,0.7027687489414495,24,0,14,2,0.9230769230769231,1.0,1.0,0.875,0.9600000000000001,0.9615384615384616,0.95
laboratory_model,random_forest,none,3,1,40,26,0.9945054945054945,0.9972527472527473,0.03682722222222221,0.8381221001221002,3.1610044164465907,0.7486858249240158,0.03483333333333331,0.5,24,0,14,2,0.9230769230769231,1.0,1.0,0.875,0.9600000000000001,0.9615384615384616,0.95,0.8366666666666667,22,0,14,4,0.8461538461538461,1.0,1.0,0.7777777777777778,0.9166666666666666,0.9230769230769231,0.9
laboratory_model,random_forest,none,3,2,40,26,1.0,0.9999999999999999,0.026859565413214166,0.881935976205652,,0.15158129970051762,0.12634702694503758,0.5,26,0,14,0,1.0,1.0,1.0,1.0,1.0,1.0,1.0,0.6524662968194872,25,0,14,1,0.9615384615384616,1.0,1.0,0.9333333333333333,0.9803921568627451,0.9807692307692308,0.975
laboratory_model,random_forest,none,3,3,40,25,0.984,0.9907601139601141,0.05776472222222223,0.7535371851851851,0.9862943717159451,0.4779818496468415,0.0680833333333334,0.5,22,2,13,3,0.88,0.8666666666666667,0.9166666666666666,0.8125,0.8979591836734694,0.8733333333333333,0.875,0.8366666666666667,21,0,15,4,0.84,1.0,1.0,0.7894736842105263,0.9130434782608696,0.9199999999999999,0.9
laboratory_model,random_forest,none,3,4,40,25,1.0,1.0,0.024203333333333334,0.8967324444444444,,-1.068222970977323,0.06450000000000003,0.5,25,1,14,0,1.0,0.9333333333333333,0.9615384615384616,1.0,0.9803921568627451,0.9666666666666667,0.975,0.7833333333333333,25,0,15,0,1.0,1.0,1.0,1.0,1.0,1.0,1.0
laboratory_model,random_forest,none,4,0,40,26,0.989010989010989,0.9939551829936445,0.04115576704932078,0.819095529453535,1.7466542492310249,0.25081412182090945,0.09053747117094488,0.5,25,1,13,1,0.9615384615384616,0.9285714285714286,0.9615384615384616,0.9285714285714286,0.9615384615384616,0.945054945054945,0.95,0.7031169869622215,22,1,13,4,0.8461538461538461,0.9285714285714286,0.9565217391304348,0.7647058823529411,0.8979591836734695,0.8873626373626373,0.875
laboratory_model,random_forest,none,4,1,40,26,0.9945054945054944,0.9972527472527473,0.0245475,0.8920989010989011,1.7958905571664299,-0.1665603678060338,0.03874999999999997,0.5,25,0,14,1,0.9615384615384616,1.0,1.0,0.9333333333333333,0.9803921568627451,0.9807692307692308,0.975,0.8033333333333333,25,0,14,1,0.9615384615384616,1.0,1.0,0.9333333333333333,0.9803921568627451,0.9807692307692308,0.975
laboratory_model,random_forest,none,4,2,40,26,1.0,1.0,0.01979972222222222,0.912968253968254,,-0.7119021753322486,0.047249999999999896,0.5,26,1,13,0,1.0,0.9285714285714286,0.9629629629629629,1.0,0.9811320754716981,0.9642857142857143,0.975,0.71,26,1,13,0,1.0,0.9285714285714286,0.9629629629629629,1.0,0.9811320754716981,0.9642857142857143,0.975
laboratory_model,random_forest,none,4,3,40,25,1.0,1.0,0.034611944444444445,0.8523223703703704,,0.9384288797408604,0.07875000000000001,0.5,22,0,15,3,0.88,1.0,1.0,0.8333333333333334,0.9361702127659575,0.94,0.925,0.8133333333333334,21,0,15,4,0.84,1.0,1.0,0.7894736842105263,0.9130434782608696,0.9199999999999999,0.9
laboratory_model,random_forest,none,4,4,40,25,0.9733333333333334,0.9870363636363639,0.06423611212753806,0.7259259215891709,1.825648125670748,0.7328503162838336,0.1106213058072045,0.5,22,0,15,3,0.88,1.0,1.0,0.8333333333333334,0.9361702127659575,0.94,0.925,0.6910674433961042,22,0,15,3,0.88,1.0,1.0,0.8333333333333334,0.9361702127659575,0.94,0.925
laboratory_model,random_forest,sigmoid,0,0,40,26,0.9917582417582418,0.9957734573119189,0.052267699734121445,0.7702518693005651,1.2155609887409589,0.3623951043001923,0.05480068712356004,0.5,24,1,13,2,0.9230769230769231,0.9285714285714286,0.96,0.8666666666666667,0.9411764705882353,0.9258241758241759,0.925,0.8320011264266208,23,0,14,3,0.8846153846153846,1.0,1.0,0.8235294117647058,0.9387755102040816,0.9423076923076923,0.925
laboratory_model,random_forest,sigmoid,0,1,40,26,0.9945054945054945,0.9972527472527473,0.03124399934913195,0.8626637391246947,1.507691856395858,0.01861884726357612,0.05142788298993327,0.5,25,1,13,1,0.9615384615384616,0.9285714285714286,0.9615384615384616,0.9285714285714286,0.9615384615384616,0.945054945054945,0.95,0.8137317860739545,25,0,14,1,0.9615384615384616,1.0,1.0,0.9333333333333333,0.9803921568627451,0.9807692307692308,0.975
laboratory_model,random_forest,sigmoid,0,2,40,26,0.989010989010989,0.9945419302183229,0.037870756122783275,0.8335351379218318,1.8989171743401814,0.08398498935189053,0.05993848291553817,0.5,24,0,14,2,0.9230769230769231,1.0,1.0,0.875,0.9600000000000001,0.9615384615384616,0.95,0.8638490751496435,24,0,14,2,0.9230769230769231,1.0,1.0,0.875,0.9600000000000001,0.9615384615384616,0.95
laboratory_model,random_forest,sigmoid,0,3,40,25,1.0,1.0,0.021004826230827518,0.9103794080818026,,-0.10074658554034972,0.06474111800065326,0.5,25,1,14,0,1.0,0.9333333333333333,0.9615384615384616,1.0,0.9803921568627451,0.9666666666666667,0.975,0.8967901263007731,21,0,15,4,0.84,1.0,1.0,0.7894736842105263,0.9130434782608696,0.9199999999999999,0.9
laboratory_model,random_forest,sigmoid,0,4,40,25,1.0,1.0,0.023435752481653752,0.9000074560782774,,-0.5295744155920562,0.09153879826838983,0.5,25,1,14,0,1.0,0.9333333333333333,0.9615384615384616,1.0,0.9803921568627451,0.9666666666666667,0.975,0.8180320383359314,25,0,15,0,1.0,1.0,1.0,1.0,1.0,1.0,1.0
laboratory_model,random_forest,sigmoid,1,0,40,26,0.9945054945054945,0.9972527472527473,0.029046958806313788,0.8723210601920273,2.1017053964210866,0.43974046496687647,0.047287546361610006,0.5,25,0,14,1,0.9615384615384616,1.0,1.0,0.9333333333333333,0.9803921568627451,0.9807692307692308,0.975,0.8717480976505024,24,0,14,2,0.9230769230769231,1.0,1.0,0.875,0.9600000000000001,0.9615384615384616,0.95
laboratory_model,random_forest,sigmoid,1,1,40,26,0.9835164835164836,0.9914451645220875,0.060172805481364944,0.735504151730264,1.265408452141083,0.10486030565640037,0.06537908932042959,0.5,23,2,12,3,0.8846153846153846,0.8571428571428571,0.92,0.8,0.9019607843137256,0.8708791208791209,0.875,0.9007063083511829,23,0,14,3,0.8846153846153846,1.0,1.0,0.8235294117647058,0.9387755102040816,0.9423076923076923,0.925
laboratory_model,random_forest,sigmoid,1,2,40,26,0.9917582417582418,0.9955577470962085,0.046197383396775454,0.7969345784757123,1.571899289832925,0.3810849275492243,0.09677228975017951,0.5,24,1,13,2,0.9230769230769231,0.9285714285714286,0.96,0.8666666666666667,0.9411764705882353,0.9258241758241759,0.925,0.8465557910444801,23,0,14,3,0.8846153846153846,1.0,1.0,0.8235294117647058,0.9387755102040816,0.9423076923076923,0.925
laboratory_model,random_forest,sigmoid,1,3,40,25,1.0,1.0,0.01178377007323652,0.9497225810208575,,-0.1551253590702718,0.07383540273718314,0.5,25,1,14,0,1.0,0.9333333333333333,0.9615384615384616,1.0,0.9803921568627451,0.9666666666666667,0.975,0.863548176566328,25,0,15,0,1.0,1.0,1.0,1.0,1.0,1.0,1.0
laboratory_model,random_forest,sigmoid,1,4,40,25,0.9973333333333334,0.9984615384615385,0.032499905371683055,0.861333737080819,2.654174394308816,-0.522646107712189,0.06042217195491262,0.5,25,1,14,0,1.0,0.9333333333333333,0.9615384615384616,1.0,0.9803921568627451,0.9666666666666667,0.975,0.8737427037974629,24,0,15,1,0.96,1.0,1.0,0.9375,0.9795918367346939,0.98,0.975
laboratory_model,random_forest,sigmoid,2,0,40,26,1.0,1.0,0.012372942098702114,0.9456134413243863,,0.14601226942561046,0.08864096044551384,0.5,26,0,14,0,1.0,1.0,1.0,1.0,1.0,1.0,1.0,0.909788901581982,20,0,14,6,0.7692307692307693,1.0,1.0,0.7,0.8695652173913044,0.8846153846153846,0.85
laboratory_model,random_forest,sigmoid,2,1,40,26,0.9862637362637362,0.9937965260545903,0.028079691057550277,0.8765727865602186,1.987515351451479,0.21860936911603063,0.05573890282697924,0.5,25,0,14,1,0.9615384615384616,1.0,1.0,0.9333333333333333,0.9803921568627451,0.9807692307692308,0.975,0.8496065812576259,23,0,14,3,0.8846153846153846,1.0,1.0,0.8235294117647058,0.9387755102040816,0.9423076923076923,0.925
laboratory_model,random_forest,sigmoid,2,2,40,26,0.9697802197802198,0.9847154127923359,0.06604436649945113,0.709695092310105,1.3998702451316063,0.43228195528044805,0.058189690600440325,0.5,22,1,13,4,0.8461538461538461,0.9285714285714286,0.9565217391304348,0.7647058823529411,0.8979591836734695,0.8873626373626373,0.875,0.8936761497373052,22,0,14,4,0.8461538461538461,1.0,1.0,0.7777777777777778,0.9166666666666666,0.9230769230769231,0.9
laboratory_model,random_forest,sigmoid,2,3,40,25,0.992,0.9957142857142857,0.06058561124281579,0.7415013920306526,1.2629170088413864,-0.5261780600102234,0.04193692599076407,0.5,24,3,12,1,0.96,0.8,0.8888888888888888,0.9230769230769231,0.923076923076923,0.88,0.9,0.8758951614767512,23,0,15,2,0.92,1.0,1.0,0.8823529411764706,0.9583333333333334,0.96,0.95
laboratory_model,random_forest,sigmoid,2,4,40,25,1.0,1.0,0.016953362073141128,0.9276656551545979,,-0.3619361464209372,0.07912048521251204,0.5,25,1,14,0,1.0,0.9333333333333333,0.9615384615384616,1.0,0.9803921568627451,0.9666666666666667,0.975,0.8462460591647688,25,0,15,0,1.0,1.0,1.0,1.0,1.0,1.0,1.0
laboratory_model,random_forest,sigmoid,3,0,40,26,0.9945054945054945,0.9972527472527473,0.035719681918395564,0.8429904091499096,2.804971840195027,0.3932544998047135,0.035905623585844884,0.5,24,0,14,2,0.9230769230769231,1.0,1.0,0.875,0.9600000000000001,0.9615384615384616,0.95,0.8193585978151914,24,0,14,2,0.9230769230769231,1.0,1.0,0.875,0.9600000000000001,0.9615384615384616,0.95
laboratory_model,random_forest,sigmoid,3,1,40,26,0.9890109890109889,0.9945419302183229,0.03924157599673413,0.8275095560583116,2.3526603390047036,0.44604398376343757,0.05048164246994771,0.5,24,0,14,2,0.9230769230769231,1.0,1.0,0.875,0.9600000000000001,0.9615384615384616,0.95,0.8763960444100861,23,0,14,3,0.8846153846153846,1.0,1.0,0.8235294117647058,0.9387755102040816,0.9423076923076923,0.925
laboratory_model,random_forest,sigmoid,3,2,40,26,1.0,0.9999999999999999,0.017699770742460996,0.9221988099232483,,-0.355424409366644,0.09272450928533794,0.5,26,1,13,0,1.0,0.9285714285714286,0.9629629629629629,1.0,0.9811320754716981,0.9642857142857143,0.975,0.7806064984581345,26,0,14,0,1.0,1.0,1.0,1.0,1.0,1.0,1.0
laboratory_model,random_forest,sigmoid,3,3,40,25,0.984,0.990760113960114,0.06643604320329062,0.7165395489992934,1.091745619865892,0.14293096500074215,0.04782346655079386,0.5,23,2,13,2,0.92,0.8666666666666667,0.92,0.8666666666666667,0.92,0.8933333333333333,0.9,0.8928476627871904,21,0,15,4,0.84,1.0,1.0,0.7894736842105263,0.9130434782608696,0.9199999999999999,0.9
laboratory_model,random_forest,sigmoid,3,4,40,25,1.0,1.0,0.03318424148427407,0.8584139030004306,,-0.7221927829181364,0.05599737737360179,0.5,25,2,13,0,1.0,0.8666666666666667,0.9259259259259259,1.0,0.9615384615384615,0.9333333333333333,0.95,0.8476049736234073,25,0,15,0,1.0,1.0,1.0,1.0,1.0,1.0,1.0
laboratory_model,random_forest,sigmoid,4,0,40,26,0.9972527472527473,0.9985754985754985,0.03962428652842428,0.8258273119629702,1.3136498782294443,0.14265623728199867,0.019241884115270905,0.5,25,1,13,1,0.9615384615384616,0.9285714285714286,0.9615384615384616,0.9285714285714286,0.9615384615384616,0.945054945054945,0.95,0.8330925798887595,22,0,14,4,0.8461538461538461,1.0,1.0,0.7777777777777778,0.9166666666666666,0.9230769230769231,0.9
laboratory_model,random_forest,sigmoid,4,1,40,26,0.9945054945054945,0.9972527472527473,0.02761473940864261,0.8786165300719007,1.9375358201348876,-0.1377850504036928,0.08645390771356998,0.5,25,0,14,1,0.9615384615384616,1.0,1.0,0.9333333333333333,0.9803921568627451,0.9807692307692308,0.975,0.8681558984767928,25,0,14,1,0.9615384615384616,1.0,1.0,0.9333333333333333,0.9803921568627451,0.9807692307692308,0.975
laboratory_model,random_forest,sigmoid,4,2,40,26,1.0,1.0,0.025152426923023517,0.8894398816570395,,-0.606522374902689,0.04654783994945928,0.5,26,1,13,0,1.0,0.9285714285714286,0.9629629629629629,1.0,0.9811320754716981,0.9642857142857143,0.975,0.79194343122942,26,1,13,0,1.0,0.9285714285714286,0.9629629629629629,1.0,0.9811320754716981,0.9642857142857143,0.975
laboratory_model,random_forest,sigmoid,4,3,40,25,1.0,1.0,0.02946960273049092,0.8742630283499054,,0.47014609750806247,0.0887328210406484,0.5,24,0,15,1,0.96,1.0,1.0,0.9375,0.9795918367346939,0.98,0.975,0.8626495643940658,21,0,15,4,0.84,1.0,1.0,0.7894736842105263,0.9130434782608696,0.9199999999999999,0.9
laboratory_model,random_forest,sigmoid,4,4,40,25,0.9733333333333334,0.9870363636363639,0.053981412515761294,0.7696793065994185,1.6205527638738433,0.449356607215064,0.07767493691188143,0.5,22,0,15,3,0.88,1.0,1.0,0.8333333333333334,0.9361702127659575,0.94,0.925,0.8386046211924671,22,0,15,3,0.88,1.0,1.0,0.8333333333333334,0.9361702127659575,0.94,0.925
laboratory_model,svm,isotonic,0,0,40,26,0.9601648351648352,0.9586987727372343,0.05025478183951647,0.7790998600460814,1.0000000000000018,0.3871860941038106,0.05915365159621948,0.5,24,1,13,2,0.9230769230769231,0.9285714285714286,0.96,0.8666666666666667,0.9411764705882353,0.9258241758241759,0.925,1.0,23,1,13,3,0.8846153846153846,0.9285714285714286,0.9583333333333334,0.8125,0.9199999999999999,0.9065934065934066,0.9
laboratory_model,svm,isotonic,0,1,40,26,0.9807692307692308,0.9865384615384616,0.025,0.8901098901098901,1.0114204737039167,11.176452228723518,0.025,0.5,25,0,14,1,0.9615384615384616,1.0,1.0,0.9333333333333333,0.9803921568627451,0.9807692307692308,0.975,0.9194252720974184,25,0,14,1,0.9615384615384616,1.0,1.0,0.9333333333333333,0.9803921568627451,0.9807692307692308,0.975
laboratory_model,svm,isotonic,0,2,40,26,0.9945054945054945,0.9972527472527473,0.03264645523034865,0.8564990978885774,0.8094801590063674,1.2244394607132223,0.02847998317666811,0.5,24,0,14,2,0.9230769230769231,1.0,1.0,0.875,0.9600000000000001,0.9615384615384616,0.95,1.0,21,0,14,5,0.8076923076923077,1.0,1.0,0.7368421052631579,0.8936170212765957,0.9038461538461539,0.875
laboratory_model,svm,isotonic,0,3,40,25,0.9973333333333334,0.9984615384615385,0.019099425185441186,0.9185091192087843,,-0.27941398249747185,0.029392324506042407,0.5,25,1,14,0,1.0,0.9333333333333333,0.9615384615384616,1.0,0.9803921568627451,0.9666666666666667,0.975,0.9856711902068545,22,0,15,3,0.88,1.0,1.0,0.8333333333333334,0.9361702127659575,0.94,0.925
laboratory_model,svm,isotonic,0,4,40,25,1.0,1.0,0.02120830368269022,0.9095112376205217,,-2.1328883174658055,0.05019621743027715,0.5,25,2,13,0,1.0,0.8666666666666667,0.9259259259259259,1.0,0.9615384615384615,0.9333333333333333,0.95,0.9261815161183607,25,0,15,0,1.0,1.0,1.0,1.0,1.0,1.0,1.0
laboratory_model,svm,isotonic,1,0,40,26,1.0,1.0,0.012560785814711201,0.9447877546606102,,-1.1925658683619802,0.028457859136886973,0.5,26,1,13,0,1.0,0.9285714285714286,0.9629629629629629,1.0,0.9811320754716981,0.9642857142857143,0.975,0.9453740300572528,25,0,14,1,0.9615384615384616,1.0,1.0,0.9333333333333333,0.9803921568627451,0.9807692307692308,0.975
laboratory_model,svm,isotonic,1,1,40,26,0.989010989010989,0.9944037444037443,0.04033083699384687,0.8227215956314423,0.7843014060228299,0.8730028981566621,0.051193847502542675,0.5,24,1,13,2,0.9230769230769231,0.9285714285714286,0.96,0.8666666666666667,0.9411764705882353,0.9258241758241759,0.925,1.0,20,0,14,6,0.7692307692307693,1.0,1.0,0.7,0.8695652173913044,0.8846153846153846,0.85
laboratory_model,svm,isotonic,1,2,40,26,0.9793956043956045,0.9865384615384616,0.04863259921107159,0.7862303331381468,,8.342385078526231,0.05077324334043394,0.5,24,0,14,2,0.9230769230769231,1.0,1.0,0.875,0.9600000000000001,0.9615384615384616,0.95,0.9062998686745638,24,0,14,2,0.9230769230769231,1.0,1.0,0.875,0.9600000000000001,0.9615384615384616,0.95
laboratory_model,svm,isotonic,1,3,40,25,1.0,1.0,0.002022204217802596,0.9913719286707089,,-0.3544416431904971,0.013932991490748801,0.5,25,0,15,0,1.0,1.0,1.0,1.0,1.0,1.0,1.0,0.9648903565073096,24,0,15,1,0.96,1.0,1.0,0.9375,0.9795918367346939,0.98,0.975
laboratory_model,svm,isotonic,1,4,40,25,0.9973333333333334,0.9984615384615385,0.027700910651641902,0.8818094478863279,2.3413446778630713,-1.2641268532280066,0.04749037307629739,0.5,25,1,14,0,1.0,0.9333333333333333,0.9615384615384616,1.0,0.9803921568627451,0.9666666666666667,0.975,0.985532287530556,22,0,15,3,0.88,1.0,1.0,0.8333333333333334,0.9361702127659575,0.94,0.925
laboratory_model,svm,isotonic,2,0,40,26,0.9972527472527472,0.9985754985754985,0.013701422146389494,0.9397739685872989,2.0095284526174284,-0.42490422221416346,0.008338442346620303,0.5,26,1,13,0,1.0,0.9285714285714286,0.9629629629629629,1.0,0.9811320754716981,0.9642857142857143,0.975,0.9416112457610616,25,0,14,1,0.9615384615384616,1.0,1.0,0.9333333333333333,0.9803921568627451,0.9807692307692308,0.975
laboratory_model,svm,isotonic,2,1,40,26,0.9958791208791209,0.9972527472527473,0.02258594103252122,0.900721138318588,1.7210172642254529,1.4860005103113993,0.022835047224934936,0.5,25,0,14,1,0.9615384615384616,1.0,1.0,0.9333333333333333,0.9803921568627451,0.9807692307692308,0.975,0.9527604516401358,24,0,14,2,0.9230769230769231,1.0,1.0,0.875,0.9600000000000001,0.9615384615384616,0.95
laboratory_model,svm,isotonic,2,2,40,26,0.9697802197802199,0.9835207100591716,0.058116305893197565,0.7445437103595711,1.8620922524561587,1.3220313221892135,0.04440374873369761,0.5,23,0,14,3,0.8846153846153846,1.0,1.0,0.8235294117647058,0.9387755102040816,0.9423076923076923,0.925,1.0,21,0,14,5,0.8076923076923077,1.0,1.0,0.7368421052631579,0.8936170212765957,0.9038461538461539,0.875
laboratory_model,svm,isotonic,2,3,40,25,0.9973333333333334,0.9984615384615385,0.027715721132077292,0.8817462565031369,0.9853377146317734,-1.5292274713233254,0.04410326373919646,0.5,25,1,14,0,1.0,0.9333333333333333,0.9615384615384616,1.0,0.9803921568627451,0.9666666666666667,0.975,0.9693909063143143,23,0,15,2,0.92,1.0,1.0,0.8823529411764706,0.9583333333333334,0.96,0.95
laboratory_model,svm,isotonic,2,4,40,25,1.0,1.0,0.014660140427772533,0.9374500675081705,,-1.037282552884436,0.02101328281607625,0.5,25,1,14,0,1.0,0.9333333333333333,0.9615384615384616,1.0,0.9803921568627451,0.9666666666666667,0.975,0.9972229039519194,23,0,15,2,0.92,1.0,1.0,0.8823529411764706,0.9583333333333334,0.96,0.95
laboratory_model,svm,isotonic,3,0,40,26,0.9972527472527473,0.9985754985754985,0.020936556870138203,0.9079711785927991,0.7021282401798754,-0.2805035256176208,0.01694353160250063,0.5,25,0,14,1,0.9615384615384616,1.0,1.0,0.9333333333333333,0.9803921568627451,0.9807692307692308,0.975,0.9973943652121856,25,0,14,1,0.9615384615384616,1.0,1.0,0.9333333333333333,0.9803921568627451,0.9807692307692308,0.975
laboratory_model,svm,isotonic,3,1,40,26,0.9890109890109889,0.9945419302183228,0.0396724221333585,0.8256157268863363,7.645548810735257,0.5081092826619477,0.029045460733403014,0.5,24,0,14,2,0.9230769230769231,1.0,1.0,0.875,0.9600000000000001,0.9615384615384616,0.95,0.9700966386980296,24,0,14,2,0.9230769230769231,1.0,1.0,0.875,0.9600000000000001,0.9615384615384616,0.95
laboratory_model,svm,isotonic,3,2,40,26,1.0,1.0,0.011385773325027923,0.949952644725152,,-2.3105264959485754,0.03445575726067108,0.5,26,0,14,0,1.0,1.0,1.0,1.0,1.0,1.0,1.0,0.9791995157724344,25,0,14,1,0.9615384615384616,1.0,1.0,0.9333333333333333,0.9803921568627451,0.9807692307692308,0.975
laboratory_model,svm,isotonic,3,3,40,25,0.9760000000000001,0.9864667051089839,0.07053781884346497,0.6990386396012161,0.5601025492845378,-0.9849113769518412,0.06940803623703894,0.5,24,2,13,1,0.96,0.8666666666666667,0.9230769230769231,0.9285714285714286,0.9411764705882353,0.9133333333333333,0.925,0.9750647132476156,21,0,15,4,0.84,1.0,1.0,0.7894736842105263,0.9130434782608696,0.9199999999999999,0.9
laboratory_model,svm,isotonic,3,4,40,25,1.0,1.0,0.005611773563275017,0.9760564327966933,,-5.389143832837584,0.02149073307977098,0.5,25,0,15,0,1.0,1.0,1.0,1.0,1.0,1.0,1.0,0.9593737191700332,25,0,15,0,1.0,1.0,1.0,1.0,1.0,1.0,1.0
laboratory_model,svm,isotonic,4,0,40,26,1.0,1.0,0.015325335223550066,0.9326358891272525,,0.74345261708084,0.018222535761270062,0.5,25,0,14,1,0.9615384615384616,1.0,1.0,0.9333333333333333,0.9803921568627451,0.9807692307692308,0.975,0.9413026594020678,24,0,14,2,0.9230769230769231,1.0,1.0,0.875,0.9600000000000001,0.9615384615384616,0.95
laboratory_model,svm,isotonic,4,1,40,26,0.9917582417582418,0.9960212201591512,0.03954296214964971,0.8261847817597815,0.7135841466732573,-0.47094677149073877,0.049613571676690484,0.5,25,1,13,1,0.9615384615384616,0.9285714285714286,0.9615384615384616,0.9285714285714286,0.9615384615384616,0.945054945054945,0.95,0.9968289168337128,25,0,14,1,0.9615384615384616,1.0,1.0,0.9333333333333333,0.9803921568627451,0.9807692307692308,0.975
laboratory_model,svm,isotonic,4,2,40,26,1.0,1.0,0.02554026714548562,0.8877350894703929,,-6.7511708886275805,0.038722420445989766,0.5,26,1,13,0,1.0,0.9285714285714286,0.9629629629629629,1.0,0.9811320754716981,0.9642857142857143,0.975,1.0,26,0,14,0,1.0,1.0,1.0,1.0,1.0,1.0,1.0
laboratory_model,svm,isotonic,4,3,40,25,0.9773333333333334,0.985,0.03146336175541142,0.8657563231769112,0.2700103637658793,0.8015772949677148,0.04419537463233259,0.5,24,0,15,1,0.96,1.0,1.0,0.9375,0.9795918367346939,0.98,0.975,0.9363372988719691,23,0,15,2,0.92,1.0,1.0,0.8823529411764706,0.9583333333333334,0.96,0.95
laboratory_model,svm,isotonic,4,4,40,25,0.9973333333333334,0.9984615384615385,0.03126969739575787,0.8665826244447664,4.384118093763271,0.6463051796439973,0.04726915206911194,0.5,23,0,15,2,0.92,1.0,1.0,0.8823529411764706,0.9583333333333334,0.96,0.95,0.9814526240379612,18,0,15,7,0.72,1.0,1.0,0.6818181818181818,0.8372093023255813,0.86,0.825
laboratory_model,svm,none,0,0,40,26,0.9917582417582418,0.9955577470962086,0.04599811299173999,0.7978104923440001,1.0486836766270209,0.4891541226347637,0.054715971562269795,0.5,24,1,13,2,0.9230769230769231,0.9285714285714286,0.96,0.8666666666666667,0.9411764705882353,0.9258241758241759,0.925,0.8890340143849017,23,0,14,3,0.8846153846153846,1.0,1.0,0.8235294117647058,0.9387755102040816,0.9423076923076923,0.925
laboratory_model,svm,none,0,1,40,26,1.0,1.0,0.03513652026490112,0.8455537570773577,,0.4762007339631804,0.11919103003324846,0.5,25,0,14,1,0.9615384615384616,1.0,1.0,0.9333333333333333,0.9803921568627451,0.9807692307692308,0.975,0.4746516771085494,25,0,14,1,0.9615384615384616,1.0,1.0,0.9333333333333333,0.9803921568627451,0.9807692307692308,0.975
laboratory_model,svm,none,0,2,40,26,0.9945054945054945,0.9972527472527472,0.05941217216673463,0.7388475948714961,6.008980012670445,0.4751701991234094,0.12608945556540258,0.5,24,0,14,2,0.9230769230769231,1.0,1.0,0.875,0.9600000000000001,0.9615384615384616,0.95,0.4816047340422597,24,0,14,2,0.9230769230769231,1.0,1.0,0.875,0.9600000000000001,0.9615384615384616,0.95
laboratory_model,svm,none,0,3,40,25,1.0,1.0,0.01789553559728411,0.9236457147849211,,-0.24760058441481453,0.025208382419143013,0.5,25,1,14,0,1.0,0.9333333333333333,0.9615384615384616,1.0,0.9803921568627451,0.9666666666666667,0.975,0.8028862459328601,23,0,15,2,0.92,1.0,1.0,0.8823529411764706,0.9583333333333334,0.96,0.95
laboratory_model,svm,none,0,4,40,25,1.0,1.0000000000000002,0.01444548819696676,0.9383659170262751,,-0.7112427894436439,0.057859196528235554,0.5,25,0,15,0,1.0,1.0,1.0,1.0,1.0,1.0,1.0,0.8346270615794978,25,0,15,0,1.0,1.0,1.0,1.0,1.0,1.0,1.0
laboratory_model,svm,none,1,0,40,26,1.0,1.0,0.005898831753199282,0.9740710692167065,,-0.1679848838209373,0.03144326185271644,0.5,26,0,14,0,1.0,1.0,1.0,1.0,1.0,1.0,1.0,0.7950827572444912,25,0,14,1,0.9615384615384616,1.0,1.0,0.9333333333333333,0.9803921568627451,0.9807692307692308,0.975
laboratory_model,svm,none,1,1,40,26,0.989010989010989,0.9944037444037442,0.04756626004143947,0.7909175382793869,0.9760025462350885,0.466315627114289,0.05169715479200035,0.5,24,1,13,2,0.9230769230769231,0.9285714285714286,0.96,0.8666666666666667,0.9411764705882353,0.9258241758241759,0.925,0.7358574136999168,24,0,14,2,0.9230769230769231,1.0,1.0,0.875,0.9600000000000001,0.9615384615384616,0.95
laboratory_model,svm,none,1,2,40,26,0.989010989010989,0.9948717948717949,0.06778745803571642,0.7020331514913565,2.78441735651643,2.78888856810232,0.1095122747426415,0.5,23,0,14,3,0.8846153846153846,1.0,1.0,0.8235294117647058,0.9387755102040816,0.9423076923076923,0.925,0.5778008590695205,22,0,14,4,0.8461538461538461,1.0,1.0,0.7777777777777778,0.9166666666666666,0.9230769230769231,0.9
laboratory_model,svm,none,1,3,40,25,1.0,1.0,0.005875603446435028,0.9749307586285438,,-0.33330491441054816,0.039882280671076874,0.5,25,0,15,0,1.0,1.0,1.0,1.0,1.0,1.0,1.0,0.4932184500138977,25,0,15,0,1.0,1.0,1.0,1.0,1.0,1.0,1.0
laboratory_model,svm,none,1,4,40,25,0.9973333333333334,0.9984615384615385,0.027115914837321238,0.8843054300274293,3.1004763770612462,-0.8943260257758007,0.04308437191209327,0.5,25,1,14,0,1.0,0.9333333333333333,0.9615384615384616,1.0,0.9803921568627451,0.9666666666666667,0.975,0.8447183370853795,24,0,15,1,0.96,1.0,1.0,0.9375,0.9795918367346939,0.98,0.975
laboratory_model,svm,none,2,0,40,26,0.9972527472527473,0.9985754985754983,0.02848431020242282,0.8747942408684711,3.578939874149803,0.7660200378013688,0.08116416157006656,0.5,25,0,14,1,0.9615384615384616,1.0,1.0,0.9333333333333333,0.9803921568627451,0.9807692307692308,0.975,0.5575723013400621,25,0,14,1,0.9615384615384616,1.0,1.0,0.9333333333333333,0.9803921568627451,0.9807692307692308,0.975
laboratory_model,svm,none,2,1,40,26,0.9972527472527473,0.9985754985754983,0.024132040571476443,0.8939250963891145,2.1146803631444167,1.064466342691995,0.03220914995722636,0.5,25,0,14,1,0.9615384615384616,1.0,1.0,0.9333333333333333,0.9803921568627451,0.9807692307692308,0.975,0.793330313740918,24,0,14,2,0.9230769230769231,1.0,1.0,0.875,0.9600000000000001,0.9615384615384616,0.95
laboratory_model,svm,none,2,2,40,26,0.9862637362637363,0.9933925049309664,0.06881537346725213,0.6975148419021885,2.0765868316416496,1.1687179642572814,0.08992684331943204,0.5,23,0,14,3,0.8846153846153846,1.0,1.0,0.8235294117647058,0.9387755102040816,0.9423076923076923,0.925,0.4351285630582848,23,0,14,3,0.8846153846153846,1.0,1.0,0.8235294117647058,0.9387755102040816,0.9423076923076923,0.925
laboratory_model,svm,none,2,3,40,25,1.0,1.0,0.02216039609665043,0.9054489766542915,,-0.7138149789857372,0.023539940199502826,0.5,25,1,14,0,1.0,0.9333333333333333,0.9615384615384616,1.0,0.9803921568627451,0.9666666666666667,0.975,0.851453365859393,24,0,15,1,0.96,1.0,1.0,0.9375,0.9795918367346939,0.98,0.975
laboratory_model,svm,none,2,4,40,25,1.0,1.0,0.016132233421983583,0.9311691373995368,,-0.9181220086326992,0.03322112062102829,0.5,25,1,14,0,1.0,0.9333333333333333,0.9615384615384616,1.0,0.9803921568627451,0.9666666666666667,0.975,0.8814369562351191,24,0,15,1,0.96,1.0,1.0,0.9375,0.9795918367346939,0.98,0.975
laboratory_model,svm,none,3,0,40,26,0.9972527472527473,0.9985754985754985,0.021686946465542666,0.9046727627888235,1.6121225643178818,0.49136472539802645,0.03761831975647475,0.5,25,0,14,1,0.9615384615384616,1.0,1.0,0.9333333333333333,0.9803921568627451,0.9807692307692308,0.975,0.7476813460193349,25,0,14,1,0.9615384615384616,1.0,1.0,0.9333333333333333,0.9803921568627451,0.9807692307692308,0.975
laboratory_model,svm,none,3,1,40,26,0.9917582417582418,0.9960212201591512,0.03997520006394113,0.8242848348837752,0.9992762566657644,0.7538165828868449,0.05498041544996819,0.5,25,1,13,1,0.9615384615384616,0.9285714285714286,0.9615384615384616,0.9285714285714286,0.9615384615384616,0.945054945054945,0.95,0.9010664801815442,22,0,14,4,0.8461538461538461,1.0,1.0,0.7777777777777778,0.9166666666666666,0.9230769230769231,0.9
laboratory_model,svm,none,3,2,40,26,1.0,0.9999999999999999,0.0069974552112082285,0.9692419551155682,,-0.37768966311229035,0.04048537231638482,0.5,26,0,14,0,1.0,1.0,1.0,1.0,1.0,1.0,1.0,0.7742548711996092,26,0,14,0,1.0,1.0,1.0,1.0,1.0,1.0,1.0
laboratory_model,svm,none,3,3,40,25,0.9760000000000001,0.986466705108984,0.0719026301045396,0.6932154448872978,1.027322704336394,1.1561167365773695,0.06857100259857331,0.5,22,1,14,3,0.88,0.9333333333333333,0.9565217391304348,0.8235294117647058,0.9166666666666666,0.9066666666666667,0.9,0.6486883930602322,19,0,15,6,0.76,1.0,1.0,0.7142857142857143,0.8636363636363636,0.88,0.85
laboratory_model,svm,none,3,4,40,25,1.0,1.0,0.004444332906944213,0.9810375129303713,,-0.4786997110741839,0.0323807116317221,0.5,25,0,15,0,1.0,1.0,1.0,1.0,1.0,1.0,1.0,0.7428534201978639,25,0,15,0,1.0,1.0,1.0,1.0,1.0,1.0,1.0
laboratory_model,svm,none,4,0,40,26,1.0,1.0,0.04328597424087076,0.8097319813588099,,2.064838971302557,0.07778961622544142,0.5,24,0,14,2,0.9230769230769231,1.0,1.0,0.875,0.9600000000000001,0.9615384615384616,0.95,0.5162977790852395,24,0,14,2,0.9230769230769231,1.0,1.0,0.875,0.9600000000000001,0.9615384615384616,0.95
laboratory_model,svm,none,4,1,40,26,0.9917582417582418,0.9960212201591512,0.03548088510059309,0.8440400654918985,0.9947313650074167,-0.11915070894744283,0.04793251582281367,0.5,25,1,13,1,0.9615384615384616,0.9285714285714286,0.9615384615384616,0.9285714285714286,0.9615384615384616,0.945054945054945,0.95,0.932364542943687,25,0,14,1,0.9615384615384616,1.0,1.0,0.9333333333333333,0.9803921568627451,0.9807692307692308,0.975
laboratory_model,svm,none,4,2,40,26,1.0,1.0,0.018175835706772975,0.9201062166735254,,-1.4128956478437515,0.027605564543584205,0.5,26,1,13,0,1.0,0.9285714285714286,0.9629629629629629,1.0,0.9811320754716981,0.9642857142857143,0.975,0.8306138522472659,26,0,14,0,1.0,1.0,1.0,1.0,1.0,1.0,1.0
laboratory_model,svm,none,4,3,40,25,0.992,0.9957142857142858,0.026798781420695427,0.8856585326050328,1.0938176541636024,0.5078301750910054,0.031402409376269626,0.5,24,0,15,1,0.96,1.0,1.0,0.9375,0.9795918367346939,0.98,0.975,0.7390646380748274,24,0,15,1,0.96,1.0,1.0,0.9375,0.9795918367346939,0.98,0.975
laboratory_model,svm,none,4,4,40,25,0.9973333333333334,0.9984615384615387,0.02472378996448419,0.8945118294848675,4.744126993664392,0.3323232918709113,0.050601249895607395,0.5,24,0,15,1,0.96,1.0,1.0,0.9375,0.9795918367346939,0.98,0.975,0.8510941372437638,20,0,15,5,0.8,1.0,1.0,0.75,0.888888888888889,0.9,0.875
laboratory_model,svm,sigmoid,0,0,40,26,0.9917582417582418,0.9955577470962086,0.04659836543351246,0.7951720200724728,1.9267096986373247,0.31961589160042264,0.08967889486521065,0.5,24,1,13,2,0.9230769230769231,0.9285714285714286,0.96,0.8666666666666667,0.9411764705882353,0.9258241758241759,0.925,0.7000199081367564,23,0,14,3,0.8846153846153846,1.0,1.0,0.8235294117647058,0.9387755102040816,0.9423076923076923,0.925
laboratory_model,svm,sigmoid,0,1,40,26,0.9972527472527473,0.9985754985754985,0.0282806443879141,0.87568947521796,14.516453952166161,0.25314047049203253,0.08961235591894416,0.5,25,0,14,1,0.9615384615384616,1.0,1.0,0.9333333333333333,0.9803921568627451,0.9807692307692308,0.975,0.6588323332231426,25,0,14,1,0.9615384615384616,1.0,1.0,0.9333333333333333,0.9803921568627451,0.9807692307692308,0.975
laboratory_model,svm,sigmoid,0,2,40,26,0.9945054945054945,0.9972527472527472,0.0406673014738853,0.8212426308840207,4.255187875961633,0.17033362530729093,0.08884940011249008,0.5,24,0,14,2,0.9230769230769231,1.0,1.0,0.875,0.9600000000000001,0.9615384615384616,0.95,0.6982496864815905,21,0,14,5,0.8076923076923077,1.0,1.0,0.7368421052631579,0.8936170212765957,0.9038461538461539,0.875
laboratory_model,svm,sigmoid,0,3,40,25,1.0,1.0,0.023579262715667203,0.8993951457464866,,-0.1036706622739346,0.060673984744190904,0.5,25,1,14,0,1.0,0.9333333333333333,0.9615384615384616,1.0,0.9803921568627451,0.9666666666666667,0.975,0.7877140888172005,22,0,15,3,0.88,1.0,1.0,0.8333333333333334,0.9361702127659575,0.94,0.925
laboratory_model,svm,sigmoid,0,4,40,25,1.0,1.0000000000000002,0.024608829362610402,0.8950023280528623,,-0.43869962407098595,0.10234716645084209,0.5,25,0,15,0,1.0,1.0,1.0,1.0,1.0,1.0,1.0,0.7986776594917948,24,0,15,1,0.96,1.0,1.0,0.9375,0.9795918367346939,0.98,0.975
laboratory_model,svm,sigmoid,1,0,40,26,1.0,1.0,0.014029446153681175,0.9383321048189839,,-0.1507427543547987,0.0734263098333493,0.5,26,0,14,0,1.0,1.0,1.0,1.0,1.0,1.0,1.0,0.8019225396245098,25,0,14,1,0.9615384615384616,1.0,1.0,0.9333333333333333,0.9803921568627451,0.9807692307692308,0.975
laboratory_model,svm,sigmoid,1,1,40,26,0.989010989010989,0.9944037444037442,0.04376040237399699,0.8076465829714418,1.5617064201567152,0.17872237795395707,0.10395599096369151,0.5,24,1,13,2,0.9230769230769231,0.9285714285714286,0.96,0.8666666666666667,0.9411764705882353,0.9258241758241759,0.925,0.7734935072559405,24,0,14,2,0.9230769230769231,1.0,1.0,0.875,0.9600000000000001,0.9615384615384616,0.95
laboratory_model,svm,sigmoid,1,2,40,26,0.989010989010989,0.9948717948717949,0.043492096955718644,0.8088259474473907,3.985399044613558,0.4282695658072489,0.08248151621877065,0.5,24,0,14,2,0.9230769230769231,1.0,1.0,0.875,0.9600000000000001,0.9615384615384616,0.95,0.6974072602592083,24,0,14,2,0.9230769230769231,1.0,1.0,0.875,0.9600000000000001,0.9615384615384616,0.95
laboratory_model,svm,sigmoid,1,3,40,25,1.0,1.0,0.02068961808291198,0.9117242961795755,,-0.08530348838541331,0.09931894679315251,0.5,25,0,15,0,1.0,1.0,1.0,1.0,1.0,1.0,1.0,0.6557547793658343,24,0,15,1,0.96,1.0,1.0,0.9375,0.9795918367346939,0.98,0.975
laboratory_model,svm,sigmoid,1,4,40,25,0.9973333333333334,0.9984615384615385,0.033257115487092814,0.8581029739217373,5.476634154944148,-0.46220669995945957,0.08009481939466509,0.5,25,2,13,0,1.0,0.8666666666666667,0.9259259259259259,1.0,0.9615384615384615,0.9333333333333333,0.95,0.8153140517246086,23,0,15,2,0.92,1.0,1.0,0.8823529411764706,0.9583333333333334,0.96,0.95
laboratory_model,svm,sigmoid,2,0,40,26,0.9972527472527473,0.9985754985754983,0.02815937910040927,0.8762225094487505,4.495216614733043,-0.11965751642189187,0.09194923314674225,0.5,26,1,13,0,1.0,0.9285714285714286,0.9629629629629629,1.0,0.9811320754716981,0.9642857142857143,0.975,0.7128036556862511,25,0,14,1,0.9615384615384616,1.0,1.0,0.9333333333333333,0.9803921568627451,0.9807692307692308,0.975
laboratory_model,svm,sigmoid,2,1,40,26,0.9972527472527473,0.9985754985754983,0.027716208755573412,0.8781705109645125,3.4487298668641397,0.4098378064562782,0.0824875642853055,0.5,25,0,14,1,0.9615384615384616,1.0,1.0,0.9333333333333333,0.9803921568627451,0.9807692307692308,0.975,0.7806123852179649,23,0,14,3,0.8846153846153846,1.0,1.0,0.8235294117647058,0.9387755102040816,0.9423076923076923,0.925
laboratory_model,svm,sigmoid,2,2,40,26,0.9862637362637363,0.9933925049309664,0.05898158685880539,0.7407402775437126,2.659272813931669,0.3695852078789625,0.08223261677972371,0.5,23,0,14,3,0.8846153846153846,1.0,1.0,0.8235294117647058,0.9387755102040816,0.9423076923076923,0.925,0.6717471142898439,22,0,14,4,0.8461538461538461,1.0,1.0,0.7777777777777778,0.9166666666666666,0.9230769230769231,0.9
laboratory_model,svm,sigmoid,2,3,40,25,0.9973333333333334,0.9984615384615385,0.0277856580292578,0.8814478590751668,5.813197818074904,-0.38016013006717075,0.06794827882473761,0.5,25,1,14,0,1.0,0.9333333333333333,0.9615384615384616,1.0,0.9803921568627451,0.9666666666666667,0.975,0.8062631103641467,23,0,15,2,0.92,1.0,1.0,0.8823529411764706,0.9583333333333334,0.96,0.95
laboratory_model,svm,sigmoid,2,4,40,25,1.0,1.0,0.019747805955754705,0.9157426945887799,,-0.3824193829438906,0.07977756282767388,0.5,25,1,14,0,1.0,0.9333333333333333,0.9615384615384616,1.0,0.9803921568627451,0.9666666666666667,0.975,0.7487250014397715,23,0,15,2,0.92,1.0,1.0,0.8823529411764706,0.9583333333333334,0.96,0.95
laboratory_model,svm,sigmoid,3,0,40,26,0.9972527472527473,0.9985754985754985,0.026721016944079128,0.8825449804655863,2.4778145553842155,0.15842690395026487,0.0721932939404966,0.5,25,0,14,1,0.9615384615384616,1.0,1.0,0.9333333333333333,0.9803921568627451,0.9807692307692308,0.975,0.7612207887846856,25,0,14,1,0.9615384615384616,1.0,1.0,0.9333333333333333,0.9803921568627451,0.9807692307692308,0.975
laboratory_model,svm,sigmoid,3,1,40,26,0.9917582417582418,0.9960212201591512,0.04082186582357987,0.8205632271490995,1.5475402538728709,0.3317367726515907,0.06595186504613353,0.5,25,2,12,1,0.9615384615384616,0.8571428571428571,0.9259259259259259,0.9230769230769231,0.9433962264150944,0.9093406593406593,0.925,0.8451697289932153,23,0,14,3,0.8846153846153846,1.0,1.0,0.8235294117647058,0.9387755102040816,0.9423076923076923,0.925
laboratory_model,svm,sigmoid,3,2,40,26,1.0,0.9999999999999999,0.01700465891913316,0.9252542465093048,,-0.21747913675154568,0.08960303905265926,0.5,26,0,14,0,1.0,1.0,1.0,1.0,1.0,1.0,1.0,0.7419973169919082,26,0,14,0,1.0,1.0,1.0,1.0,1.0,1.0,1.0
laboratory_model,svm,sigmoid,3,3,40,25,0.9760000000000001,0.986466705108984,0.06175001937848974,0.7365332506517771,1.4280729374535244,0.0956903739688437,0.059145248261409065,0.5,23,2,13,2,0.92,0.8666666666666667,0.92,0.8666666666666667,0.92,0.8933333333333333,0.9,0.7323932090429424,21,0,15,4,0.84,1.0,1.0,0.7894736842105263,0.9130434782608696,0.9199999999999999,0.9
laboratory_model,svm,sigmoid,3,4,40,25,1.0,1.0,0.014840524868352361,0.9366804272283633,,-0.31303197557023815,0.08361914796205938,0.5,25,0,15,0,1.0,1.0,1.0,1.0,1.0,1.0,1.0,0.7608052885789253,25,0,15,0,1.0,1.0,1.0,1.0,1.0,1.0,1.0
laboratory_model,svm,sigmoid,4,0,40,26,1.0,1.0,0.02788058009080962,0.8774479996008369,,0.2960385630994123,0.10360366256281228,0.5,25,0,14,1,0.9615384615384616,1.0,1.0,0.9333333333333333,0.9803921568627451,0.9807692307692308,0.975,0.7021678391421886,24,0,14,2,0.9230769230769231,1.0,1.0,0.875,0.9600000000000001,0.9615384615384616,0.95
laboratory_model,svm,sigmoid,4,1,40,26,0.9945054945054945,0.9972527472527473,0.03530100243333072,0.84483075853481,1.4956911623327636,-0.1887048214457789,0.0832211698060228,0.5,25,1,13,1,0.9615384615384616,0.9285714285714286,0.9615384615384616,0.9285714285714286,0.9615384615384616,0.945054945054945,0.95,0.8382416770571811,25,0,14,1,0.9615384615384616,1.0,1.0,0.9333333333333333,0.9803921568627451,0.9807692307692308,0.975
laboratory_model,svm,sigmoid,4,2,40,26,1.0,1.0,0.021472668497512403,0.9056146439669784,,-0.6553285986602955,0.07649192462418183,0.5,26,1,13,0,1.0,0.9285714285714286,0.9629629629629629,1.0,0.9811320754716981,0.9642857142857143,0.975,0.796730725955182,26,0,14,0,1.0,1.0,1.0,1.0,1.0,1.0,1.0
laboratory_model,svm,sigmoid,4,3,40,25,0.992,0.9957142857142858,0.03108266895869702,0.8673806124428927,1.7195693446071256,0.12548000321910016,0.05570943611115487,0.5,24,0,15,1,0.96,1.0,1.0,0.9375,0.9795918367346939,0.98,0.975,0.7470344549736696,24,0,15,1,0.96,1.0,1.0,0.9375,0.9795918367346939,0.98,0.975
laboratory_model,svm,sigmoid,4,4,40,25,0.9973333333333334,0.9984615384615387,0.03833117750714076,0.8364536426361995,5.407009470834998,0.31298585618122715,0.1003844850068601,0.5,24,0,15,1,0.96,1.0,1.0,0.9375,0.9795918367346939,0.98,0.975,0.6875982910715369,20,0,15,5,0.8,1.0,1.0,0.75,0.888888888888889,0.9,0.875
laboratory_model,xgboost,isotonic,0,0,40,26,0.9684065934065934,0.9821509971509972,0.06558279331556213,0.7117239854261006,0.24929292071494025,0.9867884199261835,0.060936779901385366,0.5,24,1,13,2,0.9230769230769231,0.9285714285714286,0.96,0.8666666666666667,0.9411764705882353,0.9258241758241759,0.925,0.8050741702318192,24,1,13,2,0.9230769230769231,0.9285714285714286,0.96,0.8666666666666667,0.9411764705882353,0.9258241758241759,0.925
laboratory_model,xgboost,isotonic,0,1,40,26,0.9848901098901098,0.9927884615384616,0.03229022211178973,0.8580649577503748,0.8124695502968783,0.48103976016522826,0.05036059794947504,0.5,25,0,14,1,0.9615384615384616,1.0,1.0,0.9333333333333333,0.9803921568627451,0.9807692307692308,0.975,0.8666666746139526,22,0,14,4,0.8461538461538461,1.0,1.0,0.7777777777777778,0.9166666666666666,0.9230769230769231,0.9
laboratory_model,xgboost,isotonic,0,2,40,26,0.9917582417582417,0.9960212201591512,0.036174863125073176,0.840989612637041,1.4349114773152802,0.15872219226392442,0.020559803268406576,0.5,24,0,14,2,0.9230769230769231,1.0,1.0,0.875,0.9600000000000001,0.9615384615384616,0.95,0.8125,24,0,14,2,0.9230769230769231,1.0,1.0,0.875,0.9600000000000001,0.9615384615384616,0.95
laboratory_model,xgboost,isotonic,0,3,40,25,0.9973333333333333,0.9984615384615385,0.04006394871446702,0.8290604854849407,7.71128401350303,0.5765913094497773,0.06778496215119956,0.5,22,0,15,3,0.88,1.0,1.0,0.8333333333333334,0.9361702127659575,0.94,0.925,0.8810233920812607,19,0,15,6,0.76,1.0,1.0,0.7142857142857143,0.8636363636363636,0.88,0.85
laboratory_model,xgboost,isotonic,0,4,40,25,1.0,1.0,0.0325218484732332,0.8612401131808717,,-1.799291909387551,0.05993205541744827,0.5,25,2,13,0,1.0,0.8666666666666667,0.9259259259259259,1.0,0.9615384615384615,0.9333333333333333,0.95,0.9215120822191238,25,0,15,0,1.0,1.0,1.0,1.0,1.0,1.0,1.0
laboratory_model,xgboost,isotonic,1,0,40,26,0.9903846153846154,0.9948717948717949,0.03481138385655159,0.84698292810307,0.6309809161059509,0.7460403101376071,0.05145026743412019,0.5,24,0,14,2,0.9230769230769231,1.0,1.0,0.875,0.9600000000000001,0.9615384615384616,0.95,0.9583333283662796,23,0,14,3,0.8846153846153846,1.0,1.0,0.8235294117647058,0.9387755102040816,0.9423076923076923,0.925
laboratory_model,xgboost,isotonic,1,1,40,26,0.9807692307692307,0.9903618794998106,0.06696432575303804,0.7056513153712614,0.6215755810898606,0.059884302297968775,0.055279529110703135,0.5,24,2,12,2,0.9230769230769231,0.8571428571428571,0.9230769230769231,0.8571428571428571,0.9230769230769231,0.8901098901098901,0.9,0.9020595848560332,23,1,13,3,0.8846153846153846,0.9285714285714286,0.9583333333333334,0.8125,0.9199999999999999,0.9065934065934066,0.9
laboratory_model,xgboost,isotonic,1,2,40,26,0.9862637362637362,0.9931722173101484,0.04922194336675724,0.7836398093768913,0.8608263825733622,0.5619476146154672,0.05144182976800948,0.5,24,1,13,2,0.9230769230769231,0.9285714285714286,0.96,0.8666666666666667,0.9411764705882353,0.9258241758241759,0.925,0.9166666716337204,22,0,14,4,0.8461538461538461,1.0,1.0,0.7777777777777778,0.9166666666666666,0.9230769230769231,0.9
laboratory_model,xgboost,isotonic,1,3,40,25,1.0,1.0,0.005268517062276835,0.9775209938676188,,-0.46453431474904,0.02971218042075635,0.5,25,0,15,0,1.0,1.0,1.0,1.0,1.0,1.0,1.0,0.8099309951066971,25,0,15,0,1.0,1.0,1.0,1.0,1.0,1.0,1.0
laboratory_model,xgboost,isotonic,1,4,40,25,0.9920000000000001,0.995437037037037,0.04373147611628993,0.8134123685704964,1.5229069808743418,-1.1154764450192407,0.05064721764065325,0.5,25,2,13,0,1.0,0.8666666666666667,0.9259259259259259,1.0,0.9615384615384615,0.9333333333333333,0.95,0.7736259289085865,24,1,14,1,0.96,0.9333333333333333,0.96,0.9333333333333333,0.96,0.9466666666666667,0.95
laboratory_model,xgboost,isotonic,2,0,40,26,1.0,1.0,0.011763326931603946,0.9482930684325102,,-0.15911936363059084,0.053353462833911174,0.5,26,0,14,0,1.0,1.0,1.0,1.0,1.0,1.0,1.0,0.821428544819355,25,0,14,1,0.9615384615384616,1.0,1.0,0.9333333333333333,0.9803921568627451,0.9807692307692308,0.975
laboratory_model,xgboost,isotonic,2,1,40,26,0.9972527472527473,0.9985754985754985,0.026616508470806443,0.8830043583700816,3.327405925525458,0.3196072508493423,0.0498332707211375,0.5,25,0,14,1,0.9615384615384616,1.0,1.0,0.9333333333333333,0.9803921568627451,0.9807692307692308,0.975,0.875,23,0,14,3,0.8846153846153846,1.0,1.0,0.8235294117647058,0.9387755102040816,0.9423076923076923,0.925
laboratory_model,xgboost,isotonic,2,2,40,26,0.9464285714285714,0.975067155067155,0.0872581374197614,0.6164477476054444,3.699615789141805,0.7589589792445135,0.09223855141317472,0.5,23,2,12,3,0.8846153846153846,0.8571428571428571,0.92,0.8,0.9019607843137256,0.8708791208791209,0.875,0.8852567225694656,22,0,14,4,0.8461538461538461,1.0,1.0,0.7777777777777778,0.9166666666666666,0.9230769230769231,0.9
laboratory_model,xgboost,isotonic,2,3,40,25,0.9693333333333332,0.9853047619047619,0.08223960840919489,0.6491110041207684,1.7715355575111245,-3.3963335093205442,0.07152530269813726,0.5,24,3,12,1,0.96,0.8,0.8888888888888888,0.9230769230769231,0.923076923076923,0.88,0.9,0.9933969527482986,22,1,14,3,0.88,0.9333333333333333,0.9565217391304348,0.8235294117647058,0.9166666666666666,0.9066666666666667,0.9
laboratory_model,xgboost,isotonic,2,4,40,25,1.0,1.0,0.0234267348501652,0.9000459313059618,,-0.2527014761046746,0.07370020831003787,0.5,25,1,14,0,1.0,0.9333333333333333,0.9615384615384616,1.0,0.9803921568627451,0.9666666666666667,0.975,0.75,25,0,15,0,1.0,1.0,1.0,1.0,1.0,1.0,1.0
laboratory_model,xgboost,isotonic,3,0,40,26,1.0,1.0,0.024558370140984116,0.8920511202594105,,0.6023765735882323,0.045753305824473504,0.5,24,0,14,2,0.9230769230769231,1.0,1.0,0.875,0.9600000000000001,0.9615384615384616,0.95,0.851129487156868,23,0,14,3,0.8846153846153846,1.0,1.0,0.8235294117647058,0.9387755102040816,0.9423076923076923,0.925
laboratory_model,xgboost,isotonic,3,1,40,26,0.9711538461538461,0.9857164857164857,0.050297003649390916,0.778914269673007,0.6678639846929588,0.5828307674709072,0.046587546938098946,0.5,24,1,13,2,0.9230769230769231,0.9285714285714286,0.96,0.8666666666666667,0.9411764705882353,0.9258241758241759,0.925,0.8958333283662796,23,0,14,3,0.8846153846153846,1.0,1.0,0.8235294117647058,0.9387755102040816,0.9423076923076923,0.925
laboratory_model,xgboost,isotonic,3,2,40,26,1.0,1.0,0.03175895103609435,0.8604002152259589,,-1.25386879249507,0.06540190699743104,0.5,26,3,11,0,1.0,0.7857142857142857,0.896551724137931,1.0,0.9454545454545454,0.8928571428571428,0.925,0.8215886652469635,24,0,14,2,0.9230769230769231,1.0,1.0,0.875,0.9600000000000001,0.9615384615384616,0.95
laboratory_model,xgboost,isotonic,3,3,40,25,0.9480000000000001,0.9482848869271658,0.07820199047589631,0.6663381739695091,1.5542515380875255,0.3089178123070583,0.09019095069961622,0.5,22,2,13,3,0.88,0.8666666666666667,0.9166666666666666,0.8125,0.8979591836734694,0.8733333333333333,0.875,0.9166666716337204,22,1,14,3,0.88,0.9333333333333333,0.9565217391304348,0.8235294117647058,0.9166666666666666,0.9066666666666667,0.9
laboratory_model,xgboost,isotonic,3,4,40,25,0.9973333333333334,0.9984615384615385,0.04281947084766548,0.8173035910499606,6.747730580734397,-3.1771627333755106,0.06140859834849831,0.5,25,2,13,0,1.0,0.8666666666666667,0.9259259259259259,1.0,0.9615384615384615,0.9333333333333333,0.95,0.875,25,1,14,0,1.0,0.9333333333333333,0.9615384615384616,1.0,0.9803921568627451,0.9666666666666667,0.975
laboratory_model,xgboost,isotonic,4,0,40,26,0.9876373626373626,0.9930034686798612,0.049761582542590235,0.7812677690435594,0.6224227541944672,0.35002967789880424,0.052534560748608794,0.5,25,1,13,1,0.9615384615384616,0.9285714285714286,0.9615384615384616,0.9285714285714286,0.9615384615384616,0.945054945054945,0.95,0.9719190746545792,22,0,14,4,0.8461538461538461,1.0,1.0,0.7777777777777778,0.9166666666666666,0.9230769230769231,0.9
laboratory_model,xgboost,isotonic,4,1,40,26,0.9917582417582417,0.9960212201591512,0.03530837291888732,0.8447983607960997,0.8398999085791042,-0.6248748299050374,0.04965807478874924,0.5,25,1,13,1,0.9615384615384616,0.9285714285714286,0.9615384615384616,0.9285714285714286,0.9615384615384616,0.945054945054945,0.95,0.8685049712657928,24,0,14,2,0.9230769230769231,1.0,1.0,0.875,0.9600000000000001,0.9615384615384616,0.95
laboratory_model,xgboost,isotonic,4,2,40,26,0.9587912087912088,0.9572299878988842,0.029344250873348177,0.8710142818753926,2.421642372433895,-1.6391333989662984,0.04578796843998134,0.5,26,1,13,0,1.0,0.9285714285714286,0.9629629629629629,1.0,0.9811320754716981,0.9642857142857143,0.975,0.8163554295897484,25,1,13,1,0.9615384615384616,0.9285714285714286,0.9615384615384616,0.9285714285714286,0.9615384615384616,0.945054945054945,0.95
laboratory_model,xgboost,isotonic,4,3,40,25,0.9933333333333334,0.9957142857142858,0.038338150435156156,0.8364238914766671,1.0039273856945896,0.4578532560354485,0.05858846604824068,0.5,24,1,14,1,0.96,0.9333333333333333,0.96,0.9333333333333333,0.96,0.9466666666666667,0.95,0.8443648815155029,22,0,15,3,0.88,1.0,1.0,0.8333333333333334,0.9361702127659575,0.94,0.925
laboratory_model,xgboost,isotonic,4,4,40,25,0.9626666666666667,0.9824603174603175,0.06382521406762273,0.7276790866448097,0.9952043633323063,0.947955892537868,0.07350237904756797,0.5,22,0,15,3,0.88,1.0,1.0,0.8333333333333334,0.9361702127659575,0.94,0.925,0.8388523161411285,22,0,15,3,0.88,1.0,1.0,0.8333333333333334,0.9361702127659575,0.94,0.925
laboratory_model,xgboost,none,0,0,40,26,0.9835164835164836,0.9918540433925048,0.058802572444568615,0.7415271540898083,0.792924759120444,0.5026581795284923,0.041169543471187404,0.5,24,1,13,2,0.9230769230769231,0.9285714285714286,0.96,0.8666666666666667,0.9411764705882353,0.9258241758241759,0.925,0.9303244352340698,23,0,14,3,0.8846153846153846,1.0,1.0,0.8235294117647058,0.9387755102040816,0.9423076923076923,0.925
laboratory_model,xgboost,none,0,1,40,26,0.989010989010989,0.9948717948717948,0.0367900658238784,0.838285424949985,1.0184220313972763,-0.022472774843242276,0.04743002923205496,0.5,25,1,13,1,0.9615384615384616,0.9285714285714286,0.9615384615384616,0.9285714285714286,0.9615384615384616,0.945054945054945,0.95,0.8818162083625793,24,0,14,2,0.9230769230769231,1.0,1.0,0.875,0.9600000000000001,0.9615384615384616,0.95
laboratory_model,xgboost,none,0,2,40,26,0.9917582417582418,0.9960212201591512,0.040807174811227344,0.8206278030275722,1.1856380224647889,-0.1022460709774007,0.03573890978004786,0.5,25,2,12,1,0.9615384615384616,0.8571428571428571,0.9259259259259259,0.9230769230769231,0.9433962264150944,0.9093406593406593,0.925,0.9164735674858092,23,0,14,3,0.8846153846153846,1.0,1.0,0.8235294117647058,0.9387755102040816,0.9423076923076923,0.925
laboratory_model,xgboost,none,0,3,40,25,0.9946666666666667,0.9970370370370372,0.0277443860277271,0.8816239529483644,2.5668198621198477,-0.3413717401948132,0.05503344482276587,0.5,25,2,13,0,1.0,0.8666666666666667,0.9259259259259259,1.0,0.9615384615384615,0.9333333333333333,0.95,0.9274193048477172,21,0,15,4,0.84,1.0,1.0,0.7894736842105263,0.9130434782608696,0.9199999999999999,0.9
laboratory_model,xgboost,none,0,4,40,25,1.0,1.0,0.02927354291682375,0.875099550221552,,-1.310718631060682,0.05413729809224602,0.5,25,1,14,0,1.0,0.9333333333333333,0.9615384615384616,1.0,0.9803921568627451,0.9666666666666667,0.975,0.9217709898948668,25,0,15,0,1.0,1.0,1.0,1.0,1.0,1.0,1.0
laboratory_model,xgboost,none,1,0,40,26,0.9917582417582418,0.9960212201591512,0.031947489534037886,0.8595714745756576,1.2556176152043876,0.6713294983692863,0.039408420992549494,0.5,25,0,14,1,0.9615384615384616,1.0,1.0,0.9333333333333333,0.9803921568627451,0.9807692307692308,0.975,0.8994049429893494,23,0,14,3,0.8846153846153846,1.0,1.0,0.8235294117647058,0.9387755102040816,0.9423076923076923,0.925
laboratory_model,xgboost,none,1,1,40,26,0.978021978021978,0.9889417611566154,0.07246491989047571,0.6814728796023046,0.7567475800264658,-0.07499197133371796,0.053091717272764086,0.5,24,2,12,2,0.9230769230769231,0.8571428571428571,0.9230769230769231,0.8571428571428571,0.9230769230769231,0.8901098901098901,0.9,0.9562618136405944,23,0,14,3,0.8846153846153846,1.0,1.0,0.8235294117647058,0.9387755102040816,0.9423076923076923,0.925
laboratory_model,xgboost,none,1,2,40,26,0.9807692307692307,0.9909475232055875,0.05121291052883956,0.7748883053677382,1.0169245384961036,0.4082314555738451,0.052627824572846336,0.5,24,1,13,2,0.9230769230769231,0.9285714285714286,0.96,0.8666666666666667,0.9411764705882353,0.9258241758241759,0.925,0.9169405102729796,23,0,14,3,0.8846153846153846,1.0,1.0,0.8235294117647058,0.9387755102040816,0.9423076923076923,0.925
laboratory_model,xgboost,none,1,3,40,25,1.0,1.0000000000000002,0.007259612769057314,0.9690256521853554,,-0.23347203331596778,0.03979929084889592,0.5,25,0,15,0,1.0,1.0,1.0,1.0,1.0,1.0,1.0,0.8755978345870972,25,0,15,0,1.0,1.0,1.0,1.0,1.0,1.0,1.0
laboratory_model,xgboost,none,1,4,40,25,0.984,0.9897327976371456,0.04136344431939664,0.8235159709039077,1.4947423734180232,-1.354018616477479,0.05649747421266505,0.5,25,2,13,0,1.0,0.8666666666666667,0.9259259259259259,1.0,0.9615384615384615,0.9333333333333333,0.95,0.908840835094452,24,1,14,1,0.96,0.9333333333333333,0.96,0.9333333333333333,0.96,0.9466666666666667,0.95
laboratory_model,xgboost,none,2,0,40,26,1.0,0.9999999999999998,0.010697198213180981,0.9529793485134902,,-0.12240763864626222,0.06136888752225788,0.5,26,0,14,0,1.0,1.0,1.0,1.0,1.0,1.0,1.0,0.9304361939430236,20,0,14,6,0.7692307692307693,1.0,1.0,0.7,0.8695652173913044,0.8846153846153846,0.85
laboratory_model,xgboost,none,2,1,40,26,0.9972527472527473,0.9985754985754985,0.019471215336062997,0.9144122402810417,7.402521015659674,0.2685739919115847,0.04739078575512392,0.5,25,0,14,1,0.9615384615384616,1.0,1.0,0.9333333333333333,0.9803921568627451,0.9807692307692308,0.975,0.9208793044090272,23,0,14,3,0.8846153846153846,1.0,1.0,0.8235294117647058,0.9387755102040816,0.9423076923076923,0.925
laboratory_model,xgboost,none,2,2,40,26,0.9587912087912087,0.9809532787473962,0.0855799475365181,0.6238244064328875,0.6598152819812699,0.3463908268081707,0.10091742704389617,0.5,23,3,11,3,0.8846153846153846,0.7857142857142857,0.8846153846153846,0.7857142857142857,0.8846153846153846,0.8351648351648351,0.85,0.9552545547485352,22,0,14,4,0.8461538461538461,1.0,1.0,0.7777777777777778,0.9166666666666666,0.9230769230769231,0.9
laboratory_model,xgboost,none,2,3,40,25,0.9786666666666667,0.9885897435897437,0.08452993308616163,0.6393389521657104,0.8973906031496599,-1.6893692835928293,0.08148241608578245,0.5,24,3,12,1,0.96,0.8,0.8888888888888888,0.9230769230769231,0.923076923076923,0.88,0.9,0.9503694772720336,23,2,13,2,0.92,0.8666666666666667,0.92,0.8666666666666667,0.92,0.8933333333333333,0.9
laboratory_model,xgboost,none,2,4,40,25,1.0,1.0000000000000002,0.021854368838118716,0.9067546929573601,,-1.2164110422347962,0.05287244077771899,0.5,25,1,14,0,1.0,0.9333333333333333,0.9615384615384616,1.0,0.9803921568627451,0.9666666666666667,0.975,0.8828312754631042,25,0,15,0,1.0,1.0,1.0,1.0,1.0,1.0,1.0
laboratory_model,xgboost,none,3,0,40,26,0.9972527472527473,0.9985754985754985,0.03314759335767113,0.8542962929333138,5.503599803209088,0.9003411619565032,0.032879083370789895,0.5,24,0,14,2,0.9230769230769231,1.0,1.0,0.875,0.9600000000000001,0.9615384615384616,0.95,0.8783779740333557,24,0,14,2,0.9230769230769231,1.0,1.0,0.875,0.9600000000000001,0.9615384615384616,0.95
laboratory_model,xgboost,none,3,1,40,26,0.9835164835164836,0.992022792022792,0.04943882002573125,0.7826865053814012,0.8411503011096618,0.8292064445855344,0.0647277798911091,0.5,24,0,14,2,0.9230769230769231,1.0,1.0,0.875,0.9600000000000001,0.9615384615384616,0.95,0.9502798914909364,22,0,14,4,0.8461538461538461,1.0,1.0,0.7777777777777778,0.9166666666666666,0.9230769230769231,0.9
laboratory_model,xgboost,none,3,2,40,26,1.0,1.0,0.021898243327824037,0.903743985372202,,-0.9806099026508226,0.06764186491491274,0.5,26,1,13,0,1.0,0.9285714285714286,0.9629629629629629,1.0,0.9811320754716981,0.9642857142857143,0.975,0.8421534299850464,25,0,14,1,0.9615384615384616,1.0,1.0,0.9333333333333333,0.9803921568627451,0.9807692307692308,0.975
laboratory_model,xgboost,none,3,3,40,25,0.96,0.9748220731073726,0.07947029334801306,0.6609267483818109,0.5858849154480131,0.022408771259329243,0.07612955734366557,0.5,24,2,13,1,0.96,0.8666666666666667,0.9230769230769231,0.9285714285714286,0.9411764705882353,0.9133333333333333,0.925,0.9408559799194336,19,1,14,6,0.76,0.9333333333333333,0.95,0.7,0.8444444444444444,0.8466666666666667,0.825
laboratory_model,xgboost,none,3,4,40,25,1.0,1.0,0.03850436939126541,0.8357146905972676,,-1.6226909158516454,0.05508993101539088,0.5,25,2,13,0,1.0,0.8666666666666667,0.9259259259259259,1.0,0.9615384615384615,0.9333333333333333,0.95,0.945763349533081,25,0,15,0,1.0,1.0,1.0,1.0,1.0,1.0,1.0
laboratory_model,xgboost,none,4,0,40,26,0.9945054945054945,0.9970962086346701,0.03529235423137349,0.8448687726093473,1.0502094681718614,0.08570594747463114,0.03483700712677087,0.5,25,1,13,1,0.9615384615384616,0.9285714285714286,0.9615384615384616,0.9285714285714286,0.9615384615384616,0.945054945054945,0.95,0.9309030771255492,23,0,14,3,0.8846153846153846,1.0,1.0,0.8235294117647058,0.9387755102040816,0.9423076923076923,0.925
laboratory_model,xgboost,none,4,1,40,26,0.9917582417582418,0.9960212201591511,0.04395855609861323,0.8067755775885133,1.0082480855013882,-0.9277924550055914,0.06447237791144288,0.5,25,2,12,1,0.9615384615384616,0.8571428571428571,0.9259259259259259,0.9230769230769231,0.9433962264150944,0.9093406593406593,0.925,0.892428457736969,25,0,14,1,0.9615384615384616,1.0,1.0,0.9333333333333333,0.9803921568627451,0.9807692307692308,0.975
laboratory_model,xgboost,none,4,2,40,26,0.989010989010989,0.9939551829936445,0.031083306491178176,0.8633700813574585,1.1241401273417126,-1.6731830833050934,0.04057900386396796,0.5,26,1,13,0,1.0,0.9285714285714286,0.9629629629629629,1.0,0.9811320754716981,0.9642857142857143,0.975,0.8422544002532959,26,1,13,0,1.0,0.9285714285714286,0.9629629629629629,1.0,0.9811320754716981,0.9642857142857143,0.975
laboratory_model,xgboost,none,4,3,40,25,0.9893333333333334,0.9944827586206898,0.03870122278097949,0.8348747828011542,1.2216556006612755,0.4554736297173194,0.05146508030593395,0.5,24,1,14,1,0.96,0.9333333333333333,0.96,0.9333333333333333,0.96,0.9466666666666667,0.95,0.867243766784668,21,0,15,4,0.84,1.0,1.0,0.7894736842105263,0.9130434782608696,0.9199999999999999,0.9
laboratory_model,xgboost,none,4,4,40,25,0.9786666666666667,0.9889913978494623,0.05270694203258355,0.7751170473276435,1.134375952277514,0.6240181415114321,0.05761459614150228,0.5,22,0,15,3,0.88,1.0,1.0,0.8333333333333334,0.9361702127659575,0.94,0.925,0.9208847284317015,22,0,15,3,0.88,1.0,1.0,0.8333333333333334,0.9361702127659575,0.94,0.925
laboratory_model,xgboost,sigmoid,0,0,40,26,0.9862637362637363,0.9933925049309663,0.06265817048525195,0.724579470394497,1.062370875042943,0.34186024516969643,0.02220231973089365,0.5,24,1,13,2,0.9230769230769231,0.9285714285714286,0.96,0.8666666666666667,0.9411764705882353,0.9258241758241759,0.925,0.9018050314569585,24,1,13,2,0.9230769230769231,0.9285714285714286,0.96,0.8666666666666667,0.9411764705882353,0.9258241758241759,0.925
laboratory_model,xgboost,sigmoid,0,1,40,26,0.9890109890109889,0.9948717948717949,0.0403181554738343,0.8227773385765526,1.3597600112597152,0.16167490370047732,0.06672251569577486,0.5,25,1,13,1,0.9615384615384616,0.9285714285714286,0.9615384615384616,0.9285714285714286,0.9615384615384616,0.945054945054945,0.95,0.88738238763271,24,0,14,2,0.9230769230769231,1.0,1.0,0.875,0.9600000000000001,0.9615384615384616,0.95
laboratory_model,xgboost,sigmoid,0,2,40,26,0.989010989010989,0.9945419302183227,0.04424303922413926,0.8055251023114758,1.621392217248198,0.1612085483429128,0.07000488853121153,0.5,25,1,13,1,0.9615384615384616,0.9285714285714286,0.9615384615384616,0.9285714285714286,0.9615384615384616,0.945054945054945,0.95,0.8840607568425987,24,0,14,2,0.9230769230769231,1.0,1.0,0.875,0.9600000000000001,0.9615384615384616,0.95
laboratory_model,xgboost,sigmoid,0,3,40,25,0.9946666666666667,0.997037037037037,0.03367847880635908,0.8563051570928679,3.025013978068205,-0.11720869717370157,0.10529538426171331,0.5,25,2,13,0,1.0,0.8666666666666667,0.9259259259259259,1.0,0.9615384615384615,0.9333333333333333,0.95,0.8946780146014357,21,0,15,4,0.84,1.0,1.0,0.7894736842105263,0.9130434782608696,0.9199999999999999,0.9
laboratory_model,xgboost,sigmoid,0,4,40,25,1.0,1.0,0.03565035927115627,0.8478918004430666,,-0.5319157531914984,0.06788807934629086,0.5,25,2,13,0,1.0,0.8666666666666667,0.9259259259259259,1.0,0.9615384615384615,0.9333333333333333,0.95,0.8982443137615331,25,1,14,0,1.0,0.9333333333333333,0.9615384615384616,1.0,0.9803921568627451,0.9666666666666667,0.975
laboratory_model,xgboost,sigmoid,1,0,40,26,0.9917582417582418,0.9960212201591512,0.030764047275298197,0.8647734185701178,1.6565091677863997,0.3578352512012969,0.06027166428239286,0.5,25,0,14,1,0.9615384615384616,1.0,1.0,0.9333333333333333,0.9803921568627451,0.9807692307692308,0.975,0.8883144575646347,24,0,14,2,0.9230769230769231,1.0,1.0,0.875,0.9600000000000001,0.9615384615384616,0.95
laboratory_model,xgboost,sigmoid,1,1,40,26,0.9807692307692307,0.9903618794998106,0.06631427280057964,0.7085086909864631,1.1692258529438795,0.015873163754091278,0.06426872317161504,0.5,24,2,12,2,0.9230769230769231,0.8571428571428571,0.9230769230769231,0.8571428571428571,0.9230769230769231,0.8901098901098901,0.9,0.9062551321264284,23,1,13,3,0.8846153846153846,0.9285714285714286,0.9583333333333334,0.8125,0.9199999999999999,0.9065934065934066,0.9
laboratory_model,xgboost,sigmoid,1,2,40,26,0.9807692307692307,0.9909475232055875,0.059522340363215395,0.7383633390627895,1.210957748022657,0.24197577857925867,0.033860876082202625,0.5,24,1,13,2,0.9230769230769231,0.9285714285714286,0.96,0.8666666666666667,0.9411764705882353,0.9258241758241759,0.925,0.8927670587689293,24,0,14,2,0.9230769230769231,1.0,1.0,0.875,0.9600000000000001,0.9615384615384616,0.95
laboratory_model,xgboost,sigmoid,1,3,40,25,1.0,1.0000000000000002,0.01109684083438554,0.9526534791066217,,0.030022420084228337,0.08863053592132024,0.5,25,0,15,0,1.0,1.0,1.0,1.0,1.0,1.0,1.0,0.8486705747494032,25,0,15,0,1.0,1.0,1.0,1.0,1.0,1.0,1.0
laboratory_model,xgboost,sigmoid,1,4,40,25,0.9893333333333333,0.9934557413600893,0.050101371211181835,0.7862341494989575,2.528322760024849,-0.5054937893250884,0.08057037350825577,0.5,25,2,13,0,1.0,0.8666666666666667,0.9259259259259259,1.0,0.9615384615384615,0.9333333333333333,0.95,0.8906347572411388,24,1,14,1,0.96,0.9333333333333333,0.96,0.9333333333333333,0.96,0.9466666666666667,0.95
laboratory_model,xgboost,sigmoid,2,0,40,26,1.0,1.0,0.014367893322505515,0.9368444249560197,,-0.015002648390467572,0.09470456247881248,0.5,26,1,13,0,1.0,0.9285714285714286,0.9629629629629629,1.0,0.9811320754716981,0.9642857142857143,0.975,0.9015151541587382,23,0,14,3,0.8846153846153846,1.0,1.0,0.8235294117647058,0.9387755102040816,0.9423076923076923,0.925
laboratory_model,xgboost,sigmoid,2,1,40,26,0.9945054945054945,0.9972527472527472,0.026799642170864064,0.882199375073125,2.954730664968064,0.32823008166344,0.08826248121231015,0.5,25,0,14,1,0.9615384615384616,1.0,1.0,0.9333333333333333,0.9803921568627451,0.9807692307692308,0.975,0.8909658435838739,23,0,14,3,0.8846153846153846,1.0,1.0,0.8235294117647058,0.9387755102040816,0.9423076923076923,0.925
laboratory_model,xgboost,sigmoid,2,2,40,26,0.9560439560439561,0.9801129426129425,0.09041510986266899,0.6025709456585979,1.008488839008821,0.2630682138914036,0.07301724705799009,0.5,23,2,12,3,0.8846153846153846,0.8571428571428571,0.92,0.8,0.9019607843137256,0.8708791208791209,0.875,0.8983164457085813,22,0,14,4,0.8461538461538461,1.0,1.0,0.7777777777777778,0.9166666666666666,0.9230769230769231,0.9
laboratory_model,xgboost,sigmoid,2,3,40,25,0.9706666666666667,0.9852972332015811,0.08319535630479209,0.6450331464328871,1.0004670289738071,-0.5328816804077969,0.03729182293492246,0.5,24,3,12,1,0.96,0.8,0.8888888888888888,0.9230769230769231,0.923076923076923,0.88,0.9,0.9217352125829822,24,2,13,1,0.96,0.8666666666666667,0.9230769230769231,0.9285714285714286,0.9411764705882353,0.9133333333333333,0.925
laboratory_model,xgboost,sigmoid,2,4,40,25,1.0,1.0000000000000002,0.028428268788026078,0.8787060531710887,,-0.186449234714075,0.1175564168327493,0.5,25,1,14,0,1.0,0.9333333333333333,0.9615384615384616,1.0,0.9803921568627451,0.9666666666666667,0.975,0.8617950528715331,25,0,15,0,1.0,1.0,1.0,1.0,1.0,1.0,1.0
laboratory_model,xgboost,sigmoid,3,0,40,26,0.9972527472527473,0.9985754985754985,0.03946781365095801,0.8265151048309538,5.563319384984362,0.48348312355108586,0.0721567300183238,0.5,24,0,14,2,0.9230769230769231,1.0,1.0,0.875,0.9600000000000001,0.9615384615384616,0.95,0.8802909471113832,24,0,14,2,0.9230769230769231,1.0,1.0,0.875,0.9600000000000001,0.9615384615384616,0.95
laboratory_model,xgboost,sigmoid,3,1,40,26,0.9835164835164836,0.992022792022792,0.051206864409197236,0.7749148817178144,1.3875638847465903,0.47468793328408715,0.07418197282382422,0.5,24,1,13,2,0.9230769230769231,0.9285714285714286,0.96,0.8666666666666667,0.9411764705882353,0.9258241758241759,0.925,0.8985555419703314,23,0,14,3,0.8846153846153846,1.0,1.0,0.8235294117647058,0.9387755102040816,0.9423076923076923,0.925
laboratory_model,xgboost,sigmoid,3,2,40,26,1.0,1.0,0.033635163781341425,0.8521531262358619,,-0.43470708495551236,0.12396824479062497,0.5,26,2,12,0,1.0,0.8571428571428571,0.9285714285714286,1.0,0.962962962962963,0.9285714285714286,0.95,0.8428019383231407,26,0,14,0,1.0,1.0,1.0,1.0,1.0,1.0,1.0
laboratory_model,xgboost,sigmoid,3,3,40,25,0.9653333333333334,0.9786384982281456,0.07553343261577168,0.6777240208393742,0.9660473674409499,0.1013761461501615,0.035518214066289626,0.5,24,2,13,1,0.96,0.8666666666666667,0.9230769230769231,0.9285714285714286,0.9411764705882353,0.9133333333333333,0.925,0.9107733763293008,21,1,14,4,0.84,0.9333333333333333,0.9545454545454546,0.7777777777777778,0.8936170212765958,0.8866666666666667,0.875
laboratory_model,xgboost,sigmoid,3,4,40,25,1.0,1.0,0.04499123649439982,0.8080373909572275,,-0.5552041556775401,0.07662106592972916,0.5,25,2,13,0,1.0,0.8666666666666667,0.9259259259259259,1.0,0.9615384615384615,0.9333333333333333,0.95,0.9029386443900608,25,1,14,0,1.0,0.9333333333333333,0.9615384615384616,1.0,0.9803921568627451,0.9666666666666667,0.975
laboratory_model,xgboost,sigmoid,4,0,40,26,0.9917582417582418,0.9955577470962086,0.043888669290715165,0.8070827723485048,1.331550160102623,0.17188849705771134,0.03379648751065352,0.5,25,1,13,1,0.9615384615384616,0.9285714285714286,0.9615384615384616,0.9285714285714286,0.9615384615384616,0.945054945054945,0.95,0.9099129877115918,23,0,14,3,0.8846153846153846,1.0,1.0,0.8235294117647058,0.9387755102040816,0.9423076923076923,0.925
laboratory_model,xgboost,sigmoid,4,1,40,26,0.9917582417582418,0.9960212201591511,0.051892494706981575,0.7719011221671139,1.6812693490877797,-0.1912114066631197,0.12488942314397322,0.5,25,3,11,1,0.9615384615384616,0.7857142857142857,0.8928571428571429,0.9166666666666666,0.9259259259259259,0.8736263736263736,0.9,0.888924425245731,25,0,14,1,0.9615384615384616,1.0,1.0,0.9333333333333333,0.9803921568627451,0.9807692307692308,0.975
laboratory_model,xgboost,sigmoid,4,2,40,26,0.989010989010989,0.9939551829936446,0.031487173099305654,0.8615948435195355,2.630449979702887,-0.34560397184429686,0.05393990639900516,0.5,26,1,13,0,1.0,0.9285714285714286,0.9629629629629629,1.0,0.9811320754716981,0.9642857142857143,0.975,0.8937583879060301,26,1,13,0,1.0,0.9285714285714286,0.9629629629629629,1.0,0.9811320754716981,0.9642857142857143,0.975
laboratory_model,xgboost,sigmoid,4,3,40,25,0.9813333333333334,0.9912500000000002,0.03782082283678556,0.8386311558963816,1.4684939435101965,0.23639662976669518,0.06966918393202284,0.5,24,1,14,1,0.96,0.9333333333333333,0.96,0.9333333333333333,0.96,0.9466666666666667,0.95,0.8601903331020461,22,0,15,3,0.88,1.0,1.0,0.8333333333333334,0.9361702127659575,0.94,0.925
laboratory_model,xgboost,sigmoid,4,4,40,25,0.9733333333333333,0.9865064102564104,0.06011150031754185,0.7435242653118215,1.4127784489699216,0.32535203848623934,0.07211461213973336,0.5,22,1,14,3,0.88,0.9333333333333333,0.9565217391304348,0.8235294117647058,0.9166666666666666,0.9066666666666667,0.9,0.8951481431974041,22,0,15,3,0.88,1.0,1.0,0.8333333333333334,0.9361702127659575,0.94,0.925
leaky_model,dummy,isotonic,0,0,40,26,0.5,0.65,0.22765624999999998,-0.0006868131868129623,,,0.012500000000000067,0.5,26,14,0,0,1.0,0.0,0.65,,0.787878787878788,0.5,0.65,0.6333333333333333,26,14,0,0,1.0,0.0,0.65,,0.787878787878788,0.5,0.65
leaky_model,dummy,isotonic,0,1,40,26,0.5,0.65,0.22765624999999998,-0.0006868131868131844,,,0.012500000000000067,0.5,26,14,0,0,1.0,0.0,0.65,,0.787878787878788,0.5,0.65,0.6333333333333333,26,14,0,0,1.0,0.0,0.65,,0.787878787878788,0.5,0.65
leaky_model,dummy,isotonic,0,2,40,26,0.5,0.65,0.22765624999999998,-0.0006868131868129623,,,0.012500000000000067,0.5,26,14,0,0,1.0,0.0,0.65,,0.787878787878788,0.5,0.65,0.6333333333333333,26,14,0,0,1.0,0.0,0.65,,0.787878787878788,0.5,0.65
leaky_model,dummy,isotonic,0,3,40,25,0.5,0.625,0.23472656250000004,-0.0015000000000002789,,,0.018750000000000044,0.5,25,15,0,0,1.0,0.0,0.625,,0.7692307692307693,0.5,0.625,0.6416666666666666,25,15,0,0,1.0,0.0,0.625,,0.7692307692307693,0.5,0.625
leaky_model,dummy,isotonic,0,4,40,25,0.5,0.625,0.23472656250000004,-0.0015000000000002789,,,0.018750000000000044,0.5,25,15,0,0,1.0,0.0,0.625,,0.7692307692307693,0.5,0.625,0.6416666666666666,25,15,0,0,1.0,0.0,0.625,,0.7692307692307693,0.5,0.625
leaky_model,dummy,isotonic,1,0,40,26,0.5,0.65,0.22765624999999998,-0.0006868131868129623,,,0.012500000000000067,0.5,26,14,0,0,1.0,0.0,0.65,,0.787878787878788,0.5,0.65,0.6333333333333333,26,14,0,0,1.0,0.0,0.65,,0.787878787878788,0.5,0.65
leaky_model,dummy,isotonic,1,1,40,26,0.5,0.65,0.22765624999999998,-0.0006868131868131844,,,0.012500000000000067,0.5,26,14,0,0,1.0,0.0,0.65,,0.787878787878788,0.5,0.65,0.6333333333333333,26,14,0,0,1.0,0.0,0.65,,0.787878787878788,0.5,0.65
leaky_model,dummy,isotonic,1,2,40,26,0.5,0.65,0.22765624999999998,-0.0006868131868129623,,,0.012500000000000067,0.5,26,14,0,0,1.0,0.0,0.65,,0.787878787878788,0.5,0.65,0.6333333333333333,26,14,0,0,1.0,0.0,0.65,,0.787878787878788,0.5,0.65
leaky_model,dummy,isotonic,1,3,40,25,0.5,0.625,0.23472656250000004,-0.0015000000000002789,,,0.018750000000000044,0.5,25,15,0,0,1.0,0.0,0.625,,0.7692307692307693,0.5,0.625,0.6416666666666666,25,15,0,0,1.0,0.0,0.625,,0.7692307692307693,0.5,0.625
leaky_model,dummy,isotonic,1,4,40,25,0.5,0.625,0.23472656250000004,-0.0015000000000002789,,,0.018750000000000044,0.5,25,15,0,0,1.0,0.0,0.625,,0.7692307692307693,0.5,0.625,0.6416666666666666,25,15,0,0,1.0,0.0,0.625,,0.7692307692307693,0.5,0.625
leaky_model,dummy,isotonic,2,0,40,26,0.5,0.65,0.22765624999999998,-0.0006868131868131844,,,0.012500000000000067,0.5,26,14,0,0,1.0,0.0,0.65,,0.787878787878788,0.5,0.65,0.6333333333333333,26,14,0,0,1.0,0.0,0.65,,0.787878787878788,0.5,0.65
leaky_model,dummy,isotonic,2,1,40,26,0.5,0.65,0.22765624999999998,-0.0006868131868129623,,,0.012500000000000067,0.5,26,14,0,0,1.0,0.0,0.65,,0.787878787878788,0.5,0.65,0.6333333333333333,26,14,0,0,1.0,0.0,0.65,,0.787878787878788,0.5,0.65
leaky_model,dummy,isotonic,2,2,40,26,0.5,0.65,0.22765624999999998,-0.0006868131868129623,,,0.012500000000000067,0.5,26,14,0,0,1.0,0.0,0.65,,0.787878787878788,0.5,0.65,0.6333333333333333,26,14,0,0,1.0,0.0,0.65,,0.787878787878788,0.5,0.65
leaky_model,dummy,isotonic,2,3,40,25,0.5,0.625,0.23472656250000004,-0.0015000000000002789,,,0.018750000000000044,0.5,25,15,0,0,1.0,0.0,0.625,,0.7692307692307693,0.5,0.625,0.6416666666666666,25,15,0,0,1.0,0.0,0.625,,0.7692307692307693,0.5,0.625
leaky_model,dummy,isotonic,2,4,40,25,0.5,0.625,0.23472656250000004,-0.0015000000000002789,,,0.018750000000000044,0.5,25,15,0,0,1.0,0.0,0.625,,0.7692307692307693,0.5,0.625,0.6416666666666666,25,15,0,0,1.0,0.0,0.625,,0.7692307692307693,0.5,0.625
leaky_model,dummy,isotonic,3,0,40,26,0.5,0.65,0.22765624999999998,-0.0006868131868129623,,,0.012500000000000067,0.5,26,14,0,0,1.0,0.0,0.65,,0.787878787878788,0.5,0.65,0.6333333333333333,26,14,0,0,1.0,0.0,0.65,,0.787878787878788,0.5,0.65
leaky_model,dummy,isotonic,3,1,40,26,0.5,0.65,0.22765624999999998,-0.0006868131868129623,,,0.012500000000000067,0.5,26,14,0,0,1.0,0.0,0.65,,0.787878787878788,0.5,0.65,0.6333333333333333,26,14,0,0,1.0,0.0,0.65,,0.787878787878788,0.5,0.65
leaky_model,dummy,isotonic,3,2,40,26,0.5,0.65,0.22765624999999998,-0.0006868131868131844,,,0.012500000000000067,0.5,26,14,0,0,1.0,0.0,0.65,,0.787878787878788,0.5,0.65,0.6333333333333333,26,14,0,0,1.0,0.0,0.65,,0.787878787878788,0.5,0.65
leaky_model,dummy,isotonic,3,3,40,25,0.5,0.625,0.23472656250000004,-0.0015000000000002789,,,0.018750000000000044,0.5,25,15,0,0,1.0,0.0,0.625,,0.7692307692307693,0.5,0.625,0.6416666666666666,25,15,0,0,1.0,0.0,0.625,,0.7692307692307693,0.5,0.625
leaky_model,dummy,isotonic,3,4,40,25,0.5,0.625,0.23472656250000004,-0.0015000000000002789,,,0.018750000000000044,0.5,25,15,0,0,1.0,0.0,0.625,,0.7692307692307693,0.5,0.625,0.6416666666666666,25,15,0,0,1.0,0.0,0.625,,0.7692307692307693,0.5,0.625
leaky_model,dummy,isotonic,4,0,40,26,0.5,0.65,0.22765624999999998,-0.0006868131868131844,,,0.012500000000000067,0.5,26,14,0,0,1.0,0.0,0.65,,0.787878787878788,0.5,0.65,0.6333333333333333,26,14,0,0,1.0,0.0,0.65,,0.787878787878788,0.5,0.65
leaky_model,dummy,isotonic,4,1,40,26,0.5,0.65,0.22765624999999998,-0.0006868131868131844,,,0.012500000000000067,0.5,26,14,0,0,1.0,0.0,0.65,,0.787878787878788,0.5,0.65,0.6333333333333333,26,14,0,0,1.0,0.0,0.65,,0.787878787878788,0.5,0.65
leaky_model,dummy,isotonic,4,2,40,26,0.5,0.65,0.22765624999999998,-0.0006868131868131844,,,0.012500000000000067,0.5,26,14,0,0,1.0,0.0,0.65,,0.787878787878788,0.5,0.65,0.6333333333333333,26,14,0,0,1.0,0.0,0.65,,0.787878787878788,0.5,0.65
leaky_model,dummy,isotonic,4,3,40,25,0.5,0.625,0.23472656250000004,-0.0015000000000002789,,,0.018750000000000044,0.5,25,15,0,0,1.0,0.0,0.625,,0.7692307692307693,0.5,0.625,0.6416666666666666,25,15,0,0,1.0,0.0,0.625,,0.7692307692307693,0.5,0.625
leaky_model,dummy,isotonic,4,4,40,25,0.5,0.625,0.23472656250000004,-0.0015000000000002789,,,0.018750000000000044,0.5,25,15,0,0,1.0,0.0,0.625,,0.7692307692307693,0.5,0.625,0.6416666666666666,25,15,0,0,1.0,0.0,0.625,,0.7692307692307693,0.5,0.625
leaky_model,dummy,none,0,0,40,26,0.5,0.65,0.22765624999999998,-0.0006868131868129623,,,0.012500000000000067,0.5,26,14,0,0,1.0,0.0,0.65,,0.787878787878788,0.5,0.65,0.6333333333333333,26,14,0,0,1.0,0.0,0.65,,0.787878787878788,0.5,0.65
leaky_model,dummy,none,0,1,40,26,0.5,0.65,0.22765624999999998,-0.0006868131868131844,,,0.012500000000000067,0.5,26,14,0,0,1.0,0.0,0.65,,0.787878787878788,0.5,0.65,0.6333333333333333,26,14,0,0,1.0,0.0,0.65,,0.787878787878788,0.5,0.65
leaky_model,dummy,none,0,2,40,26,0.5,0.65,0.22765624999999998,-0.0006868131868129623,,,0.012500000000000067,0.5,26,14,0,0,1.0,0.0,0.65,,0.787878787878788,0.5,0.65,0.6333333333333333,26,14,0,0,1.0,0.0,0.65,,0.787878787878788,0.5,0.65
leaky_model,dummy,none,0,3,40,25,0.5,0.625,0.23472656250000004,-0.0015000000000002789,,,0.018750000000000044,0.5,25,15,0,0,1.0,0.0,0.625,,0.7692307692307693,0.5,0.625,0.6416666666666667,25,15,0,0,1.0,0.0,0.625,,0.7692307692307693,0.5,0.625
leaky_model,dummy,none,0,4,40,25,0.5,0.625,0.23472656250000004,-0.0015000000000002789,,,0.018750000000000044,0.5,25,15,0,0,1.0,0.0,0.625,,0.7692307692307693,0.5,0.625,0.6416666666666667,25,15,0,0,1.0,0.0,0.625,,0.7692307692307693,0.5,0.625
leaky_model,dummy,none,1,0,40,26,0.5,0.65,0.22765624999999998,-0.0006868131868129623,,,0.012500000000000067,0.5,26,14,0,0,1.0,0.0,0.65,,0.787878787878788,0.5,0.65,0.6333333333333333,26,14,0,0,1.0,0.0,0.65,,0.787878787878788,0.5,0.65
leaky_model,dummy,none,1,1,40,26,0.5,0.65,0.22765624999999998,-0.0006868131868131844,,,0.012500000000000067,0.5,26,14,0,0,1.0,0.0,0.65,,0.787878787878788,0.5,0.65,0.6333333333333333,26,14,0,0,1.0,0.0,0.65,,0.787878787878788,0.5,0.65
leaky_model,dummy,none,1,2,40,26,0.5,0.65,0.22765624999999998,-0.0006868131868129623,,,0.012500000000000067,0.5,26,14,0,0,1.0,0.0,0.65,,0.787878787878788,0.5,0.65,0.6333333333333333,26,14,0,0,1.0,0.0,0.65,,0.787878787878788,0.5,0.65
leaky_model,dummy,none,1,3,40,25,0.5,0.625,0.23472656250000004,-0.0015000000000002789,,,0.018750000000000044,0.5,25,15,0,0,1.0,0.0,0.625,,0.7692307692307693,0.5,0.625,0.6416666666666667,25,15,0,0,1.0,0.0,0.625,,0.7692307692307693,0.5,0.625
leaky_model,dummy,none,1,4,40,25,0.5,0.625,0.23472656250000004,-0.0015000000000002789,,,0.018750000000000044,0.5,25,15,0,0,1.0,0.0,0.625,,0.7692307692307693,0.5,0.625,0.6416666666666667,25,15,0,0,1.0,0.0,0.625,,0.7692307692307693,0.5,0.625
leaky_model,dummy,none,2,0,40,26,0.5,0.65,0.22765624999999998,-0.0006868131868131844,,,0.012500000000000067,0.5,26,14,0,0,1.0,0.0,0.65,,0.787878787878788,0.5,0.65,0.6333333333333333,26,14,0,0,1.0,0.0,0.65,,0.787878787878788,0.5,0.65
leaky_model,dummy,none,2,1,40,26,0.5,0.65,0.22765624999999998,-0.0006868131868129623,,,0.012500000000000067,0.5,26,14,0,0,1.0,0.0,0.65,,0.787878787878788,0.5,0.65,0.6333333333333333,26,14,0,0,1.0,0.0,0.65,,0.787878787878788,0.5,0.65
leaky_model,dummy,none,2,2,40,26,0.5,0.65,0.22765624999999998,-0.0006868131868129623,,,0.012500000000000067,0.5,26,14,0,0,1.0,0.0,0.65,,0.787878787878788,0.5,0.65,0.6333333333333333,26,14,0,0,1.0,0.0,0.65,,0.787878787878788,0.5,0.65
leaky_model,dummy,none,2,3,40,25,0.5,0.625,0.23472656250000004,-0.0015000000000002789,,,0.018750000000000044,0.5,25,15,0,0,1.0,0.0,0.625,,0.7692307692307693,0.5,0.625,0.6416666666666667,25,15,0,0,1.0,0.0,0.625,,0.7692307692307693,0.5,0.625
leaky_model,dummy,none,2,4,40,25,0.5,0.625,0.23472656250000004,-0.0015000000000002789,,,0.018750000000000044,0.5,25,15,0,0,1.0,0.0,0.625,,0.7692307692307693,0.5,0.625,0.6416666666666667,25,15,0,0,1.0,0.0,0.625,,0.7692307692307693,0.5,0.625
leaky_model,dummy,none,3,0,40,26,0.5,0.65,0.22765624999999998,-0.0006868131868129623,,,0.012500000000000067,0.5,26,14,0,0,1.0,0.0,0.65,,0.787878787878788,0.5,0.65,0.6333333333333333,26,14,0,0,1.0,0.0,0.65,,0.787878787878788,0.5,0.65
leaky_model,dummy,none,3,1,40,26,0.5,0.65,0.22765624999999998,-0.0006868131868129623,,,0.012500000000000067,0.5,26,14,0,0,1.0,0.0,0.65,,0.787878787878788,0.5,0.65,0.6333333333333333,26,14,0,0,1.0,0.0,0.65,,0.787878787878788,0.5,0.65
leaky_model,dummy,none,3,2,40,26,0.5,0.65,0.22765624999999998,-0.0006868131868131844,,,0.012500000000000067,0.5,26,14,0,0,1.0,0.0,0.65,,0.787878787878788,0.5,0.65,0.6333333333333333,26,14,0,0,1.0,0.0,0.65,,0.787878787878788,0.5,0.65
leaky_model,dummy,none,3,3,40,25,0.5,0.625,0.23472656250000004,-0.0015000000000002789,,,0.018750000000000044,0.5,25,15,0,0,1.0,0.0,0.625,,0.7692307692307693,0.5,0.625,0.6416666666666667,25,15,0,0,1.0,0.0,0.625,,0.7692307692307693,0.5,0.625
leaky_model,dummy,none,3,4,40,25,0.5,0.625,0.23472656250000004,-0.0015000000000002789,,,0.018750000000000044,0.5,25,15,0,0,1.0,0.0,0.625,,0.7692307692307693,0.5,0.625,0.6416666666666667,25,15,0,0,1.0,0.0,0.625,,0.7692307692307693,0.5,0.625
leaky_model,dummy,none,4,0,40,26,0.5,0.65,0.22765624999999998,-0.0006868131868131844,,,0.012500000000000067,0.5,26,14,0,0,1.0,0.0,0.65,,0.787878787878788,0.5,0.65,0.6333333333333333,26,14,0,0,1.0,0.0,0.65,,0.787878787878788,0.5,0.65
leaky_model,dummy,none,4,1,40,26,0.5,0.65,0.22765624999999998,-0.0006868131868131844,,,0.012500000000000067,0.5,26,14,0,0,1.0,0.0,0.65,,0.787878787878788,0.5,0.65,0.6333333333333333,26,14,0,0,1.0,0.0,0.65,,0.787878787878788,0.5,0.65
leaky_model,dummy,none,4,2,40,26,0.5,0.65,0.22765624999999998,-0.0006868131868131844,,,0.012500000000000067,0.5,26,14,0,0,1.0,0.0,0.65,,0.787878787878788,0.5,0.65,0.6333333333333333,26,14,0,0,1.0,0.0,0.65,,0.787878787878788,0.5,0.65
leaky_model,dummy,none,4,3,40,25,0.5,0.625,0.23472656250000004,-0.0015000000000002789,,,0.018750000000000044,0.5,25,15,0,0,1.0,0.0,0.625,,0.7692307692307693,0.5,0.625,0.6416666666666667,25,15,0,0,1.0,0.0,0.625,,0.7692307692307693,0.5,0.625
leaky_model,dummy,none,4,4,40,25,0.5,0.625,0.23472656250000004,-0.0015000000000002789,,,0.018750000000000044,0.5,25,15,0,0,1.0,0.0,0.625,,0.7692307692307693,0.5,0.625,0.6416666666666667,25,15,0,0,1.0,0.0,0.625,,0.7692307692307693,0.5,0.625
leaky_model,dummy,sigmoid,0,0,40,26,0.5,0.65,0.22768808216656228,-0.0008267347980757123,,,0.013714305179713393,0.5,26,14,0,0,1.0,0.0,0.65,,0.787878787878788,0.5,0.65,0.6313797313556672,26,14,0,0,1.0,0.0,0.65,,0.787878787878788,0.5,0.65
leaky_model,dummy,sigmoid,0,1,40,26,0.5,0.65,0.22768808216656228,-0.0008267347980759343,,,0.013714305179713393,0.5,26,14,0,0,1.0,0.0,0.65,,0.787878787878788,0.5,0.65,0.6313797313556672,26,14,0,0,1.0,0.0,0.65,,0.787878787878788,0.5,0.65
leaky_model,dummy,sigmoid,0,2,40,26,0.5,0.65,0.22768808216656228,-0.0008267347980757123,,,0.013714305179713393,0.5,26,14,0,0,1.0,0.0,0.65,,0.787878787878788,0.5,0.65,0.6313797313556673,26,14,0,0,1.0,0.0,0.65,,0.787878787878788,0.5,0.65
leaky_model,dummy,sigmoid,0,3,40,25,0.5,0.625,0.23468031287708527,-0.0013026682755639118,,,0.017473204545395915,0.5,25,15,0,0,1.0,0.0,0.625,,0.7692307692307693,0.5,0.625,0.6395701520450653,25,15,0,0,1.0,0.0,0.625,,0.7692307692307693,0.5,0.625
leaky_model,dummy,sigmoid,0,4,40,25,0.5,0.625,0.23468031287708527,-0.0013026682755639118,,,0.017473204545395915,0.5,25,15,0,0,1.0,0.0,0.625,,0.7692307692307693,0.5,0.625,0.6395701520450653,25,15,0,0,1.0,0.0,0.625,,0.7692307692307693,0.5,0.625
leaky_model,dummy,sigmoid,1,0,40,26,0.5,0.65,0.22768808216656228,-0.0008267347980757123,,,0.013714305179713393,0.5,26,14,0,0,1.0,0.0,0.65,,0.787878787878788,0.5,0.65,0.6313797313556672,26,14,0,0,1.0,0.0,0.65,,0.787878787878788,0.5,0.65
leaky_model,dummy,sigmoid,1,1,40,26,0.5,0.65,0.22768808216656228,-0.0008267347980759343,,,0.013714305179713393,0.5,26,14,0,0,1.0,0.0,0.65,,0.787878787878788,0.5,0.65,0.6313797313556672,26,14,0,0,1.0,0.0,0.65,,0.787878787878788,0.5,0.65
leaky_model,dummy,sigmoid,1,2,40,26,0.5,0.65,0.22768808216656228,-0.0008267347980757123,,,0.013714305179713393,0.5,26,14,0,0,1.0,0.0,0.65,,0.787878787878788,0.5,0.65,0.6313797313556672,26,14,0,0,1.0,0.0,0.65,,0.787878787878788,0.5,0.65
leaky_model,dummy,sigmoid,1,3,40,25,0.5,0.625,0.2346803128770852,-0.0013026682755634678,,,0.017473204545395915,0.5,25,15,0,0,1.0,0.0,0.625,,0.7692307692307693,0.5,0.625,0.6395701520450654,25,15,0,0,1.0,0.0,0.625,,0.7692307692307693,0.5,0.625
leaky_model,dummy,sigmoid,1,4,40,25,0.5,0.625,0.2346803128770852,-0.0013026682755634678,,,0.017473204545395915,0.5,25,15,0,0,1.0,0.0,0.625,,0.7692307692307693,0.5,0.625,0.6395701520450654,25,15,0,0,1.0,0.0,0.625,,0.7692307692307693,0.5,0.625
leaky_model,dummy,sigmoid,2,0,40,26,0.5,0.65,0.22768808216656228,-0.0008267347980759343,,,0.013714305179713393,0.5,26,14,0,0,1.0,0.0,0.65,,0.787878787878788,0.5,0.65,0.6313797313556672,26,14,0,0,1.0,0.0,0.65,,0.787878787878788,0.5,0.65
leaky_model,dummy,sigmoid,2,1,40,26,0.5,0.65,0.22768808216656228,-0.0008267347980757123,,,0.013714305179713393,0.5,26,14,0,0,1.0,0.0,0.65,,0.787878787878788,0.5,0.65,0.6313797313556672,26,14,0,0,1.0,0.0,0.65,,0.787878787878788,0.5,0.65
leaky_model,dummy,sigmoid,2,2,40,26,0.5,0.65,0.22768808216656228,-0.0008267347980757123,,,0.013714305179713393,0.5,26,14,0,0,1.0,0.0,0.65,,0.787878787878788,0.5,0.65,0.6313797313556672,26,14,0,0,1.0,0.0,0.65,,0.787878787878788,0.5,0.65
leaky_model,dummy,sigmoid,2,3,40,25,0.5,0.625,0.23468031287708527,-0.0013026682755639118,,,0.017473204545395915,0.5,25,15,0,0,1.0,0.0,0.625,,0.7692307692307693,0.5,0.625,0.6395701520450654,25,15,0,0,1.0,0.0,0.625,,0.7692307692307693,0.5,0.625
leaky_model,dummy,sigmoid,2,4,40,25,0.5,0.625,0.23468031287708527,-0.0013026682755639118,,,0.017473204545395915,0.5,25,15,0,0,1.0,0.0,0.625,,0.7692307692307693,0.5,0.625,0.6395701520450654,25,15,0,0,1.0,0.0,0.625,,0.7692307692307693,0.5,0.625
leaky_model,dummy,sigmoid,3,0,40,26,0.5,0.65,0.22768808216656228,-0.0008267347980757123,,,0.013714305179713393,0.5,26,14,0,0,1.0,0.0,0.65,,0.787878787878788,0.5,0.65,0.6313797313556672,26,14,0,0,1.0,0.0,0.65,,0.787878787878788,0.5,0.65
leaky_model,dummy,sigmoid,3,1,40,26,0.5,0.65,0.22768808216656228,-0.0008267347980757123,,,0.013714305179713393,0.5,26,14,0,0,1.0,0.0,0.65,,0.787878787878788,0.5,0.65,0.6313797313556673,26,14,0,0,1.0,0.0,0.65,,0.787878787878788,0.5,0.65
leaky_model,dummy,sigmoid,3,2,40,26,0.5,0.65,0.22768808216656228,-0.0008267347980759343,,,0.013714305179713393,0.5,26,14,0,0,1.0,0.0,0.65,,0.787878787878788,0.5,0.65,0.6313797313556673,26,14,0,0,1.0,0.0,0.65,,0.787878787878788,0.5,0.65
leaky_model,dummy,sigmoid,3,3,40,25,0.5,0.625,0.2346803128770852,-0.0013026682755634678,,,0.017473204545395915,0.5,25,15,0,0,1.0,0.0,0.625,,0.7692307692307693,0.5,0.625,0.6395701520450654,25,15,0,0,1.0,0.0,0.625,,0.7692307692307693,0.5,0.625
leaky_model,dummy,sigmoid,3,4,40,25,0.5,0.625,0.23468031287708527,-0.0013026682755639118,,,0.017473204545395915,0.5,25,15,0,0,1.0,0.0,0.625,,0.7692307692307693,0.5,0.625,0.6395701520450653,25,15,0,0,1.0,0.0,0.625,,0.7692307692307693,0.5,0.625
leaky_model,dummy,sigmoid,4,0,40,26,0.5,0.65,0.22768808216656228,-0.0008267347980759343,,,0.013714305179713393,0.5,26,14,0,0,1.0,0.0,0.65,,0.787878787878788,0.5,0.65,0.6313797313556672,26,14,0,0,1.0,0.0,0.65,,0.787878787878788,0.5,0.65
leaky_model,dummy,sigmoid,4,1,40,26,0.5,0.65,0.22768808216656228,-0.0008267347980759343,,,0.013714305179713393,0.5,26,14,0,0,1.0,0.0,0.65,,0.787878787878788,0.5,0.65,0.6313797313556672,26,14,0,0,1.0,0.0,0.65,,0.787878787878788,0.5,0.65
leaky_model,dummy,sigmoid,4,2,40,26,0.5,0.65,0.22768808216656228,-0.0008267347980759343,,,0.013714305179713393,0.5,26,14,0,0,1.0,0.0,0.65,,0.787878787878788,0.5,0.65,0.6313797313556672,26,14,0,0,1.0,0.0,0.65,,0.787878787878788,0.5,0.65
leaky_model,dummy,sigmoid,4,3,40,25,0.5,0.625,0.23468031287708527,-0.0013026682755639118,,,0.017473204545395915,0.5,25,15,0,0,1.0,0.0,0.625,,0.7692307692307693,0.5,0.625,0.6395701520450654,25,15,0,0,1.0,0.0,0.625,,0.7692307692307693,0.5,0.625
leaky_model,dummy,sigmoid,4,4,40,25,0.5,0.625,0.23468031287708527,-0.0013026682755639118,,,0.017473204545395915,0.5,25,15,0,0,1.0,0.0,0.625,,0.7692307692307693,0.5,0.625,0.6395701520450653,25,15,0,0,1.0,0.0,0.625,,0.7692307692307693,0.5,0.625
leaky_model,ebm,isotonic,0,0,40,26,1.0,1.0,7.449883961420115e-06,0.9999672532573124,,-0.8561945467057498,0.0006686156502696913,0.5,26,0,14,0,1.0,1.0,1.0,1.0,1.0,1.0,1.0,0.9962581720942996,26,0,14,0,1.0,1.0,1.0,1.0,1.0,1.0,1.0
leaky_model,ebm,isotonic,0,1,40,26,1.0,1.0,2.4472293279559283e-07,0.9999989242948009,,-2.5559957115609104,0.00010737288089694248,0.5,26,0,14,0,1.0,1.0,1.0,1.0,1.0,1.0,1.0,0.9998904511962308,26,0,14,0,1.0,1.0,1.0,1.0,1.0,1.0,1.0
leaky_model,ebm,isotonic,0,2,40,26,1.0,1.0,2.461797531008631e-05,0.9998917891195162,,0.3644403999338206,0.0011213296727436814,0.5,26,0,14,0,1.0,1.0,1.0,1.0,1.0,1.0,1.0,0.9982695160416092,25,0,14,1,0.9615384615384616,1.0,1.0,0.9333333333333333,0.9803921568627451,0.9807692307692308,0.975
leaky_model,ebm,isotonic,0,3,40,25,1.0,1.0,1.715672844180683e-06,0.9999926797958648,,-2.9063882609332388,0.00020710340679118997,0.5,25,0,15,0,1.0,1.0,1.0,1.0,1.0,1.0,1.0,1.0,25,0,15,0,1.0,1.0,1.0,1.0,1.0,1.0,1.0
leaky_model,ebm,isotonic,0,4,40,25,1.0,1.0,4.005064111289582e-05,0.999829117264585,,4.249784429462805,0.001801077166522988,0.5,25,0,15,0,1.0,1.0,1.0,1.0,1.0,1.0,1.0,0.9901419143679964,22,0,15,3,0.88,1.0,1.0,0.8333333333333334,0.9361702127659575,0.94,0.925
leaky_model,ebm,isotonic,1,0,40,26,1.0,1.0,3.106607088263957e-05,0.9998634458422742,,1.1324406764182333,0.0016369818129638883,0.5,26,0,14,0,1.0,1.0,1.0,1.0,1.0,1.0,1.0,0.9997584859946748,22,0,14,4,0.8461538461538461,1.0,1.0,0.7777777777777778,0.9166666666666666,0.9230769230769231,0.9
leaky_model,ebm,isotonic,1,1,40,26,1.0,1.0,1.5141658929630704e-05,0.9999334432574521,,-0.08086180873046364,0.001050860240613478,0.5,26,0,14,0,1.0,1.0,1.0,1.0,1.0,1.0,1.0,0.9956282595641992,25,0,14,1,0.9615384615384616,1.0,1.0,0.9333333333333333,0.9803921568627451,0.9807692307692308,0.975
leaky_model,ebm,isotonic,1,2,40,26,1.0,1.0,3.7059662433252977e-06,0.9999837100384908,,0.9571598623760421,0.0004434417880443046,0.5,26,0,14,0,1.0,1.0,1.0,1.0,1.0,1.0,1.0,1.0,24,0,14,2,0.9230769230769231,1.0,1.0,0.875,0.9600000000000001,0.9615384615384616,0.95
leaky_model,ebm,isotonic,1,3,40,25,1.0,1.0,1.1353379264957462e-05,0.9999515589151362,,0.9346184771226438,0.001086311411331737,0.5,25,0,15,0,1.0,1.0,1.0,1.0,1.0,1.0,1.0,0.9972226425946548,21,0,15,4,0.84,1.0,1.0,0.7894736842105263,0.9130434782608696,0.9199999999999999,0.9
leaky_model,ebm,isotonic,1,4,40,25,1.0,1.0,4.337965126164405e-05,0.9998149134879504,,0.08864062357175351,0.0017249095204992966,0.5,25,0,15,0,1.0,1.0,1.0,1.0,1.0,1.0,1.0,0.9973843218548408,24,0,15,1,0.96,1.0,1.0,0.9375,0.9795918367346939,0.98,0.975
leaky_model,ebm,isotonic,2,0,40,26,1.0,1.0,3.358863023256738e-07,0.999998523576693,,2.788940833317805,9.163600579540355e-05,0.5,26,0,14,0,1.0,1.0,1.0,1.0,1.0,1.0,1.0,1.0,25,0,14,1,0.9615384615384616,1.0,1.0,0.9333333333333333,0.9803921568627451,0.9807692307692308,0.975
leaky_model,ebm,isotonic,2,1,40,26,1.0,1.0,0.0,1.0,,0.30951991863229283,0.0,0.5,26,0,14,0,1.0,1.0,1.0,1.0,1.0,1.0,1.0,0.9984587830741032,26,0,14,0,1.0,1.0,1.0,1.0,1.0,1.0,1.0
leaky_model,ebm,isotonic,2,2,40,26,1.0,1.0,3.397862714019791e-06,0.9999850643397186,,3.4783474881481933,0.00036363971134303896,0.5,26,0,14,0,1.0,1.0,1.0,1.0,1.0,1.0,1.0,1.0,23,0,14,3,0.8846153846153846,1.0,1.0,0.8235294117647058,0.9387755102040816,0.9423076923076923,0.925
leaky_model,ebm,isotonic,2,3,40,25,1.0,1.0,2.2287171811858972e-05,0.9999049080669361,,0.012586404941775577,0.0014685941998803507,0.5,25,0,15,0,1.0,1.0,1.0,1.0,1.0,1.0,1.0,0.9968235242770572,23,0,15,2,0.92,1.0,1.0,0.8823529411764706,0.9583333333333334,0.96,0.95
leaky_model,ebm,isotonic,2,4,40,25,1.0,1.0,3.176191747509226e-05,0.9998644824854396,,-3.989439997339604,0.0017920065725715048,0.5,25,0,15,0,1.0,1.0,1.0,1.0,1.0,1.0,1.0,0.9968958083209026,25,0,15,0,1.0,1.0,1.0,1.0,1.0,1.0,1.0
leaky_model,ebm,isotonic,3,0,40,26,1.0,1.0,6.889606609983338e-06,0.9999697160149011,,0.36830471589923064,0.0006030647581779831,0.5,26,0,14,0,1.0,1.0,1.0,1.0,1.0,1.0,1.0,0.9961963094128956,25,0,14,1,0.9615384615384616,1.0,1.0,0.9333333333333333,0.9803921568627451,0.9807692307692308,0.975
leaky_model,ebm,isotonic,3,1,40,26,1.0,1.0,2.7540983376553615e-06,0.9999878940732411,,-0.48962144862224655,0.0004195483763961195,0.5,26,0,14,0,1.0,1.0,1.0,1.0,1.0,1.0,1.0,0.9924426751555896,26,0,14,0,1.0,1.0,1.0,1.0,1.0,1.0,1.0
leaky_model,ebm,isotonic,3,2,40,26,1.0,1.0,3.431619274766574e-07,0.9999984915959231,,-2.4831126285770444,9.262315146288498e-05,0.5,26,0,14,0,1.0,1.0,1.0,1.0,1.0,1.0,1.0,1.0,26,0,14,0,1.0,1.0,1.0,1.0,1.0,1.0,1.0
leaky_model,ebm,isotonic,3,3,40,25,1.0,1.0,3.0188444654366885e-05,0.9998711959694747,,-0.44688068575041284,0.001496527847176213,0.5,25,0,15,0,1.0,1.0,1.0,1.0,1.0,1.0,1.0,1.0,24,0,15,1,0.96,1.0,1.0,0.9375,0.9795918367346939,0.98,0.975
leaky_model,ebm,isotonic,3,4,40,25,1.0,1.0,2.277780607181862e-08,0.9999999028146941,,-1.8288452875827446,2.3863049926517498e-05,0.5,25,0,15,0,1.0,1.0,1.0,1.0,1.0,1.0,1.0,1.0,25,0,15,0,1.0,1.0,1.0,1.0,1.0,1.0,1.0
leaky_model,ebm,isotonic,4,0,40,26,1.0,1.0,4.899546853652953e-08,0.9999997846353031,,2.3120366848220733,3.499838158280144e-05,0.5,26,0,14,0,1.0,1.0,1.0,1.0,1.0,1.0,1.0,1.0,25,0,14,1,0.9615384615384616,1.0,1.0,0.9333333333333333,0.9803921568627451,0.9807692307692308,0.975
leaky_model,ebm,isotonic,4,1,40,26,1.0,1.0,8.01810064892795e-06,0.9999647556015432,,-1.8387110147880097,0.0006539010933740544,0.5,26,0,14,0,1.0,1.0,1.0,1.0,1.0,1.0,1.0,1.0,23,0,14,3,0.8846153846153846,1.0,1.0,0.8235294117647058,0.9387755102040816,0.9423076923076923,0.925
leaky_model,ebm,isotonic,4,2,40,26,1.0,1.0,3.4628002017693447e-06,0.999984778900212,,-3.0790215239951984,0.0003034793070016675,0.5,26,0,14,0,1.0,1.0,1.0,1.0,1.0,1.0,1.0,1.0,26,0,14,0,1.0,1.0,1.0,1.0,1.0,1.0,1.0
leaky_model,ebm,isotonic,4,3,40,25,1.0,1.0,5.9055934697676344e-05,0.9997480280119566,,1.4813814576362596,0.0020417711613367334,0.5,25,0,15,0,1.0,1.0,1.0,1.0,1.0,1.0,1.0,1.0,20,0,15,5,0.8,1.0,1.0,0.75,0.888888888888889,0.9,0.875
leaky_model,ebm,isotonic,4,4,40,25,1.0,1.0,4.5617265485820076e-05,0.9998053663339271,,0.9383459039734283,0.0019410659195057364,0.5,25,0,15,0,1.0,1.0,1.0,1.0,1.0,1.0,1.0,0.994807666423003,22,0,15,3,0.88,1.0,1.0,0.8333333333333334,0.9361702127659575,0.94,0.925
leaky_model,ebm,none,0,0,40,26,1.0,1.0,8.536326463499443e-12,0.9999999999624777,,0.19612556273957077,1.6127971422658252e-06,0.5,26,0,14,0,1.0,1.0,1.0,1.0,1.0,1.0,1.0,0.9999951429181436,24,0,14,2,0.9230769230769231,1.0,1.0,0.875,0.9600000000000001,0.9615384615384616,0.95
leaky_model,ebm,none,0,1,40,26,1.0,1.0,3.999713542814807e-12,0.9999999999824188,,0.18331978769591756,1.1631942733174792e-06,0.5,26,0,14,0,1.0,1.0,1.0,1.0,1.0,1.0,1.0,0.9999951960612592,25,0,14,1,0.9615384615384616,1.0,1.0,0.9333333333333333,0.9803921568627451,0.9807692307692308,0.975
leaky_model,ebm,none,0,2,40,26,1.0,1.0,2.929742793258775e-11,0.9999999998712201,,0.37700740494995494,2.2459829390173614e-06,0.5,26,0,14,0,1.0,1.0,1.0,1.0,1.0,1.0,1.0,0.9999944094522736,23,0,14,3,0.8846153846153846,1.0,1.0,0.8235294117647058,0.9387755102040816,0.9423076923076923,0.925
leaky_model,ebm,none,0,3,40,25,1.0,1.0,3.4405274408931036e-12,0.9999999999853204,,-0.011591372257648221,1.1184399635011305e-06,0.5,25,0,15,0,1.0,1.0,1.0,1.0,1.0,1.0,1.0,0.9999945760659714,25,0,15,0,1.0,1.0,1.0,1.0,1.0,1.0,1.0
leaky_model,ebm,none,0,4,40,25,1.0,1.0,2.5977583185299722e-11,0.9999999998891623,,0.3977133404430813,2.5848829486022353e-06,0.5,25,0,15,0,1.0,1.0,1.0,1.0,1.0,1.0,1.0,0.9999950543993098,21,0,15,4,0.84,1.0,1.0,0.7894736842105263,0.9130434782608696,0.9199999999999999,0.9
leaky_model,ebm,none,1,0,40,26,1.0,1.0,7.818704081029847e-12,0.999999999965632,,0.33222514463621916,1.3646729256236356e-06,0.5,26,0,14,0,1.0,1.0,1.0,1.0,1.0,1.0,1.0,0.999996116052118,24,0,14,2,0.9230769230769231,1.0,1.0,0.875,0.9600000000000001,0.9615384615384616,0.95
leaky_model,ebm,none,1,1,40,26,1.0,1.0,1.6634230627638487e-11,0.9999999999268825,,0.19905653134316562,2.079093467920929e-06,0.5,26,0,14,0,1.0,1.0,1.0,1.0,1.0,1.0,1.0,0.9999953537228564,24,0,14,2,0.9230769230769231,1.0,1.0,0.875,0.9600000000000001,0.9615384615384616,0.95
leaky_model,ebm,none,1,2,40,26,1.0,1.0,5.997994021206448e-12,0.9999999999736352,,0.318517646057357,1.4525912112615264e-06,0.5,26,0,14,0,1.0,1.0,1.0,1.0,1.0,1.0,1.0,0.999994844433658,24,0,14,2,0.9230769230769231,1.0,1.0,0.875,0.9600000000000001,0.9615384615384616,0.95
leaky_model,ebm,none,1,3,40,25,1.0,1.0,7.762570336100664e-12,0.9999999999668797,,0.2626079773708475,1.5260483012545974e-06,0.5,25,0,15,0,1.0,1.0,1.0,1.0,1.0,1.0,1.0,0.9999954715770712,22,0,15,3,0.88,1.0,1.0,0.8333333333333334,0.9361702127659575,0.94,0.925
leaky_model,ebm,none,1,4,40,25,1.0,1.0,1.8738935347067515e-11,0.9999999999200472,,0.1521825201866385,1.78767751715117e-06,0.5,25,0,15,0,1.0,1.0,1.0,1.0,1.0,1.0,1.0,0.9999938062744944,24,0,15,1,0.96,1.0,1.0,0.9375,0.9795918367346939,0.98,0.975
leaky_model,ebm,none,2,0,40,26,1.0,1.0,2.658067514652516e-12,0.9999999999883162,,0.13972596888973599,9.941633703324006e-07,0.5,26,0,14,0,1.0,1.0,1.0,1.0,1.0,1.0,1.0,0.999994798740539,25,0,14,1,0.9615384615384616,1.0,1.0,0.9333333333333333,0.9803921568627451,0.9807692307692308,0.975
leaky_model,ebm,none,2,1,40,26,1.0,1.0,3.6561423334954385e-12,0.9999999999839291,,0.2530583312579196,1.0584747882019601e-06,0.5,26,0,14,0,1.0,1.0,1.0,1.0,1.0,1.0,1.0,0.9999951767956188,25,0,14,1,0.9615384615384616,1.0,1.0,0.9333333333333333,0.9803921568627451,0.9807692307692308,0.975
leaky_model,ebm,none,2,2,40,26,1.0,1.0,3.2559516307574626e-11,0.9999999998568813,,0.515427277022203,2.974866425395041e-06,0.5,26,0,14,0,1.0,1.0,1.0,1.0,1.0,1.0,1.0,0.9999960652900932,20,0,14,6,0.7692307692307693,1.0,1.0,0.7,0.8695652173913044,0.8846153846153846,0.85
leaky_model,ebm,none,2,3,40,25,1.0,1.0,2.335431690728526e-11,0.9999999999003549,,0.24861054971822397,2.2440259887680944e-06,0.5,25,0,15,0,1.0,1.0,1.0,1.0,1.0,1.0,1.0,0.9999952633152874,22,0,15,3,0.88,1.0,1.0,0.8333333333333334,0.9361702127659575,0.94,0.925
leaky_model,ebm,none,2,4,40,25,1.0,1.0,7.466789318275539e-12,0.9999999999681417,,-0.11298446036150227,1.5408307928620024e-06,0.5,25,0,15,0,1.0,1.0,1.0,1.0,1.0,1.0,1.0,0.9999958078946112,24,0,15,1,0.96,1.0,1.0,0.9375,0.9795918367346939,0.98,0.975
leaky_model,ebm,none,3,0,40,26,1.0,1.0,1.3173189045396539e-11,0.9999999999420959,,0.46212126139950443,1.8637864945486372e-06,0.5,26,0,14,0,1.0,1.0,1.0,1.0,1.0,1.0,1.0,0.9999960414800576,22,0,14,4,0.8461538461538461,1.0,1.0,0.7777777777777778,0.9166666666666666,0.9230769230769231,0.9
leaky_model,ebm,none,3,1,40,26,1.0,1.0,8.681399515525456e-12,0.99999999996184,,0.2658132516169976,1.4675801610417897e-06,0.5,26,0,14,0,1.0,1.0,1.0,1.0,1.0,1.0,1.0,0.9999954468886916,24,0,14,2,0.9230769230769231,1.0,1.0,0.875,0.9600000000000001,0.9615384615384616,0.95
leaky_model,ebm,none,3,2,40,26,1.0,1.0,3.6142528035423508e-12,0.9999999999841132,,0.09522624573160628,1.1975819585144918e-06,0.5,26,0,14,0,1.0,1.0,1.0,1.0,1.0,1.0,1.0,0.9999956178848534,25,0,14,1,0.9615384615384616,1.0,1.0,0.9333333333333333,0.9803921568627451,0.9807692307692308,0.975
leaky_model,ebm,none,3,3,40,25,1.0,1.0,1.9100612713929808e-11,0.9999999999185041,,0.21399263141049263,2.1333636671446743e-06,0.5,25,0,15,0,1.0,1.0,1.0,1.0,1.0,1.0,1.0,0.9999955822158756,22,0,15,3,0.88,1.0,1.0,0.8333333333333334,0.9361702127659575,0.94,0.925
leaky_model,ebm,none,3,4,40,25,1.0,1.0,5.203224952458323e-12,0.9999999999777995,,0.0528350194962831,1.343012979302125e-06,0.5,25,0,15,0,1.0,1.0,1.0,1.0,1.0,1.0,1.0,0.9999948786989604,24,0,15,1,0.96,1.0,1.0,0.9375,0.9795918367346939,0.98,0.975
leaky_model,ebm,none,4,0,40,26,1.0,1.0,1.0112348756263591e-11,0.9999999999555501,,0.42780859642696617,1.523849787224996e-06,0.5,26,0,14,0,1.0,1.0,1.0,1.0,1.0,1.0,1.0,0.9999958684222608,23,0,14,3,0.8846153846153846,1.0,1.0,0.8235294117647058,0.9387755102040816,0.9423076923076923,0.925
leaky_model,ebm,none,4,1,40,26,1.0,1.0,1.0963618297815788e-11,0.9999999999518082,,0.15849290462788176,1.7722708318075277e-06,0.5,26,0,14,0,1.0,1.0,1.0,1.0,1.0,1.0,1.0,0.9999952823486598,23,0,14,3,0.8846153846153846,1.0,1.0,0.8235294117647058,0.9387755102040816,0.9423076923076923,0.925
leaky_model,ebm,none,4,2,40,26,1.0,1.0,3.5976559721098987e-12,0.9999999999841861,,-0.029667678820699397,1.0941787255469995e-06,0.5,26,0,14,0,1.0,1.0,1.0,1.0,1.0,1.0,1.0,0.9999940181213908,26,0,14,0,1.0,1.0,1.0,1.0,1.0,1.0,1.0
leaky_model,ebm,none,4,3,40,25,1.0,1.0,1.828003683643486e-11,0.9999999999220052,,0.3296533242864287,1.7715406282089007e-06,0.5,25,0,15,0,1.0,1.0,1.0,1.0,1.0,1.0,1.0,0.9999929176786558,24,0,15,1,0.96,1.0,1.0,0.9375,0.9795918367346939,0.98,0.975
leaky_model,ebm,none,4,4,40,25,1.0,1.0,3.101052183387787e-11,0.9999999998676884,,0.2718431592411611,2.9030994187461746e-06,0.5,25,0,15,0,1.0,1.0,1.0,1.0,1.0,1.0,1.0,0.9999961820911664,20,0,15,5,0.8,1.0,1.0,0.75,0.888888888888889,0.9,0.875
leaky_model,ebm,sigmoid,0,0,40,26,1.0,1.0,0.002802232853509709,0.9876824929516057,,0.06661319834813757,0.0480817478541269,0.5,26,0,14,0,1.0,1.0,1.0,1.0,1.0,1.0,1.0,0.914048925767308,25,0,14,1,0.9615384615384616,1.0,1.0,0.9333333333333333,0.9803921568627451,0.9807692307692308,0.975
leaky_model,ebm,sigmoid,0,1,40,26,1.0,1.0,0.0024225328079040724,0.989351504141081,,0.011317271539166378,0.04440064012828805,0.5,26,0,14,0,1.0,1.0,1.0,1.0,1.0,1.0,1.0,0.9129723276604584,26,0,14,0,1.0,1.0,1.0,1.0,1.0,1.0,1.0
leaky_model,ebm,sigmoid,0,2,40,26,1.0,1.0,0.0031274721942541363,0.986252869475806,,0.10770154227874255,0.05167795047492182,0.5,26,0,14,0,1.0,1.0,1.0,1.0,1.0,1.0,1.0,0.9081693308639835,25,0,14,1,0.9615384615384616,1.0,1.0,0.9333333333333333,0.9803921568627451,0.9807692307692308,0.975
leaky_model,ebm,sigmoid,0,3,40,25,1.0,1.0,0.0026403862050390497,0.9887343521918334,,-0.02353686509664029,0.047645145366497325,0.5,25,0,15,0,1.0,1.0,1.0,1.0,1.0,1.0,1.0,0.9105015939562212,25,0,15,0,1.0,1.0,1.0,1.0,1.0,1.0,1.0
leaky_model,ebm,sigmoid,0,4,40,25,1.0,1.0,0.0031180980844233448,0.9866961148397937,,-0.020376131863745046,0.049453576519834966,0.5,25,0,15,0,1.0,1.0,1.0,1.0,1.0,1.0,1.0,0.9133998689455716,22,0,15,3,0.88,1.0,1.0,0.8333333333333334,0.9361702127659575,0.94,0.925
leaky_model,ebm,sigmoid,1,0,40,26,1.0,1.0,0.00252702532620529,0.9888921963683284,,0.037497180320165927,0.045628042917313205,0.5,26,0,14,0,1.0,1.0,1.0,1.0,1.0,1.0,1.0,0.9128923642478548,25,0,14,1,0.9615384615384616,1.0,1.0,0.9333333333333333,0.9803921568627451,0.9807692307692308,0.975
leaky_model,ebm,sigmoid,1,1,40,26,1.0,1.0,0.0030481287096513973,0.9866016320454883,,0.06585367432826382,0.050084131376947436,0.5,26,0,14,0,1.0,1.0,1.0,1.0,1.0,1.0,1.0,0.9119247790451182,24,0,14,2,0.9230769230769231,1.0,1.0,0.875,0.9600000000000001,0.9615384615384616,0.95
leaky_model,ebm,sigmoid,1,2,40,26,1.0,1.0,0.002937171618799022,0.9870893555217626,,0.12971190146024095,0.05047592897850668,0.5,26,0,14,0,1.0,1.0,1.0,1.0,1.0,1.0,1.0,0.910472311162102,26,0,14,0,1.0,1.0,1.0,1.0,1.0,1.0,1.0
leaky_model,ebm,sigmoid,1,3,40,25,1.0,1.0,0.002659718330324059,0.988651868457284,,-0.07609005635344675,0.04551126941711176,0.5,25,0,15,0,1.0,1.0,1.0,1.0,1.0,1.0,1.0,0.9164367977041128,24,0,15,1,0.96,1.0,1.0,0.9375,0.9795918367346939,0.98,0.975
leaky_model,ebm,sigmoid,1,4,40,25,1.0,1.0,0.002834372040209628,0.9879066792951056,,-0.01076368308773093,0.048896453788291896,0.5,25,0,15,0,1.0,1.0,1.0,1.0,1.0,1.0,1.0,0.9075633984755672,24,0,15,1,0.96,1.0,1.0,0.9375,0.9795918367346939,0.98,0.975
leaky_model,ebm,sigmoid,2,0,40,26,1.0,1.0,0.0024012852886780545,0.9894448998299866,,-0.017369100727391288,0.04428504334563338,0.5,26,0,14,0,1.0,1.0,1.0,1.0,1.0,1.0,1.0,0.911019751344268,26,0,14,0,1.0,1.0,1.0,1.0,1.0,1.0,1.0
leaky_model,ebm,sigmoid,2,1,40,26,1.0,1.0,0.0024164295712815974,0.9893783315548061,,0.06864487010160315,0.045308977225758225,0.5,26,0,14,0,1.0,1.0,1.0,1.0,1.0,1.0,1.0,0.9123319330001084,26,0,14,0,1.0,1.0,1.0,1.0,1.0,1.0,1.0
leaky_model,ebm,sigmoid,2,2,40,26,1.0,1.0,0.003709911735735494,0.9836926956670967,,0.18382380319274566,0.05640466109787957,0.5,26,0,14,0,1.0,1.0,1.0,1.0,1.0,1.0,1.0,0.9152244136426508,22,0,14,4,0.8461538461538461,1.0,1.0,0.7777777777777778,0.9166666666666666,0.9230769230769231,0.9
leaky_model,ebm,sigmoid,2,3,40,25,1.0,1.0,0.0030443444685796816,0.98701079693406,,-0.004668421707981282,0.05030496026922976,0.5,25,0,15,0,1.0,1.0,1.0,1.0,1.0,1.0,1.0,0.9140041162011048,23,0,15,2,0.92,1.0,1.0,0.8823529411764706,0.9583333333333334,0.96,0.95
leaky_model,ebm,sigmoid,2,4,40,25,1.0,1.0,0.00267573044169021,0.9885835501154551,,-0.12155442322675088,0.0457290394933923,0.5,25,0,15,0,1.0,1.0,1.0,1.0,1.0,1.0,1.0,0.9156681794723756,25,0,15,0,1.0,1.0,1.0,1.0,1.0,1.0,1.0
leaky_model,ebm,sigmoid,3,0,40,26,1.0,1.0,0.0029914045529141954,0.9868509689981794,,0.10897579190083649,0.049894753895807345,0.5,26,0,14,0,1.0,1.0,1.0,1.0,1.0,1.0,1.0,0.9163678270508674,23,0,14,3,0.8846153846153846,1.0,1.0,0.8235294117647058,0.9387755102040816,0.9423076923076923,0.925
leaky_model,ebm,sigmoid,3,1,40,26,1.0,1.0,0.002556120563122527,0.9887643052170438,,0.02596940016676843,0.04532858132786991,0.5,26,0,14,0,1.0,1.0,1.0,1.0,1.0,1.0,1.0,0.9139286662366508,24,0,14,2,0.9230769230769231,1.0,1.0,0.875,0.9600000000000001,0.9615384615384616,0.95
leaky_model,ebm,sigmoid,3,2,40,26,1.0,1.0,0.002647111361743142,0.9883643456626675,,0.0187256771983776,0.046821369639781674,0.5,26,0,14,0,1.0,1.0,1.0,1.0,1.0,1.0,1.0,0.912883918900282,26,0,14,0,1.0,1.0,1.0,1.0,1.0,1.0,1.0
leaky_model,ebm,sigmoid,3,3,40,25,1.0,1.0,0.003197128569356657,0.9863589181040783,,0.024066610321572573,0.0516264829877294,0.5,25,0,15,0,1.0,1.0,1.0,1.0,1.0,1.0,1.0,0.9133256480335478,23,0,15,2,0.92,1.0,1.0,0.8823529411764706,0.9583333333333334,0.96,0.95
leaky_model,ebm,sigmoid,3,4,40,25,1.0,1.0,0.0026727716777991445,0.9885961741747237,,-0.024094321386528925,0.047400933302706005,0.5,25,0,15,0,1.0,1.0,1.0,1.0,1.0,1.0,1.0,0.9122852270659448,25,0,15,0,1.0,1.0,1.0,1.0,1.0,1.0,1.0
leaky_model,ebm,sigmoid,4,0,40,26,1.0,1.0,0.002618350944502988,0.9884907650791077,,0.09428251362202117,0.04655842938549852,0.5,26,0,14,0,1.0,1.0,1.0,1.0,1.0,1.0,1.0,0.9164397856048294,23,0,14,3,0.8846153846153846,1.0,1.0,0.8235294117647058,0.9387755102040816,0.9423076923076923,0.925
leaky_model,ebm,sigmoid,4,1,40,26,1.0,1.0,0.002871433231022725,0.987378315468032,,0.04613293129364026,0.048498024247531524,0.5,26,0,14,0,1.0,1.0,1.0,1.0,1.0,1.0,1.0,0.9110011764983518,25,0,14,1,0.9615384615384616,1.0,1.0,0.9333333333333333,0.9803921568627451,0.9807692307692308,0.975
leaky_model,ebm,sigmoid,4,2,40,26,1.0,1.0,0.0024088082111478467,0.9894118320389106,,0.011123229017210022,0.045153845915788325,0.5,26,0,14,0,1.0,1.0,1.0,1.0,1.0,1.0,1.0,0.9096066634087944,26,0,14,0,1.0,1.0,1.0,1.0,1.0,1.0,1.0
leaky_model,ebm,sigmoid,4,3,40,25,1.0,1.0,0.0027963941418840026,0.9880687183279616,,-0.008157632014700062,0.048130315880489265,0.5,25,0,15,0,1.0,1.0,1.0,1.0,1.0,1.0,1.0,0.9084307978083264,24,0,15,1,0.96,1.0,1.0,0.9375,0.9795918367346939,0.98,0.975
leaky_model,ebm,sigmoid,4,4,40,25,1.0,1.0,0.0034776038562422443,0.9851622235466998,,0.041638188494410186,0.053500246532254186,0.5,25,0,15,0,1.0,1.0,1.0,1.0,1.0,1.0,1.0,0.9132123427825378,23,0,15,2,0.92,1.0,1.0,0.8823529411764706,0.9583333333333334,0.96,0.95
leaky_model,logreg,isotonic,0,0,40,26,1.0,1.0,0.005188975617184252,0.9771913159684209,,-0.6285486370029973,0.020555101444538752,0.5,26,0,14,0,1.0,1.0,1.0,1.0,1.0,1.0,1.0,1.0,24,0,14,2,0.9230769230769231,1.0,1.0,0.875,0.9600000000000001,0.9615384615384616,0.95
leaky_model,logreg,isotonic,0,1,40,26,1.0,1.0,4.3247172163932424e-05,0.9998099025399387,,-0.0004385052525684708,0.0015554643050518587,0.5,26,0,14,0,1.0,1.0,1.0,1.0,1.0,1.0,1.0,1.0,25,0,14,1,0.9615384615384616,1.0,1.0,0.9333333333333333,0.9803921568627451,0.9807692307692308,0.975
leaky_model,logreg,isotonic,0,2,40,26,1.0,1.0,0.0006291034896637121,0.9972347099355441,,0.4455804983886058,0.005388549385332881,0.5,26,0,14,0,1.0,1.0,1.0,1.0,1.0,1.0,1.0,0.954141515192454,25,0,14,1,0.9615384615384616,1.0,1.0,0.9333333333333333,0.9803921568627451,0.9807692307692308,0.975
leaky_model,logreg,isotonic,0,3,40,25,1.0,1.0,0.003873149289088358,0.983474563033223,,-5.0803051263477155,0.0098401591565995,0.5,25,0,15,0,1.0,1.0,1.0,1.0,1.0,1.0,1.0,1.0,25,0,15,0,1.0,1.0,1.0,1.0,1.0,1.0,1.0
leaky_model,logreg,isotonic,0,4,40,25,1.0,1.0,0.019385650105221093,0.9172878928843899,,3.1652965877582746,0.02534076845806471,0.5,24,0,15,1,0.96,1.0,1.0,0.9375,0.9795918367346939,0.98,0.975,0.9875425221719144,21,0,15,4,0.84,1.0,1.0,0.7894736842105263,0.9130434782608696,0.9199999999999999,0.9
leaky_model,logreg,isotonic,1,0,40,26,1.0,1.0,0.0002581783578684646,0.9988651500753034,,0.7236604600887276,0.004971906481321626,0.5,26,0,14,0,1.0,1.0,1.0,1.0,1.0,1.0,1.0,0.9809847561550604,23,0,14,3,0.8846153846153846,1.0,1.0,0.8235294117647058,0.9387755102040816,0.9423076923076923,0.925
leaky_model,logreg,isotonic,1,1,40,26,0.9972527472527473,0.9985754985754985,0.017820626539677482,0.9216675756497693,1.0863245593360842,0.8859250769151733,0.014748681270894059,0.5,25,0,14,1,0.9615384615384616,1.0,1.0,0.9333333333333333,0.9803921568627451,0.9807692307692308,0.975,1.0,23,0,14,3,0.8846153846153846,1.0,1.0,0.8235294117647058,0.9387755102040816,0.9423076923076923,0.925
leaky_model,logreg,isotonic,1,2,40,26,1.0,1.0,5.138475069337368e-05,0.9997741329639852,,0.5687464564353166,0.0019888841318530678,0.5,26,0,14,0,1.0,1.0,1.0,1.0,1.0,1.0,1.0,1.0,23,0,14,3,0.8846153846153846,1.0,1.0,0.8235294117647058,0.9387755102040816,0.9423076923076923,0.925
leaky_model,logreg,isotonic,1,3,40,25,1.0,1.0,0.0021695646656343234,0.9907431907599602,,1.5041472483803253,0.012478507988642492,0.5,25,0,15,0,1.0,1.0,1.0,1.0,1.0,1.0,1.0,1.0,22,0,15,3,0.88,1.0,1.0,0.8333333333333334,0.9361702127659575,0.94,0.925
leaky_model,logreg,isotonic,1,4,40,25,1.0,1.0,0.0021646121466252907,0.9907643215077321,,-0.13764235389067492,0.012345677817685127,0.5,25,0,15,0,1.0,1.0,1.0,1.0,1.0,1.0,1.0,0.9767389170409584,24,0,15,1,0.96,1.0,1.0,0.9375,0.9795918367346939,0.98,0.975
leaky_model,logreg,isotonic,2,0,40,26,1.0,1.0,1.7356471144850013e-05,0.9999237078191435,,3.783587113683636,0.0006587198028154385,0.5,26,0,14,0,1.0,1.0,1.0,1.0,1.0,1.0,1.0,1.0,25,0,14,1,0.9615384615384616,1.0,1.0,0.9333333333333333,0.9803921568627451,0.9807692307692308,0.975
leaky_model,logreg,isotonic,2,1,40,26,1.0,1.0,0.0,1.0,,0.30951991863229283,0.0,0.5,26,0,14,0,1.0,1.0,1.0,1.0,1.0,1.0,1.0,1.0,26,0,14,0,1.0,1.0,1.0,1.0,1.0,1.0,1.0
leaky_model,logreg,isotonic,2,2,40,26,1.0,1.0,0.02012545427678107,0.9115364647174459,,6.662271723664846,0.023772893517251408,0.5,25,0,14,1,0.9615384615384616,1.0,1.0,0.9333333333333333,0.9803921568627451,0.9807692307692308,0.975,0.998034732087492,23,0,14,3,0.8846153846153846,1.0,1.0,0.8235294117647058,0.9387755102040816,0.9423076923076923,0.925
leaky_model,logreg,isotonic,2,3,40,25,1.0,1.0,0.0011890402027397227,0.9949267618016439,,0.5870469614548212,0.008761827357972169,0.5,25,0,15,0,1.0,1.0,1.0,1.0,1.0,1.0,1.0,0.9767057687950084,23,0,15,2,0.92,1.0,1.0,0.8823529411764706,0.9583333333333334,0.96,0.95
leaky_model,logreg,isotonic,2,4,40,25,1.0,1.0,0.008979634103038394,0.9616868944937028,,-5.612596752674101,0.03343838642940859,0.5,25,0,15,0,1.0,1.0,1.0,1.0,1.0,1.0,1.0,1.0,25,0,15,0,1.0,1.0,1.0,1.0,1.0,1.0,1.0
leaky_model,logreg,isotonic,3,0,40,26,1.0,1.0,0.016400880663535157,0.9279082168635817,,1.5263620683713544,0.018203655903372192,0.5,25,0,14,1,0.9615384615384616,1.0,1.0,0.9333333333333333,0.9803921568627451,0.9807692307692308,0.975,1.0,24,0,14,2,0.9230769230769231,1.0,1.0,0.875,0.9600000000000001,0.9615384615384616,0.95
leaky_model,logreg,isotonic,3,1,40,26,1.0,1.0,0.00021530777534644615,0.9990535921962793,,-4.2702522880516005,0.00309487669693911,0.5,26,0,14,0,1.0,1.0,1.0,1.0,1.0,1.0,1.0,0.9631261499351316,26,0,14,0,1.0,1.0,1.0,1.0,1.0,1.0,1.0
leaky_model,logreg,isotonic,3,2,40,26,1.0,1.0,0.00018216917411781788,0.9991992563775041,,-0.943332029510792,0.0024495200172484667,0.5,26,0,14,0,1.0,1.0,1.0,1.0,1.0,1.0,1.0,0.9979440937740152,25,0,14,1,0.9615384615384616,1.0,1.0,0.9333333333333333,0.9803921568627451,0.9807692307692308,0.975
leaky_model,logreg,isotonic,3,3,40,25,1.0,1.0,0.00909192999922107,0.9612077653366567,,-0.41011673572397495,0.028726796072364915,0.5,25,0,15,0,1.0,1.0,1.0,1.0,1.0,1.0,1.0,0.9985098569236444,21,0,15,4,0.84,1.0,1.0,0.7894736842105263,0.9130434782608696,0.9199999999999999,0.9
leaky_model,logreg,isotonic,3,4,40,25,1.0,1.0,0.0,1.0,,0.2554130701510444,0.0,0.5,25,0,15,0,1.0,1.0,1.0,1.0,1.0,1.0,1.0,0.9961296106107588,25,0,15,0,1.0,1.0,1.0,1.0,1.0,1.0,1.0
leaky_model,logreg,isotonic,4,0,40,26,1.0,1.0,4.595433394400125e-05,0.9997980029277187,,4.2621482722601085,0.0017151166750507486,0.5,26,0,14,0,1.0,1.0,1.0,1.0,1.0,1.0,1.0,0.9780830394948988,24,0,14,2,0.9230769230769231,1.0,1.0,0.875,0.9600000000000001,0.9615384615384616,0.95
leaky_model,logreg,isotonic,4,1,40,26,1.0,1.0,0.006317131840621358,0.9722323875137523,,-0.6739618876583333,0.020136704899621823,0.5,26,0,14,0,1.0,1.0,1.0,1.0,1.0,1.0,1.0,0.9913571022419164,25,0,14,1,0.9615384615384616,1.0,1.0,0.9333333333333333,0.9803921568627451,0.9807692307692308,0.975
leaky_model,logreg,isotonic,4,2,40,26,1.0,1.0,0.0015337669792407473,0.9932581671242164,,-4.743110304387864,0.006551361348819233,0.5,26,0,14,0,1.0,1.0,1.0,1.0,1.0,1.0,1.0,1.0,26,0,14,0,1.0,1.0,1.0,1.0,1.0,1.0,1.0
leaky_model,logreg,isotonic,4,3,40,25,1.0,1.0,0.0018885421690478157,0.9919422200787293,,0.9491294211431074,0.01189591471031096,0.5,25,0,15,0,1.0,1.0,1.0,1.0,1.0,1.0,1.0,1.0,19,0,15,6,0.76,1.0,1.0,0.7142857142857143,0.8636363636363636,0.88,0.85
leaky_model,logreg,isotonic,4,4,40,25,1.0,1.0,0.02013958040932838,0.9140711235868656,,1.4363880078066127,0.022870659227454074,0.5,24,0,15,1,0.96,1.0,1.0,0.9375,0.9795918367346939,0.98,0.975,0.9796173305539524,21,0,15,4,0.84,1.0,1.0,0.7894736842105263,0.9130434782608696,0.9199999999999999,0.9
leaky_model,logreg,none,0,0,40,26,1.0,1.0,0.0683748056905799,0.6994514035578906,,0.7713647204351473,0.2259890049672075,0.5,24,0,14,2,0.9230769230769231,1.0,1.0,0.875,0.9600000000000001,0.9615384615384616,0.95,0.5442368064628804,23,0,14,3,0.8846153846153846,1.0,1.0,0.8235294117647058,0.9387755102040816,0.9423076923076923,0.925
leaky_model,logreg,none,0,1,40,26,1.0,1.0,0.030224612610705283,0.8671445599529438,,0.7659647869625588,0.13355897855938115,0.5,26,0,14,0,1.0,1.0,1.0,1.0,1.0,1.0,1.0,0.591570848697455,25,0,14,1,0.9615384615384616,1.0,1.0,0.9333333333333333,0.9803921568627451,0.9807692307692308,0.975
leaky_model,logreg,none,0,2,40,26,1.0,1.0,0.07347968776843027,0.6770123614574495,,0.7849031379482466,0.2153775529543463,0.5,22,0,14,4,0.8461538461538461,1.0,1.0,0.7777777777777778,0.9166666666666666,0.9230769230769231,0.9,0.5218758859501359,22,0,14,4,0.8461538461538461,1.0,1.0,0.7777777777777778,0.9166666666666666,0.9230769230769231,0.9
leaky_model,logreg,none,0,3,40,25,1.0,1.0,0.06560859840305058,0.7200699801469842,,0.6717603571076901,0.23463517311089552,0.5,25,0,15,0,1.0,1.0,1.0,1.0,1.0,1.0,1.0,0.5022353791121492,25,0,15,0,1.0,1.0,1.0,1.0,1.0,1.0,1.0
leaky_model,logreg,none,0,4,40,25,1.0,1.0,0.06966038610294292,0.7027823526274435,,0.6225605078368915,0.18725653493585057,0.5,22,0,15,3,0.88,1.0,1.0,0.8333333333333334,0.9361702127659575,0.94,0.925,0.5359105609864091,21,0,15,4,0.84,1.0,1.0,0.7894736842105263,0.9130434782608696,0.9199999999999999,0.9
leaky_model,logreg,none,1,0,40,26,1.0,1.0,0.05608699506901205,0.7534637579384086,,0.6568569127801829,0.20886075872242266,0.5,25,0,14,1,0.9615384615384616,1.0,1.0,0.9333333333333333,0.9803921568627451,0.9807692307692308,0.975,0.5336899795315462,24,0,14,2,0.9230769230769231,1.0,1.0,0.875,0.9600000000000001,0.9615384615384616,0.95
leaky_model,logreg,none,1,1,40,26,0.9972527472527473,0.9985754985754985,0.07571861261099447,0.6671709335780462,16.59348604463175,0.7449611538621017,0.20820406017151194,0.5,23,0,14,3,0.8846153846153846,1.0,1.0,0.8235294117647058,0.9387755102040816,0.9423076923076923,0.925,0.5380654288281171,23,0,14,3,0.8846153846153846,1.0,1.0,0.8235294117647058,0.9387755102040816,0.9423076923076923,0.925
leaky_model,logreg,none,1,2,40,26,1.0,1.0,0.07685404064128983,0.6621800411371876,,0.8291390663749535,0.24547337016776488,0.5,24,0,14,2,0.9230769230769231,1.0,1.0,0.875,0.9600000000000001,0.9615384615384616,0.95,0.5289750663022347,24,0,14,2,0.9230769230769231,1.0,1.0,0.875,0.9600000000000001,0.9615384615384616,0.95
leaky_model,logreg,none,1,3,40,25,1.0,1.0,0.05979409783773182,0.7448785158923442,,0.5966368584261265,0.206477045418615,0.5,22,0,15,3,0.88,1.0,1.0,0.8333333333333334,0.9361702127659575,0.94,0.925,0.5339283085040374,22,0,15,3,0.88,1.0,1.0,0.8333333333333334,0.9361702127659575,0.94,0.925
leaky_model,logreg,none,1,4,40,25,1.0,1.0,0.0654597481268581,0.7207050746587387,,0.6829023061777244,0.20396965078407964,0.5,24,0,15,1,0.96,1.0,1.0,0.9375,0.9795918367346939,0.98,0.975,0.51446616748449,24,0,15,1,0.96,1.0,1.0,0.9375,0.9795918367346939,0.98,0.975
leaky_model,logreg,none,2,0,40,26,1.0,1.0,0.05532306841753202,0.7568216772855736,,0.611521107936369,0.2098904018283286,0.5,25,0,14,1,0.9615384615384616,1.0,1.0,0.9333333333333333,0.9803921568627451,0.9807692307692308,0.975,0.5122505664402456,25,0,14,1,0.9615384615384616,1.0,1.0,0.9333333333333333,0.9803921568627451,0.9807692307692308,0.975
leaky_model,logreg,none,2,1,40,26,1.0,1.0,0.057781923032815444,0.7460135251304816,,0.7888940381335203,0.20894569061453763,0.5,25,0,14,1,0.9615384615384616,1.0,1.0,0.9333333333333333,0.9803921568627451,0.9807692307692308,0.975,0.5097745395661518,25,0,14,1,0.9615384615384616,1.0,1.0,0.9333333333333333,0.9803921568627451,0.9807692307692308,0.975
leaky_model,logreg,none,2,2,40,26,1.0,1.0,0.09430742959713195,0.5854618479246948,,0.8868548991270568,0.23063140630111276,0.5,22,0,14,4,0.8461538461538461,1.0,1.0,0.7777777777777778,0.9166666666666666,0.9230769230769231,0.9,0.5350770012145725,21,0,14,5,0.8076923076923077,1.0,1.0,0.7368421052631579,0.8936170212765957,0.9038461538461539,0.875
leaky_model,logreg,none,2,3,40,25,1.0,1.0,0.040705268418824755,0.826324188079681,,0.7923945675334626,0.15399357363025581,0.5,24,0,15,1,0.96,1.0,1.0,0.9375,0.9795918367346939,0.98,0.975,0.6008179004573457,22,0,15,3,0.88,1.0,1.0,0.8333333333333334,0.9361702127659575,0.94,0.925
leaky_model,logreg,none,2,4,40,25,1.0,1.0,0.054906000666403644,0.7657343971566778,,0.4776190691423341,0.20819293804235184,0.5,25,0,15,0,1.0,1.0,1.0,1.0,1.0,1.0,1.0,0.5302571423903663,24,0,15,1,0.96,1.0,1.0,0.9375,0.9795918367346939,0.98,0.975
leaky_model,logreg,none,3,0,40,26,1.0,1.0,0.07779690518695861,0.6580355815957863,,0.8208665461768796,0.21856813036445716,0.5,24,0,14,2,0.9230769230769231,1.0,1.0,0.875,0.9600000000000001,0.9615384615384616,0.95,0.5398125985519274,22,0,14,4,0.8461538461538461,1.0,1.0,0.7777777777777778,0.9166666666666666,0.9230769230769231,0.9
leaky_model,logreg,none,3,1,40,26,1.0,1.0,0.028529148997617392,0.8745971472632202,,0.7195130525470005,0.1260493579759156,0.5,26,0,14,0,1.0,1.0,1.0,1.0,1.0,1.0,1.0,0.6262123345765473,23,0,14,3,0.8846153846153846,1.0,1.0,0.8235294117647058,0.9387755102040816,0.9423076923076923,0.925
leaky_model,logreg,none,3,2,40,26,1.0,1.0,0.06043885081738072,0.734334721681843,,0.6546816101781983,0.2190520225970045,0.5,25,0,14,1,0.9615384615384616,1.0,1.0,0.9333333333333333,0.9803921568627451,0.9807692307692308,0.975,0.5166865561949945,25,0,14,1,0.9615384615384616,1.0,1.0,0.9333333333333333,0.9803921568627451,0.9807692307692308,0.975
leaky_model,logreg,none,3,3,40,25,1.0,1.0,0.02805290360359834,0.8803076112913137,,1.0357790685909056,0.11092616440366854,0.5,24,0,15,1,0.96,1.0,1.0,0.9375,0.9795918367346939,0.98,0.975,0.6812065717680543,22,0,15,3,0.88,1.0,1.0,0.8333333333333334,0.9361702127659575,0.94,0.925
leaky_model,logreg,none,3,4,40,25,1.0,1.0,0.05827756259963447,0.7513490662415596,,0.6372894294189878,0.21609950266247002,0.5,24,0,15,1,0.96,1.0,1.0,0.9375,0.9795918367346939,0.98,0.975,0.5248035939825262,24,0,15,1,0.96,1.0,1.0,0.9375,0.9795918367346939,0.98,0.975
leaky_model,logreg,none,4,0,40,26,1.0,1.0,0.06317959692150796,0.7222874860593056,,0.7623707686482654,0.21615767362840463,0.5,23,0,14,3,0.8846153846153846,1.0,1.0,0.8235294117647058,0.9387755102040816,0.9423076923076923,0.925,0.539034458801456,23,0,14,3,0.8846153846153846,1.0,1.0,0.8235294117647058,0.9387755102040816,0.9423076923076923,0.925
leaky_model,logreg,none,4,1,40,26,1.0,1.0,0.06860375065676148,0.6984450520581913,,0.7382315649571957,0.2288839960162032,0.5,24,0,14,2,0.9230769230769231,1.0,1.0,0.875,0.9600000000000001,0.9615384615384616,0.95,0.5384659520103996,23,0,14,3,0.8846153846153846,1.0,1.0,0.8235294117647058,0.9387755102040816,0.9423076923076923,0.925
leaky_model,logreg,none,4,2,40,26,1.0,1.0,0.05049838400943032,0.7780290812772294,,0.599425666387741,0.20728869674321768,0.5,26,0,14,0,1.0,1.0,1.0,1.0,1.0,1.0,1.0,0.5119445292745056,26,0,14,0,1.0,1.0,1.0,1.0,1.0,1.0,1.0
leaky_model,logreg,none,4,3,40,25,1.0,1.0,0.0690719647274371,0.7052929504962684,,0.7044938035281025,0.20908694338784825,0.5,24,0,15,1,0.96,1.0,1.0,0.9375,0.9795918367346939,0.98,0.975,0.505339392070006,24,0,15,1,0.96,1.0,1.0,0.9375,0.9795918367346939,0.98,0.975
leaky_model,logreg,none,4,4,40,25,1.0,1.0,0.08824864300273709,0.6234724565216551,,0.7491753053664256,0.21694876041780725,0.5,22,0,15,3,0.88,1.0,1.0,0.8333333333333334,0.9361702127659575,0.94,0.925,0.5362509334911277,21,0,15,4,0.84,1.0,1.0,0.7894736842105263,0.9130434782608696,0.9199999999999999,0.9
leaky_model,logreg,sigmoid,0,0,40,26,1.0,1.0,0.014161844526041542,0.9377501339514658,,0.07248123865394689,0.07857564136671018,0.5,26,0,14,0,1.0,1.0,1.0,1.0,1.0,1.0,1.0,0.8160925698349446,23,0,14,3,0.8846153846153846,1.0,1.0,0.8235294117647058,0.9387755102040816,0.9423076923076923,0.925
leaky_model,logreg,sigmoid,0,1,40,26,1.0,1.0,0.006848355872476548,0.9698973368242789,,0.03306559659186343,0.060566552113098124,0.5,26,0,14,0,1.0,1.0,1.0,1.0,1.0,1.0,1.0,0.8120816061355156,25,0,14,1,0.9615384615384616,1.0,1.0,0.9333333333333333,0.9803921568627451,0.9807692307692308,0.975
leaky_model,logreg,sigmoid,0,2,40,26,1.0,1.0,0.01634986350687263,0.9281324681016587,,0.147188258187322,0.08500374181637378,0.5,26,0,14,0,1.0,1.0,1.0,1.0,1.0,1.0,1.0,0.7924231306536202,22,0,14,4,0.8461538461538461,1.0,1.0,0.7777777777777778,0.9166666666666666,0.9230769230769231,0.9
leaky_model,logreg,sigmoid,0,3,40,25,1.0,1.0,0.009440647557486928,0.9597199037547225,,-0.19720767304805104,0.07302164609989611,0.5,25,0,15,0,1.0,1.0,1.0,1.0,1.0,1.0,1.0,0.766899198051008,25,0,15,0,1.0,1.0,1.0,1.0,1.0,1.0,1.0
leaky_model,logreg,sigmoid,0,4,40,25,1.0,1.0,0.02337052649953936,0.9002857536019654,,0.08946878426857564,0.08029251126279384,0.5,24,0,15,1,0.96,1.0,1.0,0.9375,0.9795918367346939,0.98,0.975,0.8058924479910368,21,0,15,4,0.84,1.0,1.0,0.7894736842105263,0.9130434782608696,0.9199999999999999,0.9
leaky_model,logreg,sigmoid,1,0,40,26,1.0,1.0,0.008302600649368861,0.9635050520906864,,-0.06123211136881004,0.06288903596712946,0.5,26,0,14,0,1.0,1.0,1.0,1.0,1.0,1.0,1.0,0.8024616213382747,25,0,14,1,0.9615384615384616,1.0,1.0,0.9333333333333333,0.9803921568627451,0.9807692307692308,0.975
leaky_model,logreg,sigmoid,1,1,40,26,0.9972527472527473,0.9985754985754985,0.026096107065108825,0.8852918370764447,4.36118412579878,0.17800999579848148,0.06542818494821229,0.5,25,0,14,1,0.9615384615384616,1.0,1.0,0.9333333333333333,0.9803921568627451,0.9807692307692308,0.975,0.8016628933997688,23,0,14,3,0.8846153846153846,1.0,1.0,0.8235294117647058,0.9387755102040816,0.9423076923076923,0.925
leaky_model,logreg,sigmoid,1,2,40,26,1.0,1.0,0.010506721890699924,0.9538166070738465,,0.1553627375394511,0.08172717100423452,0.5,26,0,14,0,1.0,1.0,1.0,1.0,1.0,1.0,1.0,0.7893536248697821,24,0,14,2,0.9230769230769231,1.0,1.0,0.875,0.9600000000000001,0.9615384615384616,0.95
leaky_model,logreg,sigmoid,1,3,40,25,1.0,1.0,0.014633514324806396,0.9375636722141594,,0.0022172649844761443,0.07682559839245846,0.5,25,0,15,0,1.0,1.0,1.0,1.0,1.0,1.0,1.0,0.8114228945745833,22,0,15,3,0.88,1.0,1.0,0.8333333333333334,0.9361702127659575,0.94,0.925
leaky_model,logreg,sigmoid,1,4,40,25,1.0,1.0,0.012340577897087413,0.9473468676390937,,-0.10551065972289488,0.0732751169438475,0.5,25,0,15,0,1.0,1.0,1.0,1.0,1.0,1.0,1.0,0.7868660885257419,24,0,15,1,0.96,1.0,1.0,0.9375,0.9795918367346939,0.98,0.975
leaky_model,logreg,sigmoid,2,0,40,26,1.0,1.0,0.007460597904101302,0.9672061630588954,,-0.16527804783719002,0.0633030452235079,0.5,26,0,14,0,1.0,1.0,1.0,1.0,1.0,1.0,1.0,0.7806259533864528,25,0,14,1,0.9615384615384616,1.0,1.0,0.9333333333333333,0.9803921568627451,0.9807692307692308,0.975
leaky_model,logreg,sigmoid,2,1,40,26,1.0,1.0,0.00558115260907239,0.9754674610590225,,0.2254701282334556,0.0542779736527749,0.5,26,0,14,0,1.0,1.0,1.0,1.0,1.0,1.0,1.0,0.7633671353411918,25,0,14,1,0.9615384615384616,1.0,1.0,0.9333333333333333,0.9803921568627451,0.9807692307692308,0.975
leaky_model,logreg,sigmoid,2,2,40,26,1.0,1.0,0.030483249278701136,0.8660076954782367,,0.334439960338053,0.08324355681758262,0.5,25,0,14,1,0.9615384615384616,1.0,1.0,0.9333333333333333,0.9803921568627451,0.9807692307692308,0.975,0.8004841556258439,21,0,14,5,0.8076923076923077,1.0,1.0,0.7368421052631579,0.8936170212765957,0.9038461538461539,0.875
leaky_model,logreg,sigmoid,2,3,40,25,1.0,1.0,0.01325202329125652,0.9434580339573055,,0.09820829543507466,0.07925408087179181,0.5,25,0,15,0,1.0,1.0,1.0,1.0,1.0,1.0,1.0,0.8161475745539309,22,0,15,3,0.88,1.0,1.0,0.8333333333333334,0.9361702127659575,0.94,0.925
leaky_model,logreg,sigmoid,2,4,40,25,1.0,1.0,0.014556121386567806,0.9378938820839774,,-0.5597564217514305,0.07859959780757288,0.5,25,0,15,0,1.0,1.0,1.0,1.0,1.0,1.0,1.0,0.8108593269918015,24,0,15,1,0.96,1.0,1.0,0.9375,0.9795918367346939,0.98,0.975
leaky_model,logreg,sigmoid,3,0,40,26,1.0,1.0,0.02259599144976248,0.9006769606603847,,0.3418329337669165,0.09003807558334108,0.5,25,0,14,1,0.9615384615384616,1.0,1.0,0.9333333333333333,0.9803921568627451,0.9807692307692308,0.975,0.8138362662118505,22,0,14,4,0.8461538461538461,1.0,1.0,0.7777777777777778,0.9166666666666666,0.9230769230769231,0.9
leaky_model,logreg,sigmoid,3,1,40,26,1.0,1.0,0.0074554751188030954,0.96722868079647,,-0.008260987393295349,0.06007432319882602,0.5,26,0,14,0,1.0,1.0,1.0,1.0,1.0,1.0,1.0,0.8276126044449341,24,0,14,2,0.9230769230769231,1.0,1.0,0.875,0.9600000000000001,0.9615384615384616,0.95
leaky_model,logreg,sigmoid,3,2,40,26,1.0,1.0,0.009284201909739245,0.9591903212758714,,-0.15209807887337035,0.06919003650062927,0.5,26,0,14,0,1.0,1.0,1.0,1.0,1.0,1.0,1.0,0.776432583229252,25,0,14,1,0.9615384615384616,1.0,1.0,0.9333333333333333,0.9803921568627451,0.9807692307692308,0.975
leaky_model,logreg,sigmoid,3,3,40,25,1.0,1.0,0.016857813482364516,0.9280733291419114,,0.12580848579266546,0.09370739119305385,0.5,25,0,15,0,1.0,1.0,1.0,1.0,1.0,1.0,1.0,0.827704928947461,21,0,15,4,0.84,1.0,1.0,0.7894736842105263,0.9130434782608696,0.9199999999999999,0.9
leaky_model,logreg,sigmoid,3,4,40,25,1.0,1.0,0.007681456441805404,0.967225785848297,,-0.19852686490135757,0.062001206933161745,0.5,25,0,15,0,1.0,1.0,1.0,1.0,1.0,1.0,1.0,0.8017839824538192,24,0,15,1,0.96,1.0,1.0,0.9375,0.9795918367346939,0.98,0.975
leaky_model,logreg,sigmoid,4,0,40,26,1.0,1.0,0.011879076575474875,0.9477842787891214,,0.23890182136173838,0.06937101927709458,0.5,26,0,14,0,1.0,1.0,1.0,1.0,1.0,1.0,1.0,0.8067759260108485,23,0,14,3,0.8846153846153846,1.0,1.0,0.8235294117647058,0.9387755102040816,0.9423076923076923,0.925
leaky_model,logreg,sigmoid,4,1,40,26,1.0,1.0,0.016198129383166858,0.9287994312827831,,0.045018581412782026,0.08200196108484109,0.5,26,0,14,0,1.0,1.0,1.0,1.0,1.0,1.0,1.0,0.8092847837619616,23,0,14,3,0.8846153846153846,1.0,1.0,0.8235294117647058,0.9387755102040816,0.9423076923076923,0.925
leaky_model,logreg,sigmoid,4,2,40,26,1.0,1.0,0.006619017123563051,0.9709054192370855,,-0.3877633052896754,0.05509208001133806,0.5,26,0,14,0,1.0,1.0,1.0,1.0,1.0,1.0,1.0,0.7845354569528022,26,0,14,0,1.0,1.0,1.0,1.0,1.0,1.0,1.0
leaky_model,logreg,sigmoid,4,3,40,25,1.0,1.0,0.012732656264050072,0.9456739999400531,,0.025403346372767782,0.08136047180943205,0.5,25,0,15,0,1.0,1.0,1.0,1.0,1.0,1.0,1.0,0.7558602005889792,24,0,15,1,0.96,1.0,1.0,0.9375,0.9795918367346939,0.98,0.975
leaky_model,logreg,sigmoid,4,4,40,25,1.0,1.0,0.02963936659695714,0.8735387025196495,,0.223613996667706,0.08217342814774002,0.5,24,0,15,1,0.96,1.0,1.0,0.9375,0.9795918367346939,0.98,0.975,0.8058033048512299,21,0,15,4,0.84,1.0,1.0,0.7894736842105263,0.9130434782608696,0.9199999999999999,0.9
leaky_model,random_forest,isotonic,0,0,40,26,1.0,1.0,0.001105790393938495,0.9951393828837868,,0.9456298134951728,0.00776108342199504,0.5,26,0,14,0,1.0,1.0,1.0,1.0,1.0,1.0,1.0,0.996838087104087,24,0,14,2,0.9230769230769231,1.0,1.0,0.875,0.9600000000000001,0.9615384615384616,0.95
leaky_model,random_forest,isotonic,0,1,40,26,1.0,1.0,0.00016134328567297282,0.9992907987442946,,-1.6000119288682715,0.0026939161212309326,0.5,26,0,14,0,1.0,1.0,1.0,1.0,1.0,1.0,1.0,1.0,25,0,14,1,0.9615384615384616,1.0,1.0,0.9333333333333333,0.9803921568627451,0.9807692307692308,0.975
leaky_model,random_forest,isotonic,0,2,40,26,1.0,1.0,0.0008761607544614423,0.9961487439364333,,0.4394441154097511,0.009717643370306152,0.5,26,0,14,0,1.0,1.0,1.0,1.0,1.0,1.0,1.0,0.999055210181592,23,0,14,3,0.8846153846153846,1.0,1.0,0.8235294117647058,0.9387755102040816,0.9423076923076923,0.925
leaky_model,random_forest,isotonic,0,3,40,25,1.0,1.0,0.00018146940901326805,0.9992257305215434,,-0.7452293820098924,0.0025989773063366125,0.5,25,0,15,0,1.0,1.0,1.0,1.0,1.0,1.0,1.0,0.9942009628304018,23,0,15,2,0.92,1.0,1.0,0.8823529411764706,0.9583333333333334,0.96,0.95
leaky_model,random_forest,isotonic,0,4,40,25,1.0,1.0,0.0002702220217402532,0.9988470527072416,,-0.03831804856942444,0.00578200025851097,0.5,25,0,15,0,1.0,1.0,1.0,1.0,1.0,1.0,1.0,0.9920545201427848,19,0,15,6,0.76,1.0,1.0,0.7142857142857143,0.8636363636363636,0.88,0.85
leaky_model,random_forest,isotonic,1,0,40,26,1.0,1.0,0.000277765814377911,0.9987790513653718,,0.31002508518997635,0.0035881259262976356,0.5,26,0,14,0,1.0,1.0,1.0,1.0,1.0,1.0,1.0,0.9972971358226824,25,0,14,1,0.9615384615384616,1.0,1.0,0.9333333333333333,0.9803921568627451,0.9807692307692308,0.975
leaky_model,random_forest,isotonic,1,1,40,26,1.0,1.0,0.0017456049463689762,0.9923270112247518,,-0.11801786917242128,0.014502000515563543,0.5,26,0,14,0,1.0,1.0,1.0,1.0,1.0,1.0,1.0,0.9952467347053866,23,0,14,3,0.8846153846153846,1.0,1.0,0.8235294117647058,0.9387755102040816,0.9423076923076923,0.925
leaky_model,random_forest,isotonic,1,2,40,26,1.0,1.0,0.0001473479741742172,0.9993523165970364,,-0.11518410829495321,0.003429057899884255,0.5,26,0,14,0,1.0,1.0,1.0,1.0,1.0,1.0,1.0,0.9888232544525108,24,0,14,2,0.9230769230769231,1.0,1.0,0.875,0.9600000000000001,0.9615384615384616,0.95
leaky_model,random_forest,isotonic,1,3,40,25,1.0,1.0,3.671629716680247e-05,0.999843343798755,,-3.705007294535361,0.0009952150451119773,0.5,25,0,15,0,1.0,1.0,1.0,1.0,1.0,1.0,1.0,1.0,25,0,15,0,1.0,1.0,1.0,1.0,1.0,1.0,1.0
leaky_model,random_forest,isotonic,1,4,40,25,1.0,1.0,0.0001416469074012779,0.9993956398617545,,-0.9909043531364986,0.003844654045903144,0.5,25,0,15,0,1.0,1.0,1.0,1.0,1.0,1.0,1.0,0.963308319035282,25,0,15,0,1.0,1.0,1.0,1.0,1.0,1.0,1.0
leaky_model,random_forest,isotonic,2,0,40,26,1.0,1.0,8.614301374278695e-07,0.9999962134939014,,3.136999494455901,0.00018427596267170943,0.5,26,0,14,0,1.0,1.0,1.0,1.0,1.0,1.0,1.0,0.9824675141073284,26,0,14,0,1.0,1.0,1.0,1.0,1.0,1.0,1.0
leaky_model,random_forest,isotonic,2,1,40,26,1.0,1.0,6.666636848717456e-05,0.9997069610176388,,4.1328283071420415,0.0012909915616220514,0.5,26,0,14,0,1.0,1.0,1.0,1.0,1.0,1.0,1.0,1.0,25,0,14,1,0.9615384615384616,1.0,1.0,0.9333333333333333,0.9803921568627451,0.9807692307692308,0.975
leaky_model,random_forest,isotonic,2,2,40,26,1.0,1.0,0.0004853869696796917,0.9978664309025068,,0.7268795160730299,0.006881157558435675,0.5,26,0,14,0,1.0,1.0,1.0,1.0,1.0,1.0,1.0,1.0,23,0,14,3,0.8846153846153846,1.0,1.0,0.8235294117647058,0.9387755102040816,0.9423076923076923,0.925
leaky_model,random_forest,isotonic,2,3,40,25,1.0,1.0,0.0019216351437346926,0.9918010233867319,,-0.2637885375008721,0.013953014426740745,0.5,25,0,15,0,1.0,1.0,1.0,1.0,1.0,1.0,1.0,0.9904342815880744,22,0,15,3,0.88,1.0,1.0,0.8333333333333334,0.9361702127659575,0.94,0.925
leaky_model,random_forest,isotonic,2,4,40,25,1.0,1.0,0.0013763165281178934,0.994127716146697,,-4.895275144179886,0.009531800274966825,0.5,25,0,15,0,1.0,1.0,1.0,1.0,1.0,1.0,1.0,1.0,25,0,15,0,1.0,1.0,1.0,1.0,1.0,1.0,1.0
leaky_model,random_forest,isotonic,3,0,40,26,1.0,1.0,2.6692437666420007e-05,0.9998826706036641,,4.051448870696538,0.001128865886610847,0.5,26,0,14,0,1.0,1.0,1.0,1.0,1.0,1.0,1.0,0.9908013697513254,24,0,14,2,0.9230769230769231,1.0,1.0,0.875,0.9600000000000001,0.9615384615384616,0.95
leaky_model,random_forest,isotonic,3,1,40,26,1.0,1.0,0.0007533452360093664,0.9966885923691896,,0.9794345156383955,0.005858183693950901,0.5,26,0,14,0,1.0,1.0,1.0,1.0,1.0,1.0,1.0,0.9866648370512492,24,0,14,2,0.9230769230769231,1.0,1.0,0.875,0.9600000000000001,0.9615384615384616,0.95
leaky_model,random_forest,isotonic,3,2,40,26,1.0,1.0,8.015485849581285e-07,0.9999964767095166,,-2.6955413316354835,0.00014155816692778,0.5,26,0,14,0,1.0,1.0,1.0,1.0,1.0,1.0,1.0,0.9907070834414828,26,0,14,0,1.0,1.0,1.0,1.0,1.0,1.0,1.0
leaky_model,random_forest,isotonic,3,3,40,25,1.0,1.0,0.000914722600550323,0.9960971835709853,,0.96582227113213,0.008158432418476034,0.5,25,0,15,0,1.0,1.0,1.0,1.0,1.0,1.0,1.0,0.976071211796979,22,0,15,3,0.88,1.0,1.0,0.8333333333333334,0.9361702127659575,0.94,0.925
leaky_model,random_forest,isotonic,3,4,40,25,1.0,1.0,0.0004385817537475277,0.9981287178506772,,-4.49939712269062,0.00457618448136893,0.5,25,0,15,0,1.0,1.0,1.0,1.0,1.0,1.0,1.0,1.0,25,0,15,0,1.0,1.0,1.0,1.0,1.0,1.0,1.0
leaky_model,random_forest,isotonic,4,0,40,26,1.0,1.0,0.0004923715420643174,0.9978357294854315,,-0.5599683437423718,0.004485727297080769,0.5,26,0,14,0,1.0,1.0,1.0,1.0,1.0,1.0,1.0,0.9835012477010886,25,0,14,1,0.9615384615384616,1.0,1.0,0.9333333333333333,0.9803921568627451,0.9807692307692308,0.975
leaky_model,random_forest,isotonic,4,1,40,26,1.0,1.0,0.0018323060830643186,0.9919459073271898,,-1.0817977778271863,0.010515668632157924,0.5,26,0,14,0,1.0,1.0,1.0,1.0,1.0,1.0,1.0,0.990471102176434,25,0,14,1,0.9615384615384616,1.0,1.0,0.9333333333333333,0.9803921568627451,0.9807692307692308,0.975
leaky_model,random_forest,isotonic,4,2,40,26,1.0,1.0,0.0001666078745140102,0.9992676576944439,,-4.137758302820368,0.0023741595000747397,0.5,26,0,14,0,1.0,1.0,1.0,1.0,1.0,1.0,1.0,1.0,26,0,14,0,1.0,1.0,1.0,1.0,1.0,1.0,1.0
leaky_model,random_forest,isotonic,4,3,40,25,1.0,1.0,7.968448747429353e-05,0.999660012853443,,0.5993483325166151,0.0026531218904730994,0.5,25,0,15,0,1.0,1.0,1.0,1.0,1.0,1.0,1.0,1.0,22,0,15,3,0.88,1.0,1.0,0.8333333333333334,0.9361702127659575,0.94,0.925
leaky_model,random_forest,isotonic,4,4,40,25,1.0,1.0,0.0012597302755090762,0.9946251508244947,,2.069813597666321,0.009880531175211517,0.5,25,0,15,0,1.0,1.0,1.0,1.0,1.0,1.0,1.0,1.0,16,0,15,9,0.64,1.0,1.0,0.625,0.7804878048780487,0.8200000000000001,0.775
leaky_model,random_forest,none,0,0,40,26,1.0,1.0,0.007516361112881427,0.9669610500532685,,0.17252698864392885,0.0501450151232977,0.5,26,0,14,0,1.0,1.0,1.0,1.0,1.0,1.0,1.0,0.873967626162523,24,0,14,2,0.9230769230769231,1.0,1.0,0.875,0.9600000000000001,0.9615384615384616,0.95
leaky_model,random_forest,none,0,1,40,26,1.0,1.0,0.004334475427645284,0.9809473607576031,,-0.11244256414369304,0.039595252677132875,0.5,26,0,14,0,1.0,1.0,1.0,1.0,1.0,1.0,1.0,0.8616897546763488,25,0,14,1,0.9615384615384616,1.0,1.0,0.9333333333333333,0.9803921568627451,0.9807692307692308,0.975
leaky_model,random_forest,none,0,2,40,26,1.0,1.0,0.009045717646478275,0.9602386037517439,,0.09239888940516135,0.06080099454329252,0.5,26,0,14,0,1.0,1.0,1.0,1.0,1.0,1.0,1.0,0.8602006799152546,23,0,14,3,0.8846153846153846,1.0,1.0,0.8235294117647058,0.9387755102040816,0.9423076923076923,0.925
leaky_model,random_forest,none,0,3,40,25,1.0,1.0,0.0069318717555549945,0.9704240138429654,,0.2099563300137225,0.05631930357415949,0.5,25,0,15,0,1.0,1.0,1.0,1.0,1.0,1.0,1.0,0.8482122704325303,20,0,15,5,0.8,1.0,1.0,0.75,0.888888888888889,0.9,0.875
leaky_model,random_forest,none,0,4,40,25,1.0,1.0,0.005445952056156604,0.9767639378937318,,-0.09101314921127203,0.0484121856450456,0.5,25,0,15,0,1.0,1.0,1.0,1.0,1.0,1.0,1.0,0.8665889628837871,24,0,15,1,0.96,1.0,1.0,0.9375,0.9795918367346939,0.98,0.975
leaky_model,random_forest,none,1,0,40,26,1.0,1.0,0.006679891774259877,0.9706378383549017,,0.29905127516852653,0.04818536506677509,0.5,26,0,14,0,1.0,1.0,1.0,1.0,1.0,1.0,1.0,0.8596902945528765,22,0,14,4,0.8461538461538461,1.0,1.0,0.7777777777777778,0.9166666666666666,0.9230769230769231,0.9
leaky_model,random_forest,none,1,1,40,26,1.0,1.0,0.0103018036290411,0.9547173466855337,,0.04411861423745689,0.0591406774514444,0.5,26,0,14,0,1.0,1.0,1.0,1.0,1.0,1.0,1.0,0.8606152412952647,23,0,14,3,0.8846153846153846,1.0,1.0,0.8235294117647058,0.9387755102040816,0.9423076923076923,0.925
leaky_model,random_forest,none,1,2,40,26,1.0,1.0,0.0070172977517607895,0.9691547351570955,,0.24021252187307354,0.05289167887529858,0.5,26,0,14,0,1.0,1.0,1.0,1.0,1.0,1.0,1.0,0.8688719950441863,24,0,14,2,0.9230769230769231,1.0,1.0,0.875,0.9600000000000001,0.9615384615384616,0.95
leaky_model,random_forest,none,1,3,40,25,1.0,1.0,0.003334539527044934,0.9857726313512749,,0.0318318765660682,0.04162767639127138,0.5,25,0,15,0,1.0,1.0,1.0,1.0,1.0,1.0,1.0,0.872626886520822,24,0,15,1,0.96,1.0,1.0,0.9375,0.9795918367346939,0.98,0.975
leaky_model,random_forest,none,1,4,40,25,1.0,1.0,0.007144354001130821,0.9695174229285085,,-0.09592723230655127,0.05786030275433511,0.5,25,0,15,0,1.0,1.0,1.0,1.0,1.0,1.0,1.0,0.8444216242344211,24,0,15,1,0.96,1.0,1.0,0.9375,0.9795918367346939,0.98,0.975
leaky_model,random_forest,none,2,0,40,26,1.0,1.0,0.0026376251926998164,0.9884060431090118,,0.16503564928719927,0.03923558262098631,0.5,26,0,14,0,1.0,1.0,1.0,1.0,1.0,1.0,1.0,0.8752692884816321,25,0,14,1,0.9615384615384616,1.0,1.0,0.9333333333333333,0.9803921568627451,0.9807692307692308,0.975
leaky_model,random_forest,none,2,1,40,26,1.0,1.0,0.0059395880435559045,0.9738919206876664,,0.25364473585556585,0.05200025187588464,0.5,26,0,14,0,1.0,1.0,1.0,1.0,1.0,1.0,1.0,0.8664574446992405,23,0,14,3,0.8846153846153846,1.0,1.0,0.8235294117647058,0.9387755102040816,0.9423076923076923,0.925
leaky_model,random_forest,none,2,2,40,26,1.0,1.0,0.011759025612716537,0.9483119753287186,,0.306668010263093,0.07018155365259825,0.5,26,0,14,0,1.0,1.0,1.0,1.0,1.0,1.0,1.0,0.8753414023124805,20,0,14,6,0.7692307692307693,1.0,1.0,0.7,0.8695652173913044,0.8846153846153846,0.85
leaky_model,random_forest,none,2,3,40,25,1.0,1.0,0.012128243356217708,0.9482528283468045,,-0.06467284545191294,0.06470327568073063,0.5,25,0,15,0,1.0,1.0,1.0,1.0,1.0,1.0,1.0,0.8453268581878585,23,0,15,2,0.92,1.0,1.0,0.8823529411764706,0.9583333333333334,0.96,0.95
leaky_model,random_forest,none,2,4,40,25,1.0,1.0000000000000002,0.010216548947656372,0.9564093911566661,,-0.5290275098177222,0.05271930519208567,0.5,25,0,15,0,1.0,1.0,1.0,1.0,1.0,1.0,1.0,0.8293319168024541,25,0,15,0,1.0,1.0,1.0,1.0,1.0,1.0,1.0
leaky_model,random_forest,none,3,0,40,26,1.0,1.0,0.004367393391715659,0.9808026664100411,,0.36184708574288804,0.04531829779372997,0.5,26,0,14,0,1.0,1.0,1.0,1.0,1.0,1.0,1.0,0.8395718084586231,25,0,14,1,0.9615384615384616,1.0,1.0,0.9333333333333333,0.9803921568627451,0.9807692307692308,0.975
leaky_model,random_forest,none,3,1,40,26,1.0,1.0,0.007882500167442946,0.9653516476156354,,0.44881958659817245,0.05241267743568209,0.5,26,0,14,0,1.0,1.0,1.0,1.0,1.0,1.0,1.0,0.8638182222712135,21,0,14,5,0.8076923076923077,1.0,1.0,0.7368421052631579,0.8936170212765957,0.9038461538461539,0.875
leaky_model,random_forest,none,3,2,40,26,1.0,1.0,0.004375768652944299,0.9807658520749701,,-0.15567381568643565,0.04474712256165382,0.5,26,0,14,0,1.0,1.0,1.0,1.0,1.0,1.0,1.0,0.8451211819227592,26,0,14,0,1.0,1.0,1.0,1.0,1.0,1.0,1.0
leaky_model,random_forest,none,3,3,40,25,1.0,1.0,0.010789254769307598,0.9539658463176209,,0.3135390397456792,0.06619046898195383,0.5,25,0,15,0,1.0,1.0,1.0,1.0,1.0,1.0,1.0,0.8462710121728793,22,0,15,3,0.88,1.0,1.0,0.8333333333333334,0.9361702127659575,0.94,0.925
leaky_model,random_forest,none,3,4,40,25,1.0,1.0,0.007252772857169211,0.9690548358094113,,-0.37615979216312956,0.05321375745206877,0.5,25,0,15,0,1.0,1.0,1.0,1.0,1.0,1.0,1.0,0.8496847153440178,25,0,15,0,1.0,1.0,1.0,1.0,1.0,1.0,1.0
leaky_model,random_forest,none,4,0,40,26,1.0,1.0,0.00550706017833638,0.9757931420732466,,0.28103849254387614,0.047586121625902714,0.5,26,0,14,0,1.0,1.0,1.0,1.0,1.0,1.0,1.0,0.855817423275626,25,0,14,1,0.9615384615384616,1.0,1.0,0.9333333333333333,0.9803921568627451,0.9807692307692308,0.975
leaky_model,random_forest,none,4,1,40,26,1.0,1.0,0.008816076749908378,0.9612480142861171,,-0.07834863214173977,0.05579835356372489,0.5,26,0,14,0,1.0,1.0,1.0,1.0,1.0,1.0,1.0,0.8401071662494162,25,0,14,1,0.9615384615384616,1.0,1.0,0.9333333333333333,0.9803921568627451,0.9807692307692308,0.975
leaky_model,random_forest,none,4,2,40,26,1.0,1.0,0.0042437030199212935,0.9813463603519943,,-0.17882235593212628,0.044049649520354825,0.5,26,0,14,0,1.0,1.0,1.0,1.0,1.0,1.0,1.0,0.8385762537340494,26,0,14,0,1.0,1.0,1.0,1.0,1.0,1.0,1.0
leaky_model,random_forest,none,4,3,40,25,1.0,1.0,0.006451124024302477,0.9724752041629761,,0.300573538633098,0.05301294091366235,0.5,25,0,15,0,1.0,1.0,1.0,1.0,1.0,1.0,1.0,0.8682703775820854,22,0,15,3,0.88,1.0,1.0,0.8333333333333334,0.9361702127659575,0.94,0.925
leaky_model,random_forest,none,4,4,40,25,1.0,1.0,0.01309421163721527,0.9441313636812149,,0.33394876019547926,0.07344735517045653,0.5,25,0,15,0,1.0,1.0,1.0,1.0,1.0,1.0,1.0,0.855424765736989,21,0,15,4,0.84,1.0,1.0,0.7894736842105263,0.9130434782608696,0.9199999999999999,0.9
leaky_model,random_forest,sigmoid,0,0,40,26,1.0,1.0,0.004532810868351917,0.9800755566226289,,0.09040662212365295,0.052746836497982515,0.5,26,0,14,0,1.0,1.0,1.0,1.0,1.0,1.0,1.0,0.9239837038526904,24,0,14,2,0.9230769230769231,1.0,1.0,0.875,0.9600000000000001,0.9615384615384616,0.95
leaky_model,random_forest,sigmoid,0,1,40,26,1.0,1.0,0.003100558651589623,0.9863711707622435,,-0.016521402284835982,0.04523287693429122,0.5,26,0,14,0,1.0,1.0,1.0,1.0,1.0,1.0,1.0,0.9096856521704264,25,0,14,1,0.9615384615384616,1.0,1.0,0.9333333333333333,0.9803921568627451,0.9807692307692308,0.975
leaky_model,random_forest,sigmoid,0,2,40,26,1.0,1.0,0.006400325229075797,0.9718667022897767,,0.06633614511210215,0.06040172479605198,0.5,26,0,14,0,1.0,1.0,1.0,1.0,1.0,1.0,1.0,0.9032847534967148,23,0,14,3,0.8846153846153846,1.0,1.0,0.8235294117647058,0.9387755102040816,0.9423076923076923,0.925
leaky_model,random_forest,sigmoid,0,3,40,25,1.0,1.0,0.0036674093502174028,0.9843523867724058,,0.02460214193595948,0.049806253653994506,0.5,25,0,15,0,1.0,1.0,1.0,1.0,1.0,1.0,1.0,0.9145030058148031,23,0,15,2,0.92,1.0,1.0,0.8823529411764706,0.9583333333333334,0.96,0.95
leaky_model,random_forest,sigmoid,0,4,40,25,1.0,1.0,0.003567139740641617,0.9847802037732625,,-0.1140300084531043,0.049467717682549144,0.5,25,0,15,0,1.0,1.0,1.0,1.0,1.0,1.0,1.0,0.9132097950702086,24,0,15,1,0.96,1.0,1.0,0.9375,0.9795918367346939,0.98,0.975
leaky_model,random_forest,sigmoid,1,0,40,26,1.0,1.0,0.0034557168136609626,0.9848100359839078,,0.12435794297958687,0.0471319219594628,0.5,26,0,14,0,1.0,1.0,1.0,1.0,1.0,1.0,1.0,0.9167344313363598,24,0,14,2,0.9230769230769231,1.0,1.0,0.875,0.9600000000000001,0.9615384615384616,0.95
leaky_model,random_forest,sigmoid,1,1,40,26,1.0,1.0,0.006834467894850688,0.9699583828797772,,0.006964413217151589,0.0609051710785592,0.5,26,0,14,0,1.0,1.0,1.0,1.0,1.0,1.0,1.0,0.9176908502987732,24,0,14,2,0.9230769230769231,1.0,1.0,0.875,0.9600000000000001,0.9615384615384616,0.95
leaky_model,random_forest,sigmoid,1,2,40,26,1.0,1.0,0.0035809705525516934,0.9842594700986739,,0.13384280418906716,0.05007849486247236,0.5,26,0,14,0,1.0,1.0,1.0,1.0,1.0,1.0,1.0,0.9077822432575796,24,0,14,2,0.9230769230769231,1.0,1.0,0.875,0.9600000000000001,0.9615384615384616,0.95
leaky_model,random_forest,sigmoid,1,3,40,25,1.0,1.0,0.0023261428471043634,0.9900751238523547,,-0.04209398579421667,0.04330368977049501,0.5,25,0,15,0,1.0,1.0,1.0,1.0,1.0,1.0,1.0,0.921760592477359,25,0,15,0,1.0,1.0,1.0,1.0,1.0,1.0,1.0
leaky_model,random_forest,sigmoid,1,4,40,25,1.0,1.0,0.0035789675739408403,0.9847297383511857,,-0.0972915554444491,0.05038850286953856,0.5,25,0,15,0,1.0,1.0,1.0,1.0,1.0,1.0,1.0,0.911717771292755,24,0,15,1,0.96,1.0,1.0,0.9375,0.9795918367346939,0.98,0.975
leaky_model,random_forest,sigmoid,2,0,40,26,1.0,1.0,0.0018938385936746675,0.9916754347530784,,0.11221203265730403,0.04159774416219666,0.5,26,0,14,0,1.0,1.0,1.0,1.0,1.0,1.0,1.0,0.9182470329586252,26,0,14,0,1.0,1.0,1.0,1.0,1.0,1.0,1.0
leaky_model,random_forest,sigmoid,2,1,40,26,1.0,1.0,0.0031110439802075696,0.986325081405681,,0.23430308031149447,0.047528838535093376,0.5,26,0,14,0,1.0,1.0,1.0,1.0,1.0,1.0,1.0,0.9206301225661058,23,0,14,3,0.8846153846153846,1.0,1.0,0.8235294117647058,0.9387755102040816,0.9423076923076923,0.925
leaky_model,random_forest,sigmoid,2,2,40,26,1.0,1.0,0.005818520123525661,0.974424087369118,,0.17318252735128514,0.06125942770205971,0.5,26,0,14,0,1.0,1.0,1.0,1.0,1.0,1.0,1.0,0.9251201869206288,20,0,14,6,0.7692307692307693,1.0,1.0,0.7,0.8695652173913044,0.8846153846153846,0.85
leaky_model,random_forest,sigmoid,2,3,40,25,1.0,1.0,0.007894728426194864,0.9663158253815686,,-0.1395513854134858,0.0618652224057932,0.5,25,0,15,0,1.0,1.0,1.0,1.0,1.0,1.0,1.0,0.9093365416480336,23,0,15,2,0.92,1.0,1.0,0.8823529411764706,0.9583333333333334,0.96,0.95
leaky_model,random_forest,sigmoid,2,4,40,25,1.0,1.0,0.007623375259548991,0.967473598892591,,-0.3486671650083134,0.056137544668468986,0.5,25,0,15,0,1.0,1.0,1.0,1.0,1.0,1.0,1.0,0.898918357335849,25,0,15,0,1.0,1.0,1.0,1.0,1.0,1.0,1.0
leaky_model,random_forest,sigmoid,3,0,40,26,1.0,1.0,0.002544762744513717,0.9888142296944452,,0.21642035493219935,0.044796429777088385,0.5,26,0,14,0,1.0,1.0,1.0,1.0,1.0,1.0,1.0,0.9052557890329114,25,0,14,1,0.9615384615384616,1.0,1.0,0.9333333333333333,0.9803921568627451,0.9807692307692308,0.975
leaky_model,random_forest,sigmoid,3,1,40,26,1.0,1.0,0.0046285218469966855,0.9796548490241904,,0.23708448766762627,0.05332766293568865,0.5,26,0,14,0,1.0,1.0,1.0,1.0,1.0,1.0,1.0,0.9057940490460524,24,0,14,2,0.9230769230769231,1.0,1.0,0.875,0.9600000000000001,0.9615384615384616,0.95
leaky_model,random_forest,sigmoid,3,2,40,26,1.0,1.0,0.002958014883807648,0.9869977367744719,,-0.05513843262662349,0.04600650961971331,0.5,26,0,14,0,1.0,1.0,1.0,1.0,1.0,1.0,1.0,0.9109082332262288,26,0,14,0,1.0,1.0,1.0,1.0,1.0,1.0,1.0
leaky_model,random_forest,sigmoid,3,3,40,25,1.0,1.0,0.00591159235389023,0.974777205956735,,0.141272787346867,0.05989978627689471,0.5,25,0,15,0,1.0,1.0,1.0,1.0,1.0,1.0,1.0,0.9060069350749728,22,0,15,3,0.88,1.0,1.0,0.8333333333333334,0.9361702127659575,0.94,0.925
leaky_model,random_forest,sigmoid,3,4,40,25,1.0,1.0,0.005152490825579838,0.9780160391441927,,-0.31332240683740403,0.05151247759553505,0.5,25,0,15,0,1.0,1.0,1.0,1.0,1.0,1.0,1.0,0.9061572245335408,25,0,15,0,1.0,1.0,1.0,1.0,1.0,1.0,1.0
leaky_model,random_forest,sigmoid,4,0,40,26,1.0,1.0,0.0035662247178652783,0.9843242869544383,,0.04191285141469995,0.047021318479368135,0.5,26,0,14,0,1.0,1.0,1.0,1.0,1.0,1.0,1.0,0.9192142191041826,25,0,14,1,0.9615384615384616,1.0,1.0,0.9333333333333333,0.9803921568627451,0.9807692307692308,0.975
leaky_model,random_forest,sigmoid,4,1,40,26,1.0,1.0,0.006419051721901667,0.9717843880355971,,-0.14819541719912324,0.05605071329116389,0.5,26,0,14,0,1.0,1.0,1.0,1.0,1.0,1.0,1.0,0.8984515661398607,25,0,14,1,0.9615384615384616,1.0,1.0,0.9333333333333333,0.9803921568627451,0.9807692307692308,0.975
leaky_model,random_forest,sigmoid,4,2,40,26,1.0,1.0,0.002903761107174084,0.9872362149135205,,-0.11993919430769252,0.04295646858202322,0.5,26,0,14,0,1.0,1.0,1.0,1.0,1.0,1.0,1.0,0.9035110412174112,26,0,14,0,1.0,1.0,1.0,1.0,1.0,1.0,1.0
leaky_model,random_forest,sigmoid,4,3,40,25,1.0,1.0,0.0031364565191662258,0.9866177855182241,,0.12977215603129483,0.05005153119181317,0.5,25,0,15,0,1.0,1.0,1.0,1.0,1.0,1.0,1.0,0.9136850852693524,22,0,15,3,0.88,1.0,1.0,0.8333333333333334,0.9361702127659575,0.94,0.925
leaky_model,random_forest,sigmoid,4,4,40,25,1.0,1.0,0.006029621770461574,0.974273613779364,,0.09504489344819685,0.061513437007846124,0.5,25,0,15,0,1.0,1.0,1.0,1.0,1.0,1.0,1.0,0.914578084728464,23,0,15,2,0.92,1.0,1.0,0.8823529411764706,0.9583333333333334,0.96,0.95
leaky_model,svm,isotonic,0,0,40,26,1.0,1.0,0.00047119060191613523,0.99792883251905,,-0.059311141418012185,0.005907522295606737,0.5,26,0,14,0,1.0,1.0,1.0,1.0,1.0,1.0,1.0,0.9893673121528342,25,0,14,1,0.9615384615384616,1.0,1.0,0.9333333333333333,0.9803921568627451,0.9807692307692308,0.975
leaky_model,svm,isotonic,0,1,40,26,1.0,1.0,0.0,1.0,,0.3095199186322929,0.0,0.5,26,0,14,0,1.0,1.0,1.0,1.0,1.0,1.0,1.0,1.0,26,0,14,0,1.0,1.0,1.0,1.0,1.0,1.0,1.0
leaky_model,svm,isotonic,0,2,40,26,1.0,1.0,0.0060190460054052545,0.9735426549212955,,1.0767777714945457,0.016189489652065958,0.5,26,0,14,0,1.0,1.0,1.0,1.0,1.0,1.0,1.0,0.9646264002410304,24,0,14,2,0.9230769230769231,1.0,1.0,0.875,0.9600000000000001,0.9615384615384616,0.95
leaky_model,svm,isotonic,0,3,40,25,1.0,1.0,0.00048758210858498277,0.9979196496700374,,-4.388310491142167,0.003491353994458965,0.5,25,0,15,0,1.0,1.0,1.0,1.0,1.0,1.0,1.0,1.0,25,0,15,0,1.0,1.0,1.0,1.0,1.0,1.0,1.0
leaky_model,svm,isotonic,0,4,40,25,1.0,1.0,0.0041854865491652,0.9821419240568952,,0.6998046819216137,0.01854896495939937,0.5,25,0,15,0,1.0,1.0,1.0,1.0,1.0,1.0,1.0,0.9811463934403616,21,0,15,4,0.84,1.0,1.0,0.7894736842105263,0.9130434782608696,0.9199999999999999,0.9
leaky_model,svm,isotonic,1,0,40,26,1.0,1.0,0.000972596318663772,0.9957248513465329,,0.21153971242869943,0.008250728430812822,0.5,26,0,14,0,1.0,1.0,1.0,1.0,1.0,1.0,1.0,1.0,23,0,14,3,0.8846153846153846,1.0,1.0,0.8235294117647058,0.9387755102040816,0.9423076923076923,0.925
leaky_model,svm,isotonic,1,1,40,26,1.0,1.0,0.005292114538226666,0.976737958073729,,-0.7446781828523217,0.020293693262592824,0.5,26,0,14,0,1.0,1.0,1.0,1.0,1.0,1.0,1.0,0.9980176679661046,24,0,14,2,0.9230769230769231,1.0,1.0,0.875,0.9600000000000001,0.9615384615384616,0.95
leaky_model,svm,isotonic,1,2,40,26,1.0,1.0,0.00012535599001291267,0.9994489846592839,,3.6742600426605128,0.002504926390251259,0.5,26,0,14,0,1.0,1.0,1.0,1.0,1.0,1.0,1.0,1.0,24,0,14,2,0.9230769230769231,1.0,1.0,0.875,0.9600000000000001,0.9615384615384616,0.95
leaky_model,svm,isotonic,1,3,40,25,1.0,1.0,0.001009929304766843,0.9956909682996614,,5.068861856392392,0.00831451199144427,0.5,25,0,15,0,1.0,1.0,1.0,1.0,1.0,1.0,1.0,1.0,21,0,15,4,0.84,1.0,1.0,0.7894736842105263,0.9130434782608696,0.9199999999999999,0.9
leaky_model,svm,isotonic,1,4,40,25,1.0,1.0,0.006438793542540984,0.9725278142184918,,0.4807793834462486,0.01833556591341909,0.5,25,0,15,0,1.0,1.0,1.0,1.0,1.0,1.0,1.0,0.9924155877735308,24,0,15,1,0.96,1.0,1.0,0.9375,0.9795918367346939,0.98,0.975
leaky_model,svm,isotonic,2,0,40,26,1.0,1.0,0.00025831147783041185,0.9988645649326136,,4.498233235026851,0.0025412176108630057,0.5,26,0,14,0,1.0,1.0,1.0,1.0,1.0,1.0,1.0,1.0,25,0,14,1,0.9615384615384616,1.0,1.0,0.9333333333333333,0.9803921568627451,0.9807692307692308,0.975
leaky_model,svm,isotonic,2,1,40,26,1.0,1.0,6.096864566393443e-05,0.9997320059531256,,-3.951124600538699,0.001694688878005205,0.5,26,0,14,0,1.0,1.0,1.0,1.0,1.0,1.0,1.0,1.0,26,0,14,0,1.0,1.0,1.0,1.0,1.0,1.0,1.0
leaky_model,svm,isotonic,2,2,40,26,1.0,1.0,0.002162942026655242,0.9904925625201968,,0.8655986356612999,0.009172519480209125,0.5,26,0,14,0,1.0,1.0,1.0,1.0,1.0,1.0,1.0,1.0,24,0,14,2,0.9230769230769231,1.0,1.0,0.875,0.9600000000000001,0.9615384615384616,0.95
leaky_model,svm,isotonic,2,3,40,25,1.0,1.0,0.004347902942035036,0.9814489474473171,,5.3932488904416935,0.010736645116337071,0.5,25,0,15,0,1.0,1.0,1.0,1.0,1.0,1.0,1.0,0.992552267605246,23,0,15,2,0.92,1.0,1.0,0.8823529411764706,0.9583333333333334,0.96,0.95
leaky_model,svm,isotonic,2,4,40,25,1.0,1.0,0.006483597720131655,0.9723366497274383,,-2.7105753888418818,0.021914830119562013,0.5,25,0,15,0,1.0,1.0,1.0,1.0,1.0,1.0,1.0,1.0,24,0,15,1,0.96,1.0,1.0,0.9375,0.9795918367346939,0.98,0.975
leaky_model,svm,isotonic,3,0,40,26,1.0,1.0,0.0014782120148163177,0.9935023647700382,,0.8511792311643673,0.0073320268066784655,0.5,26,0,14,0,1.0,1.0,1.0,1.0,1.0,1.0,1.0,1.0,25,0,14,1,0.9615384615384616,1.0,1.0,0.9333333333333333,0.9803921568627451,0.9807692307692308,0.975
leaky_model,svm,isotonic,3,1,40,26,1.0,1.0,0.0010119397212590513,0.9955519133131471,,-2.5702379938581297,0.005173762544293314,0.5,26,0,14,0,1.0,1.0,1.0,1.0,1.0,1.0,1.0,0.9751958807623842,26,0,14,0,1.0,1.0,1.0,1.0,1.0,1.0,1.0
leaky_model,svm,isotonic,3,2,40,26,1.0,1.0,0.0008463282287554756,0.9962798759175584,,-1.0007695703022876,0.006562536938641719,0.5,26,0,14,0,1.0,1.0,1.0,1.0,1.0,1.0,1.0,0.9972987901843132,25,0,14,1,0.9615384615384616,1.0,1.0,0.9333333333333333,0.9803921568627451,0.9807692307692308,0.975
leaky_model,svm,isotonic,3,3,40,25,1.0,1.0,0.005255879539564615,0.9775749139645243,,-0.11191992291245263,0.016607993121095975,0.5,25,0,15,0,1.0,1.0,1.0,1.0,1.0,1.0,1.0,1.0,24,0,15,1,0.96,1.0,1.0,0.9375,0.9795918367346939,0.98,0.975
leaky_model,svm,isotonic,3,4,40,25,1.0,1.0,0.00026747283125135447,0.9988587825866609,,-4.217751783385462,0.0025858887797590726,0.5,25,0,15,0,1.0,1.0,1.0,1.0,1.0,1.0,1.0,0.9860491713531724,25,0,15,0,1.0,1.0,1.0,1.0,1.0,1.0,1.0
leaky_model,svm,isotonic,4,0,40,26,1.0,1.0,4.5882148045589357e-05,0.999798320228371,,4.121715195587145,0.0012832193474483944,0.5,26,0,14,0,1.0,1.0,1.0,1.0,1.0,1.0,1.0,0.9848396076586536,25,0,14,1,0.9615384615384616,1.0,1.0,0.9333333333333333,0.9803921568627451,0.9807692307692308,0.975
leaky_model,svm,isotonic,4,1,40,26,1.0,1.0,0.0054939403332580645,0.9758508117219425,,-1.9044697524345002,0.017434577975398664,0.5,26,0,14,0,1.0,1.0,1.0,1.0,1.0,1.0,1.0,0.984101643308022,25,0,14,1,0.9615384615384616,1.0,1.0,0.9333333333333333,0.9803921568627451,0.9807692307692308,0.975
leaky_model,svm,isotonic,4,2,40,26,1.0,1.0,1.9646139635813337e-05,0.9999136433422602,,-3.5055449218504435,0.0007008234377468651,0.5,26,0,14,0,1.0,1.0,1.0,1.0,1.0,1.0,1.0,1.0,26,0,14,0,1.0,1.0,1.0,1.0,1.0,1.0,1.0
leaky_model,svm,isotonic,4,3,40,25,1.0,1.0,0.0035521914740459506,0.9848439830440706,,0.7244261942630771,0.014216073479927715,0.5,25,0,15,0,1.0,1.0,1.0,1.0,1.0,1.0,1.0,1.0,20,0,15,5,0.8,1.0,1.0,0.75,0.888888888888889,0.9,0.875
leaky_model,svm,isotonic,4,4,40,25,1.0,1.0,0.007022616088437334,0.9700368380226674,,0.20831088809284667,0.028420311694724764,0.5,25,0,15,0,1.0,1.0,1.0,1.0,1.0,1.0,1.0,0.9888986699267308,21,0,15,4,0.84,1.0,1.0,0.7894736842105263,0.9130434782608696,0.9199999999999999,0.9
leaky_model,svm,none,0,0,40,26,1.0,1.0,0.0011823560656777222,0.9948028304805375,,-0.09035128295916982,0.016363930462861602,0.5,26,0,14,0,1.0,1.0,1.0,1.0,1.0,1.0,1.0,0.97272216549998,24,0,14,2,0.9230769230769231,1.0,1.0,0.875,0.9600000000000001,0.9615384615384616,0.95
leaky_model,svm,none,0,1,40,26,1.0,1.0,0.0001847037849044641,0.9991881152311892,,-0.16344911626941003,0.008603543224261562,0.5,26,0,14,0,1.0,1.0,1.0,1.0,1.0,1.0,1.0,0.9699216356188858,25,0,14,1,0.9615384615384616,1.0,1.0,0.9333333333333333,0.9803921568627451,0.9807692307692308,0.975
leaky_model,svm,none,0,2,40,26,1.0,1.0,0.006338969183255108,0.972136399194483,,0.4321152890536019,0.027293097854825657,0.5,26,0,14,0,1.0,1.0,1.0,1.0,1.0,1.0,1.0,0.9634539599266836,23,0,14,3,0.8846153846153846,1.0,1.0,0.8235294117647058,0.9387755102040816,0.9423076923076923,0.925
leaky_model,svm,none,0,3,40,25,1.0,1.0,0.0015130045630046608,0.9935445138645135,,-0.7322422778069811,0.011856174522152946,0.5,25,0,15,0,1.0,1.0,1.0,1.0,1.0,1.0,1.0,0.9502014142734168,25,0,15,0,1.0,1.0,1.0,1.0,1.0,1.0,1.0
leaky_model,svm,none,0,4,40,25,1.0,1.0,0.003510858166946386,0.9850203384876954,,0.2238706698095532,0.025694935392057895,0.5,25,0,15,0,1.0,1.0,1.0,1.0,1.0,1.0,1.0,0.9655528956438448,21,0,15,4,0.84,1.0,1.0,0.7894736842105263,0.9130434782608696,0.9199999999999999,0.9
leaky_model,svm,none,1,0,40,26,1.0,1.0,0.0011705032034458093,0.9948549309738646,,-0.21030094269801164,0.012386565266258823,0.5,26,0,14,0,1.0,1.0,1.0,1.0,1.0,1.0,1.0,0.966549863452565,24,0,14,2,0.9230769230769231,1.0,1.0,0.875,0.9600000000000001,0.9615384615384616,0.95
leaky_model,svm,none,1,1,40,26,1.0,1.0,0.004068646270469123,0.9821158405693665,,-0.23860416909718318,0.025980896360425547,0.5,26,0,14,0,1.0,1.0,1.0,1.0,1.0,1.0,1.0,0.9692715013529044,24,0,14,2,0.9230769230769231,1.0,1.0,0.875,0.9600000000000001,0.9615384615384616,0.95
leaky_model,svm,none,1,2,40,26,1.0,1.0,0.0004333656299480576,0.9980950961320965,,0.054425980942663175,0.012140741123409161,0.5,26,0,14,0,1.0,1.0,1.0,1.0,1.0,1.0,1.0,0.9624592174711656,24,0,14,2,0.9230769230769231,1.0,1.0,0.875,0.9600000000000001,0.9615384615384616,0.95
leaky_model,svm,none,1,3,40,25,1.0,1.0,0.000623697219473072,0.9973388918635816,,0.30069472694759286,0.01319829359832905,0.5,25,0,15,0,1.0,1.0,1.0,1.0,1.0,1.0,1.0,0.9605193770732732,22,0,15,3,0.88,1.0,1.0,0.8333333333333334,0.9361702127659575,0.94,0.925
leaky_model,svm,none,1,4,40,25,1.0,1.0,0.004328876716343006,0.9815301260102698,,0.12211264480986198,0.02146318584138044,0.5,25,0,15,0,1.0,1.0,1.0,1.0,1.0,1.0,1.0,0.951239951836832,24,0,15,1,0.96,1.0,1.0,0.9375,0.9795918367346939,0.98,0.975
leaky_model,svm,none,2,0,40,26,1.0,1.0,0.0002376347914168575,0.9989554514662995,,0.18985691386633372,0.00783201422360508,0.5,26,0,14,0,1.0,1.0,1.0,1.0,1.0,1.0,1.0,0.9503395592426536,25,0,14,1,0.9615384615384616,1.0,1.0,0.9333333333333333,0.9803921568627451,0.9807692307692308,0.975
leaky_model,svm,none,2,1,40,26,1.0,1.0,0.000313111054118228,0.9986236876742056,,-0.18769765680441095,0.010095025260343896,0.5,26,0,14,0,1.0,1.0,1.0,1.0,1.0,1.0,1.0,0.9641550880702956,25,0,14,1,0.9615384615384616,1.0,1.0,0.9333333333333333,0.9803921568627451,0.9807692307692308,0.975
leaky_model,svm,none,2,2,40,26,1.0,1.0,0.004326445793548922,0.9809826558525322,,0.33144559458392997,0.027346753502363864,0.5,26,0,14,0,1.0,1.0,1.0,1.0,1.0,1.0,1.0,0.9628904911371698,22,0,14,4,0.8461538461538461,1.0,1.0,0.7777777777777778,0.9166666666666666,0.9230769230769231,0.9
leaky_model,svm,none,2,3,40,25,1.0,1.0,0.004176623010108248,0.9821797418235382,,0.4191053709961331,0.022298494930486322,0.5,25,0,15,0,1.0,1.0,1.0,1.0,1.0,1.0,1.0,0.9644333963417664,22,0,15,3,0.88,1.0,1.0,0.8333333333333334,0.9361702127659575,0.94,0.925
leaky_model,svm,none,2,4,40,25,1.0,1.0,0.005735026240523021,0.9755305547071018,,-1.045373267672044,0.027943684582666172,0.5,25,0,15,0,1.0,1.0,1.0,1.0,1.0,1.0,1.0,0.9775638341548654,24,0,15,1,0.96,1.0,1.0,0.9375,0.9795918367346939,0.98,0.975
leaky_model,svm,none,3,0,40,26,1.0,1.0,0.0021135643899527134,0.990709607077131,,0.5624712944283154,0.017500949863786523,0.5,26,0,14,0,1.0,1.0,1.0,1.0,1.0,1.0,1.0,0.9690432159756625,22,0,14,4,0.8461538461538461,1.0,1.0,0.7777777777777778,0.9166666666666666,0.9230769230769231,0.9
leaky_model,svm,none,3,1,40,26,1.0,1.0,0.000862701829650075,0.9962079040454942,,-0.11374004697241984,0.013024791732008953,0.5,26,0,14,0,1.0,1.0,1.0,1.0,1.0,1.0,1.0,0.9567796958721626,24,0,14,2,0.9230769230769231,1.0,1.0,0.875,0.9600000000000001,0.9615384615384616,0.95
leaky_model,svm,none,3,2,40,26,1.0,1.0,0.0012601275805865105,0.9944609776677517,,-0.39827951281147606,0.015179307351452152,0.5,26,0,14,0,1.0,1.0,1.0,1.0,1.0,1.0,1.0,0.9552347010805388,25,0,14,1,0.9615384615384616,1.0,1.0,0.9333333333333333,0.9803921568627451,0.9807692307692308,0.975
leaky_model,svm,none,3,3,40,25,1.0,1.0,0.006508819702132717,0.972229035937567,,0.19455046111179447,0.02956993118261636,0.5,25,0,15,0,1.0,1.0,1.0,1.0,1.0,1.0,1.0,0.9689730139654688,22,0,15,3,0.88,1.0,1.0,0.8333333333333334,0.9361702127659575,0.94,0.925
leaky_model,svm,none,3,4,40,25,1.0,1.0,0.000955557992783798,0.9959229525641224,,-0.47385920807365445,0.013484295357648519,0.5,25,0,15,0,1.0,1.0,1.0,1.0,1.0,1.0,1.0,0.959551201060488,24,0,15,1,0.96,1.0,1.0,0.9375,0.9795918367346939,0.98,0.975
leaky_model,svm,none,4,0,40,26,1.0,1.0,0.0007234893260216962,0.9968198271383661,,0.4708973494649083,0.012428718981773253,0.5,26,0,14,0,1.0,1.0,1.0,1.0,1.0,1.0,1.0,0.960477803712007,23,0,14,3,0.8846153846153846,1.0,1.0,0.8235294117647058,0.9387755102040816,0.9423076923076923,0.925
leaky_model,svm,none,4,1,40,26,1.0,1.0,0.0036706306038207896,0.9838653599832053,,-0.7045125355852554,0.021957550093072504,0.5,26,0,14,0,1.0,1.0,1.0,1.0,1.0,1.0,1.0,0.9651585441856246,23,0,14,3,0.8846153846153846,1.0,1.0,0.8235294117647058,0.9387755102040816,0.9423076923076923,0.925
leaky_model,svm,none,4,2,40,26,1.0,1.0,0.00013587371384700842,0.999402752906167,,-0.5831604252613318,0.006150867514054459,0.5,26,0,14,0,1.0,1.0,1.0,1.0,1.0,1.0,1.0,0.9587229933364878,26,0,14,0,1.0,1.0,1.0,1.0,1.0,1.0,1.0
leaky_model,svm,none,4,3,40,25,1.0,1.0,0.004024647910287742,0.9828281689161056,,0.5800404807330639,0.018575209165801233,0.5,25,0,15,0,1.0,1.0,1.0,1.0,1.0,1.0,1.0,0.958731857982278,24,0,15,1,0.96,1.0,1.0,0.9375,0.9795918367346939,0.98,0.975
leaky_model,svm,none,4,4,40,25,1.0,1.0,0.0053171124135221615,0.9773136537023055,,-0.0742792572362423,0.035008332981841674,0.5,25,0,15,0,1.0,1.0,1.0,1.0,1.0,1.0,1.0,0.9702150641525752,21,0,15,4,0.84,1.0,1.0,0.7894736842105263,0.9130434782608696,0.9199999999999999,0.9
leaky_model,svm,sigmoid,0,0,40,26,1.0,1.0,0.006869972162456046,0.9698023201650283,,0.03651704900919587,0.058372851813968146,0.5,26,0,14,0,1.0,1.0,1.0,1.0,1.0,1.0,1.0,0.9060295051352258,24,0,14,2,0.9230769230769231,1.0,1.0,0.875,0.9600000000000001,0.9615384615384616,0.95
leaky_model,svm,sigmoid,0,1,40,26,1.0,1.0,0.0031099134246588877,0.9863300508806203,,0.007824801807802383,0.047108740513207015,0.5,26,0,14,0,1.0,1.0,1.0,1.0,1.0,1.0,1.0,0.8958569716129359,25,0,14,1,0.9615384615384616,1.0,1.0,0.9333333333333333,0.9803921568627451,0.9807692307692308,0.975
leaky_model,svm,sigmoid,0,2,40,26,1.0,1.0,0.012179623847456942,0.9464631918793102,,0.14293623378096318,0.06978997914738999,0.5,26,0,14,0,1.0,1.0,1.0,1.0,1.0,1.0,1.0,0.8893529402786975,23,0,14,3,0.8846153846153846,1.0,1.0,0.8235294117647058,0.9387755102040816,0.9423076923076923,0.925
leaky_model,svm,sigmoid,0,3,40,25,1.0,1.0,0.004997711057564165,0.9786764328210595,,-0.18407516156872875,0.04826011113442752,0.5,25,0,15,0,1.0,1.0,1.0,1.0,1.0,1.0,1.0,0.8676589153823355,25,0,15,0,1.0,1.0,1.0,1.0,1.0,1.0,1.0
leaky_model,svm,sigmoid,0,4,40,25,1.0,1.0,0.010876117280660838,0.9535952329358471,,0.17091344977195475,0.0685970448606641,0.5,25,0,15,0,1.0,1.0,1.0,1.0,1.0,1.0,1.0,0.898705058328445,21,0,15,4,0.84,1.0,1.0,0.7894736842105263,0.9130434782608696,0.9199999999999999,0.9
leaky_model,svm,sigmoid,1,0,40,26,1.0,1.0,0.005008216170767416,0.9779858629856377,,0.011358944957859086,0.047415579597197825,0.5,26,0,14,0,1.0,1.0,1.0,1.0,1.0,1.0,1.0,0.8896015679095067,24,0,14,2,0.9230769230769231,1.0,1.0,0.875,0.9600000000000001,0.9615384615384616,0.95
leaky_model,svm,sigmoid,1,1,40,26,1.0,1.0,0.01223530554665336,0.9462184371575676,,-0.07975280207423643,0.07008200381378471,0.5,26,0,14,0,1.0,1.0,1.0,1.0,1.0,1.0,1.0,0.8975188117021805,23,0,14,3,0.8846153846153846,1.0,1.0,0.8235294117647058,0.9387755102040816,0.9423076923076923,0.925
leaky_model,svm,sigmoid,1,2,40,26,1.0,1.0,0.004806873751622956,0.9788708846082508,,0.15793506846055685,0.055295408261911115,0.5,26,0,14,0,1.0,1.0,1.0,1.0,1.0,1.0,1.0,0.8853841506757136,24,0,14,2,0.9230769230769231,1.0,1.0,0.875,0.9600000000000001,0.9615384615384616,0.95
leaky_model,svm,sigmoid,1,3,40,25,1.0,1.0,0.005145818857516528,0.9780445062079295,,0.13797863582654551,0.055482963879819255,0.5,25,0,15,0,1.0,1.0,1.0,1.0,1.0,1.0,1.0,0.899685341643286,22,0,15,3,0.88,1.0,1.0,0.8333333333333334,0.9361702127659575,0.94,0.925
leaky_model,svm,sigmoid,1,4,40,25,1.0,1.0,0.009843029835713673,0.958003072700955,,-0.06184958816163506,0.0610031275310796,0.5,25,0,15,0,1.0,1.0,1.0,1.0,1.0,1.0,1.0,0.8729798946288925,24,0,15,1,0.96,1.0,1.0,0.9375,0.9795918367346939,0.98,0.975
leaky_model,svm,sigmoid,2,0,40,26,1.0,1.0,0.002764850441934642,0.9878468112442433,,0.11696825880565957,0.04259542228458399,0.5,26,0,14,0,1.0,1.0,1.0,1.0,1.0,1.0,1.0,0.8765632015906004,25,0,14,1,0.9615384615384616,1.0,1.0,0.9333333333333333,0.9803921568627451,0.9807692307692308,0.975
leaky_model,svm,sigmoid,2,1,40,26,1.0,1.0,0.0035400520107112857,0.9844393318210493,,0.03238269515186427,0.04862048383871176,0.5,26,0,14,0,1.0,1.0,1.0,1.0,1.0,1.0,1.0,0.8943706525179401,25,0,14,1,0.9615384615384616,1.0,1.0,0.9333333333333333,0.9803921568627451,0.9807692307692308,0.975
leaky_model,svm,sigmoid,2,2,40,26,1.0,1.0,0.01236943048566741,0.9456288769860773,,0.2325912051818446,0.07589124554254584,0.5,26,0,14,0,1.0,1.0,1.0,1.0,1.0,1.0,1.0,0.8840095447015589,21,0,14,5,0.8076923076923077,1.0,1.0,0.7368421052631579,0.8936170212765957,0.9038461538461539,0.875
leaky_model,svm,sigmoid,2,3,40,25,1.0,1.0,0.009325853543739573,0.9602096915467112,,0.08069521065632773,0.06315875342581975,0.5,25,0,15,0,1.0,1.0,1.0,1.0,1.0,1.0,1.0,0.894248213494601,22,0,15,3,0.88,1.0,1.0,0.8333333333333334,0.9361702127659575,0.94,0.925
leaky_model,svm,sigmoid,2,4,40,25,1.0,1.0,0.012174931261334732,0.9480536266183052,,-0.4154372315510962,0.06742263109305213,0.5,25,0,15,0,1.0,1.0,1.0,1.0,1.0,1.0,1.0,0.9068742602583376,24,0,15,1,0.96,1.0,1.0,0.9375,0.9795918367346939,0.98,0.975
leaky_model,svm,sigmoid,3,0,40,26,1.0,1.0,0.008042559428603623,0.9646480904237204,,0.3476339489469792,0.06073017168661614,0.5,26,0,14,0,1.0,1.0,1.0,1.0,1.0,1.0,1.0,0.9033590167145048,22,0,14,4,0.8461538461538461,1.0,1.0,0.7777777777777778,0.9166666666666666,0.9230769230769231,0.9
leaky_model,svm,sigmoid,3,1,40,26,1.0,1.0,0.0053732202805972205,0.9763814493160562,,0.028853873959761977,0.05166289866227222,0.5,26,0,14,0,1.0,1.0,1.0,1.0,1.0,1.0,1.0,0.8866268984975356,24,0,14,2,0.9230769230769231,1.0,1.0,0.875,0.9600000000000001,0.9615384615384616,0.95
leaky_model,svm,sigmoid,3,2,40,26,1.0,1.0,0.006355492645982082,0.9720637685890897,,-0.154933648652336,0.05544828223412072,0.5,26,0,14,0,1.0,1.0,1.0,1.0,1.0,1.0,1.0,0.8839682918114924,25,0,14,1,0.9615384615384616,1.0,1.0,0.9333333333333333,0.9803921568627451,0.9807692307692308,0.975
leaky_model,svm,sigmoid,3,3,40,25,1.0,1.0,0.012978806984199981,0.9446237568674134,,0.0903878404720592,0.074471363738242,0.5,25,0,15,0,1.0,1.0,1.0,1.0,1.0,1.0,1.0,0.8998552915047561,22,0,15,3,0.88,1.0,1.0,0.8333333333333334,0.9361702127659575,0.94,0.925
leaky_model,svm,sigmoid,3,4,40,25,1.0,1.0,0.0053593260228160106,0.9771335423026517,,-0.2467625875071757,0.052807009798884315,0.5,25,0,15,0,1.0,1.0,1.0,1.0,1.0,1.0,1.0,0.888886444655632,24,0,15,1,0.96,1.0,1.0,0.9375,0.9795918367346939,0.98,0.975
leaky_model,svm,sigmoid,4,0,40,26,1.0,1.0,0.004939962691420089,0.9782858782794721,,0.30065143454102156,0.05075152362145691,0.5,26,0,14,0,1.0,1.0,1.0,1.0,1.0,1.0,1.0,0.8953944811848845,23,0,14,3,0.8846153846153846,1.0,1.0,0.8235294117647058,0.9387755102040816,0.9423076923076923,0.925
leaky_model,svm,sigmoid,4,1,40,26,1.0,1.0,0.01023532961892321,0.9550095401366012,,-0.19451537043124262,0.0650639257366721,0.5,26,0,14,0,1.0,1.0,1.0,1.0,1.0,1.0,1.0,0.8897247567790745,23,0,14,3,0.8846153846153846,1.0,1.0,0.8235294117647058,0.9387755102040816,0.9423076923076923,0.925
leaky_model,svm,sigmoid,4,2,40,26,1.0,1.0,0.002059261370744999,0.9909483016670549,,-0.13739693034384662,0.03695889433642231,0.5,26,0,14,0,1.0,1.0,1.0,1.0,1.0,1.0,1.0,0.8659937754941335,26,0,14,0,1.0,1.0,1.0,1.0,1.0,1.0,1.0
leaky_model,svm,sigmoid,4,3,40,25,1.0,1.0,0.00787729795685392,0.96639019538409,,0.1463278705355165,0.058698950911848805,0.5,25,0,15,0,1.0,1.0,1.0,1.0,1.0,1.0,1.0,0.8790873004569468,24,0,15,1,0.96,1.0,1.0,0.9375,0.9795918367346939,0.98,0.975
leaky_model,svm,sigmoid,4,4,40,25,1.0,1.0,0.014717000420403683,0.9372074648729443,,0.023944585666979972,0.08485870911579553,0.5,25,0,15,0,1.0,1.0,1.0,1.0,1.0,1.0,1.0,0.9006132122621464,20,0,15,5,0.8,1.0,1.0,0.75,0.888888888888889,0.9,0.875
leaky_model,xgboost,isotonic,0,0,40,26,1.0,1.0,1.5170751223411757e-05,0.9999333153792378,,-0.38102342581025384,0.0009265409287763683,0.5,26,0,14,0,1.0,1.0,1.0,1.0,1.0,1.0,1.0,1.0,24,0,14,2,0.9230769230769231,1.0,1.0,0.875,0.9600000000000001,0.9615384615384616,0.95
leaky_model,xgboost,isotonic,0,1,40,26,1.0,1.0,7.6082042607747455e-06,0.9999665573439087,,-0.6218497226016705,0.0007223261403851235,0.5,26,0,14,0,1.0,1.0,1.0,1.0,1.0,1.0,1.0,1.0,25,0,14,1,0.9615384615384616,1.0,1.0,0.9333333333333333,0.9803921568627451,0.9807692307692308,0.975
leaky_model,xgboost,isotonic,0,2,40,26,1.0,1.0,9.710319324679031e-06,0.9999573172776938,,0.01979659137231168,0.0007849832414649753,0.5,26,0,14,0,1.0,1.0,1.0,1.0,1.0,1.0,1.0,1.0,23,0,14,3,0.8846153846153846,1.0,1.0,0.8235294117647058,0.9387755102040816,0.9423076923076923,0.925
leaky_model,xgboost,isotonic,0,3,40,25,1.0,1.0,2.3381444207792722e-08,0.9999999002391714,,0.72189284435873,4.464446901694466e-05,0.5,25,0,15,0,1.0,1.0,1.0,1.0,1.0,1.0,1.0,1.0,22,0,15,3,0.88,1.0,1.0,0.8333333333333334,0.9361702127659575,0.94,0.925
leaky_model,xgboost,isotonic,0,4,40,25,1.0,1.0,3.0554494777435092e-06,0.9999869634155616,,-0.9120343043341655,0.0003194967332092179,0.5,25,0,15,0,1.0,1.0,1.0,1.0,1.0,1.0,1.0,1.0,21,0,15,4,0.84,1.0,1.0,0.7894736842105263,0.9130434782608696,0.9199999999999999,0.9
leaky_model,xgboost,isotonic,1,0,40,26,1.0,1.0,1.9507787151194756e-07,0.9999991425148504,,0.0155933042827896,9.875387186184504e-05,0.5,26,0,14,0,1.0,1.0,1.0,1.0,1.0,1.0,1.0,1.0,25,0,14,1,0.9615384615384616,1.0,1.0,0.9333333333333333,0.9803921568627451,0.9807692307692308,0.975
leaky_model,xgboost,isotonic,1,1,40,26,1.0,1.0,1.8883411627533998e-05,0.999916995992846,,0.24992187369909244,0.0013776193605736162,0.5,26,0,14,0,1.0,1.0,1.0,1.0,1.0,1.0,1.0,1.0,23,0,14,3,0.8846153846153846,1.0,1.0,0.8235294117647058,0.9387755102040816,0.9423076923076923,0.925
leaky_model,xgboost,isotonic,1,2,40,26,1.0,1.0,8.504038346201948e-06,0.999962619611665,,-0.8542511199162358,0.0007240272221678959,0.5,26,0,14,0,1.0,1.0,1.0,1.0,1.0,1.0,1.0,1.0,24,0,14,2,0.9230769230769231,1.0,1.0,0.875,0.9600000000000001,0.9615384615384616,0.95
leaky_model,xgboost,isotonic,1,3,40,25,1.0,1.0,3.079563704568268e-09,0.9999999868605282,,-1.3406007909796305,8.774342859395e-06,0.5,25,0,15,0,1.0,1.0,1.0,1.0,1.0,1.0,1.0,0.9999731928110124,25,0,15,0,1.0,1.0,1.0,1.0,1.0,1.0,1.0
leaky_model,xgboost,isotonic,1,4,40,25,1.0,1.0,8.648778414920611e-06,0.9999630985454296,,-0.4879250538201993,0.0007216342615720333,0.5,25,0,15,0,1.0,1.0,1.0,1.0,1.0,1.0,1.0,0.997404471039772,24,0,15,1,0.96,1.0,1.0,0.9375,0.9795918367346939,0.98,0.975
leaky_model,xgboost,isotonic,2,0,40,26,1.0,1.0,0.0,1.0,,0.30951991863229283,0.0,0.5,26,0,14,0,1.0,1.0,1.0,1.0,1.0,1.0,1.0,1.0,26,0,14,0,1.0,1.0,1.0,1.0,1.0,1.0,1.0
leaky_model,xgboost,isotonic,2,1,40,26,1.0,1.0,3.930349710613511e-07,0.9999982723737536,,0.0021392469932774065,0.0001473995682317861,0.5,26,0,14,0,1.0,1.0,1.0,1.0,1.0,1.0,1.0,1.0,24,0,14,2,0.9230769230769231,1.0,1.0,0.875,0.9600000000000001,0.9615384615384616,0.95
leaky_model,xgboost,isotonic,2,2,40,26,1.0,1.0,1.5443986387042712e-06,0.9999932114345551,,0.8046958290159456,0.0004048617767239014,0.5,26,0,14,0,1.0,1.0,1.0,1.0,1.0,1.0,1.0,1.0,22,0,14,4,0.8461538461538461,1.0,1.0,0.7777777777777778,0.9166666666666666,0.9230769230769231,0.9
leaky_model,xgboost,isotonic,2,3,40,25,1.0,1.0,0.00031731968461730126,0.9986461026789661,,-1.5306442005788978,0.005036885491426765,0.5,25,0,15,0,1.0,1.0,1.0,1.0,1.0,1.0,1.0,0.9996002018451692,23,0,15,2,0.92,1.0,1.0,0.8823529411764706,0.9583333333333334,0.96,0.95
leaky_model,xgboost,isotonic,2,4,40,25,1.0,1.0,3.6230691258048255e-06,0.9999845415717299,,-3.3421565722794884,0.0004960149177350051,0.5,25,0,15,0,1.0,1.0,1.0,1.0,1.0,1.0,1.0,1.0,25,0,15,0,1.0,1.0,1.0,1.0,1.0,1.0,1.0
leaky_model,xgboost,isotonic,3,0,40,26,1.0,1.0,3.4978153928832966e-09,0.9999999846249873,,1.6751580730957345,9.351223707221302e-06,0.5,26,0,14,0,1.0,1.0,1.0,1.0,1.0,1.0,1.0,0.99897500872612,26,0,14,0,1.0,1.0,1.0,1.0,1.0,1.0,1.0
leaky_model,xgboost,isotonic,3,1,40,26,1.0,1.0,5.307852656469576e-06,0.999976668779532,,1.5058406670750428,0.0006330259551759641,0.5,26,0,14,0,1.0,1.0,1.0,1.0,1.0,1.0,1.0,0.9998779743909836,23,0,14,3,0.8846153846153846,1.0,1.0,0.8235294117647058,0.9387755102040816,0.9423076923076923,0.925
leaky_model,xgboost,isotonic,3,2,40,26,1.0,1.0,1.318322631903828e-05,0.9999420517524438,,-3.4342485222206864,0.0006116116710472825,0.5,26,0,14,0,1.0,1.0,1.0,1.0,1.0,1.0,1.0,0.9985124319791794,26,0,14,0,1.0,1.0,1.0,1.0,1.0,1.0,1.0
leaky_model,xgboost,isotonic,3,3,40,25,1.0,1.0,2.7218467949158555e-07,0.9999988386787009,,0.6943082901776447,0.00016081109497463204,0.5,25,0,15,0,1.0,1.0,1.0,1.0,1.0,1.0,1.0,1.0,20,0,15,5,0.8,1.0,1.0,0.75,0.888888888888889,0.9,0.875
leaky_model,xgboost,isotonic,3,4,40,25,1.0,1.0,1.8843937268756804e-05,0.9999195992009866,,-3.689543784846023,0.0009821944142458924,0.5,25,0,15,0,1.0,1.0,1.0,1.0,1.0,1.0,1.0,1.0,25,0,15,0,1.0,1.0,1.0,1.0,1.0,1.0,1.0
leaky_model,xgboost,isotonic,4,0,40,26,1.0,1.0,1.932028111924834e-05,0.9999150756873879,,0.1334170434361009,0.0012688340910244453,0.5,26,0,14,0,1.0,1.0,1.0,1.0,1.0,1.0,1.0,1.0,22,0,14,4,0.8461538461538461,1.0,1.0,0.7777777777777778,0.9166666666666666,0.9230769230769231,0.9
leaky_model,xgboost,isotonic,4,1,40,26,1.0,1.0,1.357960357699009e-06,0.9999940309434826,,0.14805958067240937,0.00038990397224555054,0.5,26,0,14,0,1.0,1.0,1.0,1.0,1.0,1.0,1.0,1.0,22,0,14,4,0.8461538461538461,1.0,1.0,0.7777777777777778,0.9166666666666666,0.9230769230769231,0.9
leaky_model,xgboost,isotonic,4,2,40,26,1.0,1.0,1.3112063927594281e-05,0.9999423645541644,,-3.4019181308549302,0.0005725396040361375,0.5,26,0,14,0,1.0,1.0,1.0,1.0,1.0,1.0,1.0,1.0,26,0,14,0,1.0,1.0,1.0,1.0,1.0,1.0,1.0
leaky_model,xgboost,isotonic,4,3,40,25,1.0,1.0,9.951932209721141e-08,0.9999995753842257,,-0.007022809953230148,8.494194617017305e-05,0.5,25,0,15,0,1.0,1.0,1.0,1.0,1.0,1.0,1.0,1.0,24,0,15,1,0.96,1.0,1.0,0.9375,0.9795918367346939,0.98,0.975
leaky_model,xgboost,isotonic,4,4,40,25,1.0,1.0,1.8935064654129307e-06,0.9999919210390809,,1.1932849624915092,0.0003812002716585964,0.5,25,0,15,0,1.0,1.0,1.0,1.0,1.0,1.0,1.0,1.0,22,0,15,3,0.88,1.0,1.0,0.8333333333333334,0.9361702127659575,0.94,0.925
leaky_model,xgboost,none,0,0,40,26,1.0,1.0,0.00035389862335747345,0.9984444016555716,,-0.000442571387504228,0.015607056440785496,0.5,26,0,14,0,1.0,1.0,1.0,1.0,1.0,1.0,1.0,0.9793954491615297,24,0,14,2,0.9230769230769231,1.0,1.0,0.875,0.9600000000000001,0.9615384615384616,0.95
leaky_model,xgboost,none,0,1,40,26,1.0,1.0,0.0002852024783056387,0.9987463627327224,,-0.016464899723660997,0.015133591229096003,0.5,26,0,14,0,1.0,1.0,1.0,1.0,1.0,1.0,1.0,0.9780011177062988,25,0,14,1,0.9615384615384616,1.0,1.0,0.9333333333333333,0.9803921568627451,0.9807692307692308,0.975
leaky_model,xgboost,none,0,2,40,26,1.0,1.0,0.0003746800437934468,0.9983530547525563,,0.03845233237505607,0.01621081330813467,0.5,26,0,14,0,1.0,1.0,1.0,1.0,1.0,1.0,1.0,0.9759644865989684,24,0,14,2,0.9230769230769231,1.0,1.0,0.875,0.9600000000000001,0.9615384615384616,0.95
leaky_model,xgboost,none,0,3,40,25,1.0,1.0,0.0002409129657149409,0.9989721046796163,,0.006095066598589929,0.014769352180883252,0.5,25,0,15,0,1.0,1.0,1.0,1.0,1.0,1.0,1.0,0.97898268699646,24,0,15,1,0.96,1.0,1.0,0.9375,0.9795918367346939,0.98,0.975
leaky_model,xgboost,none,0,4,40,25,1.0,1.0,0.0002721993157080382,0.998838616252979,,-0.10023484604222554,0.01454860796220599,0.5,25,0,15,0,1.0,1.0,1.0,1.0,1.0,1.0,1.0,0.977992594242096,25,0,15,0,1.0,1.0,1.0,1.0,1.0,1.0,1.0
leaky_model,xgboost,none,1,0,40,26,1.0,1.0,0.00021370669892074157,0.9990606298948539,,0.05521013349868103,0.013643567496910692,0.5,26,0,14,0,1.0,1.0,1.0,1.0,1.0,1.0,1.0,0.9781283736228944,25,0,14,1,0.9615384615384616,1.0,1.0,0.9333333333333333,0.9803921568627451,0.9807692307692308,0.975
leaky_model,xgboost,none,1,1,40,26,1.0,1.0,0.00036005120736556435,0.9984173573302613,,0.05918965012752759,0.016355974366888418,0.5,26,0,14,0,1.0,1.0,1.0,1.0,1.0,1.0,1.0,0.9763861298561096,24,0,14,2,0.9230769230769231,1.0,1.0,0.875,0.9600000000000001,0.9615384615384616,0.95
leaky_model,xgboost,none,1,2,40,26,1.0,1.0,0.0003401287809974308,0.9985049284351761,,-0.01614868173937388,0.015878303581848698,0.5,26,0,14,0,1.0,1.0,1.0,1.0,1.0,1.0,1.0,0.9821877479553224,23,0,14,3,0.8846153846153846,1.0,1.0,0.8235294117647058,0.9387755102040816,0.9423076923076923,0.925
leaky_model,xgboost,none,1,3,40,25,1.0,1.0,0.00022352472165414666,0.9990462945209423,,-0.06519762378449845,0.014135326351970436,0.5,25,0,15,0,1.0,1.0,1.0,1.0,1.0,1.0,1.0,0.978372037410736,25,0,15,0,1.0,1.0,1.0,1.0,1.0,1.0,1.0
leaky_model,xgboost,none,1,4,40,25,1.0,1.0000000000000002,0.0003306108151650756,0.9985893938552957,,-0.11463814269521336,0.014988424815237482,0.5,25,0,15,0,1.0,1.0,1.0,1.0,1.0,1.0,1.0,0.9762201309204102,24,0,15,1,0.96,1.0,1.0,0.9375,0.9795918367346939,0.98,0.975
leaky_model,xgboost,none,2,0,40,26,1.0,1.0,0.0001859871188754996,0.9991824742027451,,0.05157431570297769,0.01294392319396134,0.5,26,0,14,0,1.0,1.0,1.0,1.0,1.0,1.0,1.0,0.9742257595062256,26,0,14,0,1.0,1.0,1.0,1.0,1.0,1.0,1.0
leaky_model,xgboost,none,2,1,40,26,1.0,1.0,0.0002563243514586789,0.9988732995540278,,0.06753503124616693,0.01479841880500313,0.5,26,0,14,0,1.0,1.0,1.0,1.0,1.0,1.0,1.0,0.979195237159729,24,0,14,2,0.9230769230769231,1.0,1.0,0.875,0.9600000000000001,0.9615384615384616,0.95
leaky_model,xgboost,none,2,2,40,26,1.0,1.0,0.0002954253106918055,0.9987014272057503,,0.07670412935504853,0.015838016243651498,0.5,26,0,14,0,1.0,1.0,1.0,1.0,1.0,1.0,1.0,0.9794546365737916,22,0,14,4,0.8461538461538461,1.0,1.0,0.7777777777777778,0.9166666666666666,0.9230769230769231,0.9
leaky_model,xgboost,none,2,3,40,25,1.0,1.0,0.000940844568839945,0.9959857298396162,,-0.31299355672361573,0.020259774476289724,0.5,25,0,15,0,1.0,1.0,1.0,1.0,1.0,1.0,1.0,0.9821588397026062,22,0,15,3,0.88,1.0,1.0,0.8333333333333334,0.9361702127659575,0.94,0.925
leaky_model,xgboost,none,2,4,40,25,1.0,1.0,0.00035375074488224297,0.9984906634885025,,-0.23012560955700553,0.015387337142601605,0.5,25,0,15,0,1.0,1.0,1.0,1.0,1.0,1.0,1.0,0.9743465185165404,25,0,15,0,1.0,1.0,1.0,1.0,1.0,1.0,1.0
leaky_model,xgboost,none,3,0,40,26,1.0,1.0,0.00022029161654331248,0.9990316852020075,,0.08896504213136903,0.013909620232880105,0.5,26,0,14,0,1.0,1.0,1.0,1.0,1.0,1.0,1.0,0.9797404408454896,24,0,14,2,0.9230769230769231,1.0,1.0,0.875,0.9600000000000001,0.9615384615384616,0.95
leaky_model,xgboost,none,3,1,40,26,1.0,1.0,0.0002685929786741704,0.9988193715223114,,0.09572048372426274,0.015078578004613478,0.5,26,0,14,0,1.0,1.0,1.0,1.0,1.0,1.0,1.0,0.976306140422821,23,0,14,3,0.8846153846153846,1.0,1.0,0.8235294117647058,0.9387755102040816,0.9423076923076923,0.925
leaky_model,xgboost,none,3,2,40,26,1.0,1.0,0.00032727647279415055,0.9985614220976081,,-0.10207540474039761,0.01466459657531229,0.5,26,0,14,0,1.0,1.0,1.0,1.0,1.0,1.0,1.0,0.9733238220214844,26,0,14,0,1.0,1.0,1.0,1.0,1.0,1.0,1.0
leaky_model,xgboost,none,3,3,40,25,1.0,1.0,0.0002719410414969028,0.9988397182229466,,-0.03441480610307137,0.015086252707988024,0.5,25,0,15,0,1.0,1.0,1.0,1.0,1.0,1.0,1.0,0.9792234897613524,23,0,15,2,0.92,1.0,1.0,0.8823529411764706,0.9583333333333334,0.96,0.95
leaky_model,xgboost,none,3,4,40,25,1.0,1.0,0.00043592116980277387,0.9981400696755082,,-0.2102599177454973,0.01637250059284269,0.5,25,0,15,0,1.0,1.0,1.0,1.0,1.0,1.0,1.0,0.979969561100006,25,0,15,0,1.0,1.0,1.0,1.0,1.0,1.0,1.0
leaky_model,xgboost,none,4,0,40,26,1.0,1.0,0.000344920739271419,0.9984838648823234,,0.06320975272608254,0.015644407458603356,0.5,26,0,14,0,1.0,1.0,1.0,1.0,1.0,1.0,1.0,0.9800679087638856,22,0,14,4,0.8461538461538461,1.0,1.0,0.7777777777777778,0.9166666666666666,0.9230769230769231,0.9
leaky_model,xgboost,none,4,1,40,26,1.0,1.0,0.0002742213104979612,0.9987946316022067,,-0.007739593097376134,0.01484569981694223,0.5,26,0,14,0,1.0,1.0,1.0,1.0,1.0,1.0,1.0,0.9790665507316588,25,0,14,1,0.9615384615384616,1.0,1.0,0.9333333333333333,0.9803921568627451,0.9807692307692308,0.975
leaky_model,xgboost,none,4,2,40,26,1.0,0.9999999999999998,0.0002981102948819169,0.9986896250774421,,-0.06092659929388431,0.014452777896076423,0.5,26,0,14,0,1.0,1.0,1.0,1.0,1.0,1.0,1.0,0.9787267446517944,26,0,14,0,1.0,1.0,1.0,1.0,1.0,1.0,1.0
leaky_model,xgboost,none,4,3,40,25,1.0,1.0,0.0002995159772794688,0.9987220651636076,,-0.006323519347587553,0.01562925702892242,0.5,25,0,15,0,1.0,1.0,1.0,1.0,1.0,1.0,1.0,0.9765823483467102,23,0,15,2,0.92,1.0,1.0,0.8823529411764706,0.9583333333333334,0.96,0.95
leaky_model,xgboost,none,4,4,40,25,1.0,0.9999999999999999,0.0003186252309281608,0.9986405323480398,,-0.03330994205004677,0.016153449472039928,0.5,25,0,15,0,1.0,1.0,1.0,1.0,1.0,1.0,1.0,0.9759053587913512,23,0,15,2,0.92,1.0,1.0,0.8823529411764706,0.9583333333333334,0.96,0.95
leaky_model,xgboost,sigmoid,0,0,40,26,1.0,1.0,0.0022003619754281814,0.9903280792288871,,0.055313066983060565,0.04525995918317901,0.5,26,0,14,0,1.0,1.0,1.0,1.0,1.0,1.0,1.0,0.950957971194401,26,0,14,0,1.0,1.0,1.0,1.0,1.0,1.0,1.0
leaky_model,xgboost,sigmoid,0,1,40,26,1.0,1.0,0.0021530247209465827,0.9905361550727623,,0.04954196160399691,0.04480347892255955,0.5,26,0,14,0,1.0,1.0,1.0,1.0,1.0,1.0,1.0,0.9508665324141868,26,0,14,0,1.0,1.0,1.0,1.0,1.0,1.0,1.0
leaky_model,xgboost,sigmoid,0,2,40,26,1.0,1.0,0.0022434026391132157,0.9901388894984035,,0.04284548935338615,0.04552987046533173,0.5,26,0,14,0,1.0,1.0,1.0,1.0,1.0,1.0,1.0,0.9508756614637056,25,0,14,1,0.9615384615384616,1.0,1.0,0.9333333333333333,0.9803921568627451,0.9807692307692308,0.975
leaky_model,xgboost,sigmoid,0,3,40,25,1.0,1.0,0.0022194988206474453,0.9905301383652376,,-0.006580909161095982,0.045535627729028645,0.5,25,0,15,0,1.0,1.0,1.0,1.0,1.0,1.0,1.0,0.9512929532328,25,0,15,0,1.0,1.0,1.0,1.0,1.0,1.0,1.0
leaky_model,xgboost,sigmoid,0,4,40,25,1.0,1.0,0.002228709756397218,0.9904908383727052,,-0.019081914163315245,0.045424532159912503,0.5,25,0,15,0,1.0,1.0,1.0,1.0,1.0,1.0,1.0,0.9502815933442944,25,0,15,0,1.0,1.0,1.0,1.0,1.0,1.0,1.0
leaky_model,xgboost,sigmoid,1,0,40,26,1.0,1.0,0.0021097910525950587,0.9907261931754063,,0.06251040956027226,0.044520910695425873,0.5,26,0,14,0,1.0,1.0,1.0,1.0,1.0,1.0,1.0,0.9506659987837208,26,0,14,0,1.0,1.0,1.0,1.0,1.0,1.0,1.0
leaky_model,xgboost,sigmoid,1,1,40,26,1.0,1.0,0.002264465105988326,0.990046307226425,,0.06527910293538619,0.04591401518875633,0.5,26,0,14,0,1.0,1.0,1.0,1.0,1.0,1.0,1.0,0.9509923350882836,25,0,14,1,0.9615384615384616,1.0,1.0,0.9333333333333333,0.9803921568627451,0.9807692307692308,0.975
leaky_model,xgboost,sigmoid,1,2,40,26,1.0,1.0,0.002211396654899049,0.9902795751433009,,0.0509308436510639,0.04536885695033546,0.5,26,0,14,0,1.0,1.0,1.0,1.0,1.0,1.0,1.0,0.951703750338808,26,0,14,0,1.0,1.0,1.0,1.0,1.0,1.0,1.0
leaky_model,xgboost,sigmoid,1,3,40,25,1.0,0.9999999999999999,0.002207502940079547,0.990581320788994,,-0.013558208821173484,0.04533430604443353,0.5,25,0,15,0,1.0,1.0,1.0,1.0,1.0,1.0,1.0,0.9518035479232592,25,0,15,0,1.0,1.0,1.0,1.0,1.0,1.0,1.0
leaky_model,xgboost,sigmoid,1,4,40,25,1.0,0.9999999999999999,0.0022328358237563677,0.9904732338186395,,-0.01872942193592449,0.045426649138889726,0.5,25,0,15,0,1.0,1.0,1.0,1.0,1.0,1.0,1.0,0.9497091251131538,25,0,15,0,1.0,1.0,1.0,1.0,1.0,1.0,1.0
leaky_model,xgboost,sigmoid,2,0,40,26,1.0,1.0,0.0020638405141086996,0.9909281735643574,,0.06780976824379475,0.044093960270458685,0.5,26,0,14,0,1.0,1.0,1.0,1.0,1.0,1.0,1.0,0.9508689967159476,26,0,14,0,1.0,1.0,1.0,1.0,1.0,1.0,1.0
leaky_model,xgboost,sigmoid,2,1,40,26,1.0,1.0,0.002098550642210224,0.9907756015727023,,0.07100082501227999,0.04446606346699861,0.5,26,0,14,0,1.0,1.0,1.0,1.0,1.0,1.0,1.0,0.950577311332112,26,0,14,0,1.0,1.0,1.0,1.0,1.0,1.0,1.0
leaky_model,xgboost,sigmoid,2,2,40,26,1.0,0.9999999999999999,0.002188434404873529,0.990380508110446,,0.06172257763598288,0.04530913935529962,0.5,26,0,14,0,1.0,1.0,1.0,1.0,1.0,1.0,1.0,0.9511096206320542,26,0,14,0,1.0,1.0,1.0,1.0,1.0,1.0,1.0
leaky_model,xgboost,sigmoid,2,3,40,25,1.0,1.0,0.0026957271865400813,0.9884982306707624,,-0.07156243293479418,0.04835820951534364,0.5,25,0,15,0,1.0,1.0,1.0,1.0,1.0,1.0,1.0,0.9523934832047976,25,0,15,0,1.0,1.0,1.0,1.0,1.0,1.0,1.0
leaky_model,xgboost,sigmoid,2,4,40,25,1.0,1.0,0.0022369274588944785,0.9904557761753836,,-0.025923357255215454,0.04541133271943246,0.5,25,0,15,0,1.0,1.0,1.0,1.0,1.0,1.0,1.0,0.9502569099210048,25,0,15,0,1.0,1.0,1.0,1.0,1.0,1.0,1.0
leaky_model,xgboost,sigmoid,3,0,40,26,1.0,0.9999999999999999,0.002060016434496262,0.9909449827055109,,0.07450968770074576,0.04411501536519673,0.5,26,0,14,0,1.0,1.0,1.0,1.0,1.0,1.0,1.0,0.9499585408758524,26,0,14,0,1.0,1.0,1.0,1.0,1.0,1.0,1.0
leaky_model,xgboost,sigmoid,3,1,40,26,1.0,1.0,0.002145297339416437,0.9905701215849827,,0.06975360008085871,0.0449526768857518,0.5,26,0,14,0,1.0,1.0,1.0,1.0,1.0,1.0,1.0,0.9505812157551756,26,0,14,0,1.0,1.0,1.0,1.0,1.0,1.0,1.0
leaky_model,xgboost,sigmoid,3,2,40,26,1.0,1.0,0.002196199080122055,0.9903463776697932,,0.03801188430820756,0.04491612837941729,0.5,26,0,14,0,1.0,1.0,1.0,1.0,1.0,1.0,1.0,0.9492674429923796,26,0,14,0,1.0,1.0,1.0,1.0,1.0,1.0,1.0
leaky_model,xgboost,sigmoid,3,3,40,25,1.0,1.0,0.00222966521219069,0.9904867617613198,,-0.008625859734555028,0.045598882731674936,0.5,25,0,15,0,1.0,1.0,1.0,1.0,1.0,1.0,1.0,0.951244194644763,25,0,15,0,1.0,1.0,1.0,1.0,1.0,1.0,1.0
leaky_model,xgboost,sigmoid,3,4,40,25,1.0,1.0,0.0023398940123446413,0.9900164522139961,,-0.03725012206029054,0.04616217358305984,0.5,25,0,15,0,1.0,1.0,1.0,1.0,1.0,1.0,1.0,0.951572461454335,25,0,15,0,1.0,1.0,1.0,1.0,1.0,1.0,1.0
leaky_model,xgboost,sigmoid,4,0,40,26,1.0,1.0,0.002167191780841987,0.9904738822820133,,0.05905100479380206,0.04494238584306545,0.5,26,0,14,0,1.0,1.0,1.0,1.0,1.0,1.0,1.0,0.9517004583540456,26,0,14,0,1.0,1.0,1.0,1.0,1.0,1.0,1.0
leaky_model,xgboost,sigmoid,4,1,40,26,1.0,1.0,0.0021595067902970746,0.9905076624602326,,0.05181746659291216,0.04488232653045714,0.5,26,0,14,0,1.0,1.0,1.0,1.0,1.0,1.0,1.0,0.9507197305814178,26,0,14,0,1.0,1.0,1.0,1.0,1.0,1.0,1.0
leaky_model,xgboost,sigmoid,4,2,40,26,1.0,1.0,0.0021643428541347613,0.9904864050367703,,0.045542633125172184,0.04479706308756177,0.5,26,0,14,0,1.0,1.0,1.0,1.0,1.0,1.0,1.0,0.9514172580104878,26,0,14,0,1.0,1.0,1.0,1.0,1.0,1.0,1.0
leaky_model,xgboost,sigmoid,4,3,40,25,1.0,1.0,0.0022402838076993393,0.9904414557538161,,-0.010203525092089986,0.04566637183968136,0.5,25,0,15,0,1.0,1.0,1.0,1.0,1.0,1.0,1.0,0.950331219860158,25,0,15,0,1.0,1.0,1.0,1.0,1.0,1.0,1.0
leaky_model,xgboost,sigmoid,4,4,40,25,1.0,1.0,0.002277710790131551,0.9902817672954387,,-0.010542763112356406,0.046011307188762285,0.5,25,0,15,0,1.0,1.0,1.0,1.0,1.0,1.0,1.0,0.9498278351262056,25,0,15,0,1.0,1.0,1.0,1.0,1.0,1.0,1.0
low_cost_model,dummy,isotonic,0,0,40,26,0.5,0.65,0.22765624999999998,-0.0006868131868129623,,,0.012500000000000067,0.5,26,14,0,0,1.0,0.0,0.65,,0.787878787878788,0.5,0.65,0.6333333333333333,26,14,0,0,1.0,0.0,0.65,,0.787878787878788,0.5,0.65
low_cost_model,dummy,isotonic,0,1,40,26,0.5,0.65,0.22765624999999998,-0.0006868131868131844,,,0.012500000000000067,0.5,26,14,0,0,1.0,0.0,0.65,,0.787878787878788,0.5,0.65,0.6333333333333333,26,14,0,0,1.0,0.0,0.65,,0.787878787878788,0.5,0.65
low_cost_model,dummy,isotonic,0,2,40,26,0.5,0.65,0.22765624999999998,-0.0006868131868129623,,,0.012500000000000067,0.5,26,14,0,0,1.0,0.0,0.65,,0.787878787878788,0.5,0.65,0.6333333333333333,26,14,0,0,1.0,0.0,0.65,,0.787878787878788,0.5,0.65
low_cost_model,dummy,isotonic,0,3,40,25,0.5,0.625,0.23472656250000004,-0.0015000000000002789,,,0.018750000000000044,0.5,25,15,0,0,1.0,0.0,0.625,,0.7692307692307693,0.5,0.625,0.6416666666666666,25,15,0,0,1.0,0.0,0.625,,0.7692307692307693,0.5,0.625
low_cost_model,dummy,isotonic,0,4,40,25,0.5,0.625,0.23472656250000004,-0.0015000000000002789,,,0.018750000000000044,0.5,25,15,0,0,1.0,0.0,0.625,,0.7692307692307693,0.5,0.625,0.6416666666666666,25,15,0,0,1.0,0.0,0.625,,0.7692307692307693,0.5,0.625
low_cost_model,dummy,isotonic,1,0,40,26,0.5,0.65,0.22765624999999998,-0.0006868131868129623,,,0.012500000000000067,0.5,26,14,0,0,1.0,0.0,0.65,,0.787878787878788,0.5,0.65,0.6333333333333333,26,14,0,0,1.0,0.0,0.65,,0.787878787878788,0.5,0.65
low_cost_model,dummy,isotonic,1,1,40,26,0.5,0.65,0.22765624999999998,-0.0006868131868131844,,,0.012500000000000067,0.5,26,14,0,0,1.0,0.0,0.65,,0.787878787878788,0.5,0.65,0.6333333333333333,26,14,0,0,1.0,0.0,0.65,,0.787878787878788,0.5,0.65
low_cost_model,dummy,isotonic,1,2,40,26,0.5,0.65,0.22765624999999998,-0.0006868131868129623,,,0.012500000000000067,0.5,26,14,0,0,1.0,0.0,0.65,,0.787878787878788,0.5,0.65,0.6333333333333333,26,14,0,0,1.0,0.0,0.65,,0.787878787878788,0.5,0.65
low_cost_model,dummy,isotonic,1,3,40,25,0.5,0.625,0.23472656250000004,-0.0015000000000002789,,,0.018750000000000044,0.5,25,15,0,0,1.0,0.0,0.625,,0.7692307692307693,0.5,0.625,0.6416666666666666,25,15,0,0,1.0,0.0,0.625,,0.7692307692307693,0.5,0.625
low_cost_model,dummy,isotonic,1,4,40,25,0.5,0.625,0.23472656250000004,-0.0015000000000002789,,,0.018750000000000044,0.5,25,15,0,0,1.0,0.0,0.625,,0.7692307692307693,0.5,0.625,0.6416666666666666,25,15,0,0,1.0,0.0,0.625,,0.7692307692307693,0.5,0.625
low_cost_model,dummy,isotonic,2,0,40,26,0.5,0.65,0.22765624999999998,-0.0006868131868131844,,,0.012500000000000067,0.5,26,14,0,0,1.0,0.0,0.65,,0.787878787878788,0.5,0.65,0.6333333333333333,26,14,0,0,1.0,0.0,0.65,,0.787878787878788,0.5,0.65
low_cost_model,dummy,isotonic,2,1,40,26,0.5,0.65,0.22765624999999998,-0.0006868131868129623,,,0.012500000000000067,0.5,26,14,0,0,1.0,0.0,0.65,,0.787878787878788,0.5,0.65,0.6333333333333333,26,14,0,0,1.0,0.0,0.65,,0.787878787878788,0.5,0.65
low_cost_model,dummy,isotonic,2,2,40,26,0.5,0.65,0.22765624999999998,-0.0006868131868129623,,,0.012500000000000067,0.5,26,14,0,0,1.0,0.0,0.65,,0.787878787878788,0.5,0.65,0.6333333333333333,26,14,0,0,1.0,0.0,0.65,,0.787878787878788,0.5,0.65
low_cost_model,dummy,isotonic,2,3,40,25,0.5,0.625,0.23472656250000004,-0.0015000000000002789,,,0.018750000000000044,0.5,25,15,0,0,1.0,0.0,0.625,,0.7692307692307693,0.5,0.625,0.6416666666666666,25,15,0,0,1.0,0.0,0.625,,0.7692307692307693,0.5,0.625
low_cost_model,dummy,isotonic,2,4,40,25,0.5,0.625,0.23472656250000004,-0.0015000000000002789,,,0.018750000000000044,0.5,25,15,0,0,1.0,0.0,0.625,,0.7692307692307693,0.5,0.625,0.6416666666666666,25,15,0,0,1.0,0.0,0.625,,0.7692307692307693,0.5,0.625
low_cost_model,dummy,isotonic,3,0,40,26,0.5,0.65,0.22765624999999998,-0.0006868131868129623,,,0.012500000000000067,0.5,26,14,0,0,1.0,0.0,0.65,,0.787878787878788,0.5,0.65,0.6333333333333333,26,14,0,0,1.0,0.0,0.65,,0.787878787878788,0.5,0.65
low_cost_model,dummy,isotonic,3,1,40,26,0.5,0.65,0.22765624999999998,-0.0006868131868129623,,,0.012500000000000067,0.5,26,14,0,0,1.0,0.0,0.65,,0.787878787878788,0.5,0.65,0.6333333333333333,26,14,0,0,1.0,0.0,0.65,,0.787878787878788,0.5,0.65
low_cost_model,dummy,isotonic,3,2,40,26,0.5,0.65,0.22765624999999998,-0.0006868131868131844,,,0.012500000000000067,0.5,26,14,0,0,1.0,0.0,0.65,,0.787878787878788,0.5,0.65,0.6333333333333333,26,14,0,0,1.0,0.0,0.65,,0.787878787878788,0.5,0.65
low_cost_model,dummy,isotonic,3,3,40,25,0.5,0.625,0.23472656250000004,-0.0015000000000002789,,,0.018750000000000044,0.5,25,15,0,0,1.0,0.0,0.625,,0.7692307692307693,0.5,0.625,0.6416666666666666,25,15,0,0,1.0,0.0,0.625,,0.7692307692307693,0.5,0.625
low_cost_model,dummy,isotonic,3,4,40,25,0.5,0.625,0.23472656250000004,-0.0015000000000002789,,,0.018750000000000044,0.5,25,15,0,0,1.0,0.0,0.625,,0.7692307692307693,0.5,0.625,0.6416666666666666,25,15,0,0,1.0,0.0,0.625,,0.7692307692307693,0.5,0.625
low_cost_model,dummy,isotonic,4,0,40,26,0.5,0.65,0.22765624999999998,-0.0006868131868131844,,,0.012500000000000067,0.5,26,14,0,0,1.0,0.0,0.65,,0.787878787878788,0.5,0.65,0.6333333333333333,26,14,0,0,1.0,0.0,0.65,,0.787878787878788,0.5,0.65
low_cost_model,dummy,isotonic,4,1,40,26,0.5,0.65,0.22765624999999998,-0.0006868131868131844,,,0.012500000000000067,0.5,26,14,0,0,1.0,0.0,0.65,,0.787878787878788,0.5,0.65,0.6333333333333333,26,14,0,0,1.0,0.0,0.65,,0.787878787878788,0.5,0.65
low_cost_model,dummy,isotonic,4,2,40,26,0.5,0.65,0.22765624999999998,-0.0006868131868131844,,,0.012500000000000067,0.5,26,14,0,0,1.0,0.0,0.65,,0.787878787878788,0.5,0.65,0.6333333333333333,26,14,0,0,1.0,0.0,0.65,,0.787878787878788,0.5,0.65
low_cost_model,dummy,isotonic,4,3,40,25,0.5,0.625,0.23472656250000004,-0.0015000000000002789,,,0.018750000000000044,0.5,25,15,0,0,1.0,0.0,0.625,,0.7692307692307693,0.5,0.625,0.6416666666666666,25,15,0,0,1.0,0.0,0.625,,0.7692307692307693,0.5,0.625
low_cost_model,dummy,isotonic,4,4,40,25,0.5,0.625,0.23472656250000004,-0.0015000000000002789,,,0.018750000000000044,0.5,25,15,0,0,1.0,0.0,0.625,,0.7692307692307693,0.5,0.625,0.6416666666666666,25,15,0,0,1.0,0.0,0.625,,0.7692307692307693,0.5,0.625
low_cost_model,dummy,none,0,0,40,26,0.5,0.65,0.22765624999999998,-0.0006868131868129623,,,0.012500000000000067,0.5,26,14,0,0,1.0,0.0,0.65,,0.787878787878788,0.5,0.65,0.6333333333333333,26,14,0,0,1.0,0.0,0.65,,0.787878787878788,0.5,0.65
low_cost_model,dummy,none,0,1,40,26,0.5,0.65,0.22765624999999998,-0.0006868131868131844,,,0.012500000000000067,0.5,26,14,0,0,1.0,0.0,0.65,,0.787878787878788,0.5,0.65,0.6333333333333333,26,14,0,0,1.0,0.0,0.65,,0.787878787878788,0.5,0.65
low_cost_model,dummy,none,0,2,40,26,0.5,0.65,0.22765624999999998,-0.0006868131868129623,,,0.012500000000000067,0.5,26,14,0,0,1.0,0.0,0.65,,0.787878787878788,0.5,0.65,0.6333333333333333,26,14,0,0,1.0,0.0,0.65,,0.787878787878788,0.5,0.65
low_cost_model,dummy,none,0,3,40,25,0.5,0.625,0.23472656250000004,-0.0015000000000002789,,,0.018750000000000044,0.5,25,15,0,0,1.0,0.0,0.625,,0.7692307692307693,0.5,0.625,0.6416666666666667,25,15,0,0,1.0,0.0,0.625,,0.7692307692307693,0.5,0.625
low_cost_model,dummy,none,0,4,40,25,0.5,0.625,0.23472656250000004,-0.0015000000000002789,,,0.018750000000000044,0.5,25,15,0,0,1.0,0.0,0.625,,0.7692307692307693,0.5,0.625,0.6416666666666667,25,15,0,0,1.0,0.0,0.625,,0.7692307692307693,0.5,0.625
low_cost_model,dummy,none,1,0,40,26,0.5,0.65,0.22765624999999998,-0.0006868131868129623,,,0.012500000000000067,0.5,26,14,0,0,1.0,0.0,0.65,,0.787878787878788,0.5,0.65,0.6333333333333333,26,14,0,0,1.0,0.0,0.65,,0.787878787878788,0.5,0.65
low_cost_model,dummy,none,1,1,40,26,0.5,0.65,0.22765624999999998,-0.0006868131868131844,,,0.012500000000000067,0.5,26,14,0,0,1.0,0.0,0.65,,0.787878787878788,0.5,0.65,0.6333333333333333,26,14,0,0,1.0,0.0,0.65,,0.787878787878788,0.5,0.65
low_cost_model,dummy,none,1,2,40,26,0.5,0.65,0.22765624999999998,-0.0006868131868129623,,,0.012500000000000067,0.5,26,14,0,0,1.0,0.0,0.65,,0.787878787878788,0.5,0.65,0.6333333333333333,26,14,0,0,1.0,0.0,0.65,,0.787878787878788,0.5,0.65
low_cost_model,dummy,none,1,3,40,25,0.5,0.625,0.23472656250000004,-0.0015000000000002789,,,0.018750000000000044,0.5,25,15,0,0,1.0,0.0,0.625,,0.7692307692307693,0.5,0.625,0.6416666666666667,25,15,0,0,1.0,0.0,0.625,,0.7692307692307693,0.5,0.625
low_cost_model,dummy,none,1,4,40,25,0.5,0.625,0.23472656250000004,-0.0015000000000002789,,,0.018750000000000044,0.5,25,15,0,0,1.0,0.0,0.625,,0.7692307692307693,0.5,0.625,0.6416666666666667,25,15,0,0,1.0,0.0,0.625,,0.7692307692307693,0.5,0.625
low_cost_model,dummy,none,2,0,40,26,0.5,0.65,0.22765624999999998,-0.0006868131868131844,,,0.012500000000000067,0.5,26,14,0,0,1.0,0.0,0.65,,0.787878787878788,0.5,0.65,0.6333333333333333,26,14,0,0,1.0,0.0,0.65,,0.787878787878788,0.5,0.65
low_cost_model,dummy,none,2,1,40,26,0.5,0.65,0.22765624999999998,-0.0006868131868129623,,,0.012500000000000067,0.5,26,14,0,0,1.0,0.0,0.65,,0.787878787878788,0.5,0.65,0.6333333333333333,26,14,0,0,1.0,0.0,0.65,,0.787878787878788,0.5,0.65
low_cost_model,dummy,none,2,2,40,26,0.5,0.65,0.22765624999999998,-0.0006868131868129623,,,0.012500000000000067,0.5,26,14,0,0,1.0,0.0,0.65,,0.787878787878788,0.5,0.65,0.6333333333333333,26,14,0,0,1.0,0.0,0.65,,0.787878787878788,0.5,0.65
low_cost_model,dummy,none,2,3,40,25,0.5,0.625,0.23472656250000004,-0.0015000000000002789,,,0.018750000000000044,0.5,25,15,0,0,1.0,0.0,0.625,,0.7692307692307693,0.5,0.625,0.6416666666666667,25,15,0,0,1.0,0.0,0.625,,0.7692307692307693,0.5,0.625
low_cost_model,dummy,none,2,4,40,25,0.5,0.625,0.23472656250000004,-0.0015000000000002789,,,0.018750000000000044,0.5,25,15,0,0,1.0,0.0,0.625,,0.7692307692307693,0.5,0.625,0.6416666666666667,25,15,0,0,1.0,0.0,0.625,,0.7692307692307693,0.5,0.625
low_cost_model,dummy,none,3,0,40,26,0.5,0.65,0.22765624999999998,-0.0006868131868129623,,,0.012500000000000067,0.5,26,14,0,0,1.0,0.0,0.65,,0.787878787878788,0.5,0.65,0.6333333333333333,26,14,0,0,1.0,0.0,0.65,,0.787878787878788,0.5,0.65
low_cost_model,dummy,none,3,1,40,26,0.5,0.65,0.22765624999999998,-0.0006868131868129623,,,0.012500000000000067,0.5,26,14,0,0,1.0,0.0,0.65,,0.787878787878788,0.5,0.65,0.6333333333333333,26,14,0,0,1.0,0.0,0.65,,0.787878787878788,0.5,0.65
low_cost_model,dummy,none,3,2,40,26,0.5,0.65,0.22765624999999998,-0.0006868131868131844,,,0.012500000000000067,0.5,26,14,0,0,1.0,0.0,0.65,,0.787878787878788,0.5,0.65,0.6333333333333333,26,14,0,0,1.0,0.0,0.65,,0.787878787878788,0.5,0.65
low_cost_model,dummy,none,3,3,40,25,0.5,0.625,0.23472656250000004,-0.0015000000000002789,,,0.018750000000000044,0.5,25,15,0,0,1.0,0.0,0.625,,0.7692307692307693,0.5,0.625,0.6416666666666667,25,15,0,0,1.0,0.0,0.625,,0.7692307692307693,0.5,0.625
low_cost_model,dummy,none,3,4,40,25,0.5,0.625,0.23472656250000004,-0.0015000000000002789,,,0.018750000000000044,0.5,25,15,0,0,1.0,0.0,0.625,,0.7692307692307693,0.5,0.625,0.6416666666666667,25,15,0,0,1.0,0.0,0.625,,0.7692307692307693,0.5,0.625
low_cost_model,dummy,none,4,0,40,26,0.5,0.65,0.22765624999999998,-0.0006868131868131844,,,0.012500000000000067,0.5,26,14,0,0,1.0,0.0,0.65,,0.787878787878788,0.5,0.65,0.6333333333333333,26,14,0,0,1.0,0.0,0.65,,0.787878787878788,0.5,0.65
low_cost_model,dummy,none,4,1,40,26,0.5,0.65,0.22765624999999998,-0.0006868131868131844,,,0.012500000000000067,0.5,26,14,0,0,1.0,0.0,0.65,,0.787878787878788,0.5,0.65,0.6333333333333333,26,14,0,0,1.0,0.0,0.65,,0.787878787878788,0.5,0.65
low_cost_model,dummy,none,4,2,40,26,0.5,0.65,0.22765624999999998,-0.0006868131868131844,,,0.012500000000000067,0.5,26,14,0,0,1.0,0.0,0.65,,0.787878787878788,0.5,0.65,0.6333333333333333,26,14,0,0,1.0,0.0,0.65,,0.787878787878788,0.5,0.65
low_cost_model,dummy,none,4,3,40,25,0.5,0.625,0.23472656250000004,-0.0015000000000002789,,,0.018750000000000044,0.5,25,15,0,0,1.0,0.0,0.625,,0.7692307692307693,0.5,0.625,0.6416666666666667,25,15,0,0,1.0,0.0,0.625,,0.7692307692307693,0.5,0.625
low_cost_model,dummy,none,4,4,40,25,0.5,0.625,0.23472656250000004,-0.0015000000000002789,,,0.018750000000000044,0.5,25,15,0,0,1.0,0.0,0.625,,0.7692307692307693,0.5,0.625,0.6416666666666667,25,15,0,0,1.0,0.0,0.625,,0.7692307692307693,0.5,0.625
low_cost_model,dummy,sigmoid,0,0,40,26,0.5,0.65,0.22768808216656228,-0.0008267347980757123,,,0.013714305179713393,0.5,26,14,0,0,1.0,0.0,0.65,,0.787878787878788,0.5,0.65,0.6313797313556672,26,14,0,0,1.0,0.0,0.65,,0.787878787878788,0.5,0.65
low_cost_model,dummy,sigmoid,0,1,40,26,0.5,0.65,0.22768808216656228,-0.0008267347980759343,,,0.013714305179713393,0.5,26,14,0,0,1.0,0.0,0.65,,0.787878787878788,0.5,0.65,0.6313797313556672,26,14,0,0,1.0,0.0,0.65,,0.787878787878788,0.5,0.65
low_cost_model,dummy,sigmoid,0,2,40,26,0.5,0.65,0.22768808216656228,-0.0008267347980757123,,,0.013714305179713393,0.5,26,14,0,0,1.0,0.0,0.65,,0.787878787878788,0.5,0.65,0.6313797313556673,26,14,0,0,1.0,0.0,0.65,,0.787878787878788,0.5,0.65
low_cost_model,dummy,sigmoid,0,3,40,25,0.5,0.625,0.23468031287708527,-0.0013026682755639118,,,0.017473204545395915,0.5,25,15,0,0,1.0,0.0,0.625,,0.7692307692307693,0.5,0.625,0.6395701520450653,25,15,0,0,1.0,0.0,0.625,,0.7692307692307693,0.5,0.625
low_cost_model,dummy,sigmoid,0,4,40,25,0.5,0.625,0.23468031287708527,-0.0013026682755639118,,,0.017473204545395915,0.5,25,15,0,0,1.0,0.0,0.625,,0.7692307692307693,0.5,0.625,0.6395701520450653,25,15,0,0,1.0,0.0,0.625,,0.7692307692307693,0.5,0.625
low_cost_model,dummy,sigmoid,1,0,40,26,0.5,0.65,0.22768808216656228,-0.0008267347980757123,,,0.013714305179713393,0.5,26,14,0,0,1.0,0.0,0.65,,0.787878787878788,0.5,0.65,0.6313797313556672,26,14,0,0,1.0,0.0,0.65,,0.787878787878788,0.5,0.65
low_cost_model,dummy,sigmoid,1,1,40,26,0.5,0.65,0.22768808216656228,-0.0008267347980759343,,,0.013714305179713393,0.5,26,14,0,0,1.0,0.0,0.65,,0.787878787878788,0.5,0.65,0.6313797313556672,26,14,0,0,1.0,0.0,0.65,,0.787878787878788,0.5,0.65
low_cost_model,dummy,sigmoid,1,2,40,26,0.5,0.65,0.22768808216656228,-0.0008267347980757123,,,0.013714305179713393,0.5,26,14,0,0,1.0,0.0,0.65,,0.787878787878788,0.5,0.65,0.6313797313556672,26,14,0,0,1.0,0.0,0.65,,0.787878787878788,0.5,0.65
low_cost_model,dummy,sigmoid,1,3,40,25,0.5,0.625,0.2346803128770852,-0.0013026682755634678,,,0.017473204545395915,0.5,25,15,0,0,1.0,0.0,0.625,,0.7692307692307693,0.5,0.625,0.6395701520450654,25,15,0,0,1.0,0.0,0.625,,0.7692307692307693,0.5,0.625
low_cost_model,dummy,sigmoid,1,4,40,25,0.5,0.625,0.2346803128770852,-0.0013026682755634678,,,0.017473204545395915,0.5,25,15,0,0,1.0,0.0,0.625,,0.7692307692307693,0.5,0.625,0.6395701520450654,25,15,0,0,1.0,0.0,0.625,,0.7692307692307693,0.5,0.625
low_cost_model,dummy,sigmoid,2,0,40,26,0.5,0.65,0.22768808216656228,-0.0008267347980759343,,,0.013714305179713393,0.5,26,14,0,0,1.0,0.0,0.65,,0.787878787878788,0.5,0.65,0.6313797313556672,26,14,0,0,1.0,0.0,0.65,,0.787878787878788,0.5,0.65
low_cost_model,dummy,sigmoid,2,1,40,26,0.5,0.65,0.22768808216656228,-0.0008267347980757123,,,0.013714305179713393,0.5,26,14,0,0,1.0,0.0,0.65,,0.787878787878788,0.5,0.65,0.6313797313556672,26,14,0,0,1.0,0.0,0.65,,0.787878787878788,0.5,0.65
low_cost_model,dummy,sigmoid,2,2,40,26,0.5,0.65,0.22768808216656228,-0.0008267347980757123,,,0.013714305179713393,0.5,26,14,0,0,1.0,0.0,0.65,,0.787878787878788,0.5,0.65,0.6313797313556672,26,14,0,0,1.0,0.0,0.65,,0.787878787878788,0.5,0.65
low_cost_model,dummy,sigmoid,2,3,40,25,0.5,0.625,0.23468031287708527,-0.0013026682755639118,,,0.017473204545395915,0.5,25,15,0,0,1.0,0.0,0.625,,0.7692307692307693,0.5,0.625,0.6395701520450654,25,15,0,0,1.0,0.0,0.625,,0.7692307692307693,0.5,0.625
low_cost_model,dummy,sigmoid,2,4,40,25,0.5,0.625,0.23468031287708527,-0.0013026682755639118,,,0.017473204545395915,0.5,25,15,0,0,1.0,0.0,0.625,,0.7692307692307693,0.5,0.625,0.6395701520450654,25,15,0,0,1.0,0.0,0.625,,0.7692307692307693,0.5,0.625
low_cost_model,dummy,sigmoid,3,0,40,26,0.5,0.65,0.22768808216656228,-0.0008267347980757123,,,0.013714305179713393,0.5,26,14,0,0,1.0,0.0,0.65,,0.787878787878788,0.5,0.65,0.6313797313556672,26,14,0,0,1.0,0.0,0.65,,0.787878787878788,0.5,0.65
low_cost_model,dummy,sigmoid,3,1,40,26,0.5,0.65,0.22768808216656228,-0.0008267347980757123,,,0.013714305179713393,0.5,26,14,0,0,1.0,0.0,0.65,,0.787878787878788,0.5,0.65,0.6313797313556673,26,14,0,0,1.0,0.0,0.65,,0.787878787878788,0.5,0.65
low_cost_model,dummy,sigmoid,3,2,40,26,0.5,0.65,0.22768808216656228,-0.0008267347980759343,,,0.013714305179713393,0.5,26,14,0,0,1.0,0.0,0.65,,0.787878787878788,0.5,0.65,0.6313797313556673,26,14,0,0,1.0,0.0,0.65,,0.787878787878788,0.5,0.65
low_cost_model,dummy,sigmoid,3,3,40,25,0.5,0.625,0.2346803128770852,-0.0013026682755634678,,,0.017473204545395915,0.5,25,15,0,0,1.0,0.0,0.625,,0.7692307692307693,0.5,0.625,0.6395701520450654,25,15,0,0,1.0,0.0,0.625,,0.7692307692307693,0.5,0.625
low_cost_model,dummy,sigmoid,3,4,40,25,0.5,0.625,0.23468031287708527,-0.0013026682755639118,,,0.017473204545395915,0.5,25,15,0,0,1.0,0.0,0.625,,0.7692307692307693,0.5,0.625,0.6395701520450653,25,15,0,0,1.0,0.0,0.625,,0.7692307692307693,0.5,0.625
low_cost_model,dummy,sigmoid,4,0,40,26,0.5,0.65,0.22768808216656228,-0.0008267347980759343,,,0.013714305179713393,0.5,26,14,0,0,1.0,0.0,0.65,,0.787878787878788,0.5,0.65,0.6313797313556672,26,14,0,0,1.0,0.0,0.65,,0.787878787878788,0.5,0.65
low_cost_model,dummy,sigmoid,4,1,40,26,0.5,0.65,0.22768808216656228,-0.0008267347980759343,,,0.013714305179713393,0.5,26,14,0,0,1.0,0.0,0.65,,0.787878787878788,0.5,0.65,0.6313797313556672,26,14,0,0,1.0,0.0,0.65,,0.787878787878788,0.5,0.65
low_cost_model,dummy,sigmoid,4,2,40,26,0.5,0.65,0.22768808216656228,-0.0008267347980759343,,,0.013714305179713393,0.5,26,14,0,0,1.0,0.0,0.65,,0.787878787878788,0.5,0.65,0.6313797313556672,26,14,0,0,1.0,0.0,0.65,,0.787878787878788,0.5,0.65
low_cost_model,dummy,sigmoid,4,3,40,25,0.5,0.625,0.23468031287708527,-0.0013026682755639118,,,0.017473204545395915,0.5,25,15,0,0,1.0,0.0,0.625,,0.7692307692307693,0.5,0.625,0.6395701520450654,25,15,0,0,1.0,0.0,0.625,,0.7692307692307693,0.5,0.625
low_cost_model,dummy,sigmoid,4,4,40,25,0.5,0.625,0.23468031287708527,-0.0013026682755639118,,,0.017473204545395915,0.5,25,15,0,0,1.0,0.0,0.625,,0.7692307692307693,0.5,0.625,0.6395701520450653,25,15,0,0,1.0,0.0,0.625,,0.7692307692307693,0.5,0.625
low_cost_model,ebm,isotonic,0,0,40,26,1.0,1.0,0.035375400435314966,0.8445037343502639,,0.416988351712884,0.10007025915444565,0.5,25,0,14,1,0.9615384615384616,1.0,1.0,0.9333333333333333,0.9803921568627451,0.9807692307692308,0.975,0.8660620950784741,20,0,14,6,0.7692307692307693,1.0,1.0,0.7,0.8695652173913044,0.8846153846153846,0.85
low_cost_model,ebm,isotonic,0,1,40,26,0.9958791208791209,0.9972527472527473,0.023141212977319008,0.898280382517279,2.6759342573902365,-0.38594288213577255,0.023048871474883638,0.5,25,0,14,1,0.9615384615384616,1.0,1.0,0.9333333333333333,0.9803921568627451,0.9807692307692308,0.975,0.7670091072450641,25,0,14,1,0.9615384615384616,1.0,1.0,0.9333333333333333,0.9803921568627451,0.9807692307692308,0.975
low_cost_model,ebm,isotonic,0,2,40,26,0.9684065934065934,0.9836894586894588,0.07003131441965178,0.6921700465070252,-0.08525383314389834,0.26130975966277964,0.08426990701459358,0.5,24,2,12,2,0.9230769230769231,0.8571428571428571,0.9230769230769231,0.8571428571428571,0.9230769230769231,0.8901098901098901,0.9,0.8854991184110317,23,0,14,3,0.8846153846153846,1.0,1.0,0.8235294117647058,0.9387755102040816,0.9423076923076923,0.925
low_cost_model,ebm,isotonic,0,3,40,25,1.0,1.0,0.005741619145988959,0.9755024249771138,,-1.9456099913082445,0.026706387595966108,0.5,25,0,15,0,1.0,1.0,1.0,1.0,1.0,1.0,1.0,0.7431285618101547,25,0,15,0,1.0,1.0,1.0,1.0,1.0,1.0,1.0
low_cost_model,ebm,isotonic,0,4,40,25,0.9693333333333334,0.9819230769230769,0.047245614523381926,0.7984187113669038,0.2835458755288869,2.102759681030438,0.04755527837330134,0.5,23,0,15,2,0.92,1.0,1.0,0.8823529411764706,0.9583333333333334,0.96,0.95,0.9947896963492076,21,0,15,4,0.84,1.0,1.0,0.7894736842105263,0.9130434782608696,0.9199999999999999,0.9
low_cost_model,ebm,isotonic,1,0,40,26,0.9807692307692307,0.9899394586894588,0.048389743628523885,0.7872978302042907,0.5465918730545227,1.1558611210906549,0.0531235666146173,0.5,24,0,14,2,0.9230769230769231,1.0,1.0,0.875,0.9600000000000001,0.9615384615384616,0.95,0.9284211923151158,23,0,14,3,0.8846153846153846,1.0,1.0,0.8235294117647058,0.9387755102040816,0.9423076923076923,0.925
low_cost_model,ebm,isotonic,1,1,40,26,1.0,1.0,0.0139921032717501,0.9384962493549446,,0.5418878400346789,0.034060963005203816,0.5,25,0,14,1,0.9615384615384616,1.0,1.0,0.9333333333333333,0.9803921568627451,0.9807692307692308,0.975,0.872400127561487,25,0,14,1,0.9615384615384616,1.0,1.0,0.9333333333333333,0.9803921568627451,0.9807692307692308,0.975
low_cost_model,ebm,isotonic,1,2,40,26,1.0,1.0,0.0066151714365702274,0.9709223233557353,,0.010763202060870633,0.03280840916016942,0.5,26,0,14,0,1.0,1.0,1.0,1.0,1.0,1.0,1.0,0.8323640344313847,24,0,14,2,0.9230769230769231,1.0,1.0,0.875,0.9600000000000001,0.9615384615384616,0.95
low_cost_model,ebm,isotonic,1,3,40,25,0.9893333333333334,0.9944827586206897,0.03462129063514524,0.852282493290047,0.7889754609036823,0.01991265131695458,0.053111257843258784,0.5,24,0,15,1,0.96,1.0,1.0,0.9375,0.9795918367346939,0.98,0.975,0.8954590782001286,23,0,15,2,0.92,1.0,1.0,0.8823529411764706,0.9583333333333334,0.96,0.95
low_cost_model,ebm,isotonic,1,4,40,25,0.9706666666666666,0.985,0.041052331284878084,0.8248433865178535,6.108051212101692,-0.2990927008883377,0.050171462867694916,0.5,24,2,13,1,0.96,0.8666666666666667,0.9230769230769231,0.9285714285714286,0.9411764705882353,0.9133333333333333,0.925,0.6600582179859886,24,0,15,1,0.96,1.0,1.0,0.9375,0.9795918367346939,0.98,0.975
low_cost_model,ebm,isotonic,2,0,40,26,1.0,1.0,0.0037251522923745666,0.9836257042093426,,-0.3347484630385915,0.027806860885626294,0.5,26,0,14,0,1.0,1.0,1.0,1.0,1.0,1.0,1.0,0.5655547005658876,26,0,14,0,1.0,1.0,1.0,1.0,1.0,1.0,1.0
low_cost_model,ebm,isotonic,2,1,40,26,1.0,1.0,0.026594129419258143,0.8831027278274367,,-1.4031777062300799,0.0772290289112045,0.5,26,2,12,0,1.0,0.8571428571428571,0.9285714285714286,1.0,0.962962962962963,0.9285714285714286,0.95,0.905922120804763,24,0,14,2,0.9230769230769231,1.0,1.0,0.875,0.9600000000000001,0.9615384615384616,0.95
low_cost_model,ebm,isotonic,2,2,40,26,0.9642857142857143,0.9819004524886878,0.05511315353648771,0.7577443800593947,0.9348541414245123,0.8431265693162935,0.058660208245811904,0.5,24,0,14,2,0.9230769230769231,1.0,1.0,0.875,0.9600000000000001,0.9615384615384616,0.95,0.8870257824851989,21,0,14,5,0.8076923076923077,1.0,1.0,0.7368421052631579,0.8936170212765957,0.9038461538461539,0.875
low_cost_model,ebm,isotonic,2,3,40,25,0.9706666666666668,0.9819230769230769,0.0766243968582111,0.6730692400716327,0.2491343906692913,0.6546852934889099,0.08544784451077647,0.5,23,2,13,2,0.92,0.8666666666666667,0.92,0.8666666666666667,0.92,0.8933333333333333,0.9,0.8986511100030102,23,0,15,2,0.92,1.0,1.0,0.8823529411764706,0.9583333333333334,0.96,0.95
low_cost_model,ebm,isotonic,2,4,40,25,0.9946666666666666,0.997037037037037,0.03068906640373818,0.8690599833440504,0.6825595130236843,0.05472521710850856,0.041278523149676914,0.5,24,0,15,1,0.96,1.0,1.0,0.9375,0.9795918367346939,0.98,0.975,0.8352681523231458,23,0,15,2,0.92,1.0,1.0,0.8823529411764706,0.9583333333333334,0.96,0.95
low_cost_model,ebm,isotonic,3,0,40,26,0.9766483516483516,0.9893162393162394,0.029530062742899533,0.8701975264048373,1.6634508647204418,0.19112904637510342,0.026683966543176684,0.5,25,0,14,1,0.9615384615384616,1.0,1.0,0.9333333333333333,0.9803921568627451,0.9807692307692308,0.975,0.8538934563319504,23,0,14,3,0.8846153846153846,1.0,1.0,0.8235294117647058,0.9387755102040816,0.9423076923076923,0.925
low_cost_model,ebm,isotonic,3,1,40,26,0.9903846153846153,0.9927884615384616,0.02237645661371947,0.9016419489506836,2.0260099159342833,0.08688943256260985,0.0019085744246213412,0.5,25,0,14,1,0.9615384615384616,1.0,1.0,0.9333333333333333,0.9803921568627451,0.9807692307692308,0.975,0.85,25,0,14,1,0.9615384615384616,1.0,1.0,0.9333333333333333,0.9803921568627451,0.9807692307692308,0.975
low_cost_model,ebm,isotonic,3,2,40,26,1.0,1.0,0.01229781359525067,0.9459436765043927,,-0.026711830862548108,0.04551848811486607,0.5,26,0,14,0,1.0,1.0,1.0,1.0,1.0,1.0,1.0,0.7865515339567551,24,0,14,2,0.9230769230769231,1.0,1.0,0.875,0.9600000000000001,0.9615384615384616,0.95
low_cost_model,ebm,isotonic,3,3,40,25,0.9853333333333334,0.992258064516129,0.030022517744626116,0.8719039242895952,1.0795695378391224,0.3171557676539017,0.026804050039193,0.5,24,0,15,1,0.96,1.0,1.0,0.9375,0.9795918367346939,0.98,0.975,0.9393051499012244,24,0,15,1,0.96,1.0,1.0,0.9375,0.9795918367346939,0.98,0.975
low_cost_model,ebm,isotonic,3,4,40,25,0.9800000000000001,0.98965,0.04231233687908846,0.8194673626492226,0.9722514741347656,0.8336549010648096,0.02863383270859165,0.5,23,0,15,2,0.92,1.0,1.0,0.8823529411764706,0.9583333333333334,0.96,0.95,0.9735639728540568,22,0,15,3,0.88,1.0,1.0,0.8333333333333334,0.9361702127659575,0.94,0.925
low_cost_model,ebm,isotonic,4,0,40,26,1.0,1.0,0.029624286215088492,0.8697833572963143,,0.9089118541962101,0.03034049523582211,0.5,24,0,14,2,0.9230769230769231,1.0,1.0,0.875,0.9600000000000001,0.9615384615384616,0.95,0.8322490174432886,23,0,14,3,0.8846153846153846,1.0,1.0,0.8235294117647058,0.9387755102040816,0.9423076923076923,0.925
low_cost_model,ebm,isotonic,4,1,40,26,1.0,1.0,0.008970868083205394,0.9605676128210752,,-5.623574525821314,0.03570861579266384,0.5,26,0,14,0,1.0,1.0,1.0,1.0,1.0,1.0,1.0,0.85,26,0,14,0,1.0,1.0,1.0,1.0,1.0,1.0,1.0
low_cost_model,ebm,isotonic,4,2,40,26,1.0,1.0,0.007332672090607855,0.9677684743269984,,-5.501674851971773,0.02753545143011816,0.5,26,0,14,0,1.0,1.0,1.0,1.0,1.0,1.0,1.0,0.7940937973049217,26,0,14,0,1.0,1.0,1.0,1.0,1.0,1.0,1.0
low_cost_model,ebm,isotonic,4,3,40,25,0.9706666666666667,0.9834,0.04723055508010043,0.7984829649915715,0.2685468532047734,0.5508657854852652,0.021184235521181267,0.5,23,0,15,2,0.92,1.0,1.0,0.8823529411764706,0.9583333333333334,0.96,0.95,0.9431749558085132,22,0,15,3,0.88,1.0,1.0,0.8333333333333334,0.9361702127659575,0.94,0.925
low_cost_model,ebm,isotonic,4,4,40,25,0.984,0.9885714285714285,0.029366174336562613,0.8747043228306661,2.3150063549737676,0.41255822234570344,0.022741213307597548,0.5,24,0,15,1,0.96,1.0,1.0,0.9375,0.9795918367346939,0.98,0.975,0.8636436964888232,23,0,15,2,0.92,1.0,1.0,0.8823529411764706,0.9583333333333334,0.96,0.95
low_cost_model,ebm,none,0,0,40,26,0.9862637362637363,0.9931722173101483,0.047683706551964904,0.790401289881473,0.8085923461431799,1.0290103892226723,0.03728708867934347,0.5,24,0,14,2,0.9230769230769231,1.0,1.0,0.875,0.9600000000000001,0.9615384615384616,0.95,0.9551024023912268,21,0,14,5,0.8076923076923077,1.0,1.0,0.7368421052631579,0.8936170212765957,0.9038461538461539,0.875
low_cost_model,ebm,none,0,1,40,26,0.9958791208791208,0.9972527472527472,0.02166170652837891,0.9047837075675652,1.3956030535226016,0.5850718517541892,0.024305323094515715,0.5,25,0,14,1,0.9615384615384616,1.0,1.0,0.9333333333333333,0.9803921568627451,0.9807692307692308,0.975,0.9359098995898504,24,0,14,2,0.9230769230769231,1.0,1.0,0.875,0.9600000000000001,0.9615384615384616,0.95
low_cost_model,ebm,none,0,2,40,26,0.9697802197802198,0.9865364520536934,0.06155687893209805,0.7294203123863823,4.157877077952975,2.157360678081643,0.07471730341742099,0.5,24,0,14,2,0.9230769230769231,1.0,1.0,0.875,0.9600000000000001,0.9615384615384616,0.95,0.9946277630240709,23,0,14,3,0.8846153846153846,1.0,1.0,0.8235294117647058,0.9387755102040816,0.9423076923076923,0.925
low_cost_model,ebm,none,0,3,40,25,1.0,1.0000000000000002,0.0022289758996566654,0.9904897028281315,,-1.0796796522326226,0.020669179478304878,0.5,25,0,15,0,1.0,1.0,1.0,1.0,1.0,1.0,1.0,0.8142117042136925,25,0,15,0,1.0,1.0,1.0,1.0,1.0,1.0,1.0
low_cost_model,ebm,none,0,4,40,25,0.9773333333333334,0.9881730769230769,0.04520313136709555,0.807133306167059,0.508646611580463,2.0717593484302106,0.05125125548701079,0.5,23,0,15,2,0.92,1.0,1.0,0.8823529411764706,0.9583333333333334,0.96,0.95,0.9990382231255324,22,0,15,3,0.88,1.0,1.0,0.8333333333333334,0.9361702127659575,0.94,0.925
low_cost_model,ebm,none,1,0,40,26,0.9642857142857143,0.9849287749287748,0.06408637092943556,0.7183016662442394,0.3015467356512986,2.503477028832616,0.07005541921265002,0.5,23,0,14,3,0.8846153846153846,1.0,1.0,0.8235294117647058,0.9387755102040816,0.9423076923076923,0.925,0.9977262906006074,23,0,14,3,0.8846153846153846,1.0,1.0,0.8235294117647058,0.9387755102040816,0.9423076923076923,0.925
low_cost_model,ebm,none,1,1,40,26,0.9972527472527473,0.9985754985754984,0.020487762189606597,0.9099439024632677,4.6588783569932,0.1935278880512232,0.004687509694188027,0.5,25,0,14,1,0.9615384615384616,1.0,1.0,0.9333333333333333,0.9803921568627451,0.9807692307692308,0.975,0.9881376819358956,24,0,14,2,0.9230769230769231,1.0,1.0,0.875,0.9600000000000001,0.9615384615384616,0.95
low_cost_model,ebm,none,1,2,40,26,1.0,1.0,0.0026775612544460564,0.9882304999804569,,-0.08952764224498415,0.01437627849341634,0.5,26,0,14,0,1.0,1.0,1.0,1.0,1.0,1.0,1.0,0.9948049750791212,23,0,14,3,0.8846153846153846,1.0,1.0,0.8235294117647058,0.9387755102040816,0.9423076923076923,0.925
low_cost_model,ebm,none,1,3,40,25,0.9866666666666666,0.9933333333333336,0.03245624679121101,0.861520013690833,1.9082963926231677,-0.28523229512496334,0.05167402472002044,0.5,24,0,15,1,0.96,1.0,1.0,0.9375,0.9795918367346939,0.98,0.975,0.9868682035539345,23,0,15,2,0.92,1.0,1.0,0.8823529411764706,0.9583333333333334,0.96,0.95
low_cost_model,ebm,none,1,4,40,25,0.9813333333333334,0.9912500000000002,0.030133875083579943,0.8714287996433923,1.1522181670363394,0.0883803587835425,0.03381558761636097,0.5,24,0,15,1,0.96,1.0,1.0,0.9375,0.9795918367346939,0.98,0.975,0.793773294922706,24,0,15,1,0.96,1.0,1.0,0.9375,0.9795918367346939,0.98,0.975
low_cost_model,ebm,none,2,0,40,26,1.0,0.9999999999999999,0.001871686344689832,0.9917728072760886,,-0.9255071776148167,0.022493944338209247,0.5,26,0,14,0,1.0,1.0,1.0,1.0,1.0,1.0,1.0,0.9263200822103762,25,0,14,1,0.9615384615384616,1.0,1.0,0.9333333333333333,0.9803921568627451,0.9807692307692308,0.975
low_cost_model,ebm,none,2,1,40,26,1.0,1.0,0.002225868380613653,0.9902159631621378,,-1.0260917050594718,0.015732671078220652,0.5,26,0,14,0,1.0,1.0,1.0,1.0,1.0,1.0,1.0,0.9867261397689968,24,0,14,2,0.9230769230769231,1.0,1.0,0.875,0.9600000000000001,0.9615384615384616,0.95
low_cost_model,ebm,none,2,2,40,26,0.9725274725274726,0.9855769230769229,0.06331898471910323,0.7216747924435023,2.9519580884901533,3.552096323580533,0.07051991077539062,0.5,24,1,13,2,0.9230769230769231,0.9285714285714286,0.96,0.8666666666666667,0.9411764705882353,0.9258241758241759,0.925,0.9996026499318952,21,0,14,5,0.8076923076923077,1.0,1.0,0.7368421052631579,0.8936170212765957,0.9038461538461539,0.875
low_cost_model,ebm,none,2,3,40,25,0.9706666666666667,0.985361512791991,0.05798549007320895,0.7525952423543085,3.1768545317251045,1.635871862807748,0.06875331808305929,0.5,23,0,15,2,0.92,1.0,1.0,0.8823529411764706,0.9583333333333334,0.96,0.95,0.9936400245588736,23,0,15,2,0.92,1.0,1.0,0.8823529411764706,0.9583333333333334,0.96,0.95
low_cost_model,ebm,none,2,4,40,25,0.992,0.995714285714286,0.034249009777241164,0.8538708916171044,7.576464812264211,0.3034488614214895,0.05508968603466453,0.5,24,0,15,1,0.96,1.0,1.0,0.9375,0.9795918367346939,0.98,0.975,0.9535211949613376,23,0,15,2,0.92,1.0,1.0,0.8823529411764706,0.9583333333333334,0.96,0.95
low_cost_model,ebm,none,3,0,40,26,0.9862637362637363,0.9937965260545906,0.032260285428130114,0.8581965475686588,8.214449155628078,0.18843373991804352,0.05004097751907302,0.5,25,0,14,1,0.9615384615384616,1.0,1.0,0.9333333333333333,0.9803921568627451,0.9807692307692308,0.975,0.9962636112855658,24,0,14,2,0.9230769230769231,1.0,1.0,0.875,0.9600000000000001,0.9615384615384616,0.95
low_cost_model,ebm,none,3,1,40,26,0.9931318681318682,0.9960212201591511,0.020539392118285406,0.9097169577218224,1.5460912572237335,0.2955967610565256,0.0057100662156018,0.5,25,0,14,1,0.9615384615384616,1.0,1.0,0.9333333333333333,0.9803921568627451,0.9807692307692308,0.975,0.9853669698632528,24,0,14,2,0.9230769230769231,1.0,1.0,0.875,0.9600000000000001,0.9615384615384616,0.95
low_cost_model,ebm,none,3,2,40,26,0.9945054945054945,0.9972527472527473,0.03203471609858382,0.859188061105126,1.0504484257150835,1.135540210961048,0.02601267868635294,0.5,24,0,14,2,0.9230769230769231,1.0,1.0,0.875,0.9600000000000001,0.9615384615384616,0.95,0.9822812042761034,24,0,14,2,0.9230769230769231,1.0,1.0,0.875,0.9600000000000001,0.9615384615384616,0.95
low_cost_model,ebm,none,3,3,40,25,0.9853333333333333,0.992258064516129,0.028459414939202055,0.8785731629260712,7.151129229788737,1.873746701888658,0.03347511995539988,0.5,24,0,15,1,0.96,1.0,1.0,0.9375,0.9795918367346939,0.98,0.975,0.9992595068108648,24,0,15,1,0.96,1.0,1.0,0.9375,0.9795918367346939,0.98,0.975
low_cost_model,ebm,none,3,4,40,25,0.996,0.9968615384615387,0.04376623352800472,0.8132640702805132,0.5871592121950215,3.417272283214305,0.04295288862002467,0.5,23,0,15,2,0.92,1.0,1.0,0.8823529411764706,0.9583333333333334,0.96,0.95,0.989566651837482,22,0,15,3,0.88,1.0,1.0,0.8333333333333334,0.9361702127659575,0.94,0.925
low_cost_model,ebm,none,4,0,40,26,0.9972527472527473,0.9985754985754984,0.03936616684812973,0.8269619039642649,0.7950952947974526,2.4695926940557764,0.04021453918096997,0.5,24,0,14,2,0.9230769230769231,1.0,1.0,0.875,0.9600000000000001,0.9615384615384616,0.95,0.8880887061082514,24,0,14,2,0.9230769230769231,1.0,1.0,0.875,0.9600000000000001,0.9615384615384616,0.95
low_cost_model,ebm,none,4,1,40,26,1.0,1.0,0.002657430698269364,0.9883189859416731,,-3.55867892169019,0.012971391978348132,0.5,26,0,14,0,1.0,1.0,1.0,1.0,1.0,1.0,1.0,0.8302296068897225,26,0,14,0,1.0,1.0,1.0,1.0,1.0,1.0,1.0
low_cost_model,ebm,none,4,2,40,26,1.0,0.9999999999999998,0.0023707625896341863,0.9895790655400695,,-0.7314338452041156,0.018611612847580585,0.5,26,0,14,0,1.0,1.0,1.0,1.0,1.0,1.0,1.0,0.9359561143924918,25,0,14,1,0.9615384615384616,1.0,1.0,0.9333333333333333,0.9803921568627451,0.9807692307692308,0.975
low_cost_model,ebm,none,4,3,40,25,0.9826666666666667,0.9906580645161291,0.04428008536675905,0.8110716357684947,0.7631079644222273,1.3871860933988758,0.037919977901085936,0.5,23,0,15,2,0.92,1.0,1.0,0.8823529411764706,0.9583333333333334,0.96,0.95,0.9810392376945808,22,0,15,3,0.88,1.0,1.0,0.8333333333333334,0.9361702127659575,0.94,0.925
low_cost_model,ebm,none,4,4,40,25,0.9693333333333334,0.9842580645161292,0.05162253655409519,0.7797438440358605,5.710026866604908,0.18027193987392592,0.07405776190119014,0.5,23,0,15,2,0.92,1.0,1.0,0.8823529411764706,0.9583333333333334,0.96,0.95,0.952773331666915,23,0,15,2,0.92,1.0,1.0,0.8823529411764706,0.9583333333333334,0.96,0.95
low_cost_model,ebm,sigmoid,0,0,40,26,0.9945054945054945,0.9972527472527472,0.06459750491072706,0.7160549234693316,9.4923672260495,0.2908659239811591,0.11287910977307064,0.5,24,0,14,2,0.9230769230769231,1.0,1.0,0.875,0.9600000000000001,0.9615384615384616,0.95,0.6267218238690617,20,0,14,6,0.7692307692307693,1.0,1.0,0.7,0.8695652173913044,0.8846153846153846,0.85
low_cost_model,ebm,sigmoid,0,1,40,26,0.9986263736263735,0.9985754985754984,0.04396421147149054,0.806750718806635,,-0.13875343212718888,0.1123897657724504,0.5,25,0,14,1,0.9615384615384616,1.0,1.0,0.9333333333333333,0.9803921568627451,0.9807692307692308,0.975,0.5908086485885008,24,0,14,2,0.9230769230769231,1.0,1.0,0.875,0.9600000000000001,0.9615384615384616,0.95
low_cost_model,ebm,sigmoid,0,2,40,26,0.9615384615384616,0.9844446094446093,0.06420307267456618,0.7177886915403685,1.6854301633413327,0.23269935462282834,0.05499335552656496,0.5,23,0,14,3,0.8846153846153846,1.0,1.0,0.8235294117647058,0.9387755102040816,0.9423076923076923,0.925,0.6239808381583691,23,0,14,3,0.8846153846153846,1.0,1.0,0.8235294117647058,0.9387755102040816,0.9423076923076923,0.925
low_cost_model,ebm,sigmoid,0,3,40,25,1.0,1.0000000000000002,0.02714151523417287,0.8841962016675291,,-0.23239809445962573,0.1159016831955795,0.5,25,0,15,0,1.0,1.0,1.0,1.0,1.0,1.0,1.0,0.5180396213211276,25,0,15,0,1.0,1.0,1.0,1.0,1.0,1.0,1.0
low_cost_model,ebm,sigmoid,0,4,40,25,0.9853333333333333,0.9914058355437667,0.05566893735577396,0.7624792006153644,3.336724943095858,0.2845413656464835,0.07531212799221512,0.5,22,0,15,3,0.88,1.0,1.0,0.8333333333333334,0.9361702127659575,0.94,0.925,0.6665190939054143,21,0,15,4,0.84,1.0,1.0,0.7894736842105263,0.9130434782608696,0.9199999999999999,0.9
low_cost_model,ebm,sigmoid,1,0,40,26,0.9780219780219779,0.9899394586894584,0.051175385498207174,0.7750532505573311,2.1699796248215772,0.1706809036436615,0.06330003615178158,0.5,24,0,14,2,0.9230769230769231,1.0,1.0,0.875,0.9600000000000001,0.9615384615384616,0.95,0.6431227119048069,23,0,14,3,0.8846153846153846,1.0,1.0,0.8235294117647058,0.9387755102040816,0.9423076923076923,0.925
low_cost_model,ebm,sigmoid,1,1,40,26,1.0,0.9999999999999999,0.03892691840841054,0.8288926663366569,,0.09738425272766228,0.10905938941720827,0.5,25,0,14,1,0.9615384615384616,1.0,1.0,0.9333333333333333,0.9803921568627451,0.9807692307692308,0.975,0.6323370272112079,24,0,14,2,0.9230769230769231,1.0,1.0,0.875,0.9600000000000001,0.9615384615384616,0.95
low_cost_model,ebm,sigmoid,1,2,40,26,1.0,0.9999999999999999,0.03517208592543487,0.845397424503583,,0.24769699773919387,0.12670949154493616,0.5,25,0,14,1,0.9615384615384616,1.0,1.0,0.9333333333333333,0.9803921568627451,0.9807692307692308,0.975,0.5502524927560724,24,0,14,2,0.9230769230769231,1.0,1.0,0.875,0.9600000000000001,0.9615384615384616,0.95
low_cost_model,ebm,sigmoid,1,3,40,25,0.9866666666666666,0.9933333333333336,0.045725102552207714,0.8049062291105804,3.0190849672384146,-0.12201403043059575,0.09859439515274157,0.5,24,0,15,1,0.96,1.0,1.0,0.9375,0.9795918367346939,0.98,0.975,0.6299669859356407,23,0,15,2,0.92,1.0,1.0,0.8823529411764706,0.9583333333333334,0.96,0.95
low_cost_model,ebm,sigmoid,1,4,40,25,0.9813333333333334,0.9912500000000002,0.042945205053207564,0.8167671251063144,2.0277469260195815,-0.08927810280158206,0.08927574403325522,0.5,24,0,15,1,0.96,1.0,1.0,0.9375,0.9795918367346939,0.98,0.975,0.5038091698630262,24,0,15,1,0.96,1.0,1.0,0.9375,0.9795918367346939,0.98,0.975
low_cost_model,ebm,sigmoid,2,0,40,26,1.0,0.9999999999999999,0.030066285835010875,0.867840501824128,,0.09278596412111778,0.11753614601647908,0.5,26,0,14,0,1.0,1.0,1.0,1.0,1.0,1.0,1.0,0.5109162995376586,26,0,14,0,1.0,1.0,1.0,1.0,1.0,1.0,1.0
low_cost_model,ebm,sigmoid,2,1,40,26,1.0,0.9999999999999999,0.029470372832992066,0.8704598996351998,,-0.2720079036714995,0.12280807086813858,0.5,26,0,14,0,1.0,1.0,1.0,1.0,1.0,1.0,1.0,0.6254852666330019,25,0,14,1,0.9615384615384616,1.0,1.0,0.9333333333333333,0.9803921568627451,0.9807692307692308,0.975
low_cost_model,ebm,sigmoid,2,2,40,26,0.9615384615384616,0.9819004524886877,0.06672863435024923,0.7066873215373661,1.883383088972883,0.39721640016639936,0.07556724938865744,0.5,24,0,14,2,0.9230769230769231,1.0,1.0,0.875,0.9600000000000001,0.9615384615384616,0.95,0.6146776194606678,21,0,14,5,0.8076923076923077,1.0,1.0,0.7368421052631579,0.8936170212765957,0.9038461538461539,0.875
low_cost_model,ebm,sigmoid,2,3,40,25,0.976,0.9878136200716847,0.05581413463718552,0.7618596922146751,1.7920201368600297,0.012912044970577373,0.0715112558564759,0.5,23,0,15,2,0.92,1.0,1.0,0.8823529411764706,0.9583333333333334,0.96,0.95,0.6115231145444133,23,0,15,2,0.92,1.0,1.0,0.8823529411764706,0.9583333333333334,0.96,0.95
low_cost_model,ebm,sigmoid,2,4,40,25,0.992,0.995714285714286,0.044203591402404915,0.8113980100164057,2.8114537185523636,0.04680193834284829,0.09309573378749966,0.5,23,0,15,2,0.92,1.0,1.0,0.8823529411764706,0.9583333333333334,0.96,0.95,0.6097424347710442,23,0,15,2,0.92,1.0,1.0,0.8823529411764706,0.9583333333333334,0.96,0.95
low_cost_model,ebm,sigmoid,3,0,40,26,0.9862637362637362,0.9937965260545905,0.05144268978055093,0.773878286678897,3.338979953874888,0.10066864231278169,0.1230622324921474,0.5,25,0,14,1,0.9615384615384616,1.0,1.0,0.9333333333333333,0.9803921568627451,0.9807692307692308,0.975,0.6541546684397143,22,0,14,4,0.8461538461538461,1.0,1.0,0.7777777777777778,0.9166666666666666,0.9230769230769231,0.9
low_cost_model,ebm,sigmoid,3,1,40,26,0.9958791208791209,0.9972527472527472,0.031261193771743585,0.8625881592450831,11.780697397801534,-0.22532727724418394,0.07480466033351581,0.5,25,0,14,1,0.9615384615384616,1.0,1.0,0.9333333333333333,0.9803921568627451,0.9807692307692308,0.975,0.6255726626050113,25,0,14,1,0.9615384615384616,1.0,1.0,0.9333333333333333,0.9803921568627451,0.9807692307692308,0.975
low_cost_model,ebm,sigmoid,3,2,40,26,1.0,0.9999999999999999,0.04492436324554334,0.8025302714481611,,0.22894152642769908,0.1521099787810512,0.5,24,0,14,2,0.9230769230769231,1.0,1.0,0.875,0.9600000000000001,0.9615384615384616,0.95,0.628938014689028,23,0,14,3,0.8846153846153846,1.0,1.0,0.8235294117647058,0.9387755102040816,0.9423076923076923,0.925
low_cost_model,ebm,sigmoid,3,3,40,25,0.9853333333333334,0.9922580645161292,0.03313510246316567,0.8586235628238265,1.738581919737687,-0.229195042410989,0.063513800531544,0.5,24,0,15,1,0.96,1.0,1.0,0.9375,0.9795918367346939,0.98,0.975,0.6106909567892633,24,0,15,1,0.96,1.0,1.0,0.9375,0.9795918367346939,0.98,0.975
low_cost_model,ebm,sigmoid,3,4,40,25,0.9933333333333334,0.9954370370370371,0.05492798928692901,0.7656405790424362,6.003157059667194,0.26910600036549914,0.07977457456838326,0.5,23,0,15,2,0.92,1.0,1.0,0.8823529411764706,0.9583333333333334,0.96,0.95,0.654818171494597,22,0,15,3,0.88,1.0,1.0,0.8333333333333334,0.9361702127659575,0.94,0.925
low_cost_model,ebm,sigmoid,4,0,40,26,0.9972527472527473,0.9985754985754984,0.04827765846257724,0.7877905122524077,5.152598777986803,0.35749827995867794,0.12078341654227914,0.5,24,0,14,2,0.9230769230769231,1.0,1.0,0.875,0.9600000000000001,0.9615384615384616,0.95,0.5941571279431985,22,0,14,4,0.8461538461538461,1.0,1.0,0.7777777777777778,0.9166666666666666,0.9230769230769231,0.9
low_cost_model,ebm,sigmoid,4,1,40,26,1.0,0.9999999999999999,0.024146969907941317,0.8938594729321261,,-0.4803379771666337,0.10981577296639342,0.5,26,0,14,0,1.0,1.0,1.0,1.0,1.0,1.0,1.0,0.5602393540423034,26,0,14,0,1.0,1.0,1.0,1.0,1.0,1.0,1.0
low_cost_model,ebm,sigmoid,4,2,40,26,1.0,0.9999999999999998,0.033183129616138944,0.8541400895993893,,0.04201848307455572,0.13656303448136928,0.5,26,0,14,0,1.0,1.0,1.0,1.0,1.0,1.0,1.0,0.5806174971799491,25,0,14,1,0.9615384615384616,1.0,1.0,0.9333333333333333,0.9803921568627451,0.9807692307692308,0.975
low_cost_model,ebm,sigmoid,4,3,40,25,0.9826666666666666,0.9906580645161291,0.055961106908031674,0.7612326105257315,2.4570515264081036,0.22513487156984002,0.07198298183252466,0.5,22,0,15,3,0.88,1.0,1.0,0.8333333333333334,0.9361702127659575,0.94,0.925,0.5986899996559137,22,0,15,3,0.88,1.0,1.0,0.8333333333333334,0.9361702127659575,0.94,0.925
low_cost_model,ebm,sigmoid,4,4,40,25,0.9826666666666667,0.99125,0.04809632026128248,0.7947890335518615,5.081546399356531,0.039767569930249665,0.07934528165374394,0.5,23,0,15,2,0.92,1.0,1.0,0.8823529411764706,0.9583333333333334,0.96,0.95,0.6140127419287857,23,0,15,2,0.92,1.0,1.0,0.8823529411764706,0.9583333333333334,0.96,0.95
low_cost_model,logreg,isotonic,0,0,40,26,1.0,1.0,0.004835605550485726,0.9787445909868759,,-0.840763047781363,0.02862979756604827,0.5,26,0,14,0,1.0,1.0,1.0,1.0,1.0,1.0,1.0,0.9306500763639864,25,0,14,1,0.9615384615384616,1.0,1.0,0.9333333333333333,0.9803921568627451,0.9807692307692308,0.975
low_cost_model,logreg,isotonic,0,1,40,26,0.9876373626373627,0.9927884615384616,0.024292805900463954,0.8932184356023563,1.5028447174505961,-0.3825856494164714,0.018970865570322706,0.5,25,0,14,1,0.9615384615384616,1.0,1.0,0.9333333333333333,0.9803921568627451,0.9807692307692308,0.975,0.86599452714733,25,0,14,1,0.9615384615384616,1.0,1.0,0.9333333333333333,0.9803921568627451,0.9807692307692308,0.975
low_cost_model,logreg,isotonic,0,2,40,26,0.9739010989010989,0.9865384615384616,0.0362190496425415,0.8407953861866307,6.768806079970857,1.1918875334059005,0.03054314957348467,0.5,24,0,14,2,0.9230769230769231,1.0,1.0,0.875,0.9600000000000001,0.9615384615384616,0.95,1.0,20,0,14,6,0.7692307692307693,1.0,1.0,0.7,0.8695652173913044,0.8846153846153846,0.85
low_cost_model,logreg,isotonic,0,3,40,25,1.0,1.0,0.0028116158143520324,0.9880037725254314,,-5.296637575556761,0.021674643326673168,0.5,25,0,15,0,1.0,1.0,1.0,1.0,1.0,1.0,1.0,0.8600582550544864,25,0,15,0,1.0,1.0,1.0,1.0,1.0,1.0,1.0
low_cost_model,logreg,isotonic,0,4,40,25,0.9346666666666668,0.9681649831649832,0.07393677422099905,0.684536429990404,0.26559266389773134,0.0,0.06929299207063362,0.5,22,0,15,3,0.88,1.0,1.0,0.8333333333333334,0.9361702127659575,0.94,0.925,0.9996422577613648,20,0,15,5,0.8,1.0,1.0,0.75,0.888888888888889,0.9,0.875
low_cost_model,logreg,isotonic,1,0,40,26,0.978021978021978,0.9895667550839965,0.04628868874143173,0.796533236301399,2.8810371679691036,1.0628887935404288,0.04426469763286456,0.5,24,0,14,2,0.9230769230769231,1.0,1.0,0.875,0.9600000000000001,0.9615384615384616,0.95,0.9979486161929508,24,0,14,2,0.9230769230769231,1.0,1.0,0.875,0.9600000000000001,0.9615384615384616,0.95
low_cost_model,logreg,isotonic,1,1,40,26,0.9807692307692307,0.9918414918414918,0.04404294190301002,0.8064046509757801,7.295127059553736,0.9740965478943123,0.03561823978148495,0.5,24,0,14,2,0.9230769230769231,1.0,1.0,0.875,0.9600000000000001,0.9615384615384616,0.95,0.9872767932175954,21,0,14,5,0.8076923076923077,1.0,1.0,0.7368421052631579,0.8936170212765957,0.9038461538461539,0.875
low_cost_model,logreg,isotonic,1,2,40,26,1.0,1.0,0.0016570494168111482,0.9927162662997312,,-0.32304605737974385,0.017138390042506182,0.5,26,0,14,0,1.0,1.0,1.0,1.0,1.0,1.0,1.0,0.964617645782208,23,0,14,3,0.8846153846153846,1.0,1.0,0.8235294117647058,0.9387755102040816,0.9423076923076923,0.925
low_cost_model,logreg,isotonic,1,3,40,25,0.972,0.985,0.03387516298417251,0.8554659712675307,1.6235334784023738,-0.27879706550146843,0.04631190820881584,0.5,24,0,15,1,0.96,1.0,1.0,0.9375,0.9795918367346939,0.98,0.975,0.9589521445077028,23,0,15,2,0.92,1.0,1.0,0.8823529411764706,0.9583333333333334,0.96,0.95
low_cost_model,logreg,isotonic,1,4,40,25,0.9813333333333334,0.9903030303030302,0.025277948411613026,0.8921474201104511,0.4901108764620667,0.34471029995333907,0.006564167788250886,0.5,24,0,15,1,0.96,1.0,1.0,0.9375,0.9795918367346939,0.98,0.975,0.8622706278791088,24,0,15,1,0.96,1.0,1.0,0.9375,0.9795918367346939,0.98,0.975
low_cost_model,logreg,isotonic,2,0,40,26,1.0,1.0,0.0018455608912023263,0.9918876444342755,,-1.126378196032153,0.01632743192785245,0.5,26,0,14,0,1.0,1.0,1.0,1.0,1.0,1.0,1.0,0.8578698420894393,26,0,14,0,1.0,1.0,1.0,1.0,1.0,1.0,1.0
low_cost_model,logreg,isotonic,2,1,40,26,1.0,1.0,0.008976017934026198,0.9605449761141706,,-1.0152375994816023,0.04622201932350682,0.5,26,0,14,0,1.0,1.0,1.0,1.0,1.0,1.0,1.0,0.9491148067848468,25,0,14,1,0.9615384615384616,1.0,1.0,0.9333333333333333,0.9803921568627451,0.9807692307692308,0.975
low_cost_model,logreg,isotonic,2,2,40,26,0.9505494505494505,0.9703296703296703,0.07837304666660708,0.6555030915753536,5.670440823009093,1.670761987762379,0.08366102259356453,0.5,23,0,14,3,0.8846153846153846,1.0,1.0,0.8235294117647058,0.9387755102040816,0.9423076923076923,0.925,0.9444919453352896,23,0,14,3,0.8846153846153846,1.0,1.0,0.8235294117647058,0.9387755102040816,0.9423076923076923,0.925
low_cost_model,logreg,isotonic,2,3,40,25,0.9706666666666666,0.985,0.04247393556418744,0.8187778749261336,4.068279621177563,0.6719488695094055,0.02005083806076908,0.5,23,0,15,2,0.92,1.0,1.0,0.8823529411764706,0.9583333333333334,0.96,0.95,0.9972336234626784,22,0,15,3,0.88,1.0,1.0,0.8333333333333334,0.9361702127659575,0.94,0.925
low_cost_model,logreg,isotonic,2,4,40,25,1.0,1.0,0.01702628721671151,0.9273545078753642,,0.21773767582123854,0.03919782273548424,0.5,24,0,15,1,0.96,1.0,1.0,0.9375,0.9795918367346939,0.98,0.975,0.9808719659544618,22,0,15,3,0.88,1.0,1.0,0.8333333333333334,0.9361702127659575,0.94,0.925
low_cost_model,logreg,isotonic,3,0,40,26,0.9656593406593407,0.9834280303030303,0.0492866080999072,0.7833555687916167,0.9058954383037378,0.36499521226465576,0.055173062194540115,0.5,24,0,14,2,0.9230769230769231,1.0,1.0,0.875,0.9600000000000001,0.9615384615384616,0.95,0.9722886942846762,21,0,14,5,0.8076923076923077,1.0,1.0,0.7368421052631579,0.8936170212765957,0.9038461538461539,0.875
low_cost_model,logreg,isotonic,3,1,40,26,0.9958791208791209,0.9972527472527473,0.020152225721004592,0.9114187880395402,2.019668672183806,0.15457064716752875,0.014394965344098854,0.5,25,0,14,1,0.9615384615384616,1.0,1.0,0.9333333333333333,0.9803921568627451,0.9807692307692308,0.975,0.9672138161851832,25,0,14,1,0.9615384615384616,1.0,1.0,0.9333333333333333,0.9803921568627451,0.9807692307692308,0.975
low_cost_model,logreg,isotonic,3,2,40,26,1.0,1.0,0.0014244661497250083,0.9937386103308791,,-0.4124124108691211,0.017401178829929476,0.5,26,0,14,0,1.0,1.0,1.0,1.0,1.0,1.0,1.0,0.8284743682753943,26,0,14,0,1.0,1.0,1.0,1.0,1.0,1.0,1.0
low_cost_model,logreg,isotonic,3,3,40,25,0.9893333333333334,0.9933333333333333,0.022211097327687793,0.9052326514018654,0.6038137046302634,0.6574779434901946,0.010875267011402446,0.5,24,0,15,1,0.96,1.0,1.0,0.9375,0.9795918367346939,0.98,0.975,0.9503496680060192,24,0,15,1,0.96,1.0,1.0,0.9375,0.9795918367346939,0.98,0.975
low_cost_model,logreg,isotonic,3,4,40,25,0.9653333333333334,0.978103448275862,0.04720104397949884,0.7986088790208049,0.270981314610561,1.4461571370274928,0.03423979904950468,0.5,23,0,15,2,0.92,1.0,1.0,0.8823529411764706,0.9583333333333334,0.96,0.95,0.9475116107715922,23,0,15,2,0.92,1.0,1.0,0.8823529411764706,0.9583333333333334,0.96,0.95
low_cost_model,logreg,isotonic,4,0,40,26,0.9752747252747254,0.9865384615384616,0.04516104082111308,0.8014899304566458,3.2120075335725535,2.2335296615718123,0.045349146665789236,0.5,24,0,14,2,0.9230769230769231,1.0,1.0,0.875,0.9600000000000001,0.9615384615384616,0.95,0.981886073664748,22,0,14,4,0.8461538461538461,1.0,1.0,0.7777777777777778,0.9166666666666666,0.9230769230769231,0.9
low_cost_model,logreg,isotonic,4,1,40,26,1.0,1.0,0.005031294907868282,0.9778844179873921,,-1.8069249312889564,0.030940153193012868,0.5,26,0,14,0,1.0,1.0,1.0,1.0,1.0,1.0,1.0,0.8118991491705562,26,0,14,0,1.0,1.0,1.0,1.0,1.0,1.0,1.0
low_cost_model,logreg,isotonic,4,2,40,26,1.0,1.0,0.00422701849441487,0.981419698925649,,-1.4945753949053369,0.02876123672273252,0.5,26,0,14,0,1.0,1.0,1.0,1.0,1.0,1.0,1.0,0.8757518678011242,26,0,14,0,1.0,1.0,1.0,1.0,1.0,1.0,1.0
low_cost_model,logreg,isotonic,4,3,40,25,0.972,0.9819230769230769,0.0514837220087135,0.7803361194294891,2.1496578892205864,2.6884533569370324,0.056833533588102454,0.5,23,0,15,2,0.92,1.0,1.0,0.8823529411764706,0.9583333333333334,0.96,0.95,0.9159402493291232,23,0,15,2,0.92,1.0,1.0,0.8823529411764706,0.9583333333333334,0.96,0.95
low_cost_model,logreg,isotonic,4,4,40,25,0.9826666666666667,0.9894117647058823,0.04346765538053495,0.8145380037097175,0.839284682811555,0.043306440778578224,0.030528831707997944,0.5,23,0,15,2,0.92,1.0,1.0,0.8823529411764706,0.9583333333333334,0.96,0.95,0.8439125097398883,23,0,15,2,0.92,1.0,1.0,0.8823529411764706,0.9583333333333334,0.96,0.95
low_cost_model,logreg,none,0,0,40,26,1.0,0.9999999999999999,0.02310592473293662,0.8984354956793995,,0.5205511439631823,0.07049391811109362,0.5,25,0,14,1,0.9615384615384616,1.0,1.0,0.9333333333333333,0.9803921568627451,0.9807692307692308,0.975,0.7266792506041748,23,0,14,3,0.8846153846153846,1.0,1.0,0.8235294117647058,0.9387755102040816,0.9423076923076923,0.925
low_cost_model,logreg,none,0,1,40,26,0.9848901098901099,0.9927884615384613,0.03538131735463372,0.844477725913698,2.486671737698393,0.5971911856644132,0.03251131218209199,0.5,24,0,14,2,0.9230769230769231,1.0,1.0,0.875,0.9600000000000001,0.9615384615384616,0.95,0.7029669655113461,23,0,14,3,0.8846153846153846,1.0,1.0,0.8235294117647058,0.9387755102040816,0.9423076923076923,0.925
low_cost_model,logreg,none,0,2,40,26,0.9752747252747253,0.9901098901098899,0.048291925988784824,0.7877277978514953,1.5722414088810095,0.8986954578161358,0.04784931065172322,0.5,24,0,14,2,0.9230769230769231,1.0,1.0,0.875,0.9600000000000001,0.9615384615384616,0.95,0.8372215161402614,21,0,14,5,0.8076923076923077,1.0,1.0,0.7368421052631579,0.8936170212765957,0.9038461538461539,0.875
low_cost_model,logreg,none,0,3,40,25,1.0,1.0000000000000002,0.021426581208741708,0.9085799201760354,,0.05783881635253826,0.11144626868457651,0.5,25,0,15,0,1.0,1.0,1.0,1.0,1.0,1.0,1.0,0.4410941186895163,25,0,15,0,1.0,1.0,1.0,1.0,1.0,1.0,1.0
low_cost_model,logreg,none,0,4,40,25,0.9293333333333333,0.9690740740740742,0.13075248227358188,0.442122742299384,5.949163719603854,0.5150286057057879,0.2277912487297181,0.5,20,0,15,5,0.8,1.0,1.0,0.75,0.888888888888889,0.9,0.875,0.4589376473807059,21,0,15,4,0.84,1.0,1.0,0.7894736842105263,0.9130434782608696,0.9199999999999999,0.9
low_cost_model,logreg,none,1,0,40,26,0.9807692307692307,0.9907509157509157,0.04877355549240727,0.7856107450883197,2.998043074015855,0.752402068188174,0.049218107637316766,0.5,24,0,14,2,0.9230769230769231,1.0,1.0,0.875,0.9600000000000001,0.9615384615384616,0.95,0.4656915227884121,24,0,14,2,0.9230769230769231,1.0,1.0,0.875,0.9600000000000001,0.9615384615384616,0.95
low_cost_model,logreg,none,1,1,40,26,0.967032967032967,0.9854312354312352,0.08547751139385587,0.6242746751918423,3.9158204508314283,0.899299818905791,0.11736087834797099,0.5,21,0,14,5,0.8076923076923077,1.0,1.0,0.7368421052631579,0.8936170212765957,0.9038461538461539,0.875,0.4840055682279363,21,0,14,5,0.8076923076923077,1.0,1.0,0.7368421052631579,0.8936170212765957,0.9038461538461539,0.875
low_cost_model,logreg,none,1,2,40,26,1.0,0.9999999999999999,0.018803427869312123,0.9173475698052215,,0.375278751521086,0.08692758456213912,0.5,26,0,14,0,1.0,1.0,1.0,1.0,1.0,1.0,1.0,0.6218398898399737,25,0,14,1,0.9615384615384616,1.0,1.0,0.9333333333333333,0.9803921568627451,0.9807692307692308,0.975
low_cost_model,logreg,none,1,3,40,25,0.9813333333333334,0.9912500000000002,0.029410702701449676,0.8745143351404814,1.7053141923131783,-0.004556955282414084,0.031442425413540066,0.5,24,0,15,1,0.96,1.0,1.0,0.9375,0.9795918367346939,0.98,0.975,0.7817904766776806,23,0,15,2,0.92,1.0,1.0,0.8823529411764706,0.9583333333333334,0.96,0.95
low_cost_model,logreg,none,1,4,40,25,0.9786666666666667,0.9903030303030305,0.04394627607856301,0.8124958887314645,3.0216317933943766,0.3187343382903259,0.09713736112810552,0.5,24,0,15,1,0.96,1.0,1.0,0.9375,0.9795918367346939,0.98,0.975,0.4789258436670937,24,0,15,1,0.96,1.0,1.0,0.9375,0.9795918367346939,0.98,0.975
low_cost_model,logreg,none,2,0,40,26,1.0,0.9999999999999999,0.01308876691169759,0.9424669586299007,,0.11446962544703258,0.06976272058577875,0.5,26,0,14,0,1.0,1.0,1.0,1.0,1.0,1.0,1.0,0.561993990372085,26,0,14,0,1.0,1.0,1.0,1.0,1.0,1.0,1.0
low_cost_model,logreg,none,2,1,40,26,1.0,0.9999999999999999,0.023026270939460938,0.8987856222441277,,0.2720664016514285,0.08010146475018728,0.5,25,0,14,1,0.9615384615384616,1.0,1.0,0.9333333333333333,0.9803921568627451,0.9807692307692308,0.975,0.5996814664758576,24,0,14,2,0.9230769230769231,1.0,1.0,0.875,0.9600000000000001,0.9615384615384616,0.95
low_cost_model,logreg,none,2,2,40,26,0.9725274725274725,0.9846344722275242,0.07975562097186525,0.649425841881911,3.734279210545708,1.1614381072396722,0.10770861051586914,0.5,23,0,14,3,0.8846153846153846,1.0,1.0,0.8235294117647058,0.9387755102040816,0.9423076923076923,0.925,0.4735755674748871,23,0,14,3,0.8846153846153846,1.0,1.0,0.8235294117647058,0.9387755102040816,0.9423076923076923,0.925
low_cost_model,logreg,none,2,3,40,25,0.968,0.9870270270270272,0.043832739736437434,0.812980310457867,1.5036871077545535,0.3060432901622328,0.015148113948006595,0.5,23,0,15,2,0.92,1.0,1.0,0.8823529411764706,0.9583333333333334,0.96,0.95,0.7780816391899095,23,0,15,2,0.92,1.0,1.0,0.8823529411764706,0.9583333333333334,0.96,0.95
low_cost_model,logreg,none,2,4,40,25,1.0,1.0000000000000002,0.02554352543258191,0.8910142914876505,,0.4822231021251522,0.07165635526007488,0.5,24,0,15,1,0.96,1.0,1.0,0.9375,0.9795918367346939,0.98,0.975,0.8514682090687982,21,0,15,4,0.84,1.0,1.0,0.7894736842105263,0.9130434782608696,0.9199999999999999,0.9
low_cost_model,logreg,none,3,0,40,26,0.9615384615384616,0.9834280303030303,0.06777554042128417,0.7020855366097399,2.9848796758106997,0.5547720650459151,0.08956636287488184,0.5,22,0,14,4,0.8461538461538461,1.0,1.0,0.7777777777777778,0.9166666666666666,0.9230769230769231,0.9,0.6629456971483292,21,0,14,5,0.8076923076923077,1.0,1.0,0.7368421052631579,0.8936170212765957,0.9038461538461539,0.875
low_cost_model,logreg,none,3,1,40,26,0.9986263736263736,0.9985754985754984,0.02233317609715468,0.9018321929795399,,0.259325315815987,0.009245607918558437,0.5,25,0,14,1,0.9615384615384616,1.0,1.0,0.9333333333333333,0.9803921568627451,0.9807692307692308,0.975,0.6698854553262522,25,0,14,1,0.9615384615384616,1.0,1.0,0.9333333333333333,0.9803921568627451,0.9807692307692308,0.975
low_cost_model,logreg,none,3,2,40,26,1.0,0.9999999999999999,0.09025838818606015,0.6032598321491861,,0.6110854865490913,0.1986845362051277,0.5,21,0,14,5,0.8076923076923077,1.0,1.0,0.7368421052631579,0.8936170212765957,0.9038461538461539,0.875,0.4471885083843915,23,0,14,3,0.8846153846153846,1.0,1.0,0.8235294117647058,0.9387755102040816,0.9423076923076923,0.925
low_cost_model,logreg,none,3,3,40,25,0.98,0.9903030303030305,0.025075447871601608,0.8930114224144998,1.6850694344628347,-0.09621159401735327,0.028451102526029115,0.5,24,0,15,1,0.96,1.0,1.0,0.9375,0.9795918367346939,0.98,0.975,0.5617751188351519,24,0,15,1,0.96,1.0,1.0,0.9375,0.9795918367346939,0.98,0.975
low_cost_model,logreg,none,3,4,40,25,0.9746666666666667,0.9868055555555556,0.10473703094220958,0.5531220013132392,5.122158655155932,0.8154244725870532,0.18852300994636426,0.5,22,0,15,3,0.88,1.0,1.0,0.8333333333333334,0.9361702127659575,0.94,0.925,0.3853367594824649,23,0,15,2,0.92,1.0,1.0,0.8823529411764706,0.9583333333333334,0.96,0.95
low_cost_model,logreg,none,4,0,40,26,0.9862637362637362,0.9933925049309663,0.05651318713226716,0.7515903862317926,3.457814041842844,0.7580340711318413,0.06031715722887568,0.5,23,0,14,3,0.8846153846153846,1.0,1.0,0.8235294117647058,0.9387755102040816,0.9423076923076923,0.925,0.5558540190750509,22,0,14,4,0.8461538461538461,1.0,1.0,0.7777777777777778,0.9166666666666666,0.9230769230769231,0.9
low_cost_model,logreg,none,4,1,40,26,1.0,0.9999999999999999,0.010519690905544502,0.953759600415189,,-0.024657797146118293,0.058425347627071446,0.5,26,0,14,0,1.0,1.0,1.0,1.0,1.0,1.0,1.0,0.5168681665036049,25,0,14,1,0.9615384615384616,1.0,1.0,0.9333333333333333,0.9803921568627451,0.9807692307692308,0.975
low_cost_model,logreg,none,4,2,40,26,1.0,0.9999999999999998,0.010560009822996489,0.9535823744044111,,-0.17096520770737503,0.05661919849342076,0.5,26,0,14,0,1.0,1.0,1.0,1.0,1.0,1.0,1.0,0.707598991116041,25,0,14,1,0.9615384615384616,1.0,1.0,0.9333333333333333,0.9803921568627451,0.9807692307692308,0.975
low_cost_model,logreg,none,4,3,40,25,0.9746666666666667,0.9872261072261074,0.046787194631824146,0.8003746362375503,1.2217940405428447,0.8091147022889642,0.04729549333886531,0.5,23,0,15,2,0.92,1.0,1.0,0.8823529411764706,0.9583333333333334,0.96,0.95,0.6929473282975899,23,0,15,2,0.92,1.0,1.0,0.8823529411764706,0.9583333333333334,0.96,0.95
low_cost_model,logreg,none,4,4,40,25,0.972,0.9863348416289595,0.05962758444517276,0.7455889730339296,3.322480822388028,0.4016947006005961,0.0778683033550509,0.5,23,0,15,2,0.92,1.0,1.0,0.8823529411764706,0.9583333333333334,0.96,0.95,0.5457243844535195,22,0,15,3,0.88,1.0,1.0,0.8333333333333334,0.9361702127659575,0.94,0.925
low_cost_model,logreg,sigmoid,0,0,40,26,1.0,0.9999999999999999,0.03301711397365927,0.8548698286872121,,-0.06436784377040511,0.12979671831489767,0.5,25,0,14,1,0.9615384615384616,1.0,1.0,0.9333333333333333,0.9803921568627451,0.9807692307692308,0.975,0.6469589851783222,23,0,14,3,0.8846153846153846,1.0,1.0,0.8235294117647058,0.9387755102040816,0.9423076923076923,0.925
low_cost_model,logreg,sigmoid,0,1,40,26,0.9848901098901098,0.9927884615384613,0.0458871910835905,0.7982980611710307,5.271015470267037,-0.04395234005453141,0.11134890314616724,0.5,25,0,14,1,0.9615384615384616,1.0,1.0,0.9333333333333333,0.9803921568627451,0.9807692307692308,0.975,0.6114931983218725,23,0,14,3,0.8846153846153846,1.0,1.0,0.8235294117647058,0.9387755102040816,0.9423076923076923,0.925
low_cost_model,logreg,sigmoid,0,2,40,26,0.9780219780219781,0.9909502262443437,0.055118640899431234,0.75772025978272,2.907228623744876,0.34208702344682396,0.07279222930639466,0.5,24,0,14,2,0.9230769230769231,1.0,1.0,0.875,0.9600000000000001,0.9615384615384616,0.95,0.6616344899906237,21,0,14,5,0.8076923076923077,1.0,1.0,0.7368421052631579,0.8936170212765957,0.9038461538461539,0.875
low_cost_model,logreg,sigmoid,0,3,40,25,1.0,1.0000000000000002,0.019786677563967753,0.9155768423937376,,-0.3544134176638617,0.10614624001304977,0.5,25,0,15,0,1.0,1.0,1.0,1.0,1.0,1.0,1.0,0.5374498717365563,25,0,15,0,1.0,1.0,1.0,1.0,1.0,1.0,1.0
low_cost_model,logreg,sigmoid,0,4,40,25,0.9293333333333333,0.9690740740740742,0.0748199256869738,0.6807683170689118,1.558511266499746,0.6414423765343111,0.06322864562904462,0.5,22,0,15,3,0.88,1.0,1.0,0.8333333333333334,0.9361702127659575,0.94,0.925,0.6062819338499945,21,0,15,4,0.84,1.0,1.0,0.7894736842105263,0.9130434782608696,0.9199999999999999,0.9
low_cost_model,logreg,sigmoid,1,0,40,26,0.9807692307692307,0.9907509157509157,0.043316201458644975,0.8095991144674947,2.687185919417893,0.030761291158625102,0.06498120402199338,0.5,24,0,14,2,0.9230769230769231,1.0,1.0,0.875,0.9600000000000001,0.9615384615384616,0.95,0.6270043740781999,24,0,14,2,0.9230769230769231,1.0,1.0,0.875,0.9600000000000001,0.9615384615384616,0.95
low_cost_model,logreg,sigmoid,1,1,40,26,0.9615384615384616,0.9834280303030302,0.058424973968497815,0.7431869276109986,2.605773350262375,0.24528510261637823,0.07124558333551664,0.5,24,0,14,2,0.9230769230769231,1.0,1.0,0.875,0.9600000000000001,0.9615384615384616,0.95,0.6948028352366693,22,0,14,4,0.8461538461538461,1.0,1.0,0.7777777777777778,0.9166666666666666,0.9230769230769231,0.9
low_cost_model,logreg,sigmoid,1,2,40,26,1.0,0.9999999999999999,0.02762210497792461,0.8785841539431886,,0.16745557081109533,0.12328194834442115,0.5,26,0,14,0,1.0,1.0,1.0,1.0,1.0,1.0,1.0,0.5948052410454017,25,0,14,1,0.9615384615384616,1.0,1.0,0.9333333333333333,0.9803921568627451,0.9807692307692308,0.975
low_cost_model,logreg,sigmoid,1,3,40,25,0.9786666666666667,0.9903030303030305,0.04079942151718652,0.8259224681933375,2.7879812759604765,-0.1968478124912015,0.08730177366672394,0.5,24,0,15,1,0.96,1.0,1.0,0.9375,0.9795918367346939,0.98,0.975,0.67131776210309,23,0,15,2,0.92,1.0,1.0,0.8823529411764706,0.9583333333333334,0.96,0.95
low_cost_model,logreg,sigmoid,1,4,40,25,0.9786666666666667,0.9903030303030305,0.038875774302422984,0.8341300296429952,3.0029111928755206,-0.060967303203200235,0.09253219877789434,0.5,24,0,15,1,0.96,1.0,1.0,0.9375,0.9795918367346939,0.98,0.975,0.5761061217187109,24,0,15,1,0.96,1.0,1.0,0.9375,0.9795918367346939,0.98,0.975
low_cost_model,logreg,sigmoid,2,0,40,26,1.0,0.9999999999999999,0.022184125390878905,0.9024873609192136,,-0.047255905729901904,0.10618753396507985,0.5,26,0,14,0,1.0,1.0,1.0,1.0,1.0,1.0,1.0,0.5616416998353349,26,0,14,0,1.0,1.0,1.0,1.0,1.0,1.0,1.0
low_cost_model,logreg,sigmoid,2,1,40,26,1.0,0.9999999999999999,0.02904100828051335,0.8723472163493919,,-0.30250270365011106,0.11633998243817623,0.5,26,0,14,0,1.0,1.0,1.0,1.0,1.0,1.0,1.0,0.6588183176350896,24,0,14,2,0.9230769230769231,1.0,1.0,0.875,0.9600000000000001,0.9615384615384616,0.95
low_cost_model,logreg,sigmoid,2,2,40,26,0.9642857142857142,0.9809760132340776,0.06501609345931603,0.7142149738052044,2.7746984057608604,0.4056724537539628,0.10358285708201842,0.5,23,0,14,3,0.8846153846153846,1.0,1.0,0.8235294117647058,0.9387755102040816,0.9423076923076923,0.925,0.6432597723697168,23,0,14,3,0.8846153846153846,1.0,1.0,0.8235294117647058,0.9387755102040816,0.9423076923076923,0.925
low_cost_model,logreg,sigmoid,2,3,40,25,0.968,0.9870270270270272,0.051451260456640335,0.7804746220516678,2.8419483722368217,-0.049081609611193525,0.06994588118859812,0.5,23,0,15,2,0.92,1.0,1.0,0.8823529411764706,0.9583333333333334,0.96,0.95,0.6598399647037617,23,0,15,2,0.92,1.0,1.0,0.8823529411764706,0.9583333333333334,0.96,0.95
low_cost_model,logreg,sigmoid,2,4,40,25,1.0,1.0000000000000002,0.037235399177809006,0.8411289635080149,,0.06738621162608312,0.09148074828624699,0.5,24,0,15,1,0.96,1.0,1.0,0.9375,0.9795918367346939,0.98,0.975,0.7357205654456537,21,0,15,4,0.84,1.0,1.0,0.7894736842105263,0.9130434782608696,0.9199999999999999,0.9
low_cost_model,logreg,sigmoid,3,0,40,26,0.9615384615384616,0.9834280303030303,0.06334650987363222,0.7215538027532651,2.681224964224622,0.23956131681629642,0.08805736426688925,0.5,24,0,14,2,0.9230769230769231,1.0,1.0,0.875,0.9600000000000001,0.9615384615384616,0.95,0.7248842397030394,21,0,14,5,0.8076923076923077,1.0,1.0,0.7368421052631579,0.8936170212765957,0.9038461538461539,0.875
low_cost_model,logreg,sigmoid,3,1,40,26,0.9986263736263736,0.9985754985754984,0.029964609013290473,0.8682874329086133,,-0.10835237054240691,0.06303187319572165,0.5,25,0,14,1,0.9615384615384616,1.0,1.0,0.9333333333333333,0.9803921568627451,0.9807692307692308,0.975,0.6106067919031446,24,0,14,2,0.9230769230769231,1.0,1.0,0.875,0.9600000000000001,0.9615384615384616,0.95
low_cost_model,logreg,sigmoid,3,2,40,26,1.0,0.9999999999999999,0.033285428016151294,0.8536904263026317,,0.21103607720001588,0.12822648995700348,0.5,26,0,14,0,1.0,1.0,1.0,1.0,1.0,1.0,1.0,0.6045035842430223,23,0,14,3,0.8846153846153846,1.0,1.0,0.8235294117647058,0.9387755102040816,0.9423076923076923,0.925
low_cost_model,logreg,sigmoid,3,3,40,25,0.98,0.9903030303030305,0.029882104507525386,0.8725030207678917,2.3208279602779305,-0.24743905692951368,0.06499241300208382,0.5,24,0,15,1,0.96,1.0,1.0,0.9375,0.9795918367346939,0.98,0.975,0.6047761651168807,24,0,15,1,0.96,1.0,1.0,0.9375,0.9795918367346939,0.98,0.975
low_cost_model,logreg,sigmoid,3,4,40,25,0.9693333333333334,0.9849673202614381,0.04795876019639912,0.7953759564953637,2.2340868738467146,0.22666191158920632,0.04856194238961788,0.5,23,0,15,2,0.92,1.0,1.0,0.8823529411764706,0.9583333333333334,0.96,0.95,0.5963760995568361,23,0,15,2,0.92,1.0,1.0,0.8823529411764706,0.9583333333333334,0.96,0.95
low_cost_model,logreg,sigmoid,4,0,40,26,0.9835164835164835,0.992317236113762,0.04982474731446974,0.7809901216946384,2.8303594581403044,0.44025413208622005,0.05881289392715528,0.5,24,0,14,2,0.9230769230769231,1.0,1.0,0.875,0.9600000000000001,0.9615384615384616,0.95,0.6365092630958941,22,0,14,4,0.8461538461538461,1.0,1.0,0.7777777777777778,0.9166666666666666,0.9230769230769231,0.9
low_cost_model,logreg,sigmoid,4,1,40,26,1.0,0.9999999999999999,0.020387762307795397,0.9103834623833169,,-0.44672067174266994,0.10033618071477367,0.5,26,0,14,0,1.0,1.0,1.0,1.0,1.0,1.0,1.0,0.5756741727285902,26,0,14,0,1.0,1.0,1.0,1.0,1.0,1.0,1.0
low_cost_model,logreg,sigmoid,4,2,40,26,1.0,0.9999999999999998,0.028929765271970487,0.8728361966067231,,-0.11515177792268773,0.12431403700613872,0.5,26,0,14,0,1.0,1.0,1.0,1.0,1.0,1.0,1.0,0.5659389526024365,25,0,14,1,0.9615384615384616,1.0,1.0,0.9333333333333333,0.9803921568627451,0.9807692307692308,0.975
low_cost_model,logreg,sigmoid,4,3,40,25,0.9773333333333334,0.9881730769230771,0.0538309248505862,0.7703213873041656,2.2534208515912297,0.25223690702710544,0.06727643985175591,0.5,23,0,15,2,0.92,1.0,1.0,0.8823529411764706,0.9583333333333334,0.96,0.95,0.5924410357857182,23,0,15,2,0.92,1.0,1.0,0.8823529411764706,0.9583333333333334,0.96,0.95
low_cost_model,logreg,sigmoid,4,4,40,25,0.9666666666666667,0.9836974789915968,0.056374477312769955,0.7594688967988482,2.9607355313129906,0.07811464010384288,0.08226146601857226,0.5,23,0,15,2,0.92,1.0,1.0,0.8823529411764706,0.9583333333333334,0.96,0.95,0.6334665990958318,22,0,15,3,0.88,1.0,1.0,0.8333333333333334,0.9361702127659575,0.94,0.925
low_cost_model,random_forest,isotonic,0,0,40,26,1.0,1.0,0.0052408203723874145,0.9769634269345608,,-1.8627126413394222,0.024342841927549156,0.5,26,0,14,0,1.0,1.0,1.0,1.0,1.0,1.0,1.0,0.9899439635980672,25,0,14,1,0.9615384615384616,1.0,1.0,0.9333333333333333,0.9803921568627451,0.9807692307692308,0.975
low_cost_model,random_forest,isotonic,0,1,40,26,0.9821428571428571,0.9909502262443439,0.028415291431374834,0.8750976200818689,0.6573596271674338,0.16810445101859914,0.02468894577421641,0.5,25,0,14,1,0.9615384615384616,1.0,1.0,0.9333333333333333,0.9803921568627451,0.9807692307692308,0.975,0.968581358681758,24,0,14,2,0.9230769230769231,1.0,1.0,0.875,0.9600000000000001,0.9615384615384616,0.95
low_cost_model,random_forest,isotonic,0,2,40,26,0.9766483516483517,0.9865384615384616,0.0619272885363748,0.7277921383016492,1.4696451311655387,-0.9759530467969485,0.08046246447890124,0.5,25,2,12,1,0.9615384615384616,0.8571428571428571,0.9259259259259259,0.9230769230769231,0.9433962264150944,0.9093406593406593,0.925,1.0,22,0,14,4,0.8461538461538461,1.0,1.0,0.7777777777777778,0.9166666666666666,0.9230769230769231,0.9
low_cost_model,random_forest,isotonic,0,3,40,25,1.0,1.0,0.0009107315546550093,0.996114212033472,,-4.753826568638992,0.007354122410899835,0.5,25,0,15,0,1.0,1.0,1.0,1.0,1.0,1.0,1.0,0.8890128165669666,25,0,15,0,1.0,1.0,1.0,1.0,1.0,1.0,1.0
low_cost_model,random_forest,isotonic,0,4,40,25,0.9813333333333334,0.9888888888888889,0.050450743810549946,0.7847434930749869,5.515020385895606,2.50927498994611,0.05272544492748782,0.5,23,0,15,2,0.92,1.0,1.0,0.8823529411764706,0.9583333333333334,0.96,0.95,0.983631029400322,21,0,15,4,0.84,1.0,1.0,0.7894736842105263,0.9130434782608696,0.9199999999999999,0.9
low_cost_model,random_forest,isotonic,1,0,40,26,0.9876373626373627,0.9918414918414918,0.02587166384974319,0.8862784006604695,2.011467560527457,1.0281920129384508,0.02764799968464085,0.5,25,0,14,1,0.9615384615384616,1.0,1.0,0.9333333333333333,0.9803921568627451,0.9807692307692308,0.975,0.9712541681266144,25,0,14,1,0.9615384615384616,1.0,1.0,0.9333333333333333,0.9803921568627451,0.9807692307692308,0.975
low_cost_model,random_forest,isotonic,1,1,40,26,0.9848901098901099,0.9909502262443439,0.02539515675496632,0.8883729373408074,1.0629740342091853,1.1187505550400396,0.025903675749465477,0.5,25,0,14,1,0.9615384615384616,1.0,1.0,0.9333333333333333,0.9803921568627451,0.9807692307692308,0.975,0.9810194709863436,20,0,14,6,0.7692307692307693,1.0,1.0,0.7,0.8695652173913044,0.8846153846153846,0.85
low_cost_model,random_forest,isotonic,1,2,40,26,0.9999999999999999,1.0,0.004555173470546703,0.9799772594701244,,0.04609038305379789,0.019720997858316335,0.5,26,0,14,0,1.0,1.0,1.0,1.0,1.0,1.0,1.0,0.9833559649191717,24,0,14,2,0.9230769230769231,1.0,1.0,0.875,0.9600000000000001,0.9615384615384616,0.95
low_cost_model,random_forest,isotonic,1,3,40,25,0.9946666666666667,0.997037037037037,0.039808357882324744,0.8301510063687477,0.596524223850053,-0.9219631052685898,0.04545943564261434,0.5,24,2,13,1,0.96,0.8666666666666667,0.9230769230769231,0.9285714285714286,0.9411764705882353,0.9133333333333333,0.925,0.912087912087912,24,0,15,1,0.96,1.0,1.0,0.9375,0.9795918367346939,0.98,0.975
low_cost_model,random_forest,isotonic,1,4,40,25,0.9973333333333334,0.9984615384615385,0.0202452233115089,0.913620380537562,3.1503431368362698,-0.10556660430463986,0.0081909891439437,0.5,24,0,15,1,0.96,1.0,1.0,0.9375,0.9795918367346939,0.98,0.975,0.9251468756915056,24,0,15,1,0.96,1.0,1.0,0.9375,0.9795918367346939,0.98,0.975
low_cost_model,random_forest,isotonic,2,0,40,26,0.9999999999999999,1.0,0.006322144653098928,0.9722103531731915,,0.3990291813188748,0.019095234273584456,0.5,26,0,14,0,1.0,1.0,1.0,1.0,1.0,1.0,1.0,0.7803060271128572,25,0,14,1,0.9615384615384616,1.0,1.0,0.9333333333333333,0.9803921568627451,0.9807692307692308,0.975
low_cost_model,random_forest,isotonic,2,1,40,26,1.0,1.0,0.006516074992573828,0.9713579121205546,,-1.1106466594846724,0.023168361188794815,0.5,26,0,14,0,1.0,1.0,1.0,1.0,1.0,1.0,1.0,0.9697916666666666,25,0,14,1,0.9615384615384616,1.0,1.0,0.9333333333333333,0.9803921568627451,0.9807692307692308,0.975
low_cost_model,random_forest,isotonic,2,2,40,26,0.9175824175824175,0.9331465997770346,0.07660915618610394,0.663256456324818,-0.17971856650107387,2.2066446865879508,0.07954192546583849,0.5,24,1,13,2,0.9230769230769231,0.9285714285714286,0.96,0.8666666666666667,0.9411764705882353,0.9258241758241759,0.925,0.9903846153846154,22,1,13,4,0.8461538461538461,0.9285714285714286,0.9565217391304348,0.7647058823529411,0.8979591836734695,0.8873626373626373,0.875
low_cost_model,random_forest,isotonic,2,3,40,25,0.9706666666666668,0.9819230769230769,0.07883768989316002,0.6636258564558506,-1.4052520788814276,0.9125944356962815,0.087540639679624,0.5,23,2,13,2,0.92,0.8666666666666667,0.92,0.8666666666666667,0.92,0.8933333333333333,0.9,0.9940685966016364,23,0,15,2,0.92,1.0,1.0,0.8823529411764706,0.9583333333333334,0.96,0.95
low_cost_model,random_forest,isotonic,2,4,40,25,1.0,1.0,0.004998804422831902,0.9786717677959172,,-0.4652427928974509,0.0290245458625306,0.5,25,0,15,0,1.0,1.0,1.0,1.0,1.0,1.0,1.0,0.945719497088458,22,0,15,3,0.88,1.0,1.0,0.8333333333333334,0.9361702127659575,0.94,0.925
low_cost_model,random_forest,isotonic,3,0,40,26,1.0,1.0,0.014081709414689326,0.9381023761991678,,0.096682393023084,0.05449892052962691,0.5,26,0,14,0,1.0,1.0,1.0,1.0,1.0,1.0,1.0,0.9518449030644152,22,0,14,4,0.8461538461538461,1.0,1.0,0.7777777777777778,0.9166666666666666,0.9230769230769231,0.9
low_cost_model,random_forest,isotonic,3,1,40,26,0.9862637362637363,0.9927884615384616,0.03156367929120811,0.8612585525661183,0.5202071691276043,-0.5394701457679293,0.04703680113700215,0.5,25,0,14,1,0.9615384615384616,1.0,1.0,0.9333333333333333,0.9803921568627451,0.9807692307692308,0.975,0.9319634867223728,25,0,14,1,0.9615384615384616,1.0,1.0,0.9333333333333333,0.9803921568627451,0.9807692307692308,0.975
low_cost_model,random_forest,isotonic,3,2,40,26,1.0,1.0,0.0024866557884328194,0.9890696448860096,,-0.9626166558760985,0.022453627090933886,0.5,26,0,14,0,1.0,1.0,1.0,1.0,1.0,1.0,1.0,0.9837309412911432,24,0,14,2,0.9230769230769231,1.0,1.0,0.875,0.9600000000000001,0.9615384615384616,0.95
low_cost_model,random_forest,isotonic,3,3,40,25,0.9786666666666666,0.985,0.02883623914687829,0.876965379639986,,5.771515835738357,0.03479315978997368,0.5,24,0,15,1,0.96,1.0,1.0,0.9375,0.9795918367346939,0.98,0.975,0.9666666666666665,24,0,15,1,0.96,1.0,1.0,0.9375,0.9795918367346939,0.98,0.975
low_cost_model,random_forest,isotonic,3,4,40,25,0.9880000000000001,0.9917333333333334,0.045793155772722985,0.8046158687030486,0.7659781344774085,-2.45270736430487,0.04214930684980826,0.5,23,0,15,2,0.92,1.0,1.0,0.8823529411764706,0.9583333333333334,0.96,0.95,0.9831171472742464,23,0,15,2,0.92,1.0,1.0,0.8823529411764706,0.9583333333333334,0.96,0.95
low_cost_model,random_forest,isotonic,4,0,40,26,1.0,1.0,0.018647688765273472,0.9180321372955013,,2.2505032836745213,0.02291693679774226,0.5,25,0,14,1,0.9615384615384616,1.0,1.0,0.9333333333333333,0.9803921568627451,0.9807692307692308,0.975,0.9796217022248884,23,0,14,3,0.8846153846153846,1.0,1.0,0.8235294117647058,0.9387755102040816,0.9423076923076923,0.925
low_cost_model,random_forest,isotonic,4,1,40,26,1.0,1.0,0.023331782382500506,0.8974427148021956,,-6.022616133859815,0.044825863545189956,0.5,26,2,12,0,1.0,0.8571428571428571,0.9285714285714286,1.0,0.962962962962963,0.9285714285714286,0.95,0.8621782030064964,26,0,14,0,1.0,1.0,1.0,1.0,1.0,1.0,1.0
low_cost_model,random_forest,isotonic,4,2,40,26,1.0,1.0,0.0015043946084821046,0.9933872764462325,,-1.0418630452492765,0.017803412921414786,0.5,26,0,14,0,1.0,1.0,1.0,1.0,1.0,1.0,1.0,0.9926272518277784,24,0,14,2,0.9230769230769231,1.0,1.0,0.875,0.9600000000000001,0.9615384615384616,0.95
low_cost_model,random_forest,isotonic,4,3,40,25,0.976,0.984516129032258,0.04550563735633134,0.8058426139463196,2.8234828151523437,1.8399900343198465,0.03994446055578757,0.5,23,0,15,2,0.92,1.0,1.0,0.8823529411764706,0.9583333333333334,0.96,0.95,1.0,23,0,15,2,0.92,1.0,1.0,0.8823529411764706,0.9583333333333334,0.96,0.95
low_cost_model,random_forest,isotonic,4,4,40,25,0.9853333333333334,0.9903030303030302,0.027555105289871186,0.8824315507632163,0.7796331680196803,0.39662325706089085,0.025727119884189485,0.5,24,0,15,1,0.96,1.0,1.0,0.9375,0.9795918367346939,0.98,0.975,0.946589692094816,23,0,15,2,0.92,1.0,1.0,0.8823529411764706,0.9583333333333334,0.96,0.95
low_cost_model,random_forest,none,0,0,40,26,1.0,1.0,0.026842423775939483,0.8820113240618045,,0.4084492891498604,0.11901990141963004,0.5,25,0,14,1,0.9615384615384616,1.0,1.0,0.9333333333333333,0.9803921568627451,0.9807692307692308,0.975,0.5742750593986318,25,0,14,1,0.9615384615384616,1.0,1.0,0.9333333333333333,0.9803921568627451,0.9807692307692308,0.975
low_cost_model,random_forest,none,0,1,40,26,0.9793956043956044,0.9909502262443438,0.04328080353053082,0.8097547097559085,3.676709257199461,0.059511170414277906,0.09693024012746553,0.5,25,0,14,1,0.9615384615384616,1.0,1.0,0.9333333333333333,0.9803921568627451,0.9807692307692308,0.975,0.620019424253314,23,0,14,3,0.8846153846153846,1.0,1.0,0.8235294117647058,0.9387755102040816,0.9423076923076923,0.925
low_cost_model,random_forest,none,0,2,40,26,0.9793956043956044,0.9909502262443439,0.04502453706774375,0.8020899469549725,0.5869099395819709,0.3584221586137189,0.08090238095238092,0.5,25,2,12,1,0.9615384615384616,0.8571428571428571,0.9259259259259259,0.9230769230769231,0.9433962264150944,0.9093406593406593,0.925,0.82,24,0,14,2,0.9230769230769231,1.0,1.0,0.875,0.9600000000000001,0.9615384615384616,0.95
low_cost_model,random_forest,none,0,3,40,25,1.0,1.0,0.0014816483150667664,0.9936783005223818,,0.8419248649452378,0.017373809523809434,0.5,25,0,15,0,1.0,1.0,1.0,1.0,1.0,1.0,1.0,0.7133333333333334,25,0,15,0,1.0,1.0,1.0,1.0,1.0,1.0,1.0
low_cost_model,random_forest,none,0,4,40,25,0.9640000000000001,0.9828571428571429,0.06403164861133091,0.7267982992583215,4.632235785168953,0.3300043865646012,0.07862643596436586,0.5,22,0,15,3,0.88,1.0,1.0,0.8333333333333334,0.9361702127659575,0.94,0.925,0.6556961844160477,21,0,15,4,0.84,1.0,1.0,0.7894736842105263,0.9130434782608696,0.9199999999999999,0.9
low_cost_model,random_forest,none,1,0,40,26,0.989010989010989,0.9948717948717948,0.039083138323689495,0.8282059853903758,9.090648338921554,0.49539484223655716,0.07150166249034794,0.5,25,0,14,1,0.9615384615384616,1.0,1.0,0.9333333333333333,0.9803921568627451,0.9807692307692308,0.975,0.5879341205834211,24,0,14,2,0.9230769230769231,1.0,1.0,0.875,0.9600000000000001,0.9615384615384616,0.95
low_cost_model,random_forest,none,1,1,40,26,0.989010989010989,0.9948717948717949,0.05082218985058053,0.7766057588985471,6.952217326227865,0.33868667437704797,0.11787842350514596,0.5,25,0,14,1,0.9615384615384616,1.0,1.0,0.9333333333333333,0.9803921568627451,0.9807692307692308,0.975,0.6619080968724865,21,0,14,5,0.8076923076923077,1.0,1.0,0.7368421052631579,0.8936170212765957,0.9038461538461539,0.875
low_cost_model,random_forest,none,1,2,40,26,0.9999999999999999,1.0,0.009342732392314687,0.958933044429386,,1.8823487098309086,0.03401108104858108,0.5,25,0,14,1,0.9615384615384616,1.0,1.0,0.9333333333333333,0.9803921568627451,0.9807692307692308,0.975,0.7466666666666667,25,0,14,1,0.9615384615384616,1.0,1.0,0.9333333333333333,0.9803921568627451,0.9807692307692308,0.975
low_cost_model,random_forest,none,1,3,40,25,0.9946666666666667,0.9970370370370369,0.027224803152866406,0.8838408398811033,1.2165910457333293,0.5376187087749837,0.05254797077922078,0.5,24,0,15,1,0.96,1.0,1.0,0.9375,0.9795918367346939,0.98,0.975,0.775484126984127,24,0,15,1,0.96,1.0,1.0,0.9375,0.9795918367346939,0.98,0.975
low_cost_model,random_forest,none,1,4,40,25,0.9946666666666667,0.997037037037037,0.038796774486271245,0.8344670955252427,13.41140533544028,-0.013498508022580187,0.1006109267153913,0.5,24,0,15,1,0.96,1.0,1.0,0.9375,0.9795918367346939,0.98,0.975,0.6094869177380452,24,0,15,1,0.96,1.0,1.0,0.9375,0.9795918367346939,0.98,0.975
low_cost_model,random_forest,none,2,0,40,26,1.0,1.0,0.007054338111553415,0.9689919203887762,,0.8853989220105908,0.02889149230399221,0.5,26,0,14,0,1.0,1.0,1.0,1.0,1.0,1.0,1.0,0.7530555555555555,25,0,14,1,0.9615384615384616,1.0,1.0,0.9333333333333333,0.9803921568627451,0.9807692307692308,0.975
low_cost_model,random_forest,none,2,1,40,26,1.0,1.0,0.009144403889518767,0.9598048180680494,,0.5182846300474637,0.03895634920634913,0.5,26,0,14,0,1.0,1.0,1.0,1.0,1.0,1.0,1.0,0.8075,24,0,14,2,0.9230769230769231,1.0,1.0,0.875,0.9600000000000001,0.9615384615384616,0.95
low_cost_model,random_forest,none,2,2,40,26,0.945054945054945,0.9730769230769231,0.0645925,0.716076923076923,0.2372563908592435,2.7369776296906485,0.05241666666666665,0.5,24,1,13,2,0.9230769230769231,0.9285714285714286,0.96,0.8666666666666667,0.9411764705882353,0.9258241758241759,0.925,0.7966666666666666,22,0,14,4,0.8461538461538461,1.0,1.0,0.7777777777777778,0.9166666666666666,0.9230769230769231,0.9
low_cost_model,random_forest,none,2,3,40,25,0.9840000000000001,0.9914058355437666,0.0577200675522793,0.7537277117769416,2.5983994475436636,1.1143109583481476,0.07976720177970179,0.5,23,2,13,2,0.92,0.8666666666666667,0.92,0.8666666666666667,0.92,0.8933333333333333,0.9,0.7922777777777777,23,0,15,2,0.92,1.0,1.0,0.8823529411764706,0.9583333333333334,0.96,0.95
low_cost_model,random_forest,none,2,4,40,25,1.0,1.0,0.011400119714965278,0.9513594892161481,,0.5627543145631169,0.04445118446368448,0.5,25,0,15,0,1.0,1.0,1.0,1.0,1.0,1.0,1.0,0.7970833333333334,22,0,15,3,0.88,1.0,1.0,0.8333333333333334,0.9361702127659575,0.94,0.925
low_cost_model,random_forest,none,3,0,40,26,1.0,1.0,0.011719748797188628,0.9484846206716984,,0.6213593048238492,0.05240535714285713,0.5,26,0,14,0,1.0,1.0,1.0,1.0,1.0,1.0,1.0,0.7933888888888889,23,0,14,3,0.8846153846153846,1.0,1.0,0.8235294117647058,0.9387755102040816,0.9423076923076923,0.925
low_cost_model,random_forest,none,3,1,40,26,0.9903846153846154,0.9948717948717949,0.03701606917981318,0.8372920036052168,4.615644764571313,-0.15449133618155067,0.08424439774031844,0.5,25,0,14,1,0.9615384615384616,1.0,1.0,0.9333333333333333,0.9803921568627451,0.9807692307692308,0.975,0.6251029970626804,24,0,14,2,0.9230769230769231,1.0,1.0,0.875,0.9600000000000001,0.9615384615384616,0.95
low_cost_model,random_forest,none,3,2,40,26,1.0,1.0,0.03545507075909689,0.8441535351248488,,0.16979318760929904,0.14166564987051586,0.5,26,0,14,0,1.0,1.0,1.0,1.0,1.0,1.0,1.0,0.6333700126308321,24,0,14,2,0.9230769230769231,1.0,1.0,0.875,0.9600000000000001,0.9615384615384616,0.95
low_cost_model,random_forest,none,3,3,40,25,0.9933333333333334,0.9957142857142858,0.027482763611328516,0.882740208591665,0.7588462470221408,1.0224565644271957,0.03504750180375181,0.5,24,0,15,1,0.96,1.0,1.0,0.9375,0.9795918367346939,0.98,0.975,0.7265753968253968,24,0,15,1,0.96,1.0,1.0,0.9375,0.9795918367346939,0.98,0.975
low_cost_model,random_forest,none,3,4,40,25,0.9933333333333334,0.9957142857142857,0.05732737437620243,0.7554032026615363,15.150788768549813,0.367207672375384,0.12157085166836214,0.5,23,0,15,2,0.92,1.0,1.0,0.8823529411764706,0.9583333333333334,0.96,0.95,0.6347735948385623,23,0,15,2,0.92,1.0,1.0,0.8823529411764706,0.9583333333333334,0.96,0.95
low_cost_model,random_forest,none,4,0,40,26,1.0,1.0,0.041608132553984344,0.8171071096528161,,0.16052277736386644,0.09674312662944469,0.5,25,0,14,1,0.9615384615384616,1.0,1.0,0.9333333333333333,0.9803921568627451,0.9807692307692308,0.975,0.6350853963616937,23,0,14,3,0.8846153846153846,1.0,1.0,0.8235294117647058,0.9387755102040816,0.9423076923076923,0.925
low_cost_model,random_forest,none,4,1,40,26,1.0,1.0,0.013668325768395159,0.9399194471718895,,-0.7920535018068989,0.039101662457912315,0.5,26,1,13,0,1.0,0.9285714285714286,0.9629629629629629,1.0,0.9811320754716981,0.9642857142857143,0.975,0.78,26,0,14,0,1.0,1.0,1.0,1.0,1.0,1.0,1.0
low_cost_model,random_forest,none,4,2,40,26,1.0,0.9999999999999999,0.031354526185341,0.862177906877622,,0.08012775810889368,0.13405733400799225,0.5,26,0,14,0,1.0,1.0,1.0,1.0,1.0,1.0,1.0,0.6192470564989057,24,0,14,2,0.9230769230769231,1.0,1.0,0.875,0.9600000000000001,0.9615384615384616,0.95
low_cost_model,random_forest,none,4,3,40,25,0.9693333333333334,0.9849673202614381,0.053225495646258045,0.772904551909299,3.9805737897539895,0.13948835986618824,0.06970128464787581,0.5,23,0,15,2,0.92,1.0,1.0,0.8823529411764706,0.9583333333333334,0.96,0.95,0.6180403831484745,23,0,15,2,0.92,1.0,1.0,0.8823529411764706,0.9583333333333334,0.96,0.95
low_cost_model,random_forest,none,4,4,40,25,0.9733333333333334,0.9877777777777778,0.049475948227846754,0.7889026208945205,3.797839692804735,0.5775574360864812,0.0979597822738959,0.5,23,0,15,2,0.92,1.0,1.0,0.8823529411764706,0.9583333333333334,0.96,0.95,0.5797865919409486,22,0,15,3,0.88,1.0,1.0,0.8333333333333334,0.9361702127659575,0.94,0.925
low_cost_model,random_forest,sigmoid,0,0,40,26,1.0,0.9999999999999999,0.01155240937800283,0.9492201785582294,,-0.18527374424579987,0.08200730007553336,0.5,26,0,14,0,1.0,1.0,1.0,1.0,1.0,1.0,1.0,0.7553324739486987,25,0,14,1,0.9615384615384616,1.0,1.0,0.9333333333333333,0.9803921568627451,0.9807692307692308,0.975
low_cost_model,random_forest,sigmoid,0,1,40,26,0.9821428571428571,0.9918414918414918,0.03363625182302653,0.8521483436350482,2.420125151832239,0.02701810432137512,0.06448067304692542,0.5,25,0,14,1,0.9615384615384616,1.0,1.0,0.9333333333333333,0.9803921568627451,0.9807692307692308,0.975,0.7393880118857067,23,0,14,3,0.8846153846153846,1.0,1.0,0.8235294117647058,0.9387755102040816,0.9423076923076923,0.925
low_cost_model,random_forest,sigmoid,0,2,40,26,0.978021978021978,0.9909502262443437,0.04372858541440667,0.8077864377388718,1.2772050835451778,-0.04084308258174152,0.06865083654111424,0.5,25,2,12,1,0.9615384615384616,0.8571428571428571,0.9259259259259259,0.9230769230769231,0.9433962264150944,0.9093406593406593,0.925,0.8592541658349481,24,0,14,2,0.9230769230769231,1.0,1.0,0.875,0.9600000000000001,0.9615384615384616,0.95
low_cost_model,random_forest,sigmoid,0,3,40,25,1.0,1.0,0.004859335906482726,0.9792668334656737,,-0.3510297870478679,0.059408632001351026,0.5,25,0,15,0,1.0,1.0,1.0,1.0,1.0,1.0,1.0,0.8206782431000854,25,0,15,0,1.0,1.0,1.0,1.0,1.0,1.0,1.0
low_cost_model,random_forest,sigmoid,0,4,40,25,0.9746666666666667,0.9865437788018434,0.056639837610696485,0.7583366928610283,4.174104300807535,0.6279338286609865,0.0450022012079096,0.5,22,0,15,3,0.88,1.0,1.0,0.8333333333333334,0.9361702127659575,0.94,0.925,0.8159627604002876,21,0,15,4,0.84,1.0,1.0,0.7894736842105263,0.9130434782608696,0.9199999999999999,0.9
low_cost_model,random_forest,sigmoid,1,0,40,26,0.9807692307692307,0.9918414918414916,0.027480125455533532,0.8792082397558966,2.7250789146131655,0.015546665948965473,0.04624436828730545,0.5,25,0,14,1,0.9615384615384616,1.0,1.0,0.9333333333333333,0.9803921568627451,0.9807692307692308,0.975,0.7697614952662944,25,0,14,1,0.9615384615384616,1.0,1.0,0.9333333333333333,0.9803921568627451,0.9807692307692308,0.975
low_cost_model,random_forest,sigmoid,1,1,40,26,0.9890109890109889,0.9948717948717948,0.03343339131122411,0.8530400381924215,4.184025134165816,0.3306370364212637,0.06518518939187726,0.5,25,0,14,1,0.9615384615384616,1.0,1.0,0.9333333333333333,0.9803921568627451,0.9807692307692308,0.975,0.7999659338196821,21,0,14,5,0.8076923076923077,1.0,1.0,0.7368421052631579,0.8936170212765957,0.9038461538461539,0.875
low_cost_model,random_forest,sigmoid,1,2,40,26,1.0,0.9999999999999999,0.008615843024615885,0.9621281625291609,,0.06904067324998882,0.06999376530146248,0.5,26,0,14,0,1.0,1.0,1.0,1.0,1.0,1.0,1.0,0.8280469283131274,25,0,14,1,0.9615384615384616,1.0,1.0,0.9333333333333333,0.9803921568627451,0.9807692307692308,0.975
low_cost_model,random_forest,sigmoid,1,3,40,25,0.9946666666666667,0.997037037037037,0.030811531478429723,0.8685374656920332,1.5389512053181036,-0.1825947045919626,0.052082286067977074,0.5,24,0,15,1,0.96,1.0,1.0,0.9375,0.9795918367346939,0.98,0.975,0.8363543902867889,24,0,15,1,0.96,1.0,1.0,0.9375,0.9795918367346939,0.98,0.975
low_cost_model,random_forest,sigmoid,1,4,40,25,0.9946666666666667,0.9970370370370372,0.02589573169418586,0.8895115447714737,9.774796945935528,-0.097110411687575,0.045778469595179214,0.5,24,0,15,1,0.96,1.0,1.0,0.9375,0.9795918367346939,0.98,0.975,0.7214134892188891,24,0,15,1,0.96,1.0,1.0,0.9375,0.9795918367346939,0.98,0.975
low_cost_model,random_forest,sigmoid,2,0,40,26,1.0,1.0,0.008471061090227753,0.9627645666363616,,0.07980409649140234,0.06598870850615651,0.5,26,0,14,0,1.0,1.0,1.0,1.0,1.0,1.0,1.0,0.7904068001451761,25,0,14,1,0.9615384615384616,1.0,1.0,0.9333333333333333,0.9803921568627451,0.9807692307692308,0.975
low_cost_model,random_forest,sigmoid,2,1,40,26,1.0,0.9999999999999998,0.008162157396265083,0.9641223850713623,,-0.1779390916967153,0.06981188638670907,0.5,26,0,14,0,1.0,1.0,1.0,1.0,1.0,1.0,1.0,0.8614368784971276,25,0,14,1,0.9615384615384616,1.0,1.0,0.9333333333333333,0.9803921568627451,0.9807692307692308,0.975
low_cost_model,random_forest,sigmoid,2,2,40,26,0.9395604395604397,0.9757085020242916,0.058953465438666065,0.7408638881816877,1.0944981729163752,0.46810219964566224,0.06296917084115798,0.5,24,1,13,2,0.9230769230769231,0.9285714285714286,0.96,0.8666666666666667,0.9411764705882353,0.9258241758241759,0.925,0.8770453804614555,21,0,14,5,0.8076923076923077,1.0,1.0,0.7368421052631579,0.8936170212765957,0.9038461538461539,0.875
low_cost_model,random_forest,sigmoid,2,3,40,25,0.984,0.9912698412698413,0.060965878588362964,0.7398789180229847,1.0322399447710595,0.1932327660908923,0.06972447199713792,0.5,23,2,13,2,0.92,0.8666666666666667,0.92,0.8666666666666667,0.92,0.8933333333333333,0.9,0.8620536080164176,23,0,15,2,0.92,1.0,1.0,0.8823529411764706,0.9583333333333334,0.96,0.95
low_cost_model,random_forest,sigmoid,2,4,40,25,1.0,1.0,0.01212143044664511,0.9482818967609808,,-0.08652222055533283,0.08428930509954814,0.5,25,0,15,0,1.0,1.0,1.0,1.0,1.0,1.0,1.0,0.8511612126870077,22,0,15,3,0.88,1.0,1.0,0.8333333333333334,0.9361702127659575,0.94,0.925
low_cost_model,random_forest,sigmoid,3,0,40,26,1.0,1.0,0.013418818686050753,0.941016181599777,,0.04196511669506614,0.09313784788982907,0.5,26,0,14,0,1.0,1.0,1.0,1.0,1.0,1.0,1.0,0.8480607982646015,23,0,14,3,0.8846153846153846,1.0,1.0,0.8235294117647058,0.9387755102040816,0.9423076923076923,0.925
low_cost_model,random_forest,sigmoid,3,1,40,26,0.9821428571428572,0.9918414918414917,0.027250306272369275,0.8802184339676076,2.3302875507588205,-0.09913742272932745,0.042831662747020535,0.5,25,0,14,1,0.9615384615384616,1.0,1.0,0.9333333333333333,0.9803921568627451,0.9807692307692308,0.975,0.778759044570766,24,0,14,2,0.9230769230769231,1.0,1.0,0.875,0.9600000000000001,0.9615384615384616,0.95
low_cost_model,random_forest,sigmoid,3,2,40,26,1.0,1.0,0.014899811027590571,0.934506325153448,,-0.003691950700745807,0.09060905875067891,0.5,26,0,14,0,1.0,1.0,1.0,1.0,1.0,1.0,1.0,0.7629262395232146,24,0,14,2,0.9230769230769231,1.0,1.0,0.875,0.9600000000000001,0.9615384615384616,0.95
low_cost_model,random_forest,sigmoid,3,3,40,25,0.988,0.9933333333333336,0.02841883238679279,0.8787463151496842,1.313923075323024,0.052388892658840634,0.030323743416940087,0.5,24,0,15,1,0.96,1.0,1.0,0.9375,0.9795918367346939,0.98,0.975,0.8254626885588868,24,0,15,1,0.96,1.0,1.0,0.9375,0.9795918367346939,0.98,0.975
low_cost_model,random_forest,sigmoid,3,4,40,25,0.9906666666666667,0.9941142857142858,0.04543755020305061,0.8061331191336507,12.016692593172865,0.45261221102923566,0.030816703115448436,0.5,23,0,15,2,0.92,1.0,1.0,0.8823529411764706,0.9583333333333334,0.96,0.95,0.7882631708872292,23,0,15,2,0.92,1.0,1.0,0.8823529411764706,0.9583333333333334,0.96,0.95
low_cost_model,random_forest,sigmoid,4,0,40,26,1.0,0.9999999999999999,0.027415219003359026,0.8794935428423779,,0.17051477329188808,0.048291356746546193,0.5,25,0,14,1,0.9615384615384616,1.0,1.0,0.9333333333333333,0.9803921568627451,0.9807692307692308,0.975,0.7872542581392662,23,0,14,3,0.8846153846153846,1.0,1.0,0.8235294117647058,0.9387755102040816,0.9423076923076923,0.925
low_cost_model,random_forest,sigmoid,4,1,40,26,1.0,0.9999999999999999,0.01835944930280428,0.9192991239437174,,-0.46583421395241303,0.08100062022865176,0.5,26,1,13,0,1.0,0.9285714285714286,0.9629629629629629,1.0,0.9811320754716981,0.9642857142857143,0.975,0.8207173052196532,26,0,14,0,1.0,1.0,1.0,1.0,1.0,1.0,1.0
low_cost_model,random_forest,sigmoid,4,2,40,26,1.0,1.0,0.01655803412011843,0.9272174324390399,,-0.06688740702087362,0.09373349295176586,0.5,26,0,14,0,1.0,1.0,1.0,1.0,1.0,1.0,1.0,0.7548666276185059,23,0,14,3,0.8846153846153846,1.0,1.0,0.8235294117647058,0.9387755102040816,0.9423076923076923,0.925
low_cost_model,random_forest,sigmoid,4,3,40,25,0.9773333333333334,0.9876190476190477,0.044540986527272466,0.8099584574836375,3.806511430867461,0.26729025569017467,0.022690897758464074,0.5,23,0,15,2,0.92,1.0,1.0,0.8823529411764706,0.9583333333333334,0.96,0.95,0.7996042408270793,23,0,15,2,0.92,1.0,1.0,0.8823529411764706,0.9583333333333334,0.96,0.95
low_cost_model,random_forest,sigmoid,4,4,40,25,0.9746666666666666,0.9885714285714287,0.035201422450312714,0.8498072642119991,3.09937935623407,0.19235671244376126,0.06511755539465187,0.5,23,0,15,2,0.92,1.0,1.0,0.8823529411764706,0.9583333333333334,0.96,0.95,0.774757651535062,22,0,15,3,0.88,1.0,1.0,0.8333333333333334,0.9361702127659575,0.94,0.925
low_cost_model,svm,isotonic,0,0,40,26,1.0,1.0,0.004009912795375835,0.9823740096906557,,-1.2108050507172785,0.027100931284866268,0.5,26,0,14,0,1.0,1.0,1.0,1.0,1.0,1.0,1.0,0.8631516373436051,26,0,14,0,1.0,1.0,1.0,1.0,1.0,1.0,1.0
low_cost_model,svm,isotonic,0,1,40,26,0.9821428571428571,0.9893162393162394,0.029384183031233458,0.8708387559066662,2.3671775079474147,-0.11793364790761021,0.030041212663207653,0.5,25,0,14,1,0.9615384615384616,1.0,1.0,0.9333333333333333,0.9803921568627451,0.9807692307692308,0.975,0.9363913356213178,25,0,14,1,0.9615384615384616,1.0,1.0,0.9333333333333333,0.9803921568627451,0.9807692307692308,0.975
low_cost_model,svm,isotonic,0,2,40,26,1.0,1.0,0.0334059022568517,0.8531608692006519,,1.3637271415403793,0.03697208349894758,0.5,24,0,14,2,0.9230769230769231,1.0,1.0,0.875,0.9600000000000001,0.9615384615384616,0.95,1.0,21,0,14,5,0.8076923076923077,1.0,1.0,0.7368421052631579,0.8936170212765957,0.9038461538461539,0.875
low_cost_model,svm,isotonic,0,3,40,25,1.0,1.0,0.004912505088654357,0.979039978288408,,-5.397260011024769,0.023774970222261542,0.5,25,0,15,0,1.0,1.0,1.0,1.0,1.0,1.0,1.0,0.9154560993158084,25,0,15,0,1.0,1.0,1.0,1.0,1.0,1.0,1.0
low_cost_model,svm,isotonic,0,4,40,25,0.9933333333333334,0.9944827586206897,0.03487935443058026,0.8511814210961909,,0.49303085855846673,0.01904582059474803,0.5,23,0,15,2,0.92,1.0,1.0,0.8823529411764706,0.9583333333333334,0.96,0.95,0.9973728144388714,21,0,15,4,0.84,1.0,1.0,0.7894736842105263,0.9130434782608696,0.9199999999999999,0.9
low_cost_model,svm,isotonic,1,0,40,26,0.9890109890109889,0.9923172361137622,0.03791785829496437,0.83332809540675,-4.682977679508692,1.367480711214244,0.027808642748161,0.5,24,0,14,2,0.9230769230769231,1.0,1.0,0.875,0.9600000000000001,0.9615384615384616,0.95,0.987319642631423,24,0,14,2,0.9230769230769231,1.0,1.0,0.875,0.9600000000000001,0.9615384615384616,0.95
low_cost_model,svm,isotonic,1,1,40,26,0.971153846153846,0.9878542510121457,0.02902120431769046,0.8724342667354266,1.1743385632922458,0.7762918699063872,0.024907013430971885,0.5,25,0,14,1,0.9615384615384616,1.0,1.0,0.9333333333333333,0.9803921568627451,0.9807692307692308,0.975,0.9708990262498434,21,0,14,5,0.8076923076923077,1.0,1.0,0.7368421052631579,0.8936170212765957,0.9038461538461539,0.875
low_cost_model,svm,isotonic,1,2,40,26,1.0,1.0,0.0029993338370472326,0.9868161150019902,,-2.671787327450999,0.013800810348391604,0.5,26,0,14,0,1.0,1.0,1.0,1.0,1.0,1.0,1.0,1.0,25,0,14,1,0.9615384615384616,1.0,1.0,0.9333333333333333,0.9803921568627451,0.9807692307692308,0.975
low_cost_model,svm,isotonic,1,3,40,25,1.0,1.0,0.014465612364356844,0.9382800539120775,,0.035988564968423606,0.03415020882704621,0.5,24,0,15,1,0.96,1.0,1.0,0.9375,0.9795918367346939,0.98,0.975,1.0,24,0,15,1,0.96,1.0,1.0,0.9375,0.9795918367346939,0.98,0.975
low_cost_model,svm,isotonic,1,4,40,25,1.0,1.0,0.016993408595190947,0.9274947899938519,,-0.02911118399000677,0.04097423307720023,0.5,24,0,15,1,0.96,1.0,1.0,0.9375,0.9795918367346939,0.98,0.975,0.895368573473381,24,0,15,1,0.96,1.0,1.0,0.9375,0.9795918367346939,0.98,0.975
low_cost_model,svm,isotonic,2,0,40,26,1.0,1.0,0.0005464833044900073,0.9975978755846593,,-1.0655234447405098,0.008977482023884932,0.5,26,0,14,0,1.0,1.0,1.0,1.0,1.0,1.0,1.0,0.9394985025853714,26,0,14,0,1.0,1.0,1.0,1.0,1.0,1.0,1.0
low_cost_model,svm,isotonic,2,1,40,26,1.0,1.0,0.01970285182572738,0.9133940579088906,,-1.784322471948295,0.06522526452973694,0.5,26,0,14,0,1.0,1.0,1.0,1.0,1.0,1.0,1.0,1.0,23,0,14,3,0.8846153846153846,1.0,1.0,0.8235294117647058,0.9387755102040816,0.9423076923076923,0.925
low_cost_model,svm,isotonic,2,2,40,26,0.9560439560439561,0.9730769230769231,0.057225630014377096,0.7484587691675733,0.7029562825078302,6.554157242041641,0.05939919072681331,0.5,24,1,13,2,0.9230769230769231,0.9285714285714286,0.96,0.8666666666666667,0.9411764705882353,0.9258241758241759,0.925,1.0,24,0,14,2,0.9230769230769231,1.0,1.0,0.875,0.9600000000000001,0.9615384615384616,0.95
low_cost_model,svm,isotonic,2,3,40,25,0.984,0.9894117647058823,0.0404674204908048,0.8273390059058996,6.72051884942636,0.5895981573265897,0.021668924405039525,0.5,23,0,15,2,0.92,1.0,1.0,0.8823529411764706,0.9583333333333334,0.96,0.95,1.0,21,0,15,4,0.84,1.0,1.0,0.7894736842105263,0.9130434782608696,0.9199999999999999,0.9
low_cost_model,svm,isotonic,2,4,40,25,1.0,1.0,0.0013988658372092186,0.9940315057612407,,-0.8376783307694997,0.016053813637495827,0.5,25,0,15,0,1.0,1.0,1.0,1.0,1.0,1.0,1.0,0.9676104796015622,23,0,15,2,0.92,1.0,1.0,0.8823529411764706,0.9583333333333334,0.96,0.95
low_cost_model,svm,isotonic,3,0,40,26,1.0,1.0,0.005099343229826741,0.977585304484278,,-0.22066568568429554,0.037311146766817196,0.5,26,0,14,0,1.0,1.0,1.0,1.0,1.0,1.0,1.0,0.9916645563450984,23,0,14,3,0.8846153846153846,1.0,1.0,0.8235294117647058,0.9387755102040816,0.9423076923076923,0.925
low_cost_model,svm,isotonic,3,1,40,26,0.9931318681318682,0.9948717948717949,0.024080371943335666,0.894152211238085,2.239338469158651,1.0720083146944654,0.02576708753040836,0.5,25,0,14,1,0.9615384615384616,1.0,1.0,0.9333333333333333,0.9803921568627451,0.9807692307692308,0.975,0.9731386027730604,25,0,14,1,0.9615384615384616,1.0,1.0,0.9333333333333333,0.9803921568627451,0.9807692307692308,0.975
low_cost_model,svm,isotonic,3,2,40,26,1.0,1.0,0.006862699761592423,0.9698342867622312,,-1.9254788695132095,0.02645420242943627,0.5,26,0,14,0,1.0,1.0,1.0,1.0,1.0,1.0,1.0,0.9240756974744356,26,0,14,0,1.0,1.0,1.0,1.0,1.0,1.0,1.0
low_cost_model,svm,isotonic,3,3,40,25,0.9986666666666666,0.9984615384615385,0.020723090556840847,0.9115814802908124,,0.22190172736727198,0.004367409186874333,0.5,24,0,15,1,0.96,1.0,1.0,0.9375,0.9795918367346939,0.98,0.975,0.973878864876982,24,0,15,1,0.96,1.0,1.0,0.9375,0.9795918367346939,0.98,0.975
low_cost_model,svm,isotonic,3,4,40,25,0.9853333333333333,0.99125,0.038848208508401816,0.8342476436974856,1.0187162267951968,0.7714705953396539,0.023592446930339673,0.5,23,0,15,2,0.92,1.0,1.0,0.8823529411764706,0.9583333333333334,0.96,0.95,0.9839710266069664,23,0,15,2,0.92,1.0,1.0,0.8823529411764706,0.9583333333333334,0.96,0.95
low_cost_model,svm,isotonic,4,0,40,26,1.0,1.0,0.010646694179197043,0.9532013442672658,,1.3978220132812753,0.02280782180497274,0.5,25,0,14,1,0.9615384615384616,1.0,1.0,0.9333333333333333,0.9803921568627451,0.9807692307692308,0.975,0.9428152222934428,24,0,14,2,0.9230769230769231,1.0,1.0,0.875,0.9600000000000001,0.9615384615384616,0.95
low_cost_model,svm,isotonic,4,1,40,26,1.0,1.0,0.00515465145286916,0.9773421914159597,,-3.728483394448522,0.02720146113637841,0.5,26,0,14,0,1.0,1.0,1.0,1.0,1.0,1.0,1.0,0.939549752130652,26,0,14,0,1.0,1.0,1.0,1.0,1.0,1.0,1.0
low_cost_model,svm,isotonic,4,2,40,26,1.0,1.0,0.002255605801646731,0.9900852492235308,,-1.2364318207468952,0.02040940999411342,0.5,26,0,14,0,1.0,1.0,1.0,1.0,1.0,1.0,1.0,0.9873433059934082,25,0,14,1,0.9615384615384616,1.0,1.0,0.9333333333333333,0.9803921568627451,0.9807692307692308,0.975
low_cost_model,svm,isotonic,4,3,40,25,0.972,0.9845887445887446,0.04988584627769342,0.7871537225485081,0.5565372702439976,0.8058861926662112,0.046576588214609776,0.5,23,0,15,2,0.92,1.0,1.0,0.8823529411764706,0.9583333333333334,0.96,0.95,0.99477227195049,22,0,15,3,0.88,1.0,1.0,0.8333333333333334,0.9361702127659575,0.94,0.925
low_cost_model,svm,isotonic,4,4,40,25,0.9933333333333333,0.9957142857142858,0.024768589331474914,0.8943206855190404,1.4957593682019485,0.04940092958089342,0.03032717073156888,0.5,24,0,15,1,0.96,1.0,1.0,0.9375,0.9795918367346939,0.98,0.975,0.9961963412154844,22,0,15,3,0.88,1.0,1.0,0.8333333333333334,0.9361702127659575,0.94,0.925
low_cost_model,svm,none,0,0,40,26,1.0,0.9999999999999999,0.009614223991681846,0.9577396747618381,,-0.260968511639469,0.05273034352411341,0.5,26,0,14,0,1.0,1.0,1.0,1.0,1.0,1.0,1.0,0.8280896884247126,24,0,14,2,0.9230769230769231,1.0,1.0,0.875,0.9600000000000001,0.9615384615384616,0.95
low_cost_model,svm,none,0,1,40,26,0.9766483516483516,0.9901098901098899,0.025375809726797698,0.8884579792228673,1.778431986443836,-0.44678152021500556,0.0293443447188029,0.5,25,0,14,1,0.9615384615384616,1.0,1.0,0.9333333333333333,0.9803921568627451,0.9807692307692308,0.975,0.9142446443934024,24,0,14,2,0.9230769230769231,1.0,1.0,0.875,0.9600000000000001,0.9615384615384616,0.95
low_cost_model,svm,none,0,2,40,26,1.0,0.9999999999999998,0.04146830831359203,0.8177217216984967,,0.6099545434089129,0.030760727936866922,0.5,24,0,14,2,0.9230769230769231,1.0,1.0,0.875,0.9600000000000001,0.9615384615384616,0.95,0.9362291787771644,21,0,14,5,0.8076923076923077,1.0,1.0,0.7368421052631579,0.8936170212765957,0.9038461538461539,0.875
low_cost_model,svm,none,0,3,40,25,1.0,1.0000000000000002,0.0059998131163309315,0.9744007973703214,,-1.3775166801327763,0.04251930799292911,0.5,25,0,15,0,1.0,1.0,1.0,1.0,1.0,1.0,1.0,0.684805341073268,25,0,15,0,1.0,1.0,1.0,1.0,1.0,1.0,1.0
low_cost_model,svm,none,0,4,40,25,0.9906666666666667,0.9944827586206897,0.046383012533528355,0.8020991465236124,,0.9850077226220738,0.03941539864511976,0.5,23,0,15,2,0.92,1.0,1.0,0.8823529411764706,0.9583333333333334,0.96,0.95,0.9758144514118876,21,0,15,4,0.84,1.0,1.0,0.7894736842105263,0.9130434782608696,0.9199999999999999,0.9
low_cost_model,svm,none,1,0,40,26,0.9862637362637362,0.9937965260545903,0.03858152424880272,0.8304108824228452,5.903063997418008,0.45340927507841855,0.016963230384731656,0.5,24,0,14,2,0.9230769230769231,1.0,1.0,0.875,0.9600000000000001,0.9615384615384616,0.95,0.9010821059690268,24,0,14,2,0.9230769230769231,1.0,1.0,0.875,0.9600000000000001,0.9615384615384616,0.95
low_cost_model,svm,none,1,1,40,26,0.978021978021978,0.9909502262443437,0.028140363877634418,0.876306092845563,1.5219926391600607,0.11161270167359334,0.02393493640680931,0.5,25,0,14,1,0.9615384615384616,1.0,1.0,0.9333333333333333,0.9803921568627451,0.9807692307692308,0.975,0.9685450490498498,21,0,14,5,0.8076923076923077,1.0,1.0,0.7368421052631579,0.8936170212765957,0.9038461538461539,0.875
low_cost_model,svm,none,1,2,40,26,1.0,0.9999999999999999,0.0022010551985877386,0.9903250320941198,,-1.0428786777227874,0.026058380589765357,0.5,26,0,14,0,1.0,1.0,1.0,1.0,1.0,1.0,1.0,0.928055078896858,26,0,14,0,1.0,1.0,1.0,1.0,1.0,1.0,1.0
low_cost_model,svm,none,1,3,40,25,1.0,1.0000000000000002,0.02072137375949584,0.9115888052928177,,-0.16244612472366352,0.012584416254336157,0.5,24,0,15,1,0.96,1.0,1.0,0.9375,0.9795918367346939,0.98,0.975,0.9751348876542562,21,0,15,4,0.84,1.0,1.0,0.7894736842105263,0.9130434782608696,0.9199999999999999,0.9
low_cost_model,svm,none,1,4,40,25,0.9973333333333333,0.9984615384615387,0.024295243418172536,0.8963402947491306,10.204340041233785,-0.12546792753479205,0.029185126392883814,0.5,24,0,15,1,0.96,1.0,1.0,0.9375,0.9795918367346939,0.98,0.975,0.7639624495307521,23,0,15,2,0.92,1.0,1.0,0.8823529411764706,0.9583333333333334,0.96,0.95
low_cost_model,svm,none,2,0,40,26,0.9999999999999999,0.9999999999999999,0.005125860028366696,0.9774687471280585,,-0.6561933215635403,0.04066861253495492,0.5,26,0,14,0,1.0,1.0,1.0,1.0,1.0,1.0,1.0,0.7370056548606634,26,0,14,0,1.0,1.0,1.0,1.0,1.0,1.0,1.0
low_cost_model,svm,none,2,1,40,26,1.0,0.9999999999999999,0.013901821553677729,0.9388930920717462,,-0.8945231399998046,0.06296558015971343,0.5,26,0,14,0,1.0,1.0,1.0,1.0,1.0,1.0,1.0,0.9737051117385168,23,0,14,3,0.8846153846153846,1.0,1.0,0.8235294117647058,0.9387755102040816,0.9423076923076923,0.925
low_cost_model,svm,none,2,2,40,26,0.978021978021978,0.987593052109181,0.045095147704642256,0.801779570529045,1.6123952057972715,0.8365155888521113,0.030737446463523194,0.5,24,0,14,2,0.9230769230769231,1.0,1.0,0.875,0.9600000000000001,0.9615384615384616,0.95,0.9520905838696142,23,0,14,3,0.8846153846153846,1.0,1.0,0.8235294117647058,0.9387755102040816,0.9423076923076923,0.925
low_cost_model,svm,none,2,3,40,25,0.9893333333333334,0.9944827586206898,0.04170500749327657,0.8220586346953533,5.533431160537419,0.424433437017553,0.01744392429788888,0.5,23,0,15,2,0.92,1.0,1.0,0.8823529411764706,0.9583333333333334,0.96,0.95,0.964351715810472,21,0,15,4,0.84,1.0,1.0,0.7894736842105263,0.9130434782608696,0.9199999999999999,0.9
low_cost_model,svm,none,2,4,40,25,1.0,1.0000000000000002,0.003993314197095378,0.9829618594257263,,-0.4341362816032293,0.03534076073212087,0.5,25,0,15,0,1.0,1.0,1.0,1.0,1.0,1.0,1.0,0.955369313179396,23,0,15,2,0.92,1.0,1.0,0.8823529411764706,0.9583333333333334,0.96,0.95
low_cost_model,svm,none,3,0,40,26,1.0,0.9999999999999999,0.011208037007712614,0.9507339032628017,,-0.22413629962423076,0.0613415570113542,0.5,26,0,14,0,1.0,1.0,1.0,1.0,1.0,1.0,1.0,0.970450912375316,22,0,14,4,0.8461538461538461,1.0,1.0,0.7777777777777778,0.9166666666666666,0.9230769230769231,0.9
low_cost_model,svm,none,3,1,40,26,0.9848901098901098,0.9927884615384613,0.022436202629791728,0.9013793290998166,2.2345015426500208,-0.1528834574823362,0.010281080115579272,0.5,25,0,14,1,0.9615384615384616,1.0,1.0,0.9333333333333333,0.9803921568627451,0.9807692307692308,0.975,0.8496299495264803,25,0,14,1,0.9615384615384616,1.0,1.0,0.9333333333333333,0.9803921568627451,0.9807692307692308,0.975
low_cost_model,svm,none,3,2,40,26,1.0,0.9999999999999999,0.004759136193226649,0.979080720029773,,-0.5079178407161916,0.040446301719970296,0.5,26,0,14,0,1.0,1.0,1.0,1.0,1.0,1.0,1.0,0.9415134034191524,23,0,14,3,0.8846153846153846,1.0,1.0,0.8235294117647058,0.9387755102040816,0.9423076923076923,0.925
low_cost_model,svm,none,3,3,40,25,0.9986666666666667,0.9984615384615386,0.022622339845460616,0.903478016659368,,-0.4756751489934233,0.01946968146498675,0.5,24,0,15,1,0.96,1.0,1.0,0.9375,0.9795918367346939,0.98,0.975,0.8857015927269889,24,0,15,1,0.96,1.0,1.0,0.9375,0.9795918367346939,0.98,0.975
low_cost_model,svm,none,3,4,40,25,0.9853333333333333,0.9922580645161292,0.03963656015075143,0.8308840100234606,8.866718851273195,0.2556966998517822,0.012746409032795752,0.5,23,0,15,2,0.92,1.0,1.0,0.8823529411764706,0.9583333333333334,0.96,0.95,0.9022246632532708,23,0,15,2,0.92,1.0,1.0,0.8823529411764706,0.9583333333333334,0.96,0.95
low_cost_model,svm,none,4,0,40,26,1.0,0.9999999999999999,0.0184298866003957,0.9189895094488101,,0.3001302943958458,0.007477885571447524,0.5,25,0,14,1,0.9615384615384616,1.0,1.0,0.9333333333333333,0.9803921568627451,0.9807692307692308,0.975,0.9424728604544308,25,0,14,1,0.9615384615384616,1.0,1.0,0.9333333333333333,0.9803921568627451,0.9807692307692308,0.975
low_cost_model,svm,none,4,1,40,26,1.0,0.9999999999999999,0.004085127450303957,0.9820433958228397,,-1.6248656643745452,0.035831140509084994,0.5,26,0,14,0,1.0,1.0,1.0,1.0,1.0,1.0,1.0,0.9227214151535484,26,0,14,0,1.0,1.0,1.0,1.0,1.0,1.0,1.0
low_cost_model,svm,none,4,2,40,26,1.0,0.9999999999999998,0.007697161406782877,0.9661663234866686,,-0.7078918794647285,0.049434323396073475,0.5,26,0,14,0,1.0,1.0,1.0,1.0,1.0,1.0,1.0,0.879165943935085,25,0,14,1,0.9615384615384616,1.0,1.0,0.9333333333333333,0.9803921568627451,0.9807692307692308,0.975
low_cost_model,svm,none,4,3,40,25,0.9693333333333333,0.9845887445887448,0.04788138383380221,0.7957060956424439,1.2121571119382089,0.7379331452459047,0.03084794954312839,0.5,23,0,15,2,0.92,1.0,1.0,0.8823529411764706,0.9583333333333334,0.96,0.95,0.9547324563035522,22,0,15,3,0.88,1.0,1.0,0.8333333333333334,0.9361702127659575,0.94,0.925
low_cost_model,svm,none,4,4,40,25,0.996,0.9970370370370372,0.024975113307876853,0.8934395165530588,3.249770991062736,-0.11157861573998515,0.02272995201170912,0.5,24,0,15,1,0.96,1.0,1.0,0.9375,0.9795918367346939,0.98,0.975,0.9737596711744838,21,0,15,4,0.84,1.0,1.0,0.7894736842105263,0.9130434782608696,0.9199999999999999,0.9
low_cost_model,svm,sigmoid,0,0,40,26,1.0,0.9999999999999999,0.02384871151173671,0.8951704988495089,,-0.20740548120061372,0.11006760671621182,0.5,26,0,14,0,1.0,1.0,1.0,1.0,1.0,1.0,1.0,0.6201156687675413,25,0,14,1,0.9615384615384616,1.0,1.0,0.9333333333333333,0.9803921568627451,0.9807692307692308,0.975
low_cost_model,svm,sigmoid,0,1,40,26,0.9766483516483516,0.9901098901098899,0.03730338817479682,0.836029062967926,3.531979401537634,-0.059418183619479974,0.08764575252160167,0.5,25,0,14,1,0.9615384615384616,1.0,1.0,0.9333333333333333,0.9803921568627451,0.9807692307692308,0.975,0.7063933331018795,23,0,14,3,0.8846153846153846,1.0,1.0,0.8235294117647058,0.9387755102040816,0.9423076923076923,0.925
low_cost_model,svm,sigmoid,0,2,40,26,1.0,0.9999999999999998,0.05197435606208933,0.7715412920347722,,0.4248231460933728,0.1184398183919389,0.5,24,0,14,2,0.9230769230769231,1.0,1.0,0.875,0.9600000000000001,0.9615384615384616,0.95,0.7512135266291959,21,0,14,5,0.8076923076923077,1.0,1.0,0.7368421052631579,0.8936170212765957,0.9038461538461539,0.875
low_cost_model,svm,sigmoid,0,3,40,25,1.0,1.0000000000000002,0.01699469668853037,0.9274892941289371,,-0.39408683037417713,0.0984601813181814,0.5,25,0,15,0,1.0,1.0,1.0,1.0,1.0,1.0,1.0,0.5408152495656745,25,0,15,0,1.0,1.0,1.0,1.0,1.0,1.0,1.0
low_cost_model,svm,sigmoid,0,4,40,25,0.996,0.9970370370370372,0.04747734878185076,0.7974299785307701,,0.5559783804631175,0.03706147250999382,0.5,22,0,15,3,0.88,1.0,1.0,0.8333333333333334,0.9361702127659575,0.94,0.925,0.8879442810334395,21,0,15,4,0.84,1.0,1.0,0.7894736842105263,0.9130434782608696,0.9199999999999999,0.9
low_cost_model,svm,sigmoid,1,0,40,26,0.9862637362637363,0.9937965260545903,0.04091928781899105,0.8201349985978416,7.6294906464343075,0.09763144195994519,0.0345113821740594,0.5,24,0,14,2,0.9230769230769231,1.0,1.0,0.875,0.9600000000000001,0.9615384615384616,0.95,0.6729581646793834,24,0,14,2,0.9230769230769231,1.0,1.0,0.875,0.9600000000000001,0.9615384615384616,0.95
low_cost_model,svm,sigmoid,1,1,40,26,0.967032967032967,0.9878542510121456,0.03594202793782818,0.8420130640095465,2.2365548341783823,0.18898805802829013,0.06651840090840423,0.5,25,0,14,1,0.9615384615384616,1.0,1.0,0.9333333333333333,0.9803921568627451,0.9807692307692308,0.975,0.8807350819202294,21,0,14,5,0.8076923076923077,1.0,1.0,0.7368421052631579,0.8936170212765957,0.9038461538461539,0.875
low_cost_model,svm,sigmoid,1,2,40,26,1.0,0.9999999999999999,0.008552483212735018,0.9624066671967691,,-0.17480914632606243,0.07286298146180435,0.5,26,0,14,0,1.0,1.0,1.0,1.0,1.0,1.0,1.0,0.8034229425638301,26,0,14,0,1.0,1.0,1.0,1.0,1.0,1.0,1.0
low_cost_model,svm,sigmoid,1,3,40,25,1.0,1.0000000000000002,0.024557513185353978,0.895221277075823,,-0.02481870865593392,0.05163278072251154,0.5,24,0,15,1,0.96,1.0,1.0,0.9375,0.9795918367346939,0.98,0.975,0.8558923991998152,23,0,15,2,0.92,1.0,1.0,0.8823529411764706,0.9583333333333334,0.96,0.95
low_cost_model,svm,sigmoid,1,4,40,25,0.9973333333333334,0.9984615384615387,0.03506976962620137,0.8503689829282075,,-0.05627762952226023,0.08345400530206268,0.5,24,0,15,1,0.96,1.0,1.0,0.9375,0.9795918367346939,0.98,0.975,0.5906246451761601,23,0,15,2,0.92,1.0,1.0,0.8823529411764706,0.9583333333333334,0.96,0.95
low_cost_model,svm,sigmoid,2,0,40,26,0.9999999999999999,0.9999999999999999,0.016607615416873212,0.9269994926730848,,-0.16004084909634045,0.0917644157535785,0.5,26,0,14,0,1.0,1.0,1.0,1.0,1.0,1.0,1.0,0.5807118971753362,26,0,14,0,1.0,1.0,1.0,1.0,1.0,1.0,1.0
low_cost_model,svm,sigmoid,2,1,40,26,1.0,0.9999999999999999,0.020872544599451752,0.9082525512112011,,-0.4651769342519449,0.09796573821064965,0.5,26,0,14,0,1.0,1.0,1.0,1.0,1.0,1.0,1.0,0.8373258836961641,25,0,14,1,0.9615384615384616,1.0,1.0,0.9333333333333333,0.9803921568627451,0.9807692307692308,0.975
low_cost_model,svm,sigmoid,2,2,40,26,0.9725274725274725,0.985576923076923,0.04698480590234479,0.7934733806490339,2.087709774949623,0.4947981892230736,0.033111177661322606,0.5,24,0,14,2,0.9230769230769231,1.0,1.0,0.875,0.9600000000000001,0.9615384615384616,0.95,0.8309901675135165,23,0,14,3,0.8846153846153846,1.0,1.0,0.8235294117647058,0.9387755102040816,0.9423076923076923,0.925
low_cost_model,svm,sigmoid,2,3,40,25,0.9920000000000001,0.9957142857142859,0.04281102311373508,0.8173396347147304,8.769541762832201,0.2638232394075489,0.06935906412027229,0.5,23,0,15,2,0.92,1.0,1.0,0.8823529411764706,0.9583333333333334,0.96,0.95,0.8256544485462625,21,0,15,4,0.84,1.0,1.0,0.7894736842105263,0.9130434782608696,0.9199999999999999,0.9
low_cost_model,svm,sigmoid,2,4,40,25,1.0,1.0000000000000002,0.013509578427903545,0.9423591320409449,,0.006655655473950998,0.0831072841315063,0.5,25,0,15,0,1.0,1.0,1.0,1.0,1.0,1.0,1.0,0.8665052175592813,21,0,15,4,0.84,1.0,1.0,0.7894736842105263,0.9130434782608696,0.9199999999999999,0.9
low_cost_model,svm,sigmoid,3,0,40,26,1.0,0.9999999999999999,0.025263274860468764,0.8889526379759615,,0.013448008663871589,0.11125311282367203,0.5,26,0,14,0,1.0,1.0,1.0,1.0,1.0,1.0,1.0,0.885031027732158,21,0,14,5,0.8076923076923077,1.0,1.0,0.7368421052631579,0.8936170212765957,0.9038461538461539,0.875
low_cost_model,svm,sigmoid,3,1,40,26,0.9848901098901098,0.9927884615384613,0.028355437961071473,0.8753607122590266,3.811864879147718,-0.2068608847160714,0.05217320856857528,0.5,25,0,14,1,0.9615384615384616,1.0,1.0,0.9333333333333333,0.9803921568627451,0.9807692307692308,0.975,0.6877192075778236,24,0,14,2,0.9230769230769231,1.0,1.0,0.875,0.9600000000000001,0.9615384615384616,0.95
low_cost_model,svm,sigmoid,3,2,40,26,1.0,0.9999999999999999,0.014608331550121412,0.93578755362584,,-0.05424834963955882,0.08600106953968274,0.5,26,0,14,0,1.0,1.0,1.0,1.0,1.0,1.0,1.0,0.8321175558292978,23,0,14,3,0.8846153846153846,1.0,1.0,0.8235294117647058,0.9387755102040816,0.9423076923076923,0.925
low_cost_model,svm,sigmoid,3,3,40,25,0.9986666666666667,0.9984615384615386,0.028159107613641564,0.879854474181796,,-0.2690629027300998,0.06404763109671498,0.5,24,0,15,1,0.96,1.0,1.0,0.9375,0.9795918367346939,0.98,0.975,0.6592207076462835,24,0,15,1,0.96,1.0,1.0,0.9375,0.9795918367346939,0.98,0.975
low_cost_model,svm,sigmoid,3,4,40,25,0.9826666666666667,0.99125,0.04715657988931459,0.7987985924722577,11.982282466041138,0.22445702803991974,0.06610961885306679,0.5,23,0,15,2,0.92,1.0,1.0,0.8823529411764706,0.9583333333333334,0.96,0.95,0.7179299384153041,23,0,15,2,0.92,1.0,1.0,0.8823529411764706,0.9583333333333334,0.96,0.95
low_cost_model,svm,sigmoid,4,0,40,26,1.0,0.9999999999999999,0.02023405130947215,0.9110591151231994,,0.250901025325301,0.08015331179618504,0.5,25,0,14,1,0.9615384615384616,1.0,1.0,0.9333333333333333,0.9803921568627451,0.9807692307692308,0.975,0.8311395205385063,23,0,14,3,0.8846153846153846,1.0,1.0,0.8235294117647058,0.9387755102040816,0.9423076923076923,0.925
low_cost_model,svm,sigmoid,4,1,40,26,1.0,0.9999999999999999,0.010101207810501337,0.9555990865472469,,-0.5064297826231465,0.0755889056261781,0.5,26,0,14,0,1.0,1.0,1.0,1.0,1.0,1.0,1.0,0.8045153610620592,26,0,14,0,1.0,1.0,1.0,1.0,1.0,1.0,1.0
low_cost_model,svm,sigmoid,4,2,40,26,1.0,0.9999999999999998,0.020904504142216757,0.9081120697045417,,-0.17535381333611819,0.10342814133132747,0.5,26,0,14,0,1.0,1.0,1.0,1.0,1.0,1.0,1.0,0.6657083787534236,25,0,14,1,0.9615384615384616,1.0,1.0,0.9333333333333333,0.9803921568627451,0.9807692307692308,0.975
low_cost_model,svm,sigmoid,4,3,40,25,0.9693333333333334,0.9845887445887448,0.05065382175067924,0.7838770271971018,1.7878916037128156,0.34358976226955673,0.05784964961377127,0.5,23,0,15,2,0.92,1.0,1.0,0.8823529411764706,0.9583333333333334,0.96,0.95,0.8360552287889954,22,0,15,3,0.88,1.0,1.0,0.8333333333333334,0.9361702127659575,0.94,0.925
low_cost_model,svm,sigmoid,4,4,40,25,0.988,0.9933333333333334,0.03280478141668759,0.860032932622133,3.184258405774958,0.005060311706595662,0.0682744966820473,0.5,24,0,15,1,0.96,1.0,1.0,0.9375,0.9795918367346939,0.98,0.975,0.8749050973938968,22,0,15,3,0.88,1.0,1.0,0.8333333333333334,0.9361702127659575,0.94,0.925
low_cost_model,xgboost,isotonic,0,0,40,26,1.0,1.0,0.031791842098540524,0.8602556391272944,,0.2447140976511633,0.0810502626001835,0.5,24,0,14,2,0.9230769230769231,1.0,1.0,0.875,0.9600000000000001,0.9615384615384616,0.95,0.8848621547222137,22,0,14,4,0.8461538461538461,1.0,1.0,0.7777777777777778,0.9166666666666666,0.9230769230769231,0.9
low_cost_model,xgboost,isotonic,0,1,40,26,0.993131868131868,0.9960212201591512,0.02588369620206467,0.8862255111997157,1.4297099560035276,-0.6042842906691258,0.026954513415694194,0.5,25,0,14,1,0.9615384615384616,1.0,1.0,0.9333333333333333,0.9803921568627451,0.9807692307692308,0.975,0.9999999701976776,23,0,14,3,0.8846153846153846,1.0,1.0,0.8235294117647058,0.9387755102040816,0.9423076923076923,0.925
low_cost_model,xgboost,isotonic,0,2,40,26,0.9862637362637362,0.9931722173101484,0.039847911189775924,0.8248443464185674,0.7456227007405452,0.44726663598431365,0.056660698680207136,0.5,24,0,14,2,0.9230769230769231,1.0,1.0,0.875,0.9600000000000001,0.9615384615384616,0.95,0.8754269927740097,23,0,14,3,0.8846153846153846,1.0,1.0,0.8235294117647058,0.9387755102040816,0.9423076923076923,0.925
low_cost_model,xgboost,isotonic,0,3,40,25,1.0,1.0,0.008231185006501421,0.9648802773055939,,-2.141658825810026,0.03331603960832578,0.5,25,0,15,0,1.0,1.0,1.0,1.0,1.0,1.0,1.0,0.7686555683612823,25,0,15,0,1.0,1.0,1.0,1.0,1.0,1.0,1.0
low_cost_model,xgboost,isotonic,0,4,40,25,0.9573333333333334,0.9712068965517241,0.07322338620908146,0.6875802188412524,-1.931982594100309,-1.7678732432841198,0.0710930972825736,0.5,22,0,15,3,0.88,1.0,1.0,0.8333333333333334,0.9361702127659575,0.94,0.925,0.9878017902374268,21,0,15,4,0.84,1.0,1.0,0.7894736842105263,0.9130434782608696,0.9199999999999999,0.9
low_cost_model,xgboost,isotonic,1,0,40,26,0.9739010989010989,0.9886306001690617,0.0576733716863158,0.7464906739063042,0.4555583569581125,0.5256291739339303,0.05304638622328639,0.5,24,1,13,2,0.9230769230769231,0.9285714285714286,0.96,0.8666666666666667,0.9411764705882353,0.9258241758241759,0.925,0.7830549329519272,24,1,13,2,0.9230769230769231,0.9285714285714286,0.96,0.8666666666666667,0.9411764705882353,0.9258241758241759,0.925
low_cost_model,xgboost,isotonic,1,1,40,26,0.9890109890109889,0.9948717948717949,0.02369865561941492,0.895830085189385,1.6823431657685994,0.005952030451523571,0.01858016791520641,0.5,25,0,14,1,0.9615384615384616,1.0,1.0,0.9333333333333333,0.9803921568627451,0.9807692307692308,0.975,0.9682560861110688,20,0,14,6,0.7692307692307693,1.0,1.0,0.7,0.8695652173913044,0.8846153846153846,0.85
low_cost_model,xgboost,isotonic,1,2,40,26,0.9972527472527473,0.9985754985754985,0.021871297759729576,0.9038624274297601,6.657599906082783,0.7210112595059356,0.017467712052166493,0.5,25,0,14,1,0.9615384615384616,1.0,1.0,0.9333333333333333,0.9803921568627451,0.9807692307692308,0.975,0.8588124439120293,24,0,14,2,0.9230769230769231,1.0,1.0,0.875,0.9600000000000001,0.9615384615384616,0.95
low_cost_model,xgboost,isotonic,1,3,40,25,0.9813333333333333,0.9894117647058823,0.0329682912823295,0.8593352905287275,0.8045627173362195,-0.13992807072816693,0.03506768536753955,0.5,24,0,15,1,0.96,1.0,1.0,0.9375,0.9795918367346939,0.98,0.975,0.8735247999429703,24,0,15,1,0.96,1.0,1.0,0.9375,0.9795918367346939,0.98,0.975
low_cost_model,xgboost,isotonic,1,4,40,25,0.9826666666666667,0.9903030303030304,0.033276249292484836,0.8580213363520647,0.7889577158848313,-0.12001004020641404,0.04475246329093349,0.5,24,0,15,1,0.96,1.0,1.0,0.9375,0.9795918367346939,0.98,0.975,0.7358688712120056,24,0,15,1,0.96,1.0,1.0,0.9375,0.9795918367346939,0.98,0.975
low_cost_model,xgboost,isotonic,2,0,40,26,0.9917582417582418,0.9960212201591512,0.02201842088570876,0.9032157323705109,0.9568614221433357,0.1984274479033931,0.02472217381000518,0.5,25,0,14,1,0.9615384615384616,1.0,1.0,0.9333333333333333,0.9803921568627451,0.9807692307692308,0.975,0.7493560165166855,25,0,14,1,0.9615384615384616,1.0,1.0,0.9333333333333333,0.9803921568627451,0.9807692307692308,0.975
low_cost_model,xgboost,isotonic,2,1,40,26,0.989010989010989,0.9915547415547415,0.04987614095309696,0.7807642155907826,2.241882916929669,-0.7647227061399909,0.07215548385865986,0.5,25,2,12,1,0.9615384615384616,0.8571428571428571,0.9259259259259259,0.9230769230769231,0.9433962264150944,0.9093406593406593,0.925,0.8384816348552704,23,0,14,3,0.8846153846153846,1.0,1.0,0.8235294117647058,0.9387755102040816,0.9423076923076923,0.925
low_cost_model,xgboost,isotonic,2,2,40,26,0.945054945054945,0.9715384615384616,0.07266755801413899,0.6805821625752133,-4.185026679857618,1.1158289669127153,0.05543921692296864,0.5,24,1,13,2,0.9230769230769231,0.9285714285714286,0.96,0.8666666666666667,0.9411764705882353,0.9258241758241759,0.925,0.9197309613227844,23,0,14,3,0.8846153846153846,1.0,1.0,0.8235294117647058,0.9387755102040816,0.9423076923076923,0.925
low_cost_model,xgboost,isotonic,2,3,40,25,0.9773333333333334,0.9876190476190476,0.04391581540958229,0.8126258542524489,1.3062257659686154,0.6778116377274034,0.025679809600114855,0.5,23,0,15,2,0.92,1.0,1.0,0.8823529411764706,0.9583333333333334,0.96,0.95,0.9437054991722108,21,0,15,4,0.84,1.0,1.0,0.7894736842105263,0.9130434782608696,0.9199999999999999,0.9
low_cost_model,xgboost,isotonic,2,4,40,25,1.0,1.0,0.012527209668449266,0.9465505720812831,,-0.014183138871529229,0.034904755372554046,0.5,24,0,15,1,0.96,1.0,1.0,0.9375,0.9795918367346939,0.98,0.975,0.9999999701976776,22,0,15,3,0.88,1.0,1.0,0.8333333333333334,0.9361702127659575,0.94,0.925
low_cost_model,xgboost,isotonic,3,0,40,26,0.9752747252747253,0.9886675824175825,0.04421707623959102,0.805639225320479,1.1528750447811837,-0.19711878789988588,0.015285249939188339,0.5,24,0,14,2,0.9230769230769231,1.0,1.0,0.875,0.9600000000000001,0.9615384615384616,0.95,0.8197326958179474,24,0,14,2,0.9230769230769231,1.0,1.0,0.875,0.9600000000000001,0.9615384615384616,0.95
low_cost_model,xgboost,isotonic,3,1,40,26,0.9848901098901099,0.9927884615384616,0.02289626757076217,0.8993570656230234,0.657534751652078,-0.08712384600521889,0.0019791668280959088,0.5,25,0,14,1,0.9615384615384616,1.0,1.0,0.9333333333333333,0.9803921568627451,0.9807692307692308,0.975,0.9089617729187012,25,0,14,1,0.9615384615384616,1.0,1.0,0.9333333333333333,0.9803921568627451,0.9807692307692308,0.975
low_cost_model,xgboost,isotonic,3,2,40,26,0.9972527472527473,0.9985754985754985,0.019196470609156153,0.9156199094103026,2.717395876017229,-0.3826304776884348,0.03121188908990009,0.5,25,0,14,1,0.9615384615384616,1.0,1.0,0.9333333333333333,0.9803921568627451,0.9807692307692308,0.975,0.7349039614200592,25,0,14,1,0.9615384615384616,1.0,1.0,0.9333333333333333,0.9803921568627451,0.9807692307692308,0.975
low_cost_model,xgboost,isotonic,3,3,40,25,0.9906666666666667,0.9944827586206897,0.021515495105436887,0.9082005542168026,0.9321174799301637,-0.1764747129829968,0.027308493060991194,0.5,24,0,15,1,0.96,1.0,1.0,0.9375,0.9795918367346939,0.98,0.975,0.8733475059270859,24,0,15,1,0.96,1.0,1.0,0.9375,0.9795918367346939,0.98,0.975
low_cost_model,xgboost,isotonic,3,4,40,25,0.9893333333333334,0.9926373626373627,0.04344290100135793,0.8146436223942062,1.9915369323135599,0.8594870051467611,0.035591043066233397,0.5,23,0,15,2,0.92,1.0,1.0,0.8823529411764706,0.9583333333333334,0.96,0.95,0.9902809113264084,19,0,15,6,0.76,1.0,1.0,0.7142857142857143,0.8636363636363636,0.88,0.85
low_cost_model,xgboost,isotonic,4,0,40,26,0.9972527472527473,0.9985754985754985,0.033357889695816656,0.8533719134249818,0.8250221178057573,2.5991245497324518,0.03827074350829207,0.5,24,0,14,2,0.9230769230769231,1.0,1.0,0.875,0.9600000000000001,0.9615384615384616,0.95,0.8036232441663742,24,0,14,2,0.9230769230769231,1.0,1.0,0.875,0.9600000000000001,0.9615384615384616,0.95
low_cost_model,xgboost,isotonic,4,1,40,26,1.0,1.0,0.008375687227502326,0.9631837924065831,,-5.559592574842385,0.030531952914316225,0.5,26,0,14,0,1.0,1.0,1.0,1.0,1.0,1.0,1.0,0.9419365376234056,26,0,14,0,1.0,1.0,1.0,1.0,1.0,1.0,1.0
low_cost_model,xgboost,isotonic,4,2,40,26,1.0,1.0,0.012243537065919926,0.946182254655297,,-0.6854924920288079,0.048389417026191935,0.5,26,0,14,0,1.0,1.0,1.0,1.0,1.0,1.0,1.0,0.8974549323320389,24,0,14,2,0.9230769230769231,1.0,1.0,0.875,0.9600000000000001,0.9615384615384616,0.95
low_cost_model,xgboost,isotonic,4,3,40,25,0.9746666666666667,0.9842580645161291,0.04108605689201631,0.8246994905940638,1.1881284286356757,0.47693590213907266,0.03255673502571882,0.5,23,0,15,2,0.92,1.0,1.0,0.8823529411764706,0.9583333333333334,0.96,0.95,0.9955480992794036,20,0,15,5,0.8,1.0,1.0,0.75,0.888888888888889,0.9,0.875
low_cost_model,xgboost,isotonic,4,4,40,25,0.9866666666666667,0.9914058355437666,0.042585989467806354,0.8182997782706929,5.811072333010648,0.7247852205296071,0.028757907263934616,0.5,23,0,15,2,0.92,1.0,1.0,0.8823529411764706,0.9583333333333334,0.96,0.95,0.9537123143672944,21,0,15,4,0.84,1.0,1.0,0.7894736842105263,0.9130434782608696,0.9199999999999999,0.9
low_cost_model,xgboost,none,0,0,40,26,0.9945054945054945,0.997150997150997,0.05124656681224495,0.7747403656604618,2.951447800563274,0.557825540090959,0.08278106994694095,0.5,24,0,14,2,0.9230769230769231,1.0,1.0,0.875,0.9600000000000001,0.9615384615384616,0.95,0.7895720601081848,19,0,14,7,0.7307692307692307,1.0,1.0,0.6666666666666666,0.8444444444444443,0.8653846153846154,0.825
low_cost_model,xgboost,none,0,1,40,26,0.9821428571428571,0.9918414918414918,0.035091285090511674,0.8457525930087398,2.8902109482508114,0.033909353467482514,0.06318298401311041,0.5,25,0,14,1,0.9615384615384616,1.0,1.0,0.9333333333333333,0.9803921568627451,0.9807692307692308,0.975,0.7420374155044556,23,0,14,3,0.8846153846153846,1.0,1.0,0.8235294117647058,0.9387755102040816,0.9423076923076923,0.925
low_cost_model,xgboost,none,0,2,40,26,0.9835164835164836,0.991900341038272,0.042240690386321444,0.8143266356645211,1.8630611196279592,0.37397121280813517,0.024553085584193467,0.5,24,0,14,2,0.9230769230769231,1.0,1.0,0.875,0.9600000000000001,0.9615384615384616,0.95,0.7357605695724487,24,0,14,2,0.9230769230769231,1.0,1.0,0.875,0.9600000000000001,0.9615384615384616,0.95
low_cost_model,xgboost,none,0,3,40,25,1.0,1.0,0.010711839006354529,0.9542961535728873,,-0.36065348469709624,0.06397406342439356,0.5,25,0,15,0,1.0,1.0,1.0,1.0,1.0,1.0,1.0,0.5465306639671326,25,0,15,0,1.0,1.0,1.0,1.0,1.0,1.0,1.0
low_cost_model,xgboost,none,0,4,40,25,0.9626666666666667,0.9802064785788924,0.06715755880087643,0.7134610824495939,1.472794783720916,1.078140829360176,0.05780911496840417,0.5,22,0,15,3,0.88,1.0,1.0,0.8333333333333334,0.9361702127659575,0.94,0.925,0.7665565609931946,21,0,15,4,0.84,1.0,1.0,0.7894736842105263,0.9130434782608696,0.9199999999999999,0.9
low_cost_model,xgboost,none,1,0,40,26,0.9862637362637362,0.9931722173101483,0.051829523552139364,0.7721779184521347,1.254698544846821,0.49006167503432496,0.04443396709393709,0.5,24,1,13,2,0.9230769230769231,0.9285714285714286,0.96,0.8666666666666667,0.9411764705882353,0.9258241758241759,0.925,0.6694957613945007,23,0,14,3,0.8846153846153846,1.0,1.0,0.8235294117647058,0.9387755102040816,0.9423076923076923,0.925
low_cost_model,xgboost,none,1,1,40,26,0.9807692307692307,0.9918414918414916,0.03529964491705788,0.844836725639306,2.7118660571658215,0.16179745522404312,0.07240027366206046,0.5,25,0,14,1,0.9615384615384616,1.0,1.0,0.9333333333333333,0.9803921568627451,0.9807692307692308,0.975,0.8429708480834961,19,0,14,7,0.7307692307692307,1.0,1.0,0.6666666666666666,0.8444444444444443,0.8653846153846154,0.825
low_cost_model,xgboost,none,1,2,40,26,0.9972527472527473,0.9985754985754985,0.026690307490046833,0.8826799670767173,9.034997539185893,0.5020579874769417,0.05615749331191181,0.5,25,0,14,1,0.9615384615384616,1.0,1.0,0.9333333333333333,0.9803921568627451,0.9807692307692308,0.975,0.5876280069351196,25,0,14,1,0.9615384615384616,1.0,1.0,0.9333333333333333,0.9803921568627451,0.9807692307692308,0.975
low_cost_model,xgboost,none,1,3,40,25,0.9813333333333334,0.9912500000000002,0.03896162672574251,0.8337637259701653,1.7685557425305398,-0.12139612238685442,0.06791552370414135,0.5,24,0,15,1,0.96,1.0,1.0,0.9375,0.9795918367346939,0.98,0.975,0.7032660841941833,24,0,15,1,0.96,1.0,1.0,0.9375,0.9795918367346939,0.98,0.975
low_cost_model,xgboost,none,1,4,40,25,0.9840000000000001,0.9922580645161292,0.03208781218503184,0.8630920013438641,1.839571671497725,-0.08803897443121199,0.05181576129980385,0.5,24,0,15,1,0.96,1.0,1.0,0.9375,0.9795918367346939,0.98,0.975,0.4550167024135589,24,0,15,1,0.96,1.0,1.0,0.9375,0.9795918367346939,0.98,0.975
low_cost_model,xgboost,none,2,0,40,26,0.9945054945054944,0.9972527472527472,0.027562001487326827,0.8788483451106512,1.8410653833387647,0.24618116044396526,0.04365872922353451,0.5,25,0,14,1,0.9615384615384616,1.0,1.0,0.9333333333333333,0.9803921568627451,0.9807692307692308,0.975,0.6224517822265625,25,0,14,1,0.9615384615384616,1.0,1.0,0.9333333333333333,0.9803921568627451,0.9807692307692308,0.975
low_cost_model,xgboost,none,2,1,40,26,0.989010989010989,0.9944037444037443,0.03963689931425438,0.8257718711461346,3.6031939799375614,-0.30122455688447747,0.06172759192995724,0.5,24,2,12,2,0.9230769230769231,0.8571428571428571,0.9230769230769231,0.8571428571428571,0.9230769230769231,0.8901098901098901,0.9,0.6856282353401184,23,0,14,3,0.8846153846153846,1.0,1.0,0.8235294117647058,0.9387755102040816,0.9423076923076923,0.925
low_cost_model,xgboost,none,2,2,40,26,0.9560439560439561,0.9802197802197802,0.05800782627480814,0.7450205438469972,0.9301854871782409,0.7785102070692538,0.06423757215961814,0.5,24,1,13,2,0.9230769230769231,0.9285714285714286,0.96,0.8666666666666667,0.9411764705882353,0.9258241758241759,0.925,0.7055855989456177,23,0,14,3,0.8846153846153846,1.0,1.0,0.8235294117647058,0.9387755102040816,0.9423076923076923,0.925
low_cost_model,xgboost,none,2,3,40,25,0.9786666666666668,0.9887684729064041,0.04559314133067808,0.8054692636557735,2.274973154216093,0.12233444512574138,0.042118120286613714,0.5,23,0,15,2,0.92,1.0,1.0,0.8823529411764706,0.9583333333333334,0.96,0.95,0.7589626908302307,22,0,15,3,0.88,1.0,1.0,0.8333333333333334,0.9361702127659575,0.94,0.925
low_cost_model,xgboost,none,2,4,40,25,1.0,1.0000000000000002,0.024673587580567504,0.894726026322912,,0.23028849677142962,0.04638206181116399,0.5,24,0,15,1,0.96,1.0,1.0,0.9375,0.9795918367346939,0.98,0.975,0.7511703968048096,22,0,15,3,0.88,1.0,1.0,0.8333333333333334,0.9361702127659575,0.94,0.925
low_cost_model,xgboost,none,3,0,40,26,0.9835164835164835,0.991900341038272,0.04601068642647522,0.79775522449901,2.0375298560539417,-0.06868989580235839,0.06210259820800277,0.5,24,0,14,2,0.9230769230769231,1.0,1.0,0.875,0.9600000000000001,0.9615384615384616,0.95,0.7547260522842407,23,0,14,3,0.8846153846153846,1.0,1.0,0.8235294117647058,0.9387755102040816,0.9423076923076923,0.925
low_cost_model,xgboost,none,3,1,40,26,0.9903846153846154,0.9948717948717947,0.026099275695123603,0.8852779090324238,2.2480538172846827,0.1010698427609889,0.030856210505589836,0.5,25,0,14,1,0.9615384615384616,1.0,1.0,0.9333333333333333,0.9803921568627451,0.9807692307692308,0.975,0.7606432437896729,24,0,14,2,0.9230769230769231,1.0,1.0,0.875,0.9600000000000001,0.9615384615384616,0.95
low_cost_model,xgboost,none,3,2,40,26,0.9972527472527472,0.9985754985754984,0.03056401910155896,0.8656526632898507,6.34140519976133,0.16527079060711836,0.07759282714687289,0.5,25,0,14,1,0.9615384615384616,1.0,1.0,0.9333333333333333,0.9803921568627451,0.9807692307692308,0.975,0.6157687902450562,24,0,14,2,0.9230769230769231,1.0,1.0,0.875,0.9600000000000001,0.9615384615384616,0.95
low_cost_model,xgboost,none,3,3,40,25,0.988,0.9933333333333334,0.02451407962995921,0.8954065935788407,2.6626455843346832,-0.21708607216294673,0.03734822301194068,0.5,24,0,15,1,0.96,1.0,1.0,0.9375,0.9795918367346939,0.98,0.975,0.630395233631134,24,0,15,1,0.96,1.0,1.0,0.9375,0.9795918367346939,0.98,0.975
low_cost_model,xgboost,none,3,4,40,25,0.9906666666666667,0.9939601139601141,0.05056060685573758,0.7842747440821863,4.456948949809095,0.6749531298960229,0.048512433562427765,0.5,23,0,15,2,0.92,1.0,1.0,0.8823529411764706,0.9583333333333334,0.96,0.95,0.8365550637245178,19,0,15,6,0.76,1.0,1.0,0.7142857142857143,0.8636363636363636,0.88,0.85
low_cost_model,xgboost,none,4,0,40,26,0.9972527472527473,0.9985754985754984,0.036625253566572855,0.8390098744326467,5.521994089649222,0.8571018324738249,0.0436130950925872,0.5,24,0,14,2,0.9230769230769231,1.0,1.0,0.875,0.9600000000000001,0.9615384615384616,0.95,0.7286662459373474,23,0,14,3,0.8846153846153846,1.0,1.0,0.8235294117647058,0.9387755102040816,0.9423076923076923,0.925
low_cost_model,xgboost,none,4,1,40,26,1.0,1.0,0.010895003929482606,0.9521098728374391,,-0.4815179085255331,0.06617096243426199,0.5,26,0,14,0,1.0,1.0,1.0,1.0,1.0,1.0,1.0,0.6789804697036743,26,0,14,0,1.0,1.0,1.0,1.0,1.0,1.0,1.0
low_cost_model,xgboost,none,4,2,40,26,1.0,1.0,0.014363571990866988,0.9368634198203649,,-0.1171941162743263,0.07301876437850294,0.5,26,0,14,0,1.0,1.0,1.0,1.0,1.0,1.0,1.0,0.7397832274436951,24,0,14,2,0.9230769230769231,1.0,1.0,0.875,0.9600000000000001,0.9615384615384616,0.95
low_cost_model,xgboost,none,4,3,40,25,0.9693333333333334,0.984258064516129,0.04865473894059308,0.7924064471868029,2.036934784157701,0.4933223491036238,0.044188473513349924,0.5,23,0,15,2,0.92,1.0,1.0,0.8823529411764706,0.9583333333333334,0.96,0.95,0.7149288654327393,22,0,15,3,0.88,1.0,1.0,0.8333333333333334,0.9361702127659575,0.94,0.925
low_cost_model,xgboost,none,4,4,40,25,0.9613333333333333,0.9816748768472906,0.04880627391487364,0.7917598979632058,1.9328451949981567,0.1279358599798016,0.04308209605515006,0.5,23,0,15,2,0.92,1.0,1.0,0.8823529411764706,0.9583333333333334,0.96,0.95,0.7636572122573853,22,0,15,3,0.88,1.0,1.0,0.8333333333333334,0.9361702127659575,0.94,0.925
low_cost_model,xgboost,sigmoid,0,0,40,26,1.0,0.9999999999999999,0.03923572666732196,0.827535267396387,,0.15912627449578426,0.06405319606846406,0.5,24,0,14,2,0.9230769230769231,1.0,1.0,0.875,0.9600000000000001,0.9615384615384616,0.95,0.8051941314027508,22,0,14,4,0.8461538461538461,1.0,1.0,0.7777777777777778,0.9166666666666666,0.9230769230769231,0.9
low_cost_model,xgboost,sigmoid,0,1,40,26,0.9766483516483516,0.9901098901098899,0.03552472348634341,0.8438473692907982,2.5219903885322883,-0.13086772977503827,0.08126959150946807,0.5,25,0,14,1,0.9615384615384616,1.0,1.0,0.9333333333333333,0.9803921568627451,0.9807692307692308,0.975,0.8219071567868587,23,0,14,3,0.8846153846153846,1.0,1.0,0.8235294117647058,0.9387755102040816,0.9423076923076923,0.925
low_cost_model,xgboost,sigmoid,0,2,40,26,0.9835164835164836,0.991900341038272,0.04310937994294091,0.810508220031029,1.9528733139446777,0.1951221794894151,0.06809324066733141,0.5,24,0,14,2,0.9230769230769231,1.0,1.0,0.875,0.9600000000000001,0.9615384615384616,0.95,0.7556039414942879,24,0,14,2,0.9230769230769231,1.0,1.0,0.875,0.9600000000000001,0.9615384615384616,0.95
low_cost_model,xgboost,sigmoid,0,3,40,25,1.0,1.0,0.012531104738725212,0.9465339531147724,,-0.5271185347702823,0.0781350961063187,0.5,25,0,15,0,1.0,1.0,1.0,1.0,1.0,1.0,1.0,0.6485800015907622,25,0,15,0,1.0,1.0,1.0,1.0,1.0,1.0,1.0
low_cost_model,xgboost,sigmoid,0,4,40,25,0.9626666666666667,0.9802064785788923,0.06679366316469881,0.7150137038306184,1.6483482234446891,0.8994310162946816,0.05680060118650478,0.5,22,0,15,3,0.88,1.0,1.0,0.8333333333333334,0.9361702127659575,0.94,0.925,0.7888107460453787,21,0,15,4,0.84,1.0,1.0,0.7894736842105263,0.9130434782608696,0.9199999999999999,0.9
low_cost_model,xgboost,sigmoid,1,0,40,26,0.9862637362637363,0.9931722173101483,0.049275654528937306,0.7834037163563196,1.353170230530623,0.2760381904335172,0.05778701413126555,0.5,24,1,13,2,0.9230769230769231,0.9285714285714286,0.96,0.8666666666666667,0.9411764705882353,0.9258241758241759,0.925,0.6999613232999629,23,0,14,3,0.8846153846153846,1.0,1.0,0.8235294117647058,0.9387755102040816,0.9423076923076923,0.925
low_cost_model,xgboost,sigmoid,1,1,40,26,0.9807692307692307,0.9918414918414916,0.03073466107841962,0.8649025886662873,2.854674636464252,0.030700419614691634,0.07258267349238823,0.5,25,0,14,1,0.9615384615384616,1.0,1.0,0.9333333333333333,0.9803921568627451,0.9807692307692308,0.975,0.8716449983976297,21,0,14,5,0.8076923076923077,1.0,1.0,0.7368421052631579,0.8936170212765957,0.9038461538461539,0.875
low_cost_model,xgboost,sigmoid,1,2,40,26,0.9972527472527473,0.9985754985754984,0.02472467921760587,0.891320091351183,5.406117001006545,0.30413246941227173,0.04691667039344585,0.5,25,0,14,1,0.9615384615384616,1.0,1.0,0.9333333333333333,0.9803921568627451,0.9807692307692308,0.975,0.7189592956000488,25,0,14,1,0.9615384615384616,1.0,1.0,0.9333333333333333,0.9803921568627451,0.9807692307692308,0.975
low_cost_model,xgboost,sigmoid,1,3,40,25,0.9813333333333333,0.9912500000000002,0.03744170479426625,0.8402487262111307,1.7216680824928186,-0.14834710057173944,0.07489052474781228,0.5,24,0,15,1,0.96,1.0,1.0,0.9375,0.9795918367346939,0.98,0.975,0.8279673877501643,23,0,15,2,0.92,1.0,1.0,0.8823529411764706,0.9583333333333334,0.96,0.95
low_cost_model,xgboost,sigmoid,1,4,40,25,0.9866666666666668,0.9933333333333336,0.03249400121255055,0.8613589281597843,1.9533623903586566,-0.16717880047717076,0.06476067493641026,0.5,24,0,15,1,0.96,1.0,1.0,0.9375,0.9795918367346939,0.98,0.975,0.5386869256218171,24,0,15,1,0.96,1.0,1.0,0.9375,0.9795918367346939,0.98,0.975
low_cost_model,xgboost,sigmoid,2,0,40,26,0.9945054945054944,0.9972527472527472,0.026618048169375165,0.8829975904642849,1.8234593220903879,0.02728044863378873,0.049501743895475916,0.5,25,0,14,1,0.9615384615384616,1.0,1.0,0.9333333333333333,0.9803921568627451,0.9807692307692308,0.975,0.6434773740893934,25,0,14,1,0.9615384615384616,1.0,1.0,0.9333333333333333,0.9803921568627451,0.9807692307692308,0.975
low_cost_model,xgboost,sigmoid,2,1,40,26,1.0,0.9999999999999999,0.035971552616595334,0.8418832852017788,,-0.19609816002949804,0.07869717752517555,0.5,26,0,14,0,1.0,1.0,1.0,1.0,1.0,1.0,1.0,0.7468190915429835,23,0,14,3,0.8846153846153846,1.0,1.0,0.8235294117647058,0.9387755102040816,0.9423076923076923,0.925
low_cost_model,xgboost,sigmoid,2,2,40,26,0.9395604395604397,0.9757085020242915,0.05761600657988948,0.746742828220266,1.2013172884976366,0.29629302234720833,0.040248118632086965,0.5,24,1,13,2,0.9230769230769231,0.9285714285714286,0.96,0.8666666666666667,0.9411764705882353,0.9258241758241759,0.925,0.7956609930854994,23,0,14,3,0.8846153846153846,1.0,1.0,0.8235294117647058,0.9387755102040816,0.9423076923076923,0.925
low_cost_model,xgboost,sigmoid,2,3,40,25,0.9813333333333334,0.9900383141762454,0.04473605633859451,0.8091261596219967,3.1710247787432038,0.12431075335924335,0.04175445751857597,0.5,23,0,15,2,0.92,1.0,1.0,0.8823529411764706,0.9583333333333334,0.96,0.95,0.8227867800472577,22,0,15,3,0.88,1.0,1.0,0.8333333333333334,0.9361702127659575,0.94,0.925
low_cost_model,xgboost,sigmoid,2,4,40,25,1.0,1.0,0.022887360047391354,0.902347263797797,,-0.028730898357418717,0.06662542056805562,0.5,24,0,15,1,0.96,1.0,1.0,0.9375,0.9795918367346939,0.98,0.975,0.7980292378760662,22,0,15,3,0.88,1.0,1.0,0.8333333333333334,0.9361702127659575,0.94,0.925
low_cost_model,xgboost,sigmoid,3,0,40,26,0.9835164835164836,0.991900341038272,0.0522792731918428,0.7702009969589327,1.7049385321150106,-0.07618554784084666,0.13391941554297992,0.5,24,0,14,2,0.9230769230769231,1.0,1.0,0.875,0.9600000000000001,0.9615384615384616,0.95,0.7936170382255217,23,0,14,3,0.8846153846153846,1.0,1.0,0.8235294117647058,0.9387755102040816,0.9423076923076923,0.925
low_cost_model,xgboost,sigmoid,3,1,40,26,0.9903846153846154,0.9948717948717947,0.027048074509383284,0.8811073647939196,2.620706412349257,0.06729091102438052,0.054500899136534844,0.5,25,0,14,1,0.9615384615384616,1.0,1.0,0.9333333333333333,0.9803921568627451,0.9807692307692308,0.975,0.7878596800797408,24,0,14,2,0.9230769230769231,1.0,1.0,0.875,0.9600000000000001,0.9615384615384616,0.95
low_cost_model,xgboost,sigmoid,3,2,40,26,1.0,0.9999999999999999,0.0220657092697423,0.9030078713417921,,-0.05633456764677027,0.10444835315145772,0.5,26,0,14,0,1.0,1.0,1.0,1.0,1.0,1.0,1.0,0.6972057889838716,25,0,14,1,0.9615384615384616,1.0,1.0,0.9333333333333333,0.9803921568627451,0.9807692307692308,0.975
low_cost_model,xgboost,sigmoid,3,3,40,25,0.9906666666666668,0.9944827586206897,0.024627811110919225,0.894921339260078,3.153616596380259,-0.25528814180926895,0.04813466760310401,0.5,24,0,15,1,0.96,1.0,1.0,0.9375,0.9795918367346939,0.98,0.975,0.721410955961328,24,0,15,1,0.96,1.0,1.0,0.9375,0.9795918367346939,0.98,0.975
low_cost_model,xgboost,sigmoid,3,4,40,25,0.9906666666666667,0.9939601139601141,0.050628031353844374,0.7839870662235974,6.8713331589470705,0.3963682980890234,0.05107860658063667,0.5,23,0,15,2,0.92,1.0,1.0,0.8823529411764706,0.9583333333333334,0.96,0.95,0.8841392178885956,19,0,15,6,0.76,1.0,1.0,0.7142857142857143,0.8636363636363636,0.88,0.85
low_cost_model,xgboost,sigmoid,4,0,40,26,0.9972527472527473,0.9985754985754984,0.0342788915419535,0.8493235536617428,3.467360625501777,0.5621319352079626,0.042161812696947513,0.5,24,0,14,2,0.9230769230769231,1.0,1.0,0.875,0.9600000000000001,0.9615384615384616,0.95,0.8223426182347301,22,0,14,4,0.8461538461538461,1.0,1.0,0.7777777777777778,0.9166666666666666,0.9230769230769231,0.9
low_cost_model,xgboost,sigmoid,4,1,40,26,1.0,1.0,0.012374017271918508,0.9456087152882703,,-0.5330365960833504,0.07709287805408241,0.5,26,0,14,0,1.0,1.0,1.0,1.0,1.0,1.0,1.0,0.7385901207225544,26,0,14,0,1.0,1.0,1.0,1.0,1.0,1.0,1.0
low_cost_model,xgboost,sigmoid,4,2,40,26,1.0,1.0,0.016741760778323306,0.9264098427326448,,-0.11404817976027792,0.09696243564281244,0.5,26,0,14,0,1.0,1.0,1.0,1.0,1.0,1.0,1.0,0.7585540352772309,25,0,14,1,0.9615384615384616,1.0,1.0,0.9333333333333333,0.9803921568627451,0.9807692307692308,0.975
low_cost_model,xgboost,sigmoid,4,3,40,25,0.9693333333333333,0.9842580645161291,0.04656922277874501,0.8013046494773546,2.1266931852959607,0.19865212742671015,0.0745202366029066,0.5,23,0,15,2,0.92,1.0,1.0,0.8823529411764706,0.9583333333333334,0.96,0.95,0.8445924439694859,21,0,15,4,0.84,1.0,1.0,0.7894736842105263,0.9130434782608696,0.9199999999999999,0.9
low_cost_model,xgboost,sigmoid,4,4,40,25,0.9586666666666667,0.9803795066413663,0.04856058590786404,0.7928081667931135,1.6801938061838428,0.15469104562088334,0.05870830691796021,0.5,23,0,15,2,0.92,1.0,1.0,0.8823529411764706,0.9583333333333334,0.96,0.95,0.8476775599835126,22,0,15,3,0.88,1.0,1.0,0.8333333333333334,0.9361702127659575,0.94,0.925
low_cost_plus_urine_micro_model,dummy,isotonic,0,0,40,26,0.5,0.65,0.22765624999999998,-0.0006868131868129623,,,0.012500000000000067,0.5,26,14,0,0,1.0,0.0,0.65,,0.787878787878788,0.5,0.65,0.6333333333333333,26,14,0,0,1.0,0.0,0.65,,0.787878787878788,0.5,0.65
low_cost_plus_urine_micro_model,dummy,isotonic,0,1,40,26,0.5,0.65,0.22765624999999998,-0.0006868131868131844,,,0.012500000000000067,0.5,26,14,0,0,1.0,0.0,0.65,,0.787878787878788,0.5,0.65,0.6333333333333333,26,14,0,0,1.0,0.0,0.65,,0.787878787878788,0.5,0.65
low_cost_plus_urine_micro_model,dummy,isotonic,0,2,40,26,0.5,0.65,0.22765624999999998,-0.0006868131868129623,,,0.012500000000000067,0.5,26,14,0,0,1.0,0.0,0.65,,0.787878787878788,0.5,0.65,0.6333333333333333,26,14,0,0,1.0,0.0,0.65,,0.787878787878788,0.5,0.65
low_cost_plus_urine_micro_model,dummy,isotonic,0,3,40,25,0.5,0.625,0.23472656250000004,-0.0015000000000002789,,,0.018750000000000044,0.5,25,15,0,0,1.0,0.0,0.625,,0.7692307692307693,0.5,0.625,0.6416666666666666,25,15,0,0,1.0,0.0,0.625,,0.7692307692307693,0.5,0.625
low_cost_plus_urine_micro_model,dummy,isotonic,0,4,40,25,0.5,0.625,0.23472656250000004,-0.0015000000000002789,,,0.018750000000000044,0.5,25,15,0,0,1.0,0.0,0.625,,0.7692307692307693,0.5,0.625,0.6416666666666666,25,15,0,0,1.0,0.0,0.625,,0.7692307692307693,0.5,0.625
low_cost_plus_urine_micro_model,dummy,isotonic,1,0,40,26,0.5,0.65,0.22765624999999998,-0.0006868131868129623,,,0.012500000000000067,0.5,26,14,0,0,1.0,0.0,0.65,,0.787878787878788,0.5,0.65,0.6333333333333333,26,14,0,0,1.0,0.0,0.65,,0.787878787878788,0.5,0.65
low_cost_plus_urine_micro_model,dummy,isotonic,1,1,40,26,0.5,0.65,0.22765624999999998,-0.0006868131868131844,,,0.012500000000000067,0.5,26,14,0,0,1.0,0.0,0.65,,0.787878787878788,0.5,0.65,0.6333333333333333,26,14,0,0,1.0,0.0,0.65,,0.787878787878788,0.5,0.65
low_cost_plus_urine_micro_model,dummy,isotonic,1,2,40,26,0.5,0.65,0.22765624999999998,-0.0006868131868129623,,,0.012500000000000067,0.5,26,14,0,0,1.0,0.0,0.65,,0.787878787878788,0.5,0.65,0.6333333333333333,26,14,0,0,1.0,0.0,0.65,,0.787878787878788,0.5,0.65
low_cost_plus_urine_micro_model,dummy,isotonic,1,3,40,25,0.5,0.625,0.23472656250000004,-0.0015000000000002789,,,0.018750000000000044,0.5,25,15,0,0,1.0,0.0,0.625,,0.7692307692307693,0.5,0.625,0.6416666666666666,25,15,0,0,1.0,0.0,0.625,,0.7692307692307693,0.5,0.625
low_cost_plus_urine_micro_model,dummy,isotonic,1,4,40,25,0.5,0.625,0.23472656250000004,-0.0015000000000002789,,,0.018750000000000044,0.5,25,15,0,0,1.0,0.0,0.625,,0.7692307692307693,0.5,0.625,0.6416666666666666,25,15,0,0,1.0,0.0,0.625,,0.7692307692307693,0.5,0.625
low_cost_plus_urine_micro_model,dummy,isotonic,2,0,40,26,0.5,0.65,0.22765624999999998,-0.0006868131868131844,,,0.012500000000000067,0.5,26,14,0,0,1.0,0.0,0.65,,0.787878787878788,0.5,0.65,0.6333333333333333,26,14,0,0,1.0,0.0,0.65,,0.787878787878788,0.5,0.65
low_cost_plus_urine_micro_model,dummy,isotonic,2,1,40,26,0.5,0.65,0.22765624999999998,-0.0006868131868129623,,,0.012500000000000067,0.5,26,14,0,0,1.0,0.0,0.65,,0.787878787878788,0.5,0.65,0.6333333333333333,26,14,0,0,1.0,0.0,0.65,,0.787878787878788,0.5,0.65
low_cost_plus_urine_micro_model,dummy,isotonic,2,2,40,26,0.5,0.65,0.22765624999999998,-0.0006868131868129623,,,0.012500000000000067,0.5,26,14,0,0,1.0,0.0,0.65,,0.787878787878788,0.5,0.65,0.6333333333333333,26,14,0,0,1.0,0.0,0.65,,0.787878787878788,0.5,0.65
low_cost_plus_urine_micro_model,dummy,isotonic,2,3,40,25,0.5,0.625,0.23472656250000004,-0.0015000000000002789,,,0.018750000000000044,0.5,25,15,0,0,1.0,0.0,0.625,,0.7692307692307693,0.5,0.625,0.6416666666666666,25,15,0,0,1.0,0.0,0.625,,0.7692307692307693,0.5,0.625
low_cost_plus_urine_micro_model,dummy,isotonic,2,4,40,25,0.5,0.625,0.23472656250000004,-0.0015000000000002789,,,0.018750000000000044,0.5,25,15,0,0,1.0,0.0,0.625,,0.7692307692307693,0.5,0.625,0.6416666666666666,25,15,0,0,1.0,0.0,0.625,,0.7692307692307693,0.5,0.625
low_cost_plus_urine_micro_model,dummy,isotonic,3,0,40,26,0.5,0.65,0.22765624999999998,-0.0006868131868129623,,,0.012500000000000067,0.5,26,14,0,0,1.0,0.0,0.65,,0.787878787878788,0.5,0.65,0.6333333333333333,26,14,0,0,1.0,0.0,0.65,,0.787878787878788,0.5,0.65
low_cost_plus_urine_micro_model,dummy,isotonic,3,1,40,26,0.5,0.65,0.22765624999999998,-0.0006868131868129623,,,0.012500000000000067,0.5,26,14,0,0,1.0,0.0,0.65,,0.787878787878788,0.5,0.65,0.6333333333333333,26,14,0,0,1.0,0.0,0.65,,0.787878787878788,0.5,0.65
low_cost_plus_urine_micro_model,dummy,isotonic,3,2,40,26,0.5,0.65,0.22765624999999998,-0.0006868131868131844,,,0.012500000000000067,0.5,26,14,0,0,1.0,0.0,0.65,,0.787878787878788,0.5,0.65,0.6333333333333333,26,14,0,0,1.0,0.0,0.65,,0.787878787878788,0.5,0.65
low_cost_plus_urine_micro_model,dummy,isotonic,3,3,40,25,0.5,0.625,0.23472656250000004,-0.0015000000000002789,,,0.018750000000000044,0.5,25,15,0,0,1.0,0.0,0.625,,0.7692307692307693,0.5,0.625,0.6416666666666666,25,15,0,0,1.0,0.0,0.625,,0.7692307692307693,0.5,0.625
low_cost_plus_urine_micro_model,dummy,isotonic,3,4,40,25,0.5,0.625,0.23472656250000004,-0.0015000000000002789,,,0.018750000000000044,0.5,25,15,0,0,1.0,0.0,0.625,,0.7692307692307693,0.5,0.625,0.6416666666666666,25,15,0,0,1.0,0.0,0.625,,0.7692307692307693,0.5,0.625
low_cost_plus_urine_micro_model,dummy,isotonic,4,0,40,26,0.5,0.65,0.22765624999999998,-0.0006868131868131844,,,0.012500000000000067,0.5,26,14,0,0,1.0,0.0,0.65,,0.787878787878788,0.5,0.65,0.6333333333333333,26,14,0,0,1.0,0.0,0.65,,0.787878787878788,0.5,0.65
low_cost_plus_urine_micro_model,dummy,isotonic,4,1,40,26,0.5,0.65,0.22765624999999998,-0.0006868131868131844,,,0.012500000000000067,0.5,26,14,0,0,1.0,0.0,0.65,,0.787878787878788,0.5,0.65,0.6333333333333333,26,14,0,0,1.0,0.0,0.65,,0.787878787878788,0.5,0.65
low_cost_plus_urine_micro_model,dummy,isotonic,4,2,40,26,0.5,0.65,0.22765624999999998,-0.0006868131868131844,,,0.012500000000000067,0.5,26,14,0,0,1.0,0.0,0.65,,0.787878787878788,0.5,0.65,0.6333333333333333,26,14,0,0,1.0,0.0,0.65,,0.787878787878788,0.5,0.65
low_cost_plus_urine_micro_model,dummy,isotonic,4,3,40,25,0.5,0.625,0.23472656250000004,-0.0015000000000002789,,,0.018750000000000044,0.5,25,15,0,0,1.0,0.0,0.625,,0.7692307692307693,0.5,0.625,0.6416666666666666,25,15,0,0,1.0,0.0,0.625,,0.7692307692307693,0.5,0.625
low_cost_plus_urine_micro_model,dummy,isotonic,4,4,40,25,0.5,0.625,0.23472656250000004,-0.0015000000000002789,,,0.018750000000000044,0.5,25,15,0,0,1.0,0.0,0.625,,0.7692307692307693,0.5,0.625,0.6416666666666666,25,15,0,0,1.0,0.0,0.625,,0.7692307692307693,0.5,0.625
low_cost_plus_urine_micro_model,dummy,none,0,0,40,26,0.5,0.65,0.22765624999999998,-0.0006868131868129623,,,0.012500000000000067,0.5,26,14,0,0,1.0,0.0,0.65,,0.787878787878788,0.5,0.65,0.6333333333333333,26,14,0,0,1.0,0.0,0.65,,0.787878787878788,0.5,0.65
low_cost_plus_urine_micro_model,dummy,none,0,1,40,26,0.5,0.65,0.22765624999999998,-0.0006868131868131844,,,0.012500000000000067,0.5,26,14,0,0,1.0,0.0,0.65,,0.787878787878788,0.5,0.65,0.6333333333333333,26,14,0,0,1.0,0.0,0.65,,0.787878787878788,0.5,0.65
low_cost_plus_urine_micro_model,dummy,none,0,2,40,26,0.5,0.65,0.22765624999999998,-0.0006868131868129623,,,0.012500000000000067,0.5,26,14,0,0,1.0,0.0,0.65,,0.787878787878788,0.5,0.65,0.6333333333333333,26,14,0,0,1.0,0.0,0.65,,0.787878787878788,0.5,0.65
low_cost_plus_urine_micro_model,dummy,none,0,3,40,25,0.5,0.625,0.23472656250000004,-0.0015000000000002789,,,0.018750000000000044,0.5,25,15,0,0,1.0,0.0,0.625,,0.7692307692307693,0.5,0.625,0.6416666666666667,25,15,0,0,1.0,0.0,0.625,,0.7692307692307693,0.5,0.625
low_cost_plus_urine_micro_model,dummy,none,0,4,40,25,0.5,0.625,0.23472656250000004,-0.0015000000000002789,,,0.018750000000000044,0.5,25,15,0,0,1.0,0.0,0.625,,0.7692307692307693,0.5,0.625,0.6416666666666667,25,15,0,0,1.0,0.0,0.625,,0.7692307692307693,0.5,0.625
low_cost_plus_urine_micro_model,dummy,none,1,0,40,26,0.5,0.65,0.22765624999999998,-0.0006868131868129623,,,0.012500000000000067,0.5,26,14,0,0,1.0,0.0,0.65,,0.787878787878788,0.5,0.65,0.6333333333333333,26,14,0,0,1.0,0.0,0.65,,0.787878787878788,0.5,0.65
low_cost_plus_urine_micro_model,dummy,none,1,1,40,26,0.5,0.65,0.22765624999999998,-0.0006868131868131844,,,0.012500000000000067,0.5,26,14,0,0,1.0,0.0,0.65,,0.787878787878788,0.5,0.65,0.6333333333333333,26,14,0,0,1.0,0.0,0.65,,0.787878787878788,0.5,0.65
low_cost_plus_urine_micro_model,dummy,none,1,2,40,26,0.5,0.65,0.22765624999999998,-0.0006868131868129623,,,0.012500000000000067,0.5,26,14,0,0,1.0,0.0,0.65,,0.787878787878788,0.5,0.65,0.6333333333333333,26,14,0,0,1.0,0.0,0.65,,0.787878787878788,0.5,0.65
low_cost_plus_urine_micro_model,dummy,none,1,3,40,25,0.5,0.625,0.23472656250000004,-0.0015000000000002789,,,0.018750000000000044,0.5,25,15,0,0,1.0,0.0,0.625,,0.7692307692307693,0.5,0.625,0.6416666666666667,25,15,0,0,1.0,0.0,0.625,,0.7692307692307693,0.5,0.625
low_cost_plus_urine_micro_model,dummy,none,1,4,40,25,0.5,0.625,0.23472656250000004,-0.0015000000000002789,,,0.018750000000000044,0.5,25,15,0,0,1.0,0.0,0.625,,0.7692307692307693,0.5,0.625,0.6416666666666667,25,15,0,0,1.0,0.0,0.625,,0.7692307692307693,0.5,0.625
low_cost_plus_urine_micro_model,dummy,none,2,0,40,26,0.5,0.65,0.22765624999999998,-0.0006868131868131844,,,0.012500000000000067,0.5,26,14,0,0,1.0,0.0,0.65,,0.787878787878788,0.5,0.65,0.6333333333333333,26,14,0,0,1.0,0.0,0.65,,0.787878787878788,0.5,0.65
low_cost_plus_urine_micro_model,dummy,none,2,1,40,26,0.5,0.65,0.22765624999999998,-0.0006868131868129623,,,0.012500000000000067,0.5,26,14,0,0,1.0,0.0,0.65,,0.787878787878788,0.5,0.65,0.6333333333333333,26,14,0,0,1.0,0.0,0.65,,0.787878787878788,0.5,0.65
low_cost_plus_urine_micro_model,dummy,none,2,2,40,26,0.5,0.65,0.22765624999999998,-0.0006868131868129623,,,0.012500000000000067,0.5,26,14,0,0,1.0,0.0,0.65,,0.787878787878788,0.5,0.65,0.6333333333333333,26,14,0,0,1.0,0.0,0.65,,0.787878787878788,0.5,0.65
low_cost_plus_urine_micro_model,dummy,none,2,3,40,25,0.5,0.625,0.23472656250000004,-0.0015000000000002789,,,0.018750000000000044,0.5,25,15,0,0,1.0,0.0,0.625,,0.7692307692307693,0.5,0.625,0.6416666666666667,25,15,0,0,1.0,0.0,0.625,,0.7692307692307693,0.5,0.625
low_cost_plus_urine_micro_model,dummy,none,2,4,40,25,0.5,0.625,0.23472656250000004,-0.0015000000000002789,,,0.018750000000000044,0.5,25,15,0,0,1.0,0.0,0.625,,0.7692307692307693,0.5,0.625,0.6416666666666667,25,15,0,0,1.0,0.0,0.625,,0.7692307692307693,0.5,0.625
low_cost_plus_urine_micro_model,dummy,none,3,0,40,26,0.5,0.65,0.22765624999999998,-0.0006868131868129623,,,0.012500000000000067,0.5,26,14,0,0,1.0,0.0,0.65,,0.787878787878788,0.5,0.65,0.6333333333333333,26,14,0,0,1.0,0.0,0.65,,0.787878787878788,0.5,0.65
low_cost_plus_urine_micro_model,dummy,none,3,1,40,26,0.5,0.65,0.22765624999999998,-0.0006868131868129623,,,0.012500000000000067,0.5,26,14,0,0,1.0,0.0,0.65,,0.787878787878788,0.5,0.65,0.6333333333333333,26,14,0,0,1.0,0.0,0.65,,0.787878787878788,0.5,0.65
low_cost_plus_urine_micro_model,dummy,none,3,2,40,26,0.5,0.65,0.22765624999999998,-0.0006868131868131844,,,0.012500000000000067,0.5,26,14,0,0,1.0,0.0,0.65,,0.787878787878788,0.5,0.65,0.6333333333333333,26,14,0,0,1.0,0.0,0.65,,0.787878787878788,0.5,0.65
low_cost_plus_urine_micro_model,dummy,none,3,3,40,25,0.5,0.625,0.23472656250000004,-0.0015000000000002789,,,0.018750000000000044,0.5,25,15,0,0,1.0,0.0,0.625,,0.7692307692307693,0.5,0.625,0.6416666666666667,25,15,0,0,1.0,0.0,0.625,,0.7692307692307693,0.5,0.625
low_cost_plus_urine_micro_model,dummy,none,3,4,40,25,0.5,0.625,0.23472656250000004,-0.0015000000000002789,,,0.018750000000000044,0.5,25,15,0,0,1.0,0.0,0.625,,0.7692307692307693,0.5,0.625,0.6416666666666667,25,15,0,0,1.0,0.0,0.625,,0.7692307692307693,0.5,0.625
low_cost_plus_urine_micro_model,dummy,none,4,0,40,26,0.5,0.65,0.22765624999999998,-0.0006868131868131844,,,0.012500000000000067,0.5,26,14,0,0,1.0,0.0,0.65,,0.787878787878788,0.5,0.65,0.6333333333333333,26,14,0,0,1.0,0.0,0.65,,0.787878787878788,0.5,0.65
low_cost_plus_urine_micro_model,dummy,none,4,1,40,26,0.5,0.65,0.22765624999999998,-0.0006868131868131844,,,0.012500000000000067,0.5,26,14,0,0,1.0,0.0,0.65,,0.787878787878788,0.5,0.65,0.6333333333333333,26,14,0,0,1.0,0.0,0.65,,0.787878787878788,0.5,0.65
low_cost_plus_urine_micro_model,dummy,none,4,2,40,26,0.5,0.65,0.22765624999999998,-0.0006868131868131844,,,0.012500000000000067,0.5,26,14,0,0,1.0,0.0,0.65,,0.787878787878788,0.5,0.65,0.6333333333333333,26,14,0,0,1.0,0.0,0.65,,0.787878787878788,0.5,0.65
low_cost_plus_urine_micro_model,dummy,none,4,3,40,25,0.5,0.625,0.23472656250000004,-0.0015000000000002789,,,0.018750000000000044,0.5,25,15,0,0,1.0,0.0,0.625,,0.7692307692307693,0.5,0.625,0.6416666666666667,25,15,0,0,1.0,0.0,0.625,,0.7692307692307693,0.5,0.625
low_cost_plus_urine_micro_model,dummy,none,4,4,40,25,0.5,0.625,0.23472656250000004,-0.0015000000000002789,,,0.018750000000000044,0.5,25,15,0,0,1.0,0.0,0.625,,0.7692307692307693,0.5,0.625,0.6416666666666667,25,15,0,0,1.0,0.0,0.625,,0.7692307692307693,0.5,0.625
low_cost_plus_urine_micro_model,dummy,sigmoid,0,0,40,26,0.5,0.65,0.22768808216656228,-0.0008267347980757123,,,0.013714305179713393,0.5,26,14,0,0,1.0,0.0,0.65,,0.787878787878788,0.5,0.65,0.6313797313556672,26,14,0,0,1.0,0.0,0.65,,0.787878787878788,0.5,0.65
low_cost_plus_urine_micro_model,dummy,sigmoid,0,1,40,26,0.5,0.65,0.22768808216656228,-0.0008267347980759343,,,0.013714305179713393,0.5,26,14,0,0,1.0,0.0,0.65,,0.787878787878788,0.5,0.65,0.6313797313556672,26,14,0,0,1.0,0.0,0.65,,0.787878787878788,0.5,0.65
low_cost_plus_urine_micro_model,dummy,sigmoid,0,2,40,26,0.5,0.65,0.22768808216656228,-0.0008267347980757123,,,0.013714305179713393,0.5,26,14,0,0,1.0,0.0,0.65,,0.787878787878788,0.5,0.65,0.6313797313556673,26,14,0,0,1.0,0.0,0.65,,0.787878787878788,0.5,0.65
low_cost_plus_urine_micro_model,dummy,sigmoid,0,3,40,25,0.5,0.625,0.23468031287708527,-0.0013026682755639118,,,0.017473204545395915,0.5,25,15,0,0,1.0,0.0,0.625,,0.7692307692307693,0.5,0.625,0.6395701520450653,25,15,0,0,1.0,0.0,0.625,,0.7692307692307693,0.5,0.625
low_cost_plus_urine_micro_model,dummy,sigmoid,0,4,40,25,0.5,0.625,0.23468031287708527,-0.0013026682755639118,,,0.017473204545395915,0.5,25,15,0,0,1.0,0.0,0.625,,0.7692307692307693,0.5,0.625,0.6395701520450653,25,15,0,0,1.0,0.0,0.625,,0.7692307692307693,0.5,0.625
low_cost_plus_urine_micro_model,dummy,sigmoid,1,0,40,26,0.5,0.65,0.22768808216656228,-0.0008267347980757123,,,0.013714305179713393,0.5,26,14,0,0,1.0,0.0,0.65,,0.787878787878788,0.5,0.65,0.6313797313556672,26,14,0,0,1.0,0.0,0.65,,0.787878787878788,0.5,0.65
low_cost_plus_urine_micro_model,dummy,sigmoid,1,1,40,26,0.5,0.65,0.22768808216656228,-0.0008267347980759343,,,0.013714305179713393,0.5,26,14,0,0,1.0,0.0,0.65,,0.787878787878788,0.5,0.65,0.6313797313556672,26,14,0,0,1.0,0.0,0.65,,0.787878787878788,0.5,0.65
low_cost_plus_urine_micro_model,dummy,sigmoid,1,2,40,26,0.5,0.65,0.22768808216656228,-0.0008267347980757123,,,0.013714305179713393,0.5,26,14,0,0,1.0,0.0,0.65,,0.787878787878788,0.5,0.65,0.6313797313556672,26,14,0,0,1.0,0.0,0.65,,0.787878787878788,0.5,0.65
low_cost_plus_urine_micro_model,dummy,sigmoid,1,3,40,25,0.5,0.625,0.2346803128770852,-0.0013026682755634678,,,0.017473204545395915,0.5,25,15,0,0,1.0,0.0,0.625,,0.7692307692307693,0.5,0.625,0.6395701520450654,25,15,0,0,1.0,0.0,0.625,,0.7692307692307693,0.5,0.625
low_cost_plus_urine_micro_model,dummy,sigmoid,1,4,40,25,0.5,0.625,0.2346803128770852,-0.0013026682755634678,,,0.017473204545395915,0.5,25,15,0,0,1.0,0.0,0.625,,0.7692307692307693,0.5,0.625,0.6395701520450654,25,15,0,0,1.0,0.0,0.625,,0.7692307692307693,0.5,0.625
low_cost_plus_urine_micro_model,dummy,sigmoid,2,0,40,26,0.5,0.65,0.22768808216656228,-0.0008267347980759343,,,0.013714305179713393,0.5,26,14,0,0,1.0,0.0,0.65,,0.787878787878788,0.5,0.65,0.6313797313556672,26,14,0,0,1.0,0.0,0.65,,0.787878787878788,0.5,0.65
low_cost_plus_urine_micro_model,dummy,sigmoid,2,1,40,26,0.5,0.65,0.22768808216656228,-0.0008267347980757123,,,0.013714305179713393,0.5,26,14,0,0,1.0,0.0,0.65,,0.787878787878788,0.5,0.65,0.6313797313556672,26,14,0,0,1.0,0.0,0.65,,0.787878787878788,0.5,0.65
low_cost_plus_urine_micro_model,dummy,sigmoid,2,2,40,26,0.5,0.65,0.22768808216656228,-0.0008267347980757123,,,0.013714305179713393,0.5,26,14,0,0,1.0,0.0,0.65,,0.787878787878788,0.5,0.65,0.6313797313556672,26,14,0,0,1.0,0.0,0.65,,0.787878787878788,0.5,0.65
low_cost_plus_urine_micro_model,dummy,sigmoid,2,3,40,25,0.5,0.625,0.23468031287708527,-0.0013026682755639118,,,0.017473204545395915,0.5,25,15,0,0,1.0,0.0,0.625,,0.7692307692307693,0.5,0.625,0.6395701520450654,25,15,0,0,1.0,0.0,0.625,,0.7692307692307693,0.5,0.625
low_cost_plus_urine_micro_model,dummy,sigmoid,2,4,40,25,0.5,0.625,0.23468031287708527,-0.0013026682755639118,,,0.017473204545395915,0.5,25,15,0,0,1.0,0.0,0.625,,0.7692307692307693,0.5,0.625,0.6395701520450654,25,15,0,0,1.0,0.0,0.625,,0.7692307692307693,0.5,0.625
low_cost_plus_urine_micro_model,dummy,sigmoid,3,0,40,26,0.5,0.65,0.22768808216656228,-0.0008267347980757123,,,0.013714305179713393,0.5,26,14,0,0,1.0,0.0,0.65,,0.787878787878788,0.5,0.65,0.6313797313556672,26,14,0,0,1.0,0.0,0.65,,0.787878787878788,0.5,0.65
low_cost_plus_urine_micro_model,dummy,sigmoid,3,1,40,26,0.5,0.65,0.22768808216656228,-0.0008267347980757123,,,0.013714305179713393,0.5,26,14,0,0,1.0,0.0,0.65,,0.787878787878788,0.5,0.65,0.6313797313556673,26,14,0,0,1.0,0.0,0.65,,0.787878787878788,0.5,0.65
low_cost_plus_urine_micro_model,dummy,sigmoid,3,2,40,26,0.5,0.65,0.22768808216656228,-0.0008267347980759343,,,0.013714305179713393,0.5,26,14,0,0,1.0,0.0,0.65,,0.787878787878788,0.5,0.65,0.6313797313556673,26,14,0,0,1.0,0.0,0.65,,0.787878787878788,0.5,0.65
low_cost_plus_urine_micro_model,dummy,sigmoid,3,3,40,25,0.5,0.625,0.2346803128770852,-0.0013026682755634678,,,0.017473204545395915,0.5,25,15,0,0,1.0,0.0,0.625,,0.7692307692307693,0.5,0.625,0.6395701520450654,25,15,0,0,1.0,0.0,0.625,,0.7692307692307693,0.5,0.625
low_cost_plus_urine_micro_model,dummy,sigmoid,3,4,40,25,0.5,0.625,0.23468031287708527,-0.0013026682755639118,,,0.017473204545395915,0.5,25,15,0,0,1.0,0.0,0.625,,0.7692307692307693,0.5,0.625,0.6395701520450653,25,15,0,0,1.0,0.0,0.625,,0.7692307692307693,0.5,0.625
low_cost_plus_urine_micro_model,dummy,sigmoid,4,0,40,26,0.5,0.65,0.22768808216656228,-0.0008267347980759343,,,0.013714305179713393,0.5,26,14,0,0,1.0,0.0,0.65,,0.787878787878788,0.5,0.65,0.6313797313556672,26,14,0,0,1.0,0.0,0.65,,0.787878787878788,0.5,0.65
low_cost_plus_urine_micro_model,dummy,sigmoid,4,1,40,26,0.5,0.65,0.22768808216656228,-0.0008267347980759343,,,0.013714305179713393,0.5,26,14,0,0,1.0,0.0,0.65,,0.787878787878788,0.5,0.65,0.6313797313556672,26,14,0,0,1.0,0.0,0.65,,0.787878787878788,0.5,0.65
low_cost_plus_urine_micro_model,dummy,sigmoid,4,2,40,26,0.5,0.65,0.22768808216656228,-0.0008267347980759343,,,0.013714305179713393,0.5,26,14,0,0,1.0,0.0,0.65,,0.787878787878788,0.5,0.65,0.6313797313556672,26,14,0,0,1.0,0.0,0.65,,0.787878787878788,0.5,0.65
low_cost_plus_urine_micro_model,dummy,sigmoid,4,3,40,25,0.5,0.625,0.23468031287708527,-0.0013026682755639118,,,0.017473204545395915,0.5,25,15,0,0,1.0,0.0,0.625,,0.7692307692307693,0.5,0.625,0.6395701520450654,25,15,0,0,1.0,0.0,0.625,,0.7692307692307693,0.5,0.625
low_cost_plus_urine_micro_model,dummy,sigmoid,4,4,40,25,0.5,0.625,0.23468031287708527,-0.0013026682755639118,,,0.017473204545395915,0.5,25,15,0,0,1.0,0.0,0.625,,0.7692307692307693,0.5,0.625,0.6395701520450653,25,15,0,0,1.0,0.0,0.625,,0.7692307692307693,0.5,0.625
low_cost_plus_urine_micro_model,ebm,isotonic,0,0,40,26,1.0,1.0,0.03692288981998439,0.8377015832088599,,0.4195878393632537,0.09855545880067659,0.5,25,0,14,1,0.9615384615384616,1.0,1.0,0.9333333333333333,0.9803921568627451,0.9807692307692308,0.975,0.8656337308342921,20,0,14,6,0.7692307692307693,1.0,1.0,0.7,0.8695652173913044,0.8846153846153846,0.85
low_cost_plus_urine_micro_model,ebm,isotonic,0,1,40,26,0.9958791208791209,0.9972527472527473,0.023321069002520702,0.8974898065823266,2.8711700486180844,-0.4108932365383318,0.023811183343506105,0.5,25,0,14,1,0.9615384615384616,1.0,1.0,0.9333333333333333,0.9803921568627451,0.9807692307692308,0.975,0.8621725212541188,24,0,14,2,0.9230769230769231,1.0,1.0,0.875,0.9600000000000001,0.9615384615384616,0.95
low_cost_plus_urine_micro_model,ebm,isotonic,0,2,40,26,0.9684065934065934,0.9836894586894588,0.058056747704993694,0.7448055045934343,3.6755299043715928,-0.5137070219865697,0.05763933524347503,0.5,25,2,12,1,0.9615384615384616,0.8571428571428571,0.9259259259259259,0.9230769230769231,0.9433962264150944,0.9093406593406593,0.925,0.9455618414626265,23,0,14,3,0.8846153846153846,1.0,1.0,0.8235294117647058,0.9387755102040816,0.9423076923076923,0.925
low_cost_plus_urine_micro_model,ebm,isotonic,0,3,40,25,1.0,1.0,0.005739350322185815,0.9755121052920072,,-1.4381544423009496,0.027761102966435698,0.5,25,0,15,0,1.0,1.0,1.0,1.0,1.0,1.0,1.0,0.6920260316503946,25,0,15,0,1.0,1.0,1.0,1.0,1.0,1.0,1.0
low_cost_plus_urine_micro_model,ebm,isotonic,0,4,40,25,0.9840000000000001,0.9866666666666667,0.05319523447189508,0.7730336662532477,1.1144928033117725,2.7223288292965324,0.061536581687574976,0.5,23,0,15,2,0.92,1.0,1.0,0.8823529411764706,0.9583333333333334,0.96,0.95,0.989713466312297,21,0,15,4,0.84,1.0,1.0,0.7894736842105263,0.9130434782608696,0.9199999999999999,0.9
low_cost_plus_urine_micro_model,ebm,isotonic,1,0,40,26,0.9945054945054944,0.9970962086346702,0.03469008788563267,0.8475160972060103,1.4441142908942253,0.8265515816048347,0.045767470227410345,0.5,24,0,14,2,0.9230769230769231,1.0,1.0,0.875,0.9600000000000001,0.9615384615384616,0.95,0.9298996240667392,23,0,14,3,0.8846153846153846,1.0,1.0,0.8235294117647058,0.9387755102040816,0.9423076923076923,0.925
low_cost_plus_urine_micro_model,ebm,isotonic,1,1,40,26,1.0,1.0,0.014287399660176767,0.9371982432519702,,0.5084550787621205,0.03847856164995486,0.5,25,0,14,1,0.9615384615384616,1.0,1.0,0.9333333333333333,0.9803921568627451,0.9807692307692308,0.975,0.9018015022708404,23,0,14,3,0.8846153846153846,1.0,1.0,0.8235294117647058,0.9387755102040816,0.9423076923076923,0.925
low_cost_plus_urine_micro_model,ebm,isotonic,1,2,40,26,0.9999999999999999,1.0,0.0020719236865677725,0.9908926431359658,,-0.3039244863996336,0.018626108606854434,0.5,26,0,14,0,1.0,1.0,1.0,1.0,1.0,1.0,1.0,0.875,25,0,14,1,0.9615384615384616,1.0,1.0,0.9333333333333333,0.9803921568627451,0.9807692307692308,0.975
low_cost_plus_urine_micro_model,ebm,isotonic,1,3,40,25,0.9866666666666667,0.9933333333333334,0.03282460606435841,0.8599483474587375,0.7267511588311518,0.0008323748499554778,0.05607694882283559,0.5,24,0,15,1,0.96,1.0,1.0,0.9375,0.9795918367346939,0.98,0.975,0.7310617476757046,24,0,15,1,0.96,1.0,1.0,0.9375,0.9795918367346939,0.98,0.975
low_cost_plus_urine_micro_model,ebm,isotonic,1,4,40,25,0.9746666666666667,0.985,0.041696972389779305,0.8220929178036083,0.27217695898994027,-0.14963813657595623,0.05477008587619846,0.5,24,2,13,1,0.96,0.8666666666666667,0.9230769230769231,0.9285714285714286,0.9411764705882353,0.9133333333333333,0.925,0.7925160539550484,24,0,15,1,0.96,1.0,1.0,0.9375,0.9795918367346939,0.98,0.975
low_cost_plus_urine_micro_model,ebm,isotonic,2,0,40,26,1.0,1.0,0.003564220193191326,0.9843330980519063,,-0.3398658585238663,0.027563506240015506,0.5,26,0,14,0,1.0,1.0,1.0,1.0,1.0,1.0,1.0,0.755110025297895,26,0,14,0,1.0,1.0,1.0,1.0,1.0,1.0,1.0
low_cost_plus_urine_micro_model,ebm,isotonic,2,1,40,26,1.0,1.0,0.028423400009563483,0.8750619779799408,,-6.101063085793359,0.06735903568519543,0.5,26,2,12,0,1.0,0.8571428571428571,0.9285714285714286,1.0,0.962962962962963,0.9285714285714286,0.95,0.8839107847045813,26,0,14,0,1.0,1.0,1.0,1.0,1.0,1.0,1.0
low_cost_plus_urine_micro_model,ebm,isotonic,2,2,40,26,0.9752747252747254,0.9855769230769231,0.056989935157693836,0.7494947905156315,0.8746920005943165,1.1330485230412,0.07107592192311234,0.5,24,0,14,2,0.9230769230769231,1.0,1.0,0.875,0.9600000000000001,0.9615384615384616,0.95,0.8944509924942058,20,0,14,6,0.7692307692307693,1.0,1.0,0.7,0.8695652173913044,0.8846153846153846,0.85
low_cost_plus_urine_micro_model,ebm,isotonic,2,3,40,25,0.9693333333333334,0.9819230769230769,0.07425872424097033,0.68316277657186,-1.9215743402518717,0.6447049705959947,0.0873913096310195,0.5,23,2,13,2,0.92,0.8666666666666667,0.92,0.8666666666666667,0.92,0.8933333333333333,0.9,0.9166666666666666,23,0,15,2,0.92,1.0,1.0,0.8823529411764706,0.9583333333333334,0.96,0.95
low_cost_plus_urine_micro_model,ebm,isotonic,2,4,40,25,0.9946666666666666,0.997037037037037,0.02274935320433804,0.9029360929948244,1.6677145142753618,0.021328171304301362,0.019409148862569316,0.5,24,0,15,1,0.96,1.0,1.0,0.9375,0.9795918367346939,0.98,0.975,0.875,23,0,15,2,0.92,1.0,1.0,0.8823529411764706,0.9583333333333334,0.96,0.95
low_cost_plus_urine_micro_model,ebm,isotonic,3,0,40,26,1.0,1.0,0.018282525656513414,0.9196372498614795,,0.11274822667334387,0.07106931726937356,0.5,26,0,14,0,1.0,1.0,1.0,1.0,1.0,1.0,1.0,0.8333333333333333,23,0,14,3,0.8846153846153846,1.0,1.0,0.8235294117647058,0.9387755102040816,0.9423076923076923,0.925
low_cost_plus_urine_micro_model,ebm,isotonic,3,1,40,26,0.9945054945054944,0.9960212201591512,0.02167866746079796,0.9047091540184705,2.9915556754355896,0.3648668357509939,0.007860380493145174,0.5,25,0,14,1,0.9615384615384616,1.0,1.0,0.9333333333333333,0.9803921568627451,0.9807692307692308,0.975,0.875,25,0,14,1,0.9615384615384616,1.0,1.0,0.9333333333333333,0.9803921568627451,0.9807692307692308,0.975
low_cost_plus_urine_micro_model,ebm,isotonic,3,2,40,26,1.0,1.0,0.007851715322844925,0.9654869656138685,,-0.13425889092732157,0.03506741463930445,0.5,26,0,14,0,1.0,1.0,1.0,1.0,1.0,1.0,1.0,0.8499321918780711,24,0,14,2,0.9230769230769231,1.0,1.0,0.875,0.9600000000000001,0.9615384615384616,0.95
low_cost_plus_urine_micro_model,ebm,isotonic,3,3,40,25,0.9746666666666667,0.985,0.030811366373654624,0.8685381701390736,2.2814192029134723,0.707416924074218,0.0320581349590546,0.5,24,0,15,1,0.96,1.0,1.0,0.9375,0.9795918367346939,0.98,0.975,0.9484574606825278,24,0,15,1,0.96,1.0,1.0,0.9375,0.9795918367346939,0.98,0.975
low_cost_plus_urine_micro_model,ebm,isotonic,3,4,40,25,0.988,0.9928827586206896,0.041031060340630865,0.8249341425466417,1.2758159633008588,0.6384780069842058,0.02399855881030141,0.5,23,0,15,2,0.92,1.0,1.0,0.8823529411764706,0.9583333333333334,0.96,0.95,0.9802144274706934,22,0,15,3,0.88,1.0,1.0,0.8333333333333334,0.9361702127659575,0.94,0.925
low_cost_plus_urine_micro_model,ebm,isotonic,4,0,40,26,0.9972527472527472,0.9985754985754985,0.021891328529961944,0.9037743800880793,2.0810806822296226,0.5108069035875819,0.026944699211077054,0.5,25,0,14,1,0.9615384615384616,1.0,1.0,0.9333333333333333,0.9803921568627451,0.9807692307692308,0.975,0.8900893075032928,24,0,14,2,0.9230769230769231,1.0,1.0,0.875,0.9600000000000001,0.9615384615384616,0.95
low_cost_plus_urine_micro_model,ebm,isotonic,4,1,40,26,1.0,1.0,0.008442962754396438,0.9628880758048508,,-5.598453343524429,0.03459127793035087,0.5,26,0,14,0,1.0,1.0,1.0,1.0,1.0,1.0,1.0,0.85,26,0,14,0,1.0,1.0,1.0,1.0,1.0,1.0,1.0
low_cost_plus_urine_micro_model,ebm,isotonic,4,2,40,26,1.0,1.0,0.0025444860452048567,0.9888154459551435,,-1.3835500597652572,0.01668807842973759,0.5,26,0,14,0,1.0,1.0,1.0,1.0,1.0,1.0,1.0,0.8796332042166276,26,0,14,0,1.0,1.0,1.0,1.0,1.0,1.0,1.0
low_cost_plus_urine_micro_model,ebm,isotonic,4,3,40,25,0.9706666666666667,0.9834,0.04435942573845749,0.810733116849248,5.488358885096164,1.0196773823637146,0.03308015092208696,0.5,23,0,15,2,0.92,1.0,1.0,0.8823529411764706,0.9583333333333334,0.96,0.95,0.9330603514082804,21,0,15,4,0.84,1.0,1.0,0.7894736842105263,0.9130434782608696,0.9199999999999999,0.9
low_cost_plus_urine_micro_model,ebm,isotonic,4,4,40,25,0.9786666666666666,0.9885714285714285,0.028161640195231326,0.8798436685003463,1.9303099161463018,0.40027172623234253,0.018257112545736445,0.5,24,0,15,1,0.96,1.0,1.0,0.9375,0.9795918367346939,0.98,0.975,0.9309081341353904,22,0,15,3,0.88,1.0,1.0,0.8333333333333334,0.9361702127659575,0.94,0.925
low_cost_plus_urine_micro_model,ebm,none,0,0,40,26,0.9835164835164836,0.9919003410382722,0.05144943599153297,0.7738486330042507,0.694985936044181,1.1659793695974703,0.07988706904655812,0.5,24,0,14,2,0.9230769230769231,1.0,1.0,0.875,0.9600000000000001,0.9615384615384616,0.95,0.9600795597613484,21,0,14,5,0.8076923076923077,1.0,1.0,0.7368421052631579,0.8936170212765957,0.9038461538461539,0.875
low_cost_plus_urine_micro_model,ebm,none,0,1,40,26,0.9958791208791208,0.9972527472527473,0.021382060340004175,0.9060129215823992,1.2339027927132193,0.7215523186996226,0.025447293588309935,0.5,25,0,14,1,0.9615384615384616,1.0,1.0,0.9333333333333333,0.9803921568627451,0.9807692307692308,0.975,0.9367851355065224,24,0,14,2,0.9230769230769231,1.0,1.0,0.875,0.9600000000000001,0.9615384615384616,0.95
low_cost_plus_urine_micro_model,ebm,none,0,2,40,26,0.9752747252747253,0.9901098901098901,0.040369395949099975,0.8225521057182419,3.4153545037226563,0.5279026807241568,0.05847668283877838,0.5,25,0,14,1,0.9615384615384616,1.0,1.0,0.9333333333333333,0.9803921568627451,0.9807692307692308,0.975,0.994494338119653,23,0,14,3,0.8846153846153846,1.0,1.0,0.8235294117647058,0.9387755102040816,0.9423076923076923,0.925
low_cost_plus_urine_micro_model,ebm,none,0,3,40,25,1.0,1.0000000000000002,0.002166708573376143,0.9907553767535952,,-1.0140410368607706,0.021338251920501886,0.5,25,0,15,0,1.0,1.0,1.0,1.0,1.0,1.0,1.0,0.7362151396755834,25,0,15,0,1.0,1.0,1.0,1.0,1.0,1.0,1.0
low_cost_plus_urine_micro_model,ebm,none,0,4,40,25,0.9853333333333333,0.9914058355437667,0.057934087768432785,0.7528145588546868,3.876787281965848,2.294564822969444,0.05882809253153695,0.5,22,0,15,3,0.88,1.0,1.0,0.8333333333333334,0.9361702127659575,0.94,0.925,0.9987650325101648,21,0,15,4,0.84,1.0,1.0,0.7894736842105263,0.9130434782608696,0.9199999999999999,0.9
low_cost_plus_urine_micro_model,ebm,none,1,0,40,26,0.989010989010989,0.9944037444037446,0.049331580831643795,0.7831578864543131,4.445818617965615,2.138403921624625,0.05662869515313009,0.5,24,0,14,2,0.9230769230769231,1.0,1.0,0.875,0.9600000000000001,0.9615384615384616,0.95,0.9974523053275282,23,0,14,3,0.8846153846153846,1.0,1.0,0.8235294117647058,0.9387755102040816,0.9423076923076923,0.925
low_cost_plus_urine_micro_model,ebm,none,1,1,40,26,0.9972527472527473,0.9985754985754984,0.021043492697286358,0.9075011310009391,3.932128998514101,0.32877502991646185,0.008284958808006965,0.5,25,0,14,1,0.9615384615384616,1.0,1.0,0.9333333333333333,0.9803921568627451,0.9807692307692308,0.975,0.9976864364301824,22,0,14,4,0.8461538461538461,1.0,1.0,0.7777777777777778,0.9166666666666666,0.9230769230769231,0.9
low_cost_plus_urine_micro_model,ebm,none,1,2,40,26,1.0,0.9999999999999999,0.0027236807726567468,0.9880277768234869,,-0.017635659688004676,0.01568028623014974,0.5,26,0,14,0,1.0,1.0,1.0,1.0,1.0,1.0,1.0,0.9959472593218288,22,0,14,4,0.8461538461538461,1.0,1.0,0.7777777777777778,0.9166666666666666,0.9230769230769231,0.9
low_cost_plus_urine_micro_model,ebm,none,1,3,40,25,0.9813333333333333,0.9912500000000002,0.03132304219541544,0.8663550199662274,0.7095967966307533,-0.09937665374178667,0.0506604552760333,0.5,24,0,15,1,0.96,1.0,1.0,0.9375,0.9795918367346939,0.98,0.975,0.880678009657333,24,0,15,1,0.96,1.0,1.0,0.9375,0.9795918367346939,0.98,0.975
low_cost_plus_urine_micro_model,ebm,none,1,4,40,25,0.9813333333333334,0.99125,0.03313429581447324,0.8586270045249141,6.428345994134665,0.09026956767328581,0.04162136682018929,0.5,24,0,15,1,0.96,1.0,1.0,0.9375,0.9795918367346939,0.98,0.975,0.9579016994396414,24,0,15,1,0.96,1.0,1.0,0.9375,0.9795918367346939,0.98,0.975
low_cost_plus_urine_micro_model,ebm,none,2,0,40,26,1.0,0.9999999999999999,0.0015881132715284678,0.9930192823229518,,-0.8724419269271644,0.015591704340729515,0.5,26,0,14,0,1.0,1.0,1.0,1.0,1.0,1.0,1.0,0.9709090974915092,25,0,14,1,0.9615384615384616,1.0,1.0,0.9333333333333333,0.9803921568627451,0.9807692307692308,0.975
low_cost_plus_urine_micro_model,ebm,none,2,1,40,26,1.0,1.0,0.0021936115486352534,0.9903577514345703,,-1.0606450730725818,0.016125236005372814,0.5,26,0,14,0,1.0,1.0,1.0,1.0,1.0,1.0,1.0,0.9923699560901308,24,0,14,2,0.9230769230769231,1.0,1.0,0.875,0.9600000000000001,0.9615384615384616,0.95
low_cost_plus_urine_micro_model,ebm,none,2,2,40,26,0.9725274725274726,0.985576923076923,0.06391088958623556,0.7190730128077558,0.30952977951782534,3.9944080758699876,0.07116390969674048,0.5,24,1,13,2,0.9230769230769231,0.9285714285714286,0.96,0.8666666666666667,0.9411764705882353,0.9258241758241759,0.925,0.9988231474086652,21,0,14,5,0.8076923076923077,1.0,1.0,0.7368421052631579,0.8936170212765957,0.9038461538461539,0.875
low_cost_plus_urine_micro_model,ebm,none,2,3,40,25,0.9706666666666667,0.985361512791991,0.05960198122572945,0.7456982134368877,,1.809373665598073,0.07103083450913425,0.5,23,0,15,2,0.92,1.0,1.0,0.8823529411764706,0.9583333333333334,0.96,0.95,0.9704246621081852,23,0,15,2,0.92,1.0,1.0,0.8823529411764706,0.9583333333333334,0.96,0.95
low_cost_plus_urine_micro_model,ebm,none,2,4,40,25,0.9920000000000001,0.9957142857142858,0.033598871988944685,0.8566448128471693,0.620001639876326,0.021165367298743406,0.054330240728112905,0.5,24,0,15,1,0.96,1.0,1.0,0.9375,0.9795918367346939,0.98,0.975,0.9484493170376568,23,0,15,2,0.92,1.0,1.0,0.8823529411764706,0.9583333333333334,0.96,0.95
low_cost_plus_urine_micro_model,ebm,none,3,0,40,26,1.0,0.9999999999999999,0.01653203123758439,0.9273317308238049,,-0.2357923024289997,0.0427967983040916,0.5,25,0,14,1,0.9615384615384616,1.0,1.0,0.9333333333333333,0.9803921568627451,0.9807692307692308,0.975,0.9978619929186612,24,0,14,2,0.9230769230769231,1.0,1.0,0.875,0.9600000000000001,0.9615384615384616,0.95
low_cost_plus_urine_micro_model,ebm,none,3,1,40,26,0.9931318681318682,0.996021220159151,0.020825148932802465,0.9084608838118573,1.208040093003472,0.4691622413353734,0.008163464748995555,0.5,25,0,14,1,0.9615384615384616,1.0,1.0,0.9333333333333333,0.9803921568627451,0.9807692307692308,0.975,0.9872387631018492,25,0,14,1,0.9615384615384616,1.0,1.0,0.9333333333333333,0.9803921568627451,0.9807692307692308,0.975
low_cost_plus_urine_micro_model,ebm,none,3,2,40,26,0.9972527472527473,0.9985754985754985,0.018133837066166468,0.9202908260827848,4.569901388849067,0.48545501232817323,0.011011548519565411,0.5,25,0,14,1,0.9615384615384616,1.0,1.0,0.9333333333333333,0.9803921568627451,0.9807692307692308,0.975,0.987311635794772,24,0,14,2,0.9230769230769231,1.0,1.0,0.875,0.9600000000000001,0.9615384615384616,0.95
low_cost_plus_urine_micro_model,ebm,none,3,3,40,25,0.9853333333333334,0.9922580645161291,0.02852693286363936,0.878285086448472,,1.9678203117408355,0.03370437028407673,0.5,24,0,15,1,0.96,1.0,1.0,0.9375,0.9795918367346939,0.98,0.975,0.9989624203948592,24,0,15,1,0.96,1.0,1.0,0.9375,0.9795918367346939,0.98,0.975
low_cost_plus_urine_micro_model,ebm,none,3,4,40,25,0.996,0.9968615384615386,0.04390609177885279,0.8126673417435615,0.6085448989616041,3.58722886291692,0.04361158159668893,0.5,23,0,15,2,0.92,1.0,1.0,0.8823529411764706,0.9583333333333334,0.96,0.95,0.9922472599105449,22,0,15,3,0.88,1.0,1.0,0.8333333333333334,0.9361702127659575,0.94,0.925
low_cost_plus_urine_micro_model,ebm,none,4,0,40,26,0.9972527472527473,0.9985754985754985,0.023785910440452248,0.8954465475144956,0.8643674532327881,1.875142318643676,0.020910896353263694,0.5,25,0,14,1,0.9615384615384616,1.0,1.0,0.9333333333333333,0.9803921568627451,0.9807692307692308,0.975,0.983647361436107,24,0,14,2,0.9230769230769231,1.0,1.0,0.875,0.9600000000000001,0.9615384615384616,0.95
low_cost_plus_urine_micro_model,ebm,none,4,1,40,26,1.0,1.0,0.002685231055451458,0.9881967865694441,,-3.6775260851702067,0.012762459652674632,0.5,26,0,14,0,1.0,1.0,1.0,1.0,1.0,1.0,1.0,0.8754108592364848,26,0,14,0,1.0,1.0,1.0,1.0,1.0,1.0,1.0
low_cost_plus_urine_micro_model,ebm,none,4,2,40,26,1.0,0.9999999999999998,0.001975464230384377,0.9913166407455631,,-1.0541920547156842,0.018710343780485503,0.5,26,0,14,0,1.0,1.0,1.0,1.0,1.0,1.0,1.0,0.9956702063670936,22,0,14,4,0.8461538461538461,1.0,1.0,0.7777777777777778,0.9166666666666666,0.9230769230769231,0.9
low_cost_plus_urine_micro_model,ebm,none,4,3,40,25,0.9826666666666667,0.9906580645161291,0.043672290143184536,0.8136648953890793,0.6937415178704317,1.5248009419090987,0.038578727458902486,0.5,23,0,15,2,0.92,1.0,1.0,0.8823529411764706,0.9583333333333334,0.96,0.95,0.9946865052949432,21,0,15,4,0.84,1.0,1.0,0.7894736842105263,0.9130434782608696,0.9199999999999999,0.9
low_cost_plus_urine_micro_model,ebm,none,4,4,40,25,0.9853333333333333,0.992258064516129,0.024803135856990392,0.8941732870101743,1.1741061857399908,-0.4563917563451023,0.02654934461632836,0.5,24,0,15,1,0.96,1.0,1.0,0.9375,0.9795918367346939,0.98,0.975,0.9892321073008992,23,0,15,2,0.92,1.0,1.0,0.8823529411764706,0.9583333333333334,0.96,0.95
low_cost_plus_urine_micro_model,ebm,sigmoid,0,0,40,26,0.9945054945054945,0.9972527472527472,0.06380725200063966,0.7195285626345509,8.632367001536903,0.28307977322498,0.11032810067389598,0.5,24,0,14,2,0.9230769230769231,1.0,1.0,0.875,0.9600000000000001,0.9615384615384616,0.95,0.6283986870327676,20,0,14,6,0.7692307692307693,1.0,1.0,0.7,0.8695652173913044,0.8846153846153846,0.85
low_cost_plus_urine_micro_model,ebm,sigmoid,0,1,40,26,0.9986263736263735,0.9985754985754984,0.04329902425884089,0.8096746186424576,,-0.14072219036884895,0.11174935680061708,0.5,25,0,14,1,0.9615384615384616,1.0,1.0,0.9333333333333333,0.9803921568627451,0.9807692307692308,0.975,0.5984390650591337,24,0,14,2,0.9230769230769231,1.0,1.0,0.875,0.9600000000000001,0.9615384615384616,0.95
low_cost_plus_urine_micro_model,ebm,sigmoid,0,2,40,26,0.9697802197802198,0.9885654885654884,0.05626278728698577,0.7526910448923703,2.0012281105561605,0.1744224042056665,0.0710413863392104,0.5,24,0,14,2,0.9230769230769231,1.0,1.0,0.875,0.9600000000000001,0.9615384615384616,0.95,0.6038322269934498,23,0,14,3,0.8846153846153846,1.0,1.0,0.8235294117647058,0.9387755102040816,0.9423076923076923,0.925
low_cost_plus_urine_micro_model,ebm,sigmoid,0,3,40,25,1.0,1.0000000000000002,0.02657237974990028,0.8866245130670921,,-0.250300566130822,0.11285359999864436,0.5,25,0,15,0,1.0,1.0,1.0,1.0,1.0,1.0,1.0,0.4964144270371358,25,0,15,0,1.0,1.0,1.0,1.0,1.0,1.0,1.0
low_cost_plus_urine_micro_model,ebm,sigmoid,0,4,40,25,0.9853333333333333,0.9914058355437667,0.06204496454141236,0.7352748179566406,3.61993069574211,0.3438904771997251,0.07941720414742143,0.5,21,0,15,4,0.84,1.0,1.0,0.7894736842105263,0.9130434782608696,0.9199999999999999,0.9,0.6725285094932703,21,0,15,4,0.84,1.0,1.0,0.7894736842105263,0.9130434782608696,0.9199999999999999,0.9
low_cost_plus_urine_micro_model,ebm,sigmoid,1,0,40,26,0.9917582417582418,0.9957734573119187,0.0443322600711492,0.8051329227641794,4.765798091701098,0.0666216797885373,0.0666108201790722,0.5,24,0,14,2,0.9230769230769231,1.0,1.0,0.875,0.9600000000000001,0.9615384615384616,0.95,0.645510355221243,23,0,14,3,0.8846153846153846,1.0,1.0,0.8235294117647058,0.9387755102040816,0.9423076923076923,0.925
low_cost_plus_urine_micro_model,ebm,sigmoid,1,1,40,26,0.9972527472527472,0.9985754985754984,0.042859209621598345,0.8116078697951721,,0.17532957219933623,0.1147591453658133,0.5,25,0,14,1,0.9615384615384616,1.0,1.0,0.9333333333333333,0.9803921568627451,0.9807692307692308,0.975,0.6351719037661979,23,0,14,3,0.8846153846153846,1.0,1.0,0.8235294117647058,0.9387755102040816,0.9423076923076923,0.925
low_cost_plus_urine_micro_model,ebm,sigmoid,1,2,40,26,1.0,0.9999999999999999,0.0360896135769556,0.8413643359254699,,0.2892978793464488,0.13143427857595624,0.5,25,0,14,1,0.9615384615384616,1.0,1.0,0.9333333333333333,0.9803921568627451,0.9807692307692308,0.975,0.5792887850408873,23,0,14,3,0.8846153846153846,1.0,1.0,0.8235294117647058,0.9387755102040816,0.9423076923076923,0.925
low_cost_plus_urine_micro_model,ebm,sigmoid,1,3,40,25,0.9813333333333333,0.9912500000000002,0.0474875859695292,0.7973862998633421,2.906252631019712,-0.14510306340989254,0.10341683644240263,0.5,24,0,15,1,0.96,1.0,1.0,0.9375,0.9795918367346939,0.98,0.975,0.5759385830739692,23,0,15,2,0.92,1.0,1.0,0.8823529411764706,0.9583333333333334,0.96,0.95
low_cost_plus_urine_micro_model,ebm,sigmoid,1,4,40,25,0.9813333333333334,0.9912500000000002,0.04228775860260558,0.8195722299622162,1.8858020095511645,-0.15289805752045244,0.08629168884250915,0.5,24,0,15,1,0.96,1.0,1.0,0.9375,0.9795918367346939,0.98,0.975,0.5389600958837872,24,0,15,1,0.96,1.0,1.0,0.9375,0.9795918367346939,0.98,0.975
low_cost_plus_urine_micro_model,ebm,sigmoid,2,0,40,26,1.0,0.9999999999999999,0.028941682817288473,0.8727838117921386,,0.04107706676417741,0.1133321500156787,0.5,26,0,14,0,1.0,1.0,1.0,1.0,1.0,1.0,1.0,0.53877255514155,26,0,14,0,1.0,1.0,1.0,1.0,1.0,1.0,1.0
low_cost_plus_urine_micro_model,ebm,sigmoid,2,1,40,26,1.0,0.9999999999999999,0.03228354257553343,0.8580943183493036,,-0.22577705079281535,0.13005280213515477,0.5,26,0,14,0,1.0,1.0,1.0,1.0,1.0,1.0,1.0,0.6250035975526442,25,0,14,1,0.9615384615384616,1.0,1.0,0.9333333333333333,0.9803921568627451,0.9807692307692308,0.975
low_cost_plus_urine_micro_model,ebm,sigmoid,2,2,40,26,0.9615384615384616,0.9819004524886877,0.06918029258457473,0.6959108018260451,1.8334914831280664,0.4764186916588839,0.08584834205994944,0.5,24,0,14,2,0.9230769230769231,1.0,1.0,0.875,0.9600000000000001,0.9615384615384616,0.95,0.6224727306165996,21,0,14,5,0.8076923076923077,1.0,1.0,0.7368421052631579,0.8936170212765957,0.9038461538461539,0.875
low_cost_plus_urine_micro_model,ebm,sigmoid,2,3,40,25,0.976,0.9878136200716847,0.05614091242951911,0.7604654403007185,1.7829915566026602,0.0018609343341058583,0.0726527559386361,0.5,23,0,15,2,0.92,1.0,1.0,0.8823529411764706,0.9583333333333334,0.96,0.95,0.6136843128531243,23,0,15,2,0.92,1.0,1.0,0.8823529411764706,0.9583333333333334,0.96,0.95
low_cost_plus_urine_micro_model,ebm,sigmoid,2,4,40,25,0.9946666666666667,0.9970370370370372,0.043252022970323864,0.8154580353266182,3.7068146436969722,-0.0008852980256339623,0.09685668000953404,0.5,23,0,15,2,0.92,1.0,1.0,0.8823529411764706,0.9583333333333334,0.96,0.95,0.6287641087108476,23,0,15,2,0.92,1.0,1.0,0.8823529411764706,0.9583333333333334,0.96,0.95
low_cost_plus_urine_micro_model,ebm,sigmoid,3,0,40,26,1.0,0.9999999999999999,0.04782100676427374,0.7897977724647308,,0.08239410961192294,0.161078727450872,0.5,24,0,14,2,0.9230769230769231,1.0,1.0,0.875,0.9600000000000001,0.9615384615384616,0.95,0.6376287198137017,22,0,14,4,0.8461538461538461,1.0,1.0,0.7777777777777778,0.9166666666666666,0.9230769230769231,0.9
low_cost_plus_urine_micro_model,ebm,sigmoid,3,1,40,26,0.9958791208791209,0.9972527472527472,0.030392673891299522,0.8664058290492329,,-0.18707378586630463,0.0671424204616081,0.5,25,0,14,1,0.9615384615384616,1.0,1.0,0.9333333333333333,0.9803921568627451,0.9807692307692308,0.975,0.6208387489199153,24,0,14,2,0.9230769230769231,1.0,1.0,0.875,0.9600000000000001,0.9615384615384616,0.95
low_cost_plus_urine_micro_model,ebm,sigmoid,3,2,40,26,1.0,0.9999999999999999,0.039731377114715964,0.8253565841111385,,0.25871416341225134,0.1424966234018262,0.5,25,0,14,1,0.9615384615384616,1.0,1.0,0.9333333333333333,0.9803921568627451,0.9807692307692308,0.975,0.6390521272734718,23,0,14,3,0.8846153846153846,1.0,1.0,0.8235294117647058,0.9387755102040816,0.9423076923076923,0.925
low_cost_plus_urine_micro_model,ebm,sigmoid,3,3,40,25,0.9853333333333334,0.9922580645161292,0.03271614027586868,0.8604111348229603,1.7143962597709195,-0.21359874463020195,0.0600939270841561,0.5,24,0,15,1,0.96,1.0,1.0,0.9375,0.9795918367346939,0.98,0.975,0.5982788426176421,24,0,15,1,0.96,1.0,1.0,0.9375,0.9795918367346939,0.98,0.975
low_cost_plus_urine_micro_model,ebm,sigmoid,3,4,40,25,0.9933333333333334,0.9954370370370371,0.054909953848367096,0.7657175302469671,8.979680614394326,0.24794796262390636,0.08581871688458667,0.5,23,0,15,2,0.92,1.0,1.0,0.8823529411764706,0.9583333333333334,0.96,0.95,0.6684321931694617,22,0,15,3,0.88,1.0,1.0,0.8333333333333334,0.9361702127659575,0.94,0.925
low_cost_plus_urine_micro_model,ebm,sigmoid,4,0,40,26,0.9972527472527473,0.9985754985754984,0.04314682003164856,0.8103436482125338,4.504035853460549,0.25694272383587774,0.11701956476048009,0.5,25,0,14,1,0.9615384615384616,1.0,1.0,0.9333333333333333,0.9803921568627451,0.9807692307692308,0.975,0.5703511793754358,23,0,14,3,0.8846153846153846,1.0,1.0,0.8235294117647058,0.9387755102040816,0.9423076923076923,0.925
low_cost_plus_urine_micro_model,ebm,sigmoid,4,1,40,26,1.0,0.9999999999999999,0.024122827127150186,0.8939655950454937,,-0.4649584933643277,0.11015761771426852,0.5,26,0,14,0,1.0,1.0,1.0,1.0,1.0,1.0,1.0,0.5501319289506204,26,0,14,0,1.0,1.0,1.0,1.0,1.0,1.0,1.0
low_cost_plus_urine_micro_model,ebm,sigmoid,4,2,40,26,1.0,0.9999999999999998,0.028981122475953792,0.8726104506551482,,0.04059900627839108,0.12481746643601978,0.5,26,0,14,0,1.0,1.0,1.0,1.0,1.0,1.0,1.0,0.6203351033372267,25,0,14,1,0.9615384615384616,1.0,1.0,0.9333333333333333,0.9803921568627451,0.9807692307692308,0.975
low_cost_plus_urine_micro_model,ebm,sigmoid,4,3,40,25,0.9826666666666666,0.9906580645161291,0.056853205393329276,0.7574263236551284,2.4857719990528415,0.2491016913514636,0.07410082551329641,0.5,22,0,15,3,0.88,1.0,1.0,0.8333333333333334,0.9361702127659575,0.94,0.925,0.5996957030114863,22,0,15,3,0.88,1.0,1.0,0.8333333333333334,0.9361702127659575,0.94,0.925
low_cost_plus_urine_micro_model,ebm,sigmoid,4,4,40,25,0.9826666666666668,0.99125,0.050475653191224046,0.7846372130507774,4.755276392492503,0.03374061967517165,0.11941286438606849,0.5,24,0,15,1,0.96,1.0,1.0,0.9375,0.9795918367346939,0.98,0.975,0.6411059182049799,21,0,15,4,0.84,1.0,1.0,0.7894736842105263,0.9130434782608696,0.9199999999999999,0.9
low_cost_plus_urine_micro_model,logreg,isotonic,0,0,40,26,1.0,1.0,0.006048046966404342,0.9734151781696513,,-0.8009218859106526,0.03420410457012084,0.5,26,0,14,0,1.0,1.0,1.0,1.0,1.0,1.0,1.0,0.8543202233786115,25,0,14,1,0.9615384615384616,1.0,1.0,0.9333333333333333,0.9803921568627451,0.9807692307692308,0.975
low_cost_plus_urine_micro_model,logreg,isotonic,0,1,40,26,0.9862637362637362,0.9927884615384616,0.024112643458451585,0.8940103584243886,1.6529484664947582,-0.355975695403955,0.019418074469523983,0.5,25,0,14,1,0.9615384615384616,1.0,1.0,0.9333333333333333,0.9803921568627451,0.9807692307692308,0.975,0.856500749075241,25,0,14,1,0.9615384615384616,1.0,1.0,0.9333333333333333,0.9803921568627451,0.9807692307692308,0.975
low_cost_plus_urine_micro_model,logreg,isotonic,0,2,40,26,0.9711538461538461,0.9865384615384616,0.03217346569806541,0.8585781727557564,2.6442250982628703,1.0575452380533368,0.02642934125010517,0.5,25,0,14,1,0.9615384615384616,1.0,1.0,0.9333333333333333,0.9803921568627451,0.9807692307692308,0.975,0.9149941411669092,24,0,14,2,0.9230769230769231,1.0,1.0,0.875,0.9600000000000001,0.9615384615384616,0.95
low_cost_plus_urine_micro_model,logreg,isotonic,0,3,40,25,1.0,1.0,0.002745812946863613,0.9882845314267152,,-5.290174042577537,0.021437714007699758,0.5,25,0,15,0,1.0,1.0,1.0,1.0,1.0,1.0,1.0,0.8091221578994274,25,0,15,0,1.0,1.0,1.0,1.0,1.0,1.0,1.0
low_cost_plus_urine_micro_model,logreg,isotonic,0,4,40,25,0.9306666666666668,0.9665026455026455,0.07397892545127321,0.6843565847412343,-0.022538519025680714,0.0,0.0713106888023953,0.5,22,0,15,3,0.88,1.0,1.0,0.8333333333333334,0.9361702127659575,0.94,0.925,0.986389411745874,21,0,15,4,0.84,1.0,1.0,0.7894736842105263,0.9130434782608696,0.9199999999999999,0.9
low_cost_plus_urine_micro_model,logreg,isotonic,1,0,40,26,0.9890109890109889,0.9948717948717949,0.029376668695112528,0.8708717859555494,1.0984374129223347,0.5050852664722433,0.03169728435604219,0.5,25,0,14,1,0.9615384615384616,1.0,1.0,0.9333333333333333,0.9803921568627451,0.9807692307692308,0.975,0.9800383615634092,24,0,14,2,0.9230769230769231,1.0,1.0,0.875,0.9600000000000001,0.9615384615384616,0.95
low_cost_plus_urine_micro_model,logreg,isotonic,1,1,40,26,0.978021978021978,0.9836829836829837,0.04657003086257131,0.7952965676370491,2.594314631618616,1.4154674167902799,0.04305547382788363,0.5,24,0,14,2,0.9230769230769231,1.0,1.0,0.875,0.9600000000000001,0.9615384615384616,0.95,0.983707830852752,21,0,14,5,0.8076923076923077,1.0,1.0,0.7368421052631579,0.8936170212765957,0.9038461538461539,0.875
low_cost_plus_urine_micro_model,logreg,isotonic,1,2,40,26,1.0,1.0,0.0029231883122375012,0.9871508206055495,,0.07793316847636755,0.02288725483617487,0.5,26,0,14,0,1.0,1.0,1.0,1.0,1.0,1.0,1.0,0.9578458832090072,23,0,14,3,0.8846153846153846,1.0,1.0,0.8235294117647058,0.9387755102040816,0.9423076923076923,0.925
low_cost_plus_urine_micro_model,logreg,isotonic,1,3,40,25,0.9653333333333333,0.985,0.02838556473689947,0.8788882571225622,0.8771237289262243,0.07814218579791739,0.012143540714581449,0.5,24,0,15,1,0.96,1.0,1.0,0.9375,0.9795918367346939,0.98,0.975,0.9752177295416988,22,0,15,3,0.88,1.0,1.0,0.8333333333333334,0.9361702127659575,0.94,0.925
low_cost_plus_urine_micro_model,logreg,isotonic,1,4,40,25,0.9813333333333334,0.9903030303030302,0.025178275703470247,0.8925726903318603,0.49223763232457823,0.37175372027315917,0.0070134269605317354,0.5,24,0,15,1,0.96,1.0,1.0,0.9375,0.9795918367346939,0.98,0.975,0.9075092877443592,24,0,15,1,0.96,1.0,1.0,0.9375,0.9795918367346939,0.98,0.975
low_cost_plus_urine_micro_model,logreg,isotonic,2,0,40,26,1.0,1.0,0.0026364779013263112,0.9884110861480162,,-0.695051375527287,0.019037037412715552,0.5,26,0,14,0,1.0,1.0,1.0,1.0,1.0,1.0,1.0,0.8466737493375045,26,0,14,0,1.0,1.0,1.0,1.0,1.0,1.0,1.0
low_cost_plus_urine_micro_model,logreg,isotonic,2,1,40,26,1.0,1.0,0.005842114896557639,0.9743203740810653,,-1.3333770177133926,0.039157037992042926,0.5,26,0,14,0,1.0,1.0,1.0,1.0,1.0,1.0,1.0,0.9425525924249828,25,0,14,1,0.9615384615384616,1.0,1.0,0.9333333333333333,0.9803921568627451,0.9807692307692308,0.975
low_cost_plus_urine_micro_model,logreg,isotonic,2,2,40,26,0.9587912087912087,0.9728506787330317,0.07642681252336037,0.6640579669302842,4.9504900088685915,2.047351828094369,0.08435571942008044,0.5,23,0,14,3,0.8846153846153846,1.0,1.0,0.8235294117647058,0.9387755102040816,0.9423076923076923,0.925,1.0,23,0,14,3,0.8846153846153846,1.0,1.0,0.8235294117647058,0.9387755102040816,0.9423076923076923,0.925
low_cost_plus_urine_micro_model,logreg,isotonic,2,3,40,25,0.976,0.988173076923077,0.044908953754378575,0.8083884639813181,0.9857972123039933,0.3796379282096573,0.017862006155198284,0.5,23,0,15,2,0.92,1.0,1.0,0.8823529411764706,0.9583333333333334,0.96,0.95,0.9741097014699992,21,0,15,4,0.84,1.0,1.0,0.7894736842105263,0.9130434782608696,0.9199999999999999,0.9
low_cost_plus_urine_micro_model,logreg,isotonic,2,4,40,25,0.996,0.997037037037037,0.021105217495895622,0.909951072017512,5.356877158015428,0.3454655582634588,0.008119542379810305,0.5,24,0,15,1,0.96,1.0,1.0,0.9375,0.9795918367346939,0.98,0.975,0.8711202221242409,24,0,15,1,0.96,1.0,1.0,0.9375,0.9795918367346939,0.98,0.975
low_cost_plus_urine_micro_model,logreg,isotonic,3,0,40,26,0.9642857142857143,0.9851953601953602,0.047248388856891574,0.7923147742554217,0.9574724830075901,0.34604892754004196,0.05317032433187205,0.5,24,0,14,2,0.9230769230769231,1.0,1.0,0.875,0.9600000000000001,0.9615384615384616,0.95,0.9420143950771708,22,0,14,4,0.8461538461538461,1.0,1.0,0.7777777777777778,0.9166666666666666,0.9230769230769231,0.9
low_cost_plus_urine_micro_model,logreg,isotonic,3,1,40,26,0.9876373626373626,0.9937965260545906,0.023394923894528248,0.8971651696943813,0.7612316999462458,-0.0008478754516485931,0.013523237862172145,0.5,25,0,14,1,0.9615384615384616,1.0,1.0,0.9333333333333333,0.9803921568627451,0.9807692307692308,0.975,0.9877560448602426,25,0,14,1,0.9615384615384616,1.0,1.0,0.9333333333333333,0.9803921568627451,0.9807692307692308,0.975
low_cost_plus_urine_micro_model,logreg,isotonic,3,2,40,26,1.0,1.0,0.00116489458454174,0.9948795842437725,,-0.6472371580159879,0.015560421816274926,0.5,26,0,14,0,1.0,1.0,1.0,1.0,1.0,1.0,1.0,0.8136954822773136,26,0,14,0,1.0,1.0,1.0,1.0,1.0,1.0,1.0
low_cost_plus_urine_micro_model,logreg,isotonic,3,3,40,25,0.988,0.9933333333333333,0.02562126928627036,0.8906825843785798,0.42394986699353365,1.1540801334923354,0.01581195084638983,0.5,24,0,15,1,0.96,1.0,1.0,0.9375,0.9795918367346939,0.98,0.975,0.8214285714285714,24,0,15,1,0.96,1.0,1.0,0.9375,0.9795918367346939,0.98,0.975
low_cost_plus_urine_micro_model,logreg,isotonic,3,4,40,25,0.964,0.9819230769230769,0.045546666591438814,0.8056675558765277,0.2997519311498304,1.3055386903802895,0.03378862365148541,0.5,23,0,15,2,0.92,1.0,1.0,0.8823529411764706,0.9583333333333334,0.96,0.95,0.947252524393346,23,0,15,2,0.92,1.0,1.0,0.8823529411764706,0.9583333333333334,0.96,0.95
low_cost_plus_urine_micro_model,logreg,isotonic,4,0,40,26,0.9752747252747254,0.9865384615384616,0.032004583916990306,0.8593205102549877,5.699519443687349,1.8815885594007107,0.03593970304492977,0.5,25,0,14,1,0.9615384615384616,1.0,1.0,0.9333333333333333,0.9803921568627451,0.9807692307692308,0.975,0.921443919135804,23,0,14,3,0.8846153846153846,1.0,1.0,0.8235294117647058,0.9387755102040816,0.9423076923076923,0.925
low_cost_plus_urine_micro_model,logreg,isotonic,4,1,40,26,1.0,1.0,0.005013018940129959,0.9779647519115167,,-1.9547336065031966,0.030661393112945277,0.5,26,0,14,0,1.0,1.0,1.0,1.0,1.0,1.0,1.0,0.7983544975338742,26,0,14,0,1.0,1.0,1.0,1.0,1.0,1.0,1.0
low_cost_plus_urine_micro_model,logreg,isotonic,4,2,40,26,1.0,1.0,0.004194797896109041,0.981561327929191,,-1.1901124144259008,0.029476161939080033,0.5,26,0,14,0,1.0,1.0,1.0,1.0,1.0,1.0,1.0,0.8865375970666993,26,0,14,0,1.0,1.0,1.0,1.0,1.0,1.0,1.0
low_cost_plus_urine_micro_model,logreg,isotonic,4,3,40,25,0.9893333333333334,0.9933333333333333,0.03722898315671554,0.8411563385313471,3.4467962914801187,0.4320613126842062,0.023709426922027575,0.5,23,0,15,2,0.92,1.0,1.0,0.8823529411764706,0.9583333333333334,0.96,0.95,0.941600570672539,23,0,15,2,0.92,1.0,1.0,0.8823529411764706,0.9583333333333334,0.96,0.95
low_cost_plus_urine_micro_model,logreg,isotonic,4,4,40,25,0.9826666666666667,0.9894117647058823,0.03993890885312058,0.8295939888933521,1.1494770752165504,0.43069652232359695,0.016367429540451284,0.5,23,0,15,2,0.92,1.0,1.0,0.8823529411764706,0.9583333333333334,0.96,0.95,0.886618153409025,22,0,15,3,0.88,1.0,1.0,0.8333333333333334,0.9361702127659575,0.94,0.925
low_cost_plus_urine_micro_model,logreg,none,0,0,40,26,1.0,0.9999999999999999,0.054417462316507306,0.7608023634439239,,0.4620379556622288,0.15337847946678113,0.5,24,0,14,2,0.9230769230769231,1.0,1.0,0.875,0.9600000000000001,0.9615384615384616,0.95,0.478641535469397,24,0,14,2,0.9230769230769231,1.0,1.0,0.875,0.9600000000000001,0.9615384615384616,0.95
low_cost_plus_urine_micro_model,logreg,none,0,1,40,26,0.9793956043956045,0.9909502262443438,0.043267413283055486,0.8098135679865692,3.0794789791321397,0.701010003417642,0.05945916187143341,0.5,23,0,14,3,0.8846153846153846,1.0,1.0,0.8235294117647058,0.9387755102040816,0.9423076923076923,0.925,0.4761925081724536,23,0,14,3,0.8846153846153846,1.0,1.0,0.8235294117647058,0.9387755102040816,0.9423076923076923,0.925
low_cost_plus_urine_micro_model,logreg,none,0,2,40,26,0.9752747252747253,0.9901098901098899,0.049274418840570856,0.7834091479535348,1.5911578653935285,0.9156662049429937,0.049638022564736844,0.5,24,0,14,2,0.9230769230769231,1.0,1.0,0.875,0.9600000000000001,0.9615384615384616,0.95,0.6587224975676929,23,0,14,3,0.8846153846153846,1.0,1.0,0.8235294117647058,0.9387755102040816,0.9423076923076923,0.925
low_cost_plus_urine_micro_model,logreg,none,0,3,40,25,1.0,1.0000000000000002,0.021382229957482738,0.908769152181407,,0.06706512518766967,0.10866743960306899,0.5,25,0,15,0,1.0,1.0,1.0,1.0,1.0,1.0,1.0,0.4131985276850079,25,0,15,0,1.0,1.0,1.0,1.0,1.0,1.0,1.0
low_cost_plus_urine_micro_model,logreg,none,0,4,40,25,0.9293333333333333,0.9690740740740742,0.12957088117391932,0.4471642403246109,5.997203716003261,0.5451581822312226,0.21746169116026945,0.5,20,0,15,5,0.8,1.0,1.0,0.75,0.888888888888889,0.9,0.875,0.4478110659460779,20,0,15,5,0.8,1.0,1.0,0.75,0.888888888888889,0.9,0.875
low_cost_plus_urine_micro_model,logreg,none,1,0,40,26,0.989010989010989,0.9948717948717948,0.05382252955650948,0.7634174524988595,4.914820721805393,0.39221229556096626,0.07991548270649676,0.5,24,0,14,2,0.9230769230769231,1.0,1.0,0.875,0.9600000000000001,0.9615384615384616,0.95,0.4502887778984015,24,0,14,2,0.9230769230769231,1.0,1.0,0.875,0.9600000000000001,0.9615384615384616,0.95
low_cost_plus_urine_micro_model,logreg,none,1,1,40,26,0.9615384615384616,0.9834280303030302,0.10243394720592391,0.5497408914025321,4.9051243819086565,0.6510090341321185,0.15895277859624143,0.5,21,0,14,5,0.8076923076923077,1.0,1.0,0.7368421052631579,0.8936170212765957,0.9038461538461539,0.875,0.4527887147751194,22,0,14,4,0.8461538461538461,1.0,1.0,0.7777777777777778,0.9166666666666666,0.9230769230769231,0.9
low_cost_plus_urine_micro_model,logreg,none,1,2,40,26,1.0,0.9999999999999999,0.02389690528910075,0.8949586580698868,,0.48897609606206865,0.09120944812627152,0.5,26,0,14,0,1.0,1.0,1.0,1.0,1.0,1.0,1.0,0.5243504319243013,26,0,14,0,1.0,1.0,1.0,1.0,1.0,1.0,1.0
low_cost_plus_urine_micro_model,logreg,none,1,3,40,25,0.9653333333333334,0.9863157894736845,0.06322288680622278,0.7302490162934495,3.0722286618376162,0.607102512422717,0.11829264634529153,0.5,22,0,15,3,0.88,1.0,1.0,0.8333333333333334,0.9361702127659575,0.94,0.925,0.3948764809366997,22,0,15,3,0.88,1.0,1.0,0.8333333333333334,0.9361702127659575,0.94,0.925
low_cost_plus_urine_micro_model,logreg,none,1,4,40,25,0.9786666666666667,0.9903030303030305,0.04265698841626421,0.8179968494239394,2.9387700913394337,0.32680061150316425,0.09430116259221889,0.5,24,0,15,1,0.96,1.0,1.0,0.9375,0.9795918367346939,0.98,0.975,0.4756690160280122,24,0,15,1,0.96,1.0,1.0,0.9375,0.9795918367346939,0.98,0.975
low_cost_plus_urine_micro_model,logreg,none,2,0,40,26,1.0,0.9999999999999999,0.012240670051574925,0.9461948569161541,,0.541378239844509,0.04781549497585762,0.5,26,0,14,0,1.0,1.0,1.0,1.0,1.0,1.0,1.0,0.5827210092260187,25,0,14,1,0.9615384615384616,1.0,1.0,0.9333333333333333,0.9803921568627451,0.9807692307692308,0.975
low_cost_plus_urine_micro_model,logreg,none,2,1,40,26,1.0,0.9999999999999999,0.04122349883912572,0.8187978073005463,,0.22479048169173543,0.1566648582292959,0.5,25,0,14,1,0.9615384615384616,1.0,1.0,0.9333333333333333,0.9803921568627451,0.9807692307692308,0.975,0.4597476891878821,25,0,14,1,0.9615384615384616,1.0,1.0,0.9333333333333333,0.9803921568627451,0.9807692307692308,0.975
low_cost_plus_urine_micro_model,logreg,none,2,2,40,26,0.9642857142857142,0.9809760132340776,0.08556964634794045,0.6238696863826794,3.2490274216714896,1.2583173613119822,0.11932639954554156,0.5,23,0,14,3,0.8846153846153846,1.0,1.0,0.8235294117647058,0.9387755102040816,0.9423076923076923,0.925,0.4593465070487181,23,0,14,3,0.8846153846153846,1.0,1.0,0.8235294117647058,0.9387755102040816,0.9423076923076923,0.925
low_cost_plus_urine_micro_model,logreg,none,2,3,40,25,0.968,0.9870270270270272,0.055373684864992924,0.7637389445760302,2.2941926335052854,0.5947055220771772,0.035804790389654645,0.5,22,0,15,3,0.88,1.0,1.0,0.8333333333333334,0.9361702127659575,0.94,0.925,0.7770532234617122,21,0,15,4,0.84,1.0,1.0,0.7894736842105263,0.9130434782608696,0.9199999999999999,0.9
low_cost_plus_urine_micro_model,logreg,none,2,4,40,25,0.9920000000000001,0.995714285714286,0.029634611539412513,0.8735589907651733,2.8030124149332702,0.5631893490960267,0.030825117463068458,0.5,24,0,15,1,0.96,1.0,1.0,0.9375,0.9795918367346939,0.98,0.975,0.6706079304330812,23,0,15,2,0.92,1.0,1.0,0.8823529411764706,0.9583333333333334,0.96,0.95
low_cost_plus_urine_micro_model,logreg,none,3,0,40,26,0.967032967032967,0.9854312354312353,0.07120312952982792,0.6870192108578993,3.2064365404014223,0.6179908166327523,0.09647025373111748,0.5,22,0,14,4,0.8461538461538461,1.0,1.0,0.7777777777777778,0.9166666666666666,0.9230769230769231,0.9,0.6178762823812975,21,0,14,5,0.8076923076923077,1.0,1.0,0.7368421052631579,0.8936170212765957,0.9038461538461539,0.875
low_cost_plus_urine_micro_model,logreg,none,3,1,40,26,0.9986263736263736,0.9985754985754984,0.02258338688702355,0.9007323653317646,,0.34674452349564866,0.010793040926683308,0.5,25,0,14,1,0.9615384615384616,1.0,1.0,0.9333333333333333,0.9803921568627451,0.9807692307692308,0.975,0.6431283223978536,25,0,14,1,0.9615384615384616,1.0,1.0,0.9333333333333333,0.9803921568627451,0.9807692307692308,0.975
low_cost_plus_urine_micro_model,logreg,none,3,2,40,26,1.0,0.9999999999999999,0.12775476760627383,0.43844058195044466,,0.6326994449073005,0.30233892874415874,0.5,20,0,14,6,0.7692307692307693,1.0,1.0,0.7,0.8695652173913044,0.8846153846153846,0.85,0.43291582460676,24,0,14,2,0.9230769230769231,1.0,1.0,0.875,0.9600000000000001,0.9615384615384616,0.95
low_cost_plus_urine_micro_model,logreg,none,3,3,40,25,0.98,0.9903030303030305,0.024640489150750212,0.8948672462901324,1.163568652763482,0.12819657675914697,0.005636383269929135,0.5,24,0,15,1,0.96,1.0,1.0,0.9375,0.9795918367346939,0.98,0.975,0.6074385695472518,24,0,15,1,0.96,1.0,1.0,0.9375,0.9795918367346939,0.98,0.975
low_cost_plus_urine_micro_model,logreg,none,3,4,40,25,0.9746666666666667,0.9868055555555556,0.10800183621873746,0.5391921654667202,5.537561103984906,0.8644675702322777,0.18529636173283706,0.5,20,0,15,5,0.8,1.0,1.0,0.75,0.888888888888889,0.9,0.875,0.358123855095138,23,0,15,2,0.92,1.0,1.0,0.8823529411764706,0.9583333333333334,0.96,0.95
low_cost_plus_urine_micro_model,logreg,none,4,0,40,26,0.989010989010989,0.9948717948717948,0.062290758611073235,0.726194467643634,3.4556797545199602,1.114452321857229,0.08027504413139966,0.5,22,0,14,4,0.8461538461538461,1.0,1.0,0.7777777777777778,0.9166666666666666,0.9230769230769231,0.9,0.4813753798897207,22,0,14,4,0.8461538461538461,1.0,1.0,0.7777777777777778,0.9166666666666666,0.9230769230769231,0.9
low_cost_plus_urine_micro_model,logreg,none,4,1,40,26,1.0,0.9999999999999999,0.010847149827212053,0.9523202205397272,,0.044397661699119115,0.05946920631395737,0.5,26,0,14,0,1.0,1.0,1.0,1.0,1.0,1.0,1.0,0.3581861038203668,26,0,14,0,1.0,1.0,1.0,1.0,1.0,1.0,1.0
low_cost_plus_urine_micro_model,logreg,none,4,2,40,26,1.0,0.9999999999999998,0.01685290034315985,0.9259213171729237,,0.07661749275423776,0.07956772831931362,0.5,26,0,14,0,1.0,1.0,1.0,1.0,1.0,1.0,1.0,0.527551066524282,26,0,14,0,1.0,1.0,1.0,1.0,1.0,1.0,1.0
low_cost_plus_urine_micro_model,logreg,none,4,3,40,25,0.988,0.9933333333333335,0.09880181966391846,0.5784455694339479,11.098741278855568,0.5669044302944589,0.19435951641696514,0.5,21,0,15,4,0.84,1.0,1.0,0.7894736842105263,0.9130434782608696,0.9199999999999999,0.9,0.4223680359771303,23,0,15,2,0.92,1.0,1.0,0.8823529411764706,0.9583333333333334,0.96,0.95
low_cost_plus_urine_micro_model,logreg,none,4,4,40,25,0.9613333333333333,0.9814117647058824,0.07017953784199378,0.7005673052074932,2.7821159969585576,0.8327319570956291,0.07616745916592037,0.5,21,0,15,4,0.84,1.0,1.0,0.7894736842105263,0.9130434782608696,0.9199999999999999,0.9,0.4700764960341462,21,0,15,4,0.84,1.0,1.0,0.7894736842105263,0.9130434782608696,0.9199999999999999,0.9
low_cost_plus_urine_micro_model,logreg,sigmoid,0,0,40,26,1.0,0.9999999999999999,0.029643463953609263,0.8696990595445747,,-0.08833944120743296,0.12639735520682135,0.5,26,0,14,0,1.0,1.0,1.0,1.0,1.0,1.0,1.0,0.6142022960685409,24,0,14,2,0.9230769230769231,1.0,1.0,0.875,0.9600000000000001,0.9615384615384616,0.95
low_cost_plus_urine_micro_model,logreg,sigmoid,0,1,40,26,0.9766483516483516,0.9901098901098899,0.046794294314000895,0.7943107942241718,4.397227413297965,-0.04133803600547798,0.11311906592277896,0.5,25,0,14,1,0.9615384615384616,1.0,1.0,0.9333333333333333,0.9803921568627451,0.9807692307692308,0.975,0.5784581525412495,23,0,14,3,0.8846153846153846,1.0,1.0,0.8235294117647058,0.9387755102040816,0.9423076923076923,0.925
low_cost_plus_urine_micro_model,logreg,sigmoid,0,2,40,26,0.9780219780219781,0.9909502262443437,0.05491051284074783,0.7586351083923173,2.965734533145237,0.323471602612242,0.07508582177898569,0.5,24,0,14,2,0.9230769230769231,1.0,1.0,0.875,0.9600000000000001,0.9615384615384616,0.95,0.6197184717626946,23,0,14,3,0.8846153846153846,1.0,1.0,0.8235294117647058,0.9387755102040816,0.9423076923076923,0.925
low_cost_plus_urine_micro_model,logreg,sigmoid,0,3,40,25,1.0,1.0000000000000002,0.02096490452569339,0.9105497406903749,,-0.37063876442951826,0.10878162878038464,0.5,25,0,15,0,1.0,1.0,1.0,1.0,1.0,1.0,1.0,0.532361261489673,25,0,15,0,1.0,1.0,1.0,1.0,1.0,1.0,1.0
low_cost_plus_urine_micro_model,logreg,sigmoid,0,4,40,25,0.9293333333333333,0.9690740740740742,0.07709104040785199,0.6710782275931648,1.6654319099207922,0.6310896117994522,0.06400490946378061,0.5,21,0,15,4,0.84,1.0,1.0,0.7894736842105263,0.9130434782608696,0.9199999999999999,0.9,0.6208655932589491,20,0,15,5,0.8,1.0,1.0,0.75,0.888888888888889,0.9,0.875
low_cost_plus_urine_micro_model,logreg,sigmoid,1,0,40,26,0.989010989010989,0.9948717948717948,0.040738928414675905,0.8209277871882378,3.183697414778326,-0.03510727989766914,0.04472339112990419,0.5,24,0,14,2,0.9230769230769231,1.0,1.0,0.875,0.9600000000000001,0.9615384615384616,0.95,0.5925599533257305,24,0,14,2,0.9230769230769231,1.0,1.0,0.875,0.9600000000000001,0.9615384615384616,0.95
low_cost_plus_urine_micro_model,logreg,sigmoid,1,1,40,26,0.9615384615384616,0.9834280303030302,0.06087864428854177,0.7324015635668493,2.1636499436367522,0.27533555310431956,0.1105805247086459,0.5,24,0,14,2,0.9230769230769231,1.0,1.0,0.875,0.9600000000000001,0.9615384615384616,0.95,0.6258642264951328,22,0,14,4,0.8461538461538461,1.0,1.0,0.7777777777777778,0.9166666666666666,0.9230769230769231,0.9
low_cost_plus_urine_micro_model,logreg,sigmoid,1,2,40,26,1.0,0.9999999999999999,0.030842599618217514,0.8644281335462967,,0.18984085474992685,0.12625647062389256,0.5,26,0,14,0,1.0,1.0,1.0,1.0,1.0,1.0,1.0,0.5770717011132175,25,0,14,1,0.9615384615384616,1.0,1.0,0.9333333333333333,0.9803921568627451,0.9807692307692308,0.975
low_cost_plus_urine_micro_model,logreg,sigmoid,1,3,40,25,0.9653333333333334,0.9863157894736845,0.04841674981232036,0.7934218674674332,2.2856577791601267,-0.15511068969589237,0.104466630840032,0.5,23,0,15,2,0.92,1.0,1.0,0.8823529411764706,0.9583333333333334,0.96,0.95,0.6364257225152619,22,0,15,3,0.88,1.0,1.0,0.8333333333333334,0.9361702127659575,0.94,0.925
low_cost_plus_urine_micro_model,logreg,sigmoid,1,4,40,25,0.9786666666666667,0.9903030303030305,0.03854106159465665,0.8355581371961316,2.8722577950487636,-0.08113809806033359,0.09314207007521146,0.5,24,0,15,1,0.96,1.0,1.0,0.9375,0.9795918367346939,0.98,0.975,0.5776332075694135,24,0,15,1,0.96,1.0,1.0,0.9375,0.9795918367346939,0.98,0.975
low_cost_plus_urine_micro_model,logreg,sigmoid,2,0,40,26,1.0,0.9999999999999999,0.02513306733171351,0.8895249787616989,,-0.048570866799116104,0.11054635393501533,0.5,26,0,14,0,1.0,1.0,1.0,1.0,1.0,1.0,1.0,0.5281320535532332,26,0,14,0,1.0,1.0,1.0,1.0,1.0,1.0,1.0
low_cost_plus_urine_micro_model,logreg,sigmoid,2,1,40,26,1.0,0.9999999999999999,0.023877540012380107,0.8950437801653621,,-0.32092012424348787,0.10960330660792769,0.5,26,0,14,0,1.0,1.0,1.0,1.0,1.0,1.0,1.0,0.5843007395737008,25,0,14,1,0.9615384615384616,1.0,1.0,0.9333333333333333,0.9803921568627451,0.9807692307692308,0.975
low_cost_plus_urine_micro_model,logreg,sigmoid,2,2,40,26,0.9615384615384616,0.9799679487179486,0.06748090561017492,0.7033806346805498,2.6229018739405574,0.4555839235467816,0.07013099855301708,0.5,23,0,14,3,0.8846153846153846,1.0,1.0,0.8235294117647058,0.9387755102040816,0.9423076923076923,0.925,0.6450257536072472,23,0,14,3,0.8846153846153846,1.0,1.0,0.8235294117647058,0.9387755102040816,0.9423076923076923,0.925
low_cost_plus_urine_micro_model,logreg,sigmoid,2,3,40,25,0.968,0.9870270270270272,0.05906896620151112,0.7479724108735526,4.174375299713268,0.052661246953071665,0.10839835501371033,0.5,22,0,15,3,0.88,1.0,1.0,0.8333333333333334,0.9361702127659575,0.94,0.925,0.656798784131031,22,0,15,3,0.88,1.0,1.0,0.8333333333333334,0.9361702127659575,0.94,0.925
low_cost_plus_urine_micro_model,logreg,sigmoid,2,4,40,25,0.9893333333333334,0.9944827586206899,0.03985405322302327,0.8299560395817673,5.1738311483891435,0.059831122005366597,0.09210622123639307,0.5,24,0,15,1,0.96,1.0,1.0,0.9375,0.9795918367346939,0.98,0.975,0.6245704506254636,22,0,15,3,0.88,1.0,1.0,0.8333333333333334,0.9361702127659575,0.94,0.925
low_cost_plus_urine_micro_model,logreg,sigmoid,3,0,40,26,0.967032967032967,0.9854312354312353,0.0647457315813224,0.715403377664517,3.0313737989431506,0.2587778764101146,0.0934022858772643,0.5,23,0,14,3,0.8846153846153846,1.0,1.0,0.8235294117647058,0.9387755102040816,0.9423076923076923,0.925,0.6960641322471205,21,0,14,5,0.8076923076923077,1.0,1.0,0.7368421052631579,0.8936170212765957,0.9038461538461539,0.875
low_cost_plus_urine_micro_model,logreg,sigmoid,3,1,40,26,0.9986263736263736,0.9985754985754984,0.030083291148145248,0.867765753194966,,-0.07128436648853037,0.0625977561454338,0.5,25,0,14,1,0.9615384615384616,1.0,1.0,0.9333333333333333,0.9803921568627451,0.9807692307692308,0.975,0.5971714433564829,25,0,14,1,0.9615384615384616,1.0,1.0,0.9333333333333333,0.9803921568627451,0.9807692307692308,0.975
low_cost_plus_urine_micro_model,logreg,sigmoid,3,2,40,26,1.0,0.9999999999999999,0.035382538524709364,0.8444723581331457,,0.21541041195724583,0.13601134211920674,0.5,25,0,14,1,0.9615384615384616,1.0,1.0,0.9333333333333333,0.9803921568627451,0.9807692307692308,0.975,0.5527383242863122,24,0,14,2,0.9230769230769231,1.0,1.0,0.875,0.9600000000000001,0.9615384615384616,0.95
low_cost_plus_urine_micro_model,logreg,sigmoid,3,3,40,25,0.98,0.9903030303030305,0.032139584730984404,0.8628711051477999,2.182356860955811,-0.18782337041415553,0.06813942845882057,0.5,24,0,15,1,0.96,1.0,1.0,0.9375,0.9795918367346939,0.98,0.975,0.584221035523717,24,0,15,1,0.96,1.0,1.0,0.9375,0.9795918367346939,0.98,0.975
low_cost_plus_urine_micro_model,logreg,sigmoid,3,4,40,25,0.9693333333333334,0.9849673202614381,0.04942004079451904,0.7891411592767188,2.4563210664768746,0.23553543070795416,0.06093881976691353,0.5,23,0,15,2,0.92,1.0,1.0,0.8823529411764706,0.9583333333333334,0.96,0.95,0.5639976805985726,23,0,15,2,0.92,1.0,1.0,0.8823529411764706,0.9583333333333334,0.96,0.95
low_cost_plus_urine_micro_model,logreg,sigmoid,4,0,40,26,0.9862637362637362,0.9937965260545903,0.04577989315676273,0.7987697004098342,3.0695881546905968,0.3555555891459386,0.056059373193158776,0.5,24,0,14,2,0.9230769230769231,1.0,1.0,0.875,0.9600000000000001,0.9615384615384616,0.95,0.6512438282172591,22,0,14,4,0.8461538461538461,1.0,1.0,0.7777777777777778,0.9166666666666666,0.9230769230769231,0.9
low_cost_plus_urine_micro_model,logreg,sigmoid,4,1,40,26,1.0,0.9999999999999999,0.021529288455217913,0.9053657650320092,,-0.4059866193665224,0.10468925807373773,0.5,26,0,14,0,1.0,1.0,1.0,1.0,1.0,1.0,1.0,0.5107062739204612,26,0,14,0,1.0,1.0,1.0,1.0,1.0,1.0,1.0
low_cost_plus_urine_micro_model,logreg,sigmoid,4,2,40,26,1.0,0.9999999999999998,0.027797895118673754,0.8778114500278077,,-0.11573001433293427,0.12258691325467184,0.5,26,0,14,0,1.0,1.0,1.0,1.0,1.0,1.0,1.0,0.5534293298907119,26,0,14,0,1.0,1.0,1.0,1.0,1.0,1.0,1.0
low_cost_plus_urine_micro_model,logreg,sigmoid,4,3,40,25,0.988,0.9933333333333335,0.05123906498462265,0.7813799893989434,4.877610763035095,0.08798667621737413,0.07880950115777648,0.5,23,0,15,2,0.92,1.0,1.0,0.8823529411764706,0.9583333333333334,0.96,0.95,0.5849176481045808,23,0,15,2,0.92,1.0,1.0,0.8823529411764706,0.9583333333333334,0.96,0.95
low_cost_plus_urine_micro_model,logreg,sigmoid,4,4,40,25,0.9613333333333333,0.9814117647058824,0.05945268876077638,0.7463351946206874,2.7339758759347474,0.046338589119952485,0.08391968565088465,0.5,23,0,15,2,0.92,1.0,1.0,0.8823529411764706,0.9583333333333334,0.96,0.95,0.6430099195609437,22,0,15,3,0.88,1.0,1.0,0.8333333333333334,0.9361702127659575,0.94,0.925
low_cost_plus_urine_micro_model,random_forest,isotonic,0,0,40,26,1.0,1.0,0.0042075690448224535,0.9815051910117695,,-5.272825982723155,0.019280614537021266,0.5,26,0,14,0,1.0,1.0,1.0,1.0,1.0,1.0,1.0,0.9498913942526064,26,0,14,0,1.0,1.0,1.0,1.0,1.0,1.0,1.0
low_cost_plus_urine_micro_model,random_forest,isotonic,0,1,40,26,0.9862637362637363,0.9901098901098901,0.02594469095914666,0.8859574023773773,0.9851049109267819,0.033496690526349855,0.0189098194436209,0.5,25,0,14,1,0.9615384615384616,1.0,1.0,0.9333333333333333,0.9803921568627451,0.9807692307692308,0.975,0.9583802198181206,23,0,14,3,0.8846153846153846,1.0,1.0,0.8235294117647058,0.9387755102040816,0.9423076923076923,0.925
low_cost_plus_urine_micro_model,random_forest,isotonic,0,2,40,26,0.9766483516483517,0.9865384615384616,0.06083434232886857,0.7325962974555228,-2.7178767213892563,-1.214667780469268,0.07706369227763102,0.5,25,2,12,1,0.9615384615384616,0.8571428571428571,0.9259259259259259,0.9230769230769231,0.9433962264150944,0.9093406593406593,0.925,1.0,24,0,14,2,0.9230769230769231,1.0,1.0,0.875,0.9600000000000001,0.9615384615384616,0.95
low_cost_plus_urine_micro_model,random_forest,isotonic,0,3,40,25,1.0,1.0,0.0013408629259693918,0.9942789848491973,,-5.098994355855312,0.015318097857302837,0.5,25,0,15,0,1.0,1.0,1.0,1.0,1.0,1.0,1.0,0.9377882516637616,25,0,15,0,1.0,1.0,1.0,1.0,1.0,1.0,1.0
low_cost_plus_urine_micro_model,random_forest,isotonic,0,4,40,25,0.992,0.9914285714285714,0.05068201687538526,0.7837567279983562,3.8456188023940427,3.0204590748298084,0.057694895696110346,0.5,23,0,15,2,0.92,1.0,1.0,0.8823529411764706,0.9583333333333334,0.96,0.95,0.9751786962303828,21,0,15,4,0.84,1.0,1.0,0.7894736842105263,0.9130434782608696,0.9199999999999999,0.9
low_cost_plus_urine_micro_model,random_forest,isotonic,1,0,40,26,0.9917582417582418,0.9948717948717949,0.029259191681776858,0.8713881684317502,1.9663612380397497,0.7004802367786958,0.03305952407099096,0.5,25,0,14,1,0.9615384615384616,1.0,1.0,0.9333333333333333,0.9803921568627451,0.9807692307692308,0.975,0.9798275275913422,25,0,14,1,0.9615384615384616,1.0,1.0,0.9333333333333333,0.9803921568627451,0.9807692307692308,0.975
low_cost_plus_urine_micro_model,random_forest,isotonic,1,1,40,26,0.9903846153846154,0.9948717948717949,0.025367004789648283,0.8884966822433042,0.8769010996465786,1.4747710756060872,0.027130769130392047,0.5,25,0,14,1,0.9615384615384616,1.0,1.0,0.9333333333333333,0.9803921568627451,0.9807692307692308,0.975,0.9636821267513568,21,0,14,5,0.8076923076923077,1.0,1.0,0.7368421052631579,0.8936170212765957,0.9038461538461539,0.875
low_cost_plus_urine_micro_model,random_forest,isotonic,1,2,40,26,1.0,1.0,0.004642639811987129,0.9795927920352214,,0.060837707616213973,0.02222197406331361,0.5,26,0,14,0,1.0,1.0,1.0,1.0,1.0,1.0,1.0,0.9857554594834276,24,0,14,2,0.9230769230769231,1.0,1.0,0.875,0.9600000000000001,0.9615384615384616,0.95
low_cost_plus_urine_micro_model,random_forest,isotonic,1,3,40,25,0.9946666666666666,0.997037037037037,0.040350770942810546,0.8278367106440083,0.5971167546867695,-0.7921122192676995,0.04855992005346672,0.5,24,2,13,1,0.96,0.8666666666666667,0.9230769230769231,0.9285714285714286,0.9411764705882353,0.9133333333333333,0.925,0.9166666666666666,24,0,15,1,0.96,1.0,1.0,0.9375,0.9795918367346939,0.98,0.975
low_cost_plus_urine_micro_model,random_forest,isotonic,1,4,40,25,0.9973333333333334,0.9984615384615385,0.02048940257691382,0.9125785490051677,,-0.13716126690272343,0.0031384995105439017,0.5,24,0,15,1,0.96,1.0,1.0,0.9375,0.9795918367346939,0.98,0.975,0.9324881013301094,24,0,15,1,0.96,1.0,1.0,0.9375,0.9795918367346939,0.98,0.975
low_cost_plus_urine_micro_model,random_forest,isotonic,2,0,40,26,1.0,1.0,0.005759309595668937,0.9746843534256311,,0.5321392636072689,0.016926552757376007,0.5,26,0,14,0,1.0,1.0,1.0,1.0,1.0,1.0,1.0,0.7458264982751394,25,0,14,1,0.9615384615384616,1.0,1.0,0.9333333333333333,0.9803921568627451,0.9807692307692308,0.975
low_cost_plus_urine_micro_model,random_forest,isotonic,2,1,40,26,1.0,1.0,0.00831545210030706,0.9634485621964525,,-1.081426570059975,0.029041467909641912,0.5,26,0,14,0,1.0,1.0,1.0,1.0,1.0,1.0,1.0,0.9651520637219404,25,0,14,1,0.9615384615384616,1.0,1.0,0.9333333333333333,0.9803921568627451,0.9807692307692308,0.975
low_cost_plus_urine_micro_model,random_forest,isotonic,2,2,40,26,0.9368131868131868,0.9730769230769231,0.053323129911475906,0.7656126157737323,2.069644926262208,1.3136430634086165,0.04874362798201007,0.5,24,0,14,2,0.9230769230769231,1.0,1.0,0.875,0.9600000000000001,0.9615384615384616,0.95,0.9949542329732796,22,0,14,4,0.8461538461538461,1.0,1.0,0.7777777777777778,0.9166666666666666,0.9230769230769231,0.9
low_cost_plus_urine_micro_model,random_forest,isotonic,2,3,40,25,0.9706666666666668,0.9819230769230769,0.06414883129477347,0.7262983198089665,1.2914226495226515,2.095313650325773,0.07709099704775171,0.5,23,2,13,2,0.92,0.8666666666666667,0.92,0.8666666666666667,0.92,0.8933333333333333,0.9,1.0,22,0,15,3,0.88,1.0,1.0,0.8333333333333334,0.9361702127659575,0.94,0.925
low_cost_plus_urine_micro_model,random_forest,isotonic,2,4,40,25,1.0,1.0,0.006801778747304444,0.9709790773448344,,-1.0499981310664948,0.029050638240397816,0.5,25,0,15,0,1.0,1.0,1.0,1.0,1.0,1.0,1.0,0.909333108684435,24,0,15,1,0.96,1.0,1.0,0.9375,0.9795918367346939,0.98,0.975
low_cost_plus_urine_micro_model,random_forest,isotonic,3,0,40,26,1.0,1.0,0.006954920188033599,0.9694289222504018,,-0.11353156391447435,0.04204836227357271,0.5,26,0,14,0,1.0,1.0,1.0,1.0,1.0,1.0,1.0,0.9410102317029572,22,0,14,4,0.8461538461538461,1.0,1.0,0.7777777777777778,0.9166666666666666,0.9230769230769231,0.9
low_cost_plus_urine_micro_model,random_forest,isotonic,3,1,40,26,0.9793956043956044,0.9909502262443439,0.031623432410660034,0.8609959014916042,2.939574353238523,-0.6461330687847299,0.027468666804563936,0.5,25,0,14,1,0.9615384615384616,1.0,1.0,0.9333333333333333,0.9803921568627451,0.9807692307692308,0.975,0.9151893700367122,25,0,14,1,0.9615384615384616,1.0,1.0,0.9333333333333333,0.9803921568627451,0.9807692307692308,0.975
low_cost_plus_urine_micro_model,random_forest,isotonic,3,2,40,26,1.0,1.0,0.0015289188646666848,0.9932794775179487,,-0.4385489331145344,0.015174813583682297,0.5,26,0,14,0,1.0,1.0,1.0,1.0,1.0,1.0,1.0,0.952622284441941,24,0,14,2,0.9230769230769231,1.0,1.0,0.875,0.9600000000000001,0.9615384615384616,0.95
low_cost_plus_urine_micro_model,random_forest,isotonic,3,3,40,25,0.9906666666666668,0.9944827586206897,0.02742659114164799,0.8829798777956352,2.1228198628145067,0.8183619366115691,0.029435611063342547,0.5,24,0,15,1,0.96,1.0,1.0,0.9375,0.9795918367346939,0.98,0.975,0.9661016949152542,24,0,15,1,0.96,1.0,1.0,0.9375,0.9795918367346939,0.98,0.975
low_cost_plus_urine_micro_model,random_forest,isotonic,3,4,40,25,0.9893333333333334,0.9928827586206896,0.04337779972121649,0.814921387856143,0.6144404747981489,1.8591697345952114,0.03877358042822807,0.5,23,0,15,2,0.92,1.0,1.0,0.8823529411764706,0.9583333333333334,0.96,0.95,0.97913388358758,23,0,15,2,0.92,1.0,1.0,0.8823529411764706,0.9583333333333334,0.96,0.95
low_cost_plus_urine_micro_model,random_forest,isotonic,4,0,40,26,1.0,1.0,0.009769699049498076,0.9570562679142942,,0.1416751644217673,0.02597271720719855,0.5,25,0,14,1,0.9615384615384616,1.0,1.0,0.9333333333333333,0.9803921568627451,0.9807692307692308,0.975,0.8942207026094202,25,0,14,1,0.9615384615384616,1.0,1.0,0.9333333333333333,0.9803921568627451,0.9807692307692308,0.975
low_cost_plus_urine_micro_model,random_forest,isotonic,4,1,40,26,1.0,1.0,0.021681900264399583,0.9046949438927491,,-5.975157282949363,0.04162002050477222,0.5,26,2,12,0,1.0,0.8571428571428571,0.9285714285714286,1.0,0.962962962962963,0.9285714285714286,0.95,0.9479052940294992,26,0,14,0,1.0,1.0,1.0,1.0,1.0,1.0,1.0
low_cost_plus_urine_micro_model,random_forest,isotonic,4,2,40,26,1.0,1.0,0.0013446990555866169,0.9940892349204984,,-1.6672435645894872,0.014947134535545163,0.5,26,0,14,0,1.0,1.0,1.0,1.0,1.0,1.0,1.0,0.9864031745575024,25,0,14,1,0.9615384615384616,1.0,1.0,0.9333333333333333,0.9803921568627451,0.9807692307692308,0.975
low_cost_plus_urine_micro_model,random_forest,isotonic,4,3,40,25,0.9640000000000001,0.9803795066413662,0.043545905158247696,0.8142041379914765,0.5300214723097423,0.37578859079844174,0.01351702567595135,0.5,23,0,15,2,0.92,1.0,1.0,0.8823529411764706,0.9583333333333334,0.96,0.95,0.9994187374699216,23,0,15,2,0.92,1.0,1.0,0.8823529411764706,0.9583333333333334,0.96,0.95
low_cost_plus_urine_micro_model,random_forest,isotonic,4,4,40,25,0.9853333333333334,0.9903030303030302,0.02930326023844404,0.8749727563159722,0.6669138942647069,0.48180225067165666,0.030231199270639116,0.5,24,0,15,1,0.96,1.0,1.0,0.9375,0.9795918367346939,0.98,0.975,0.9493122641780856,23,0,15,2,0.92,1.0,1.0,0.8823529411764706,0.9583333333333334,0.96,0.95
low_cost_plus_urine_micro_model,random_forest,none,0,0,40,26,1.0,0.9999999999999999,0.04155946573790509,0.8173210297234942,,0.07321199256506693,0.16874554231174152,0.5,26,0,14,0,1.0,1.0,1.0,1.0,1.0,1.0,1.0,0.590562742379447,25,0,14,1,0.9615384615384616,1.0,1.0,0.9333333333333333,0.9803921568627451,0.9807692307692308,0.975
low_cost_plus_urine_micro_model,random_forest,none,0,1,40,26,0.9821428571428571,0.9918414918414917,0.05751847943190678,0.7471715189806295,6.311831882215259,0.08152936918634578,0.14536522365290241,0.5,24,0,14,2,0.9230769230769231,1.0,1.0,0.875,0.9600000000000001,0.9615384615384616,0.95,0.6093468694525509,23,0,14,3,0.8846153846153846,1.0,1.0,0.8235294117647058,0.9387755102040816,0.9423076923076923,0.925
low_cost_plus_urine_micro_model,random_forest,none,0,2,40,26,0.9890109890109889,0.9948717948717949,0.04268397069414699,0.8123781507949583,0.7961478253319187,0.32332203612368554,0.07924292328042333,0.5,25,2,12,1,0.9615384615384616,0.8571428571428571,0.9259259259259259,0.9230769230769231,0.9433962264150944,0.9093406593406593,0.925,0.7920436507936509,24,0,14,2,0.9230769230769231,1.0,1.0,0.875,0.9600000000000001,0.9615384615384616,0.95
low_cost_plus_urine_micro_model,random_forest,none,0,3,40,25,1.0,1.0,0.029339810238851193,0.8748168096475682,,0.1461733465039236,0.13178524028273958,0.5,25,0,15,0,1.0,1.0,1.0,1.0,1.0,1.0,1.0,0.5482262547313399,24,0,15,1,0.96,1.0,1.0,0.9375,0.9795918367346939,0.98,0.975
low_cost_plus_urine_micro_model,random_forest,none,0,4,40,25,0.964,0.9823030303030305,0.06774824319042216,0.7109408290541988,4.879979179411015,0.2488183704748456,0.10211750148752621,0.5,22,0,15,3,0.88,1.0,1.0,0.8333333333333334,0.9361702127659575,0.94,0.925,0.6252137651269999,20,0,15,5,0.8,1.0,1.0,0.75,0.888888888888889,0.9,0.875
low_cost_plus_urine_micro_model,random_forest,none,1,0,40,26,0.9890109890109889,0.9948717948717947,0.04868090512314843,0.7860179994586882,4.630525048978242,0.05282129994133974,0.12755264893410717,0.5,25,0,14,1,0.9615384615384616,1.0,1.0,0.9333333333333333,0.9803921568627451,0.9807692307692308,0.975,0.5852865460542663,25,0,14,1,0.9615384615384616,1.0,1.0,0.9333333333333333,0.9803921568627451,0.9807692307692308,0.975
low_cost_plus_urine_micro_model,random_forest,none,1,1,40,26,0.9807692307692307,0.9918414918414918,0.05925217417474814,0.7395508827483599,6.367234865847125,0.2610794377436699,0.1472755075400509,0.5,24,0,14,2,0.9230769230769231,1.0,1.0,0.875,0.9600000000000001,0.9615384615384616,0.95,0.6094943853671079,22,0,14,4,0.8461538461538461,1.0,1.0,0.7777777777777778,0.9166666666666666,0.9230769230769231,0.9
low_cost_plus_urine_micro_model,random_forest,none,1,2,40,26,1.0,1.0,0.009566522046632605,0.9579493536411754,,2.2621284642696464,0.03608162578162579,0.5,26,0,14,0,1.0,1.0,1.0,1.0,1.0,1.0,1.0,0.7433611111111111,25,0,14,1,0.9615384615384616,1.0,1.0,0.9333333333333333,0.9803921568627451,0.9807692307692308,0.975
low_cost_plus_urine_micro_model,random_forest,none,1,3,40,25,0.9946666666666667,0.9970370370370369,0.025679524638958267,0.8904340282071114,1.4230887441076057,0.46246854487354716,0.05127796416546406,0.5,24,0,15,1,0.96,1.0,1.0,0.9375,0.9795918367346939,0.98,0.975,0.79,24,0,15,1,0.96,1.0,1.0,0.9375,0.9795918367346939,0.98,0.975
low_cost_plus_urine_micro_model,random_forest,none,1,4,40,25,0.9946666666666667,0.997037037037037,0.04657278828714734,0.8012894366415046,18.875710735533843,0.0037387895727008886,0.12908453532894815,0.5,24,0,15,1,0.96,1.0,1.0,0.9375,0.9795918367346939,0.98,0.975,0.5679368502949703,24,0,15,1,0.96,1.0,1.0,0.9375,0.9795918367346939,0.98,0.975
low_cost_plus_urine_micro_model,random_forest,none,2,0,40,26,1.0,1.0,0.007102173372455977,0.968781655505688,,0.9882505352203371,0.028436375661375628,0.5,26,0,14,0,1.0,1.0,1.0,1.0,1.0,1.0,1.0,0.74,25,0,14,1,0.9615384615384616,1.0,1.0,0.9333333333333333,0.9803921568627451,0.9807692307692308,0.975
low_cost_plus_urine_micro_model,random_forest,none,2,1,40,26,1.0,1.0,0.009090664441609973,0.9600410354214947,,0.17562896398570185,0.04157281746031742,0.5,26,0,14,0,1.0,1.0,1.0,1.0,1.0,1.0,1.0,0.8366666666666667,24,0,14,2,0.9230769230769231,1.0,1.0,0.875,0.9600000000000001,0.9615384615384616,0.95
low_cost_plus_urine_micro_model,random_forest,none,2,2,40,26,0.9505494505494506,0.9786324786324786,0.07019208731518162,0.6914633524607402,3.2432738592238204,0.4219068876133367,0.1380691867785377,0.5,24,0,14,2,0.9230769230769231,1.0,1.0,0.875,0.9600000000000001,0.9615384615384616,0.95,0.621000680341692,20,0,14,6,0.7692307692307693,1.0,1.0,0.7,0.8695652173913044,0.8846153846153846,0.85
low_cost_plus_urine_micro_model,random_forest,none,2,3,40,25,0.9866666666666667,0.9926373626373627,0.05190004066589312,0.7785598264921894,0.6378901182726523,1.6856834120245419,0.07580371896621901,0.5,23,0,15,2,0.92,1.0,1.0,0.8823529411764706,0.9583333333333334,0.96,0.95,0.77,23,0,15,2,0.92,1.0,1.0,0.8823529411764706,0.9583333333333334,0.96,0.95
low_cost_plus_urine_micro_model,random_forest,none,2,4,40,25,1.0,1.0,0.010172920102681546,0.9565955408952254,,0.47369789383005095,0.04191966089466098,0.5,25,0,15,0,1.0,1.0,1.0,1.0,1.0,1.0,1.0,0.7805555555555557,22,0,15,3,0.88,1.0,1.0,0.8333333333333334,0.9361702127659575,0.94,0.925
low_cost_plus_urine_micro_model,random_forest,none,3,0,40,26,1.0,1.0,0.012800055341144572,0.9437360204784854,,0.6624012521426408,0.056643503487253555,0.5,26,0,14,0,1.0,1.0,1.0,1.0,1.0,1.0,1.0,0.7719285714285714,23,0,14,3,0.8846153846153846,1.0,1.0,0.8235294117647058,0.9387755102040816,0.9423076923076923,0.925
low_cost_plus_urine_micro_model,random_forest,none,3,1,40,26,0.9766483516483516,0.9901098901098899,0.04561480726472746,0.7994953526825167,4.059586199163798,-0.17171467103230423,0.11418978754607448,0.5,25,0,14,1,0.9615384615384616,1.0,1.0,0.9333333333333333,0.9803921568627451,0.9807692307692308,0.975,0.6156422795016402,24,0,14,2,0.9230769230769231,1.0,1.0,0.875,0.9600000000000001,0.9615384615384616,0.95
low_cost_plus_urine_micro_model,random_forest,none,3,2,40,26,1.0,1.0,0.04781372351258792,0.7898297867578553,,0.1753044502254817,0.17193868329643724,0.5,25,0,14,1,0.9615384615384616,1.0,1.0,0.9333333333333333,0.9803921568627451,0.9807692307692308,0.975,0.5796468103280702,24,0,14,2,0.9230769230769231,1.0,1.0,0.875,0.9600000000000001,0.9615384615384616,0.95
low_cost_plus_urine_micro_model,random_forest,none,3,3,40,25,0.996,0.9970370370370369,0.026850941973977593,0.8854359809110289,0.8692561371662605,0.9725314394947152,0.03685573593073598,0.5,24,0,15,1,0.96,1.0,1.0,0.9375,0.9795918367346939,0.98,0.975,0.7533333333333333,24,0,15,1,0.96,1.0,1.0,0.9375,0.9795918367346939,0.98,0.975
low_cost_plus_urine_micro_model,random_forest,none,3,4,40,25,0.9933333333333333,0.9957142857142859,0.06367987971042906,0.7282991799021694,13.977468746778989,0.6500481195645124,0.08583718462531335,0.5,23,0,15,2,0.92,1.0,1.0,0.8823529411764706,0.9583333333333334,0.96,0.95,0.5330822479048122,23,0,15,2,0.92,1.0,1.0,0.8823529411764706,0.9583333333333334,0.96,0.95
low_cost_plus_urine_micro_model,random_forest,none,4,0,40,26,1.0,1.0,0.01820178582576868,0.9199921502164013,,1.1667761024973726,0.04898580447330446,0.5,25,0,14,1,0.9615384615384616,1.0,1.0,0.9333333333333333,0.9803921568627451,0.9807692307692308,0.975,0.7533333333333333,25,0,14,1,0.9615384615384616,1.0,1.0,0.9333333333333333,0.9803921568627451,0.9807692307692308,0.975
low_cost_plus_urine_micro_model,random_forest,none,4,1,40,26,1.0,1.0,0.011824488533495459,0.9480242262263936,,-0.24747691614144154,0.039410221953971994,0.5,26,1,13,0,1.0,0.9285714285714286,0.9629629629629629,1.0,0.9811320754716981,0.9642857142857143,0.975,0.7433333333333333,26,0,14,0,1.0,1.0,1.0,1.0,1.0,1.0,1.0
low_cost_plus_urine_micro_model,random_forest,none,4,2,40,26,1.0,1.0,0.0380714665705637,0.8326528941953244,,0.10694770307711736,0.15700796842046538,0.5,26,0,14,0,1.0,1.0,1.0,1.0,1.0,1.0,1.0,0.6065516019943246,24,0,14,2,0.9230769230769231,1.0,1.0,0.875,0.9600000000000001,0.9615384615384616,0.95
low_cost_plus_urine_micro_model,random_forest,none,4,3,40,25,0.9666666666666667,0.9836974789915968,0.06075120490575163,0.740794859068793,4.723395396658785,0.11145026794109657,0.10395144767970448,0.5,23,0,15,2,0.92,1.0,1.0,0.8823529411764706,0.9583333333333334,0.96,0.95,0.639150760908017,21,0,15,4,0.84,1.0,1.0,0.7894736842105263,0.9130434782608696,0.9199999999999999,0.9
low_cost_plus_urine_micro_model,random_forest,none,4,4,40,25,0.9786666666666667,0.9894117647058825,0.056035672882264485,0.7609144623690048,4.996449521505672,0.5358056998445907,0.12213444290034184,0.5,22,0,15,3,0.88,1.0,1.0,0.8333333333333334,0.9361702127659575,0.94,0.925,0.5612713349529814,22,0,15,3,0.88,1.0,1.0,0.8333333333333334,0.9361702127659575,0.94,0.925
low_cost_plus_urine_micro_model,random_forest,sigmoid,0,0,40,26,1.0,0.9999999999999999,0.012903665893416872,0.9432805894794862,,-0.19947956661382815,0.08590318804802234,0.5,26,0,14,0,1.0,1.0,1.0,1.0,1.0,1.0,1.0,0.7295496133451234,25,0,14,1,0.9615384615384616,1.0,1.0,0.9333333333333333,0.9803921568627451,0.9807692307692308,0.975
low_cost_plus_urine_micro_model,random_forest,sigmoid,0,1,40,26,0.9848901098901098,0.9927884615384615,0.033893371106611815,0.8510181489819261,2.8181755248139018,0.08404806340141492,0.063665955247964,0.5,25,0,14,1,0.9615384615384616,1.0,1.0,0.9333333333333333,0.9803921568627451,0.9807692307692308,0.975,0.7430692997801823,23,0,14,3,0.8846153846153846,1.0,1.0,0.8235294117647058,0.9387755102040816,0.9423076923076923,0.925
low_cost_plus_urine_micro_model,random_forest,sigmoid,0,2,40,26,0.9780219780219779,0.9909502262443439,0.04235947855546473,0.8138044898660891,1.2719052190344695,-0.11125010213630666,0.06337638482808611,0.5,25,2,12,1,0.9615384615384616,0.8571428571428571,0.9259259259259259,0.9230769230769231,0.9433962264150944,0.9093406593406593,0.925,0.8739170141650284,24,0,14,2,0.9230769230769231,1.0,1.0,0.875,0.9600000000000001,0.9615384615384616,0.95
low_cost_plus_urine_micro_model,random_forest,sigmoid,0,3,40,25,1.0,1.0000000000000002,0.011437167436714961,0.9512014189366829,,-0.438743007543131,0.08086970266793447,0.5,25,0,15,0,1.0,1.0,1.0,1.0,1.0,1.0,1.0,0.7071659714420773,25,0,15,0,1.0,1.0,1.0,1.0,1.0,1.0,1.0
low_cost_plus_urine_micro_model,random_forest,sigmoid,0,4,40,25,0.9800000000000001,0.9891811414392061,0.056945139996257256,0.7570340693493024,3.9023580317958655,0.6348366452718895,0.046209016655561014,0.5,22,0,15,3,0.88,1.0,1.0,0.8333333333333334,0.9361702127659575,0.94,0.925,0.7820045693821269,20,0,15,5,0.8,1.0,1.0,0.75,0.888888888888889,0.9,0.875
low_cost_plus_urine_micro_model,random_forest,sigmoid,1,0,40,26,0.9890109890109889,0.9948717948717948,0.027767533480747314,0.8779449077769349,2.6262032698890843,0.02035445959252869,0.047605455113550896,0.5,25,0,14,1,0.9615384615384616,1.0,1.0,0.9333333333333333,0.9803921568627451,0.9807692307692308,0.975,0.7254555267296009,25,0,14,1,0.9615384615384616,1.0,1.0,0.9333333333333333,0.9803921568627451,0.9807692307692308,0.975
low_cost_plus_urine_micro_model,random_forest,sigmoid,1,1,40,26,0.9917582417582418,0.9960212201591511,0.03372755799150405,0.8517469978395427,4.440548270098582,0.31320664251875946,0.06512342432781756,0.5,25,0,14,1,0.9615384615384616,1.0,1.0,0.9333333333333333,0.9803921568627451,0.9807692307692308,0.975,0.7496930309271038,22,0,14,4,0.8461538461538461,1.0,1.0,0.7777777777777778,0.9166666666666666,0.9230769230769231,0.9
low_cost_plus_urine_micro_model,random_forest,sigmoid,1,2,40,26,1.0,1.0,0.00924371013582422,0.9593683070952782,,0.08397373471408957,0.07203303361404831,0.5,26,0,14,0,1.0,1.0,1.0,1.0,1.0,1.0,1.0,0.8423299457980209,24,0,14,2,0.9230769230769231,1.0,1.0,0.875,0.9600000000000001,0.9615384615384616,0.95
low_cost_plus_urine_micro_model,random_forest,sigmoid,1,3,40,25,0.9946666666666666,0.9970370370370372,0.03078463325784179,0.8686522314332084,1.5512974983261234,-0.16642661234211495,0.05235483575089832,0.5,24,0,15,1,0.96,1.0,1.0,0.9375,0.9795918367346939,0.98,0.975,0.8404069479130952,24,0,15,1,0.96,1.0,1.0,0.9375,0.9795918367346939,0.98,0.975
low_cost_plus_urine_micro_model,random_forest,sigmoid,1,4,40,25,0.9946666666666667,0.9970370370370372,0.026875154371330638,0.8853326746823226,14.850215716748108,-0.07848382718477478,0.05031457747797427,0.5,24,0,15,1,0.96,1.0,1.0,0.9375,0.9795918367346939,0.98,0.975,0.7316462638603491,23,0,15,2,0.92,1.0,1.0,0.8823529411764706,0.9583333333333334,0.96,0.95
low_cost_plus_urine_micro_model,random_forest,sigmoid,2,0,40,26,1.0,1.0,0.007726421699753983,0.9660377068142683,,0.0668759239660813,0.06472265385491338,0.5,26,0,14,0,1.0,1.0,1.0,1.0,1.0,1.0,1.0,0.8042012593200191,25,0,14,1,0.9615384615384616,1.0,1.0,0.9333333333333333,0.9803921568627451,0.9807692307692308,0.975
low_cost_plus_urine_micro_model,random_forest,sigmoid,2,1,40,26,1.0,0.9999999999999998,0.00996289059970322,0.9562070742870188,,-0.1677893292148823,0.07341863442991409,0.5,26,0,14,0,1.0,1.0,1.0,1.0,1.0,1.0,1.0,0.8548525445839872,24,0,14,2,0.9230769230769231,1.0,1.0,0.875,0.9600000000000001,0.9615384615384616,0.95
low_cost_plus_urine_micro_model,random_forest,sigmoid,2,2,40,26,0.9505494505494506,0.9786324786324786,0.054691092480176215,0.759599593493731,1.9056352745733005,0.5147346267207703,0.042366507773142194,0.5,24,0,14,2,0.9230769230769231,1.0,1.0,0.875,0.9600000000000001,0.9615384615384616,0.95,0.779993096363351,20,0,14,6,0.7692307692307693,1.0,1.0,0.7,0.8695652173913044,0.8846153846153846,0.85
low_cost_plus_urine_micro_model,random_forest,sigmoid,2,3,40,25,0.9840000000000001,0.9912698412698413,0.05302592778807784,0.7737560414375345,1.112861987335971,0.2712492247290691,0.0593678824826632,0.5,23,0,15,2,0.92,1.0,1.0,0.8823529411764706,0.9583333333333334,0.96,0.95,0.8762657239195846,23,0,15,2,0.92,1.0,1.0,0.8823529411764706,0.9583333333333334,0.96,0.95
low_cost_plus_urine_micro_model,random_forest,sigmoid,2,4,40,25,0.9999999999999999,1.0,0.01041560877510452,0.9555600692262207,,-0.13250558926445735,0.07983669315970052,0.5,25,0,15,0,1.0,1.0,1.0,1.0,1.0,1.0,1.0,0.8526239433648083,23,0,15,2,0.92,1.0,1.0,0.8823529411764706,0.9583333333333334,0.96,0.95
low_cost_plus_urine_micro_model,random_forest,sigmoid,3,0,40,26,1.0,0.9999999999999998,0.012339973339653684,0.9457583589465772,,0.03028962447738035,0.09163903403343171,0.5,26,0,14,0,1.0,1.0,1.0,1.0,1.0,1.0,1.0,0.8466530283877132,22,0,14,4,0.8461538461538461,1.0,1.0,0.7777777777777778,0.9166666666666666,0.9230769230769231,0.9
low_cost_plus_urine_micro_model,random_forest,sigmoid,3,1,40,26,0.9766483516483516,0.9901098901098899,0.02869087004866015,0.8738862855003949,2.172811820497348,-0.15460217580157956,0.04707947048819171,0.5,25,0,14,1,0.9615384615384616,1.0,1.0,0.9333333333333333,0.9803921568627451,0.9807692307692308,0.975,0.773012858419498,24,0,14,2,0.9230769230769231,1.0,1.0,0.875,0.9600000000000001,0.9615384615384616,0.95
low_cost_plus_urine_micro_model,random_forest,sigmoid,3,2,40,26,1.0,0.9999999999999999,0.016282738774663554,0.9284275218696108,,0.012456175914511314,0.09419964600031888,0.5,26,0,14,0,1.0,1.0,1.0,1.0,1.0,1.0,1.0,0.6813982329987663,25,0,14,1,0.9615384615384616,1.0,1.0,0.9333333333333333,0.9803921568627451,0.9807692307692308,0.975
low_cost_plus_urine_micro_model,random_forest,sigmoid,3,3,40,25,0.988,0.9933333333333332,0.02853934362562216,0.8782321338640121,1.3223671411126274,0.0520861126969409,0.03135938955123456,0.5,24,0,15,1,0.96,1.0,1.0,0.9375,0.9795918367346939,0.98,0.975,0.8258075746879927,24,0,15,1,0.96,1.0,1.0,0.9375,0.9795918367346939,0.98,0.975
low_cost_plus_urine_micro_model,random_forest,sigmoid,3,4,40,25,0.9906666666666667,0.9944827586206897,0.046408610267586525,0.8019899295249642,13.795151467378341,0.36316960396234627,0.028234043429107285,0.5,23,0,15,2,0.92,1.0,1.0,0.8823529411764706,0.9583333333333334,0.96,0.95,0.7301713286060408,23,0,15,2,0.92,1.0,1.0,0.8823529411764706,0.9583333333333334,0.96,0.95
low_cost_plus_urine_micro_model,random_forest,sigmoid,4,0,40,26,1.0,0.9999999999999998,0.0195077542712992,0.9142516295767068,,0.20266983579410497,0.0765859709136691,0.5,25,0,14,1,0.9615384615384616,1.0,1.0,0.9333333333333333,0.9803921568627451,0.9807692307692308,0.975,0.8238412360105168,25,0,14,1,0.9615384615384616,1.0,1.0,0.9333333333333333,0.9803921568627451,0.9807692307692308,0.975
low_cost_plus_urine_micro_model,random_forest,sigmoid,4,1,40,26,1.0,0.9999999999999999,0.0142831217821083,0.9372170471116119,,-0.444258686674793,0.07518233213299336,0.5,26,1,13,0,1.0,0.9285714285714286,0.9629629629629629,1.0,0.9811320754716981,0.9642857142857143,0.975,0.8409845649448635,26,0,14,0,1.0,1.0,1.0,1.0,1.0,1.0,1.0
low_cost_plus_urine_micro_model,random_forest,sigmoid,4,2,40,26,1.0,0.9999999999999999,0.014677497751275326,0.9354835263680206,,-0.12391551690739587,0.08925410239020752,0.5,26,0,14,0,1.0,1.0,1.0,1.0,1.0,1.0,1.0,0.7329992787484256,24,0,14,2,0.9230769230769231,1.0,1.0,0.875,0.9600000000000001,0.9615384615384616,0.95
low_cost_plus_urine_micro_model,random_forest,sigmoid,4,3,40,25,0.9773333333333334,0.9876190476190478,0.04494477642859168,0.8082356205713421,2.761040169454622,0.19027035571730483,0.02918650927690611,0.5,23,0,15,2,0.92,1.0,1.0,0.8823529411764706,0.9583333333333334,0.96,0.95,0.7844988349666315,22,0,15,3,0.88,1.0,1.0,0.8333333333333334,0.9361702127659575,0.94,0.925
low_cost_plus_urine_micro_model,random_forest,sigmoid,4,4,40,25,0.9746666666666666,0.9885714285714287,0.03605959541968681,0.8461457262093363,3.2356661380208953,0.18491840450290659,0.06807454646545823,0.5,24,0,15,1,0.96,1.0,1.0,0.9375,0.9795918367346939,0.98,0.975,0.7625363261882627,22,0,15,3,0.88,1.0,1.0,0.8333333333333334,0.9361702127659575,0.94,0.925
low_cost_plus_urine_micro_model,svm,isotonic,0,0,40,26,1.0,1.0,0.003983146951366011,0.9824916617522373,,-0.8751087168237438,0.026059332290513864,0.5,26,0,14,0,1.0,1.0,1.0,1.0,1.0,1.0,1.0,0.9423167721484972,25,0,14,1,0.9615384615384616,1.0,1.0,0.9333333333333333,0.9803921568627451,0.9807692307692308,0.975
low_cost_plus_urine_micro_model,svm,isotonic,0,1,40,26,0.9835164835164835,0.9901098901098901,0.029301935365739645,0.8712002841066389,2.5357467219513383,-0.1389791750123714,0.02994970095456437,0.5,25,0,14,1,0.9615384615384616,1.0,1.0,0.9333333333333333,0.9803921568627451,0.9807692307692308,0.975,0.9279716035521391,25,0,14,1,0.9615384615384616,1.0,1.0,0.9333333333333333,0.9803921568627451,0.9807692307692308,0.975
low_cost_plus_urine_micro_model,svm,isotonic,0,2,40,26,1.0,1.0,0.02409079202175999,0.8941064086955605,,1.121615227304416,0.023949956507009602,0.5,25,0,14,1,0.9615384615384616,1.0,1.0,0.9333333333333333,0.9803921568627451,0.9807692307692308,0.975,1.0,21,0,14,5,0.8076923076923077,1.0,1.0,0.7368421052631579,0.8936170212765957,0.9038461538461539,0.875
low_cost_plus_urine_micro_model,svm,isotonic,0,3,40,25,1.0,1.0,0.007571914958930069,0.9676931628418983,,-5.54919722138298,0.030167999323601334,0.5,25,0,15,0,1.0,1.0,1.0,1.0,1.0,1.0,1.0,0.9240832977318318,25,0,15,0,1.0,1.0,1.0,1.0,1.0,1.0,1.0
low_cost_plus_urine_micro_model,svm,isotonic,0,4,40,25,0.9373333333333334,0.9666344086021506,0.07315264628185919,0.6878820425307342,0.27385818781727145,0.0,0.06947441966533024,0.5,22,0,15,3,0.88,1.0,1.0,0.8333333333333334,0.9361702127659575,0.94,0.925,0.983054994864094,22,0,15,3,0.88,1.0,1.0,0.8333333333333334,0.9361702127659575,0.94,0.925
low_cost_plus_urine_micro_model,svm,isotonic,1,0,40,26,0.9917582417582417,0.9937965260545906,0.027410141229108703,0.8795158627291926,0.5907455347669726,1.017110336219487,0.034002289406579726,0.5,25,0,14,1,0.9615384615384616,1.0,1.0,0.9333333333333333,0.9803921568627451,0.9807692307692308,0.975,0.9908335845717976,24,0,14,2,0.9230769230769231,1.0,1.0,0.875,0.9600000000000001,0.9615384615384616,0.95
low_cost_plus_urine_micro_model,svm,isotonic,1,1,40,26,0.9835164835164835,0.9893162393162394,0.03303715189590581,0.8547817499081063,1.245884041918562,1.1326350646390917,0.03621113514770672,0.5,24,0,14,2,0.9230769230769231,1.0,1.0,0.875,0.9600000000000001,0.9615384615384616,0.95,0.9884121292102204,21,0,14,5,0.8076923076923077,1.0,1.0,0.7368421052631579,0.8936170212765957,0.9038461538461539,0.875
low_cost_plus_urine_micro_model,svm,isotonic,1,2,40,26,1.0,1.0,0.003050388249912618,0.9865917000003841,,-4.098774703126487,0.01644490733782885,0.5,26,0,14,0,1.0,1.0,1.0,1.0,1.0,1.0,1.0,0.9873574904724662,26,0,14,0,1.0,1.0,1.0,1.0,1.0,1.0,1.0
low_cost_plus_urine_micro_model,svm,isotonic,1,3,40,25,0.9826666666666666,0.99125,0.026116474926557127,0.8885697069800229,0.983030988225153,0.3649457782781628,0.009572004074059694,0.5,24,0,15,1,0.96,1.0,1.0,0.9375,0.9795918367346939,0.98,0.975,1.0,22,0,15,3,0.88,1.0,1.0,0.8333333333333334,0.9361702127659575,0.94,0.925
low_cost_plus_urine_micro_model,svm,isotonic,1,4,40,25,0.9946666666666667,0.997037037037037,0.02268518467140981,0.9032098787353181,0.7433298442667728,0.4674571541934379,0.008499935127645753,0.5,24,0,15,1,0.96,1.0,1.0,0.9375,0.9795918367346939,0.98,0.975,0.9317907274308626,24,0,15,1,0.96,1.0,1.0,0.9375,0.9795918367346939,0.98,0.975
low_cost_plus_urine_micro_model,svm,isotonic,2,0,40,26,1.0,1.0,0.0006703726399392652,0.9970533070771901,,-0.42088377958171813,0.011475161242517995,0.5,26,0,14,0,1.0,1.0,1.0,1.0,1.0,1.0,1.0,0.9600665162202998,23,0,14,3,0.8846153846153846,1.0,1.0,0.8235294117647058,0.9387755102040816,0.9423076923076923,0.925
low_cost_plus_urine_micro_model,svm,isotonic,2,1,40,26,1.0,1.0,0.006775567970586543,0.9702172836457734,,-1.845553488167285,0.03837155424577146,0.5,26,0,14,0,1.0,1.0,1.0,1.0,1.0,1.0,1.0,0.9462376283849818,25,0,14,1,0.9615384615384616,1.0,1.0,0.9333333333333333,0.9803921568627451,0.9807692307692308,0.975
low_cost_plus_urine_micro_model,svm,isotonic,2,2,40,26,0.9478021978021978,0.9730769230769231,0.061098905048075934,0.7314333844040619,3.138707749862114,1.4199264523523845,0.07244349823704567,0.5,24,0,14,2,0.9230769230769231,1.0,1.0,0.875,0.9600000000000001,0.9615384615384616,0.95,1.0,20,0,14,6,0.7692307692307693,1.0,1.0,0.7,0.8695652173913044,0.8846153846153846,0.85
low_cost_plus_urine_micro_model,svm,isotonic,2,3,40,25,0.9773333333333334,0.9869714285714286,0.0414657912998591,0.8230792904539346,1.2345129408309776,0.23805737491202209,0.018200359961079788,0.5,23,0,15,2,0.92,1.0,1.0,0.8823529411764706,0.9583333333333334,0.96,0.95,1.0,21,0,15,4,0.84,1.0,1.0,0.7894736842105263,0.9130434782608696,0.9199999999999999,0.9
low_cost_plus_urine_micro_model,svm,isotonic,2,4,40,25,1.0,1.0,0.0012870429595401277,0.9945086167059621,,-0.2752472343391531,0.014999950934573231,0.5,25,0,15,0,1.0,1.0,1.0,1.0,1.0,1.0,1.0,0.98880855465099,23,0,15,2,0.92,1.0,1.0,0.8823529411764706,0.9583333333333334,0.96,0.95
low_cost_plus_urine_micro_model,svm,isotonic,3,0,40,26,1.0,1.0,0.009311846442103975,0.9590688068478946,,0.09242399457229132,0.043585563906092833,0.5,26,0,14,0,1.0,1.0,1.0,1.0,1.0,1.0,1.0,0.9524245618208372,22,0,14,4,0.8461538461538461,1.0,1.0,0.7777777777777778,0.9166666666666666,0.9230769230769231,0.9
low_cost_plus_urine_micro_model,svm,isotonic,3,1,40,26,0.9931318681318682,0.9948717948717949,0.02355663067605617,0.8964543706546981,0.5997221950042685,1.183557935354585,0.015775910012250313,0.5,25,0,14,1,0.9615384615384616,1.0,1.0,0.9333333333333333,0.9803921568627451,0.9807692307692308,0.975,1.0,24,0,14,2,0.9230769230769231,1.0,1.0,0.875,0.9600000000000001,0.9615384615384616,0.95
low_cost_plus_urine_micro_model,svm,isotonic,3,2,40,26,1.0,1.0,0.007378576986521837,0.9675666945647392,,-5.486648703018084,0.026432167864420895,0.5,26,0,14,0,1.0,1.0,1.0,1.0,1.0,1.0,1.0,0.92310259587641,26,0,14,0,1.0,1.0,1.0,1.0,1.0,1.0,1.0
low_cost_plus_urine_micro_model,svm,isotonic,3,3,40,25,0.9986666666666666,0.9984615384615385,0.020357407963275037,0.9131417260233599,,0.19406004215853018,0.0038541194340270812,0.5,24,0,15,1,0.96,1.0,1.0,0.9375,0.9795918367346939,0.98,0.975,0.9834890663326594,24,0,15,1,0.96,1.0,1.0,0.9375,0.9795918367346939,0.98,0.975
low_cost_plus_urine_micro_model,svm,isotonic,3,4,40,25,0.9746666666666666,0.9885714285714285,0.03364207686454654,0.8564604720446014,1.1161859686760605,0.8282104836089668,0.024383249868149475,0.5,23,0,15,2,0.92,1.0,1.0,0.8823529411764706,0.9583333333333334,0.96,0.95,0.9566798338470022,22,0,15,3,0.88,1.0,1.0,0.8333333333333334,0.9361702127659575,0.94,0.925
low_cost_plus_urine_micro_model,svm,isotonic,4,0,40,26,1.0,1.0,0.011304270482347816,0.9503108989786909,,0.7407862747644657,0.022944806455712556,0.5,25,0,14,1,0.9615384615384616,1.0,1.0,0.9333333333333333,0.9803921568627451,0.9807692307692308,0.975,0.9548058084869484,25,0,14,1,0.9615384615384616,1.0,1.0,0.9333333333333333,0.9803921568627451,0.9807692307692308,0.975
low_cost_plus_urine_micro_model,svm,isotonic,4,1,40,26,1.0,1.0,0.005185082778437225,0.9772084273475287,,-1.7917128973493095,0.02897767725671196,0.5,26,0,14,0,1.0,1.0,1.0,1.0,1.0,1.0,1.0,0.8685974347276082,26,0,14,0,1.0,1.0,1.0,1.0,1.0,1.0,1.0
low_cost_plus_urine_micro_model,svm,isotonic,4,2,40,26,1.0,1.0,0.0021319467595086504,0.9906288054527093,,-0.3379000665935231,0.02346712080873268,0.5,26,0,14,0,1.0,1.0,1.0,1.0,1.0,1.0,1.0,0.9174777039393534,24,0,14,2,0.9230769230769231,1.0,1.0,0.875,0.9600000000000001,0.9615384615384616,0.95
low_cost_plus_urine_micro_model,svm,isotonic,4,3,40,25,0.9746666666666667,0.9855357142857143,0.04630342657730754,0.8024387132701545,3.819274621809085,0.7000996587004904,0.038420137741474306,0.5,23,0,15,2,0.92,1.0,1.0,0.8823529411764706,0.9583333333333334,0.96,0.95,0.9975012619831904,22,0,15,3,0.88,1.0,1.0,0.8333333333333334,0.9361702127659575,0.94,0.925
low_cost_plus_urine_micro_model,svm,isotonic,4,4,40,25,0.9826666666666667,0.9877777777777778,0.033861457333519626,0.8555244487103163,0.8778748890027913,0.6849245248771564,0.044840564876513965,0.5,23,0,15,2,0.92,1.0,1.0,0.8823529411764706,0.9583333333333334,0.96,0.95,0.976031720680664,22,0,15,3,0.88,1.0,1.0,0.8333333333333334,0.9361702127659575,0.94,0.925
low_cost_plus_urine_micro_model,svm,none,0,0,40,26,1.0,0.9999999999999999,0.011928077273665964,0.947568891104765,,-0.09540001282708292,0.05500876626424894,0.5,25,0,14,1,0.9615384615384616,1.0,1.0,0.9333333333333333,0.9803921568627451,0.9807692307692308,0.975,0.8646131452066237,23,0,14,3,0.8846153846153846,1.0,1.0,0.8235294117647058,0.9387755102040816,0.9423076923076923,0.925
low_cost_plus_urine_micro_model,svm,none,0,1,40,26,0.9766483516483516,0.9901098901098899,0.02558584522387821,0.8875347462686672,1.6882894841578344,-0.3978615428515345,0.02900026082901428,0.5,25,0,14,1,0.9615384615384616,1.0,1.0,0.9333333333333333,0.9803921568627451,0.9807692307692308,0.975,0.8963846737372371,25,0,14,1,0.9615384615384616,1.0,1.0,0.9333333333333333,0.9803921568627451,0.9807692307692308,0.975
low_cost_plus_urine_micro_model,svm,none,0,2,40,26,0.9972527472527472,0.9985754985754984,0.0294646556916558,0.8704850299267877,,0.376342206404603,0.03160197808983963,0.5,24,0,14,2,0.9230769230769231,1.0,1.0,0.875,0.9600000000000001,0.9615384615384616,0.95,0.9379973107781736,21,0,14,5,0.8076923076923077,1.0,1.0,0.7368421052631579,0.8936170212765957,0.9038461538461539,0.875
low_cost_plus_urine_micro_model,svm,none,0,3,40,25,1.0,1.0000000000000002,0.005573579864838016,0.9762193925766911,,-1.512876974636815,0.04035610005150929,0.5,25,0,15,0,1.0,1.0,1.0,1.0,1.0,1.0,1.0,0.7039718008104585,25,0,15,0,1.0,1.0,1.0,1.0,1.0,1.0,1.0
low_cost_plus_urine_micro_model,svm,none,0,4,40,25,0.9346666666666666,0.9710740740740742,0.09803459570554243,0.581719058323019,1.5842222623181823,3.3416130741671095,0.1168392515371051,0.5,20,0,15,5,0.8,1.0,1.0,0.75,0.888888888888889,0.9,0.875,0.4257259323065264,20,0,15,5,0.8,1.0,1.0,0.75,0.888888888888889,0.9,0.875
low_cost_plus_urine_micro_model,svm,none,1,0,40,26,0.9862637362637362,0.9937965260545903,0.030008340960126646,0.8680952045708719,2.905400453284935,0.2809405941570808,0.021232984038876756,0.5,24,0,14,2,0.9230769230769231,1.0,1.0,0.875,0.9600000000000001,0.9615384615384616,0.95,0.9129991818327324,24,0,14,2,0.9230769230769231,1.0,1.0,0.875,0.9600000000000001,0.9615384615384616,0.95
low_cost_plus_urine_micro_model,svm,none,1,1,40,26,0.9725274725274725,0.9893162393162391,0.03905509364721467,0.8283292586935619,3.8171122540412723,0.2557429630702732,0.049255605399543635,0.5,24,0,14,2,0.9230769230769231,1.0,1.0,0.875,0.9600000000000001,0.9615384615384616,0.95,0.938691336334975,21,0,14,5,0.8076923076923077,1.0,1.0,0.7368421052631579,0.8936170212765957,0.9038461538461539,0.875
low_cost_plus_urine_micro_model,svm,none,1,2,40,26,1.0,0.9999999999999999,0.0027343813869733814,0.987980741156161,,-1.1740878550162195,0.028934024040671594,0.5,26,0,14,0,1.0,1.0,1.0,1.0,1.0,1.0,1.0,0.9499359322249024,25,0,14,1,0.9615384615384616,1.0,1.0,0.9333333333333333,0.9803921568627451,0.9807692307692308,0.975
low_cost_plus_urine_micro_model,svm,none,1,3,40,25,0.984,0.9922580645161292,0.027872547271255432,0.8810771316426435,2.420136098977362,0.05436875657939968,0.026502084512552634,0.5,24,0,15,1,0.96,1.0,1.0,0.9375,0.9795918367346939,0.98,0.975,0.823678281543644,23,0,15,2,0.92,1.0,1.0,0.8823529411764706,0.9583333333333334,0.96,0.95
low_cost_plus_urine_micro_model,svm,none,1,4,40,25,0.9946666666666667,0.997037037037037,0.022974404063559807,0.9019758759954781,9.272544214060048,-0.3704418583525189,0.021990663622155526,0.5,24,0,15,1,0.96,1.0,1.0,0.9375,0.9795918367346939,0.98,0.975,0.7617028204644011,24,0,15,1,0.96,1.0,1.0,0.9375,0.9795918367346939,0.98,0.975
low_cost_plus_urine_micro_model,svm,none,2,0,40,26,0.9999999999999999,0.9999999999999999,0.005836538640988366,0.9743448850945566,,-0.43817480288320665,0.04316172091300932,0.5,26,0,14,0,1.0,1.0,1.0,1.0,1.0,1.0,1.0,0.8204948617332598,25,0,14,1,0.9615384615384616,1.0,1.0,0.9333333333333333,0.9803921568627451,0.9807692307692308,0.975
low_cost_plus_urine_micro_model,svm,none,2,1,40,26,1.0,0.9999999999999999,0.010217495963688428,0.955087929829941,,-0.8206775006491944,0.05728650632087025,0.5,26,0,14,0,1.0,1.0,1.0,1.0,1.0,1.0,1.0,0.8768544528714616,25,0,14,1,0.9615384615384616,1.0,1.0,0.9333333333333333,0.9803921568627451,0.9807692307692308,0.975
low_cost_plus_urine_micro_model,svm,none,2,2,40,26,0.9395604395604397,0.9757085020242914,0.061721764672377055,0.7286955399016394,1.0595503599813838,1.0596816798451794,0.05395330409110994,0.5,23,0,14,3,0.8846153846153846,1.0,1.0,0.8235294117647058,0.9387755102040816,0.9423076923076923,0.925,0.9471768070907228,20,0,14,6,0.7692307692307693,1.0,1.0,0.7,0.8695652173913044,0.8846153846153846,0.85
low_cost_plus_urine_micro_model,svm,none,2,3,40,25,0.9786666666666667,0.9896500000000001,0.04226890413130121,0.8196526757064482,4.131529527194832,0.22529595699446425,0.010126001753279051,0.5,23,0,15,2,0.92,1.0,1.0,0.8823529411764706,0.9583333333333334,0.96,0.95,0.9612011486707396,22,0,15,3,0.88,1.0,1.0,0.8333333333333334,0.9361702127659575,0.94,0.925
low_cost_plus_urine_micro_model,svm,none,2,4,40,25,1.0,1.0000000000000002,0.00496463319324938,0.978817565042136,,-0.42015206683872086,0.0402655912806475,0.5,25,0,15,0,1.0,1.0,1.0,1.0,1.0,1.0,1.0,0.9544209565223792,23,0,15,2,0.92,1.0,1.0,0.8823529411764706,0.9583333333333334,0.96,0.95
low_cost_plus_urine_micro_model,svm,none,3,0,40,26,1.0,0.9999999999999999,0.029843036588772853,0.8688218171922073,,0.11913473432395708,0.09406172072615235,0.5,24,0,14,2,0.9230769230769231,1.0,1.0,0.875,0.9600000000000001,0.9615384615384616,0.95,0.899975652709171,21,0,14,5,0.8076923076923077,1.0,1.0,0.7368421052631579,0.8936170212765957,0.9038461538461539,0.875
low_cost_plus_urine_micro_model,svm,none,3,1,40,26,0.9848901098901098,0.9927884615384613,0.022586985995095725,0.9007165450765023,2.0386292772397816,-0.11550884474314373,0.008965378397741459,0.5,25,0,14,1,0.9615384615384616,1.0,1.0,0.9333333333333333,0.9803921568627451,0.9807692307692308,0.975,0.8451294555333372,25,0,14,1,0.9615384615384616,1.0,1.0,0.9333333333333333,0.9803921568627451,0.9807692307692308,0.975
low_cost_plus_urine_micro_model,svm,none,3,2,40,26,1.0,0.9999999999999999,0.0038278253048521656,0.9831743942643861,,-0.47618612782818015,0.03755014355094012,0.5,26,0,14,0,1.0,1.0,1.0,1.0,1.0,1.0,1.0,0.9429338466180998,23,0,14,3,0.8846153846153846,1.0,1.0,0.8235294117647058,0.9387755102040816,0.9423076923076923,0.925
low_cost_plus_urine_micro_model,svm,none,3,3,40,25,0.9986666666666667,0.9984615384615386,0.022386845082761432,0.9044827943135512,,-0.4357339150794293,0.018056766506434296,0.5,24,0,15,1,0.96,1.0,1.0,0.9375,0.9795918367346939,0.98,0.975,0.8836901445178579,24,0,15,1,0.96,1.0,1.0,0.9375,0.9795918367346939,0.98,0.975
low_cost_plus_urine_micro_model,svm,none,3,4,40,25,0.9720000000000001,0.9877777777777779,0.03588313879668582,0.8468986078008072,1.4090925728017791,0.22277646305392412,0.01964565308752446,0.5,23,0,15,2,0.92,1.0,1.0,0.8823529411764706,0.9583333333333334,0.96,0.95,0.9027822240972688,22,0,15,3,0.88,1.0,1.0,0.8333333333333334,0.9361702127659575,0.94,0.925
low_cost_plus_urine_micro_model,svm,none,4,0,40,26,1.0,0.9999999999999999,0.019537631471558667,0.914120301223918,,0.17678576034764157,0.0050228608585258586,0.5,25,0,14,1,0.9615384615384616,1.0,1.0,0.9333333333333333,0.9803921568627451,0.9807692307692308,0.975,0.9504273078659734,24,0,14,2,0.9230769230769231,1.0,1.0,0.875,0.9600000000000001,0.9615384615384616,0.95
low_cost_plus_urine_micro_model,svm,none,4,1,40,26,1.0,0.9999999999999999,0.004890194011643649,0.9785046417070609,,-1.5370998550138464,0.040704283254279584,0.5,26,0,14,0,1.0,1.0,1.0,1.0,1.0,1.0,1.0,0.88426733538692,26,0,14,0,1.0,1.0,1.0,1.0,1.0,1.0,1.0
low_cost_plus_urine_micro_model,svm,none,4,2,40,26,1.0,0.9999999999999998,0.006445579185137086,0.9716677838015952,,-0.4711598823365424,0.051771352764738515,0.5,26,0,14,0,1.0,1.0,1.0,1.0,1.0,1.0,1.0,0.7862826315918974,26,0,14,0,1.0,1.0,1.0,1.0,1.0,1.0,1.0
low_cost_plus_urine_micro_model,svm,none,4,3,40,25,0.9720000000000001,0.9855357142857145,0.045274455223869005,0.8068289910448256,1.0203487954182051,0.6265828402554416,0.022772910079824682,0.5,23,0,15,2,0.92,1.0,1.0,0.8823529411764706,0.9583333333333334,0.96,0.95,0.9490482833806012,23,0,15,2,0.92,1.0,1.0,0.8823529411764706,0.9583333333333334,0.96,0.95
low_cost_plus_urine_micro_model,svm,none,4,4,40,25,0.972,0.9877777777777779,0.03358975329025747,0.8566837192949015,1.9642317591277363,0.285710817597147,0.026837650697047785,0.5,23,0,15,2,0.92,1.0,1.0,0.8823529411764706,0.9583333333333334,0.96,0.95,0.9371030240299818,22,0,15,3,0.88,1.0,1.0,0.8333333333333334,0.9361702127659575,0.94,0.925
low_cost_plus_urine_micro_model,svm,sigmoid,0,0,40,26,1.0,0.9999999999999999,0.025750453574894333,0.8868111930773875,,-0.09645613080773628,0.11373509201192215,0.5,25,0,14,1,0.9615384615384616,1.0,1.0,0.9333333333333333,0.9803921568627451,0.9807692307692308,0.975,0.6385495089195692,24,0,14,2,0.9230769230769231,1.0,1.0,0.875,0.9600000000000001,0.9615384615384616,0.95
low_cost_plus_urine_micro_model,svm,sigmoid,0,1,40,26,0.9766483516483516,0.9901098901098899,0.03807630952114364,0.8326316065004675,3.4266506435981303,-0.03911181491766716,0.08925808397617657,0.5,25,0,14,1,0.9615384615384616,1.0,1.0,0.9333333333333333,0.9803921568627451,0.9807692307692308,0.975,0.6759092215791946,23,0,14,3,0.8846153846153846,1.0,1.0,0.8235294117647058,0.9387755102040816,0.9423076923076923,0.925
low_cost_plus_urine_micro_model,svm,sigmoid,0,2,40,26,1.0,0.9999999999999998,0.04509543377093901,0.8017783130947735,,0.36029992682101974,0.11241962694499133,0.5,24,0,14,2,0.9230769230769231,1.0,1.0,0.875,0.9600000000000001,0.9615384615384616,0.95,0.730416485627284,21,0,14,5,0.8076923076923077,1.0,1.0,0.7368421052631579,0.8936170212765957,0.9038461538461539,0.875
low_cost_plus_urine_micro_model,svm,sigmoid,0,3,40,25,1.0,1.0000000000000002,0.016472164126613047,0.9297187663931177,,-0.4726294587299251,0.09497783940811533,0.5,25,0,15,0,1.0,1.0,1.0,1.0,1.0,1.0,1.0,0.5261894680568677,25,0,15,0,1.0,1.0,1.0,1.0,1.0,1.0,1.0
low_cost_plus_urine_micro_model,svm,sigmoid,0,4,40,25,0.9426666666666668,0.9740008140008141,0.07268903135015059,0.6898601329060241,1.870508048778285,0.6870664504552968,0.05482199146835043,0.5,22,0,15,3,0.88,1.0,1.0,0.8333333333333334,0.9361702127659575,0.94,0.925,0.6407500860643982,20,0,15,5,0.8,1.0,1.0,0.75,0.888888888888889,0.9,0.875
low_cost_plus_urine_micro_model,svm,sigmoid,1,0,40,26,0.9862637362637363,0.9937965260545903,0.03517390468185138,0.8453894299698841,4.814297506565462,0.0213524461534787,0.06227441894467013,0.5,24,0,14,2,0.9230769230769231,1.0,1.0,0.875,0.9600000000000001,0.9615384615384616,0.95,0.6858981254560674,24,0,14,2,0.9230769230769231,1.0,1.0,0.875,0.9600000000000001,0.9615384615384616,0.95
low_cost_plus_urine_micro_model,svm,sigmoid,1,1,40,26,0.9725274725274725,0.9893162393162391,0.05201946108125771,0.7713430282142518,5.994617076602094,0.2515500119503136,0.0897264288414429,0.5,24,0,14,2,0.9230769230769231,1.0,1.0,0.875,0.9600000000000001,0.9615384615384616,0.95,0.7523154827736189,21,0,14,5,0.8076923076923077,1.0,1.0,0.7368421052631579,0.8936170212765957,0.9038461538461539,0.875
low_cost_plus_urine_micro_model,svm,sigmoid,1,2,40,26,1.0,0.9999999999999999,0.009703562766847596,0.9573469768490216,,-0.13234411415567413,0.07732398832153353,0.5,26,0,14,0,1.0,1.0,1.0,1.0,1.0,1.0,1.0,0.8241243378753309,24,0,14,2,0.9230769230769231,1.0,1.0,0.875,0.9600000000000001,0.9615384615384616,0.95
low_cost_plus_urine_micro_model,svm,sigmoid,1,3,40,25,0.9813333333333333,0.9912500000000002,0.04054349704961698,0.8270144125883009,3.9497221667268274,-0.06570915824557418,0.0805475288206917,0.5,23,0,15,2,0.92,1.0,1.0,0.8823529411764706,0.9583333333333334,0.96,0.95,0.6292213818845163,22,0,15,3,0.88,1.0,1.0,0.8333333333333334,0.9361702127659575,0.94,0.925
low_cost_plus_urine_micro_model,svm,sigmoid,1,4,40,25,0.9946666666666667,0.9970370370370372,0.032383421703224044,0.8618307340662441,13.251862975150347,-0.10909895426853106,0.07524711678295082,0.5,24,0,15,1,0.96,1.0,1.0,0.9375,0.9795918367346939,0.98,0.975,0.5481842976821776,24,0,15,1,0.96,1.0,1.0,0.9375,0.9795918367346939,0.98,0.975
low_cost_plus_urine_micro_model,svm,sigmoid,2,0,40,26,0.9999999999999999,0.9999999999999999,0.01952538761761152,0.9141741203621472,,-0.10898359963074024,0.09354443014636812,0.5,26,0,14,0,1.0,1.0,1.0,1.0,1.0,1.0,1.0,0.6254709582383394,25,0,14,1,0.9615384615384616,1.0,1.0,0.9333333333333333,0.9803921568627451,0.9807692307692308,0.975
low_cost_plus_urine_micro_model,svm,sigmoid,2,1,40,26,1.0,0.9999999999999999,0.02399150302116527,0.8945428438630099,,-0.3574879613470925,0.10639056912423503,0.5,26,0,14,0,1.0,1.0,1.0,1.0,1.0,1.0,1.0,0.6690031514843904,25,0,14,1,0.9615384615384616,1.0,1.0,0.9333333333333333,0.9803921568627451,0.9807692307692308,0.975
low_cost_plus_urine_micro_model,svm,sigmoid,2,2,40,26,0.9450549450549451,0.9771309771309771,0.06985158826143097,0.6929600515981057,1.7367319739354088,0.6758569040362635,0.06120462923333719,0.5,23,0,14,3,0.8846153846153846,1.0,1.0,0.8235294117647058,0.9387755102040816,0.9423076923076923,0.925,0.8139767363038617,20,0,14,6,0.7692307692307693,1.0,1.0,0.7,0.8695652173913044,0.8846153846153846,0.85
low_cost_plus_urine_micro_model,svm,sigmoid,2,3,40,25,0.992,0.9957142857142859,0.04330348682346426,0.8152384562198858,7.284249784273179,0.13597960406651283,0.06476725892581815,0.5,23,0,15,2,0.92,1.0,1.0,0.8823529411764706,0.9583333333333334,0.96,0.95,0.845850408500015,22,0,15,3,0.88,1.0,1.0,0.8333333333333334,0.9361702127659575,0.94,0.925
low_cost_plus_urine_micro_model,svm,sigmoid,2,4,40,25,1.0,1.0000000000000002,0.014591359643495134,0.9377435321877541,,-0.027485569545542803,0.08563405560578283,0.5,25,0,15,0,1.0,1.0,1.0,1.0,1.0,1.0,1.0,0.8537911970029352,22,0,15,3,0.88,1.0,1.0,0.8333333333333334,0.9361702127659575,0.94,0.925
low_cost_plus_urine_micro_model,svm,sigmoid,3,0,40,26,1.0,0.9999999999999999,0.0488184653157769,0.7854133392713103,,0.22743886509485195,0.11631266565335073,0.5,24,0,14,2,0.9230769230769231,1.0,1.0,0.875,0.9600000000000001,0.9615384615384616,0.95,0.7300115941333404,21,0,14,5,0.8076923076923077,1.0,1.0,0.7368421052631579,0.8936170212765957,0.9038461538461539,0.875
low_cost_plus_urine_micro_model,svm,sigmoid,3,1,40,26,0.9848901098901098,0.9927884615384613,0.028779581979493207,0.8734963429472826,3.7126930987917164,-0.17671204315141842,0.053455194707085735,0.5,25,0,14,1,0.9615384615384616,1.0,1.0,0.9333333333333333,0.9803921568627451,0.9807692307692308,0.975,0.6625832446182733,24,0,14,2,0.9230769230769231,1.0,1.0,0.875,0.9600000000000001,0.9615384615384616,0.95
low_cost_plus_urine_micro_model,svm,sigmoid,3,2,40,26,1.0,0.9999999999999999,0.013187240063016997,0.9420341096131121,,-0.03320345877058066,0.08470541584392312,0.5,26,0,14,0,1.0,1.0,1.0,1.0,1.0,1.0,1.0,0.8218414365596997,22,0,14,4,0.8461538461538461,1.0,1.0,0.7777777777777778,0.9166666666666666,0.9230769230769231,0.9
low_cost_plus_urine_micro_model,svm,sigmoid,3,3,40,25,0.9986666666666667,0.9984615384615386,0.028431997607012365,0.8786901435434139,,-0.2837425262381774,0.06360328761813153,0.5,24,0,15,1,0.96,1.0,1.0,0.9375,0.9795918367346939,0.98,0.975,0.6515670253912247,24,0,15,1,0.96,1.0,1.0,0.9375,0.9795918367346939,0.98,0.975
low_cost_plus_urine_micro_model,svm,sigmoid,3,4,40,25,0.9720000000000001,0.9877777777777779,0.04297373503752698,0.8166453971732182,2.2157256855181915,0.14460444639621756,0.04513297742849495,0.5,23,0,15,2,0.92,1.0,1.0,0.8823529411764706,0.9583333333333334,0.96,0.95,0.7645138115600637,22,0,15,3,0.88,1.0,1.0,0.8333333333333334,0.9361702127659575,0.94,0.925
low_cost_plus_urine_micro_model,svm,sigmoid,4,0,40,26,1.0,0.9999999999999999,0.020616801430781245,0.909376697007555,,0.1593598773136555,0.08288929002101635,0.5,25,0,14,1,0.9615384615384616,1.0,1.0,0.9333333333333333,0.9803921568627451,0.9807692307692308,0.975,0.804071826636011,24,0,14,2,0.9230769230769231,1.0,1.0,0.875,0.9600000000000001,0.9615384615384616,0.95
low_cost_plus_urine_micro_model,svm,sigmoid,4,1,40,26,1.0,0.9999999999999999,0.010553587943504805,0.9536106024461327,,-0.51323131978594,0.07599810659980588,0.5,26,0,14,0,1.0,1.0,1.0,1.0,1.0,1.0,1.0,0.803285562876807,26,0,14,0,1.0,1.0,1.0,1.0,1.0,1.0,1.0
low_cost_plus_urine_micro_model,svm,sigmoid,4,2,40,26,1.0,0.9999999999999998,0.02282992535391002,0.8996486797630329,,-0.08609560035626336,0.1105369307891937,0.5,26,0,14,0,1.0,1.0,1.0,1.0,1.0,1.0,1.0,0.6041269822613724,25,0,14,1,0.9615384615384616,1.0,1.0,0.9333333333333333,0.9803921568627451,0.9807692307692308,0.975
low_cost_plus_urine_micro_model,svm,sigmoid,4,3,40,25,0.9720000000000001,0.9855357142857145,0.04583621512690815,0.8044321487918585,1.6018260392088417,0.2878308112830086,0.031523713353708634,0.5,23,0,15,2,0.92,1.0,1.0,0.8823529411764706,0.9583333333333334,0.96,0.95,0.8171390919609042,23,0,15,2,0.92,1.0,1.0,0.8823529411764706,0.9583333333333334,0.96,0.95
low_cost_plus_urine_micro_model,svm,sigmoid,4,4,40,25,0.9693333333333334,0.9870270270270272,0.0402301027789516,0.8283515614764732,2.6847210849861134,0.1961334469438447,0.05983698086695803,0.5,23,0,15,2,0.92,1.0,1.0,0.8823529411764706,0.9583333333333334,0.96,0.95,0.8178337649127166,22,0,15,3,0.88,1.0,1.0,0.8333333333333334,0.9361702127659575,0.94,0.925
low_cost_plus_urine_micro_model,xgboost,isotonic,0,0,40,26,0.9890109890109889,0.9945054945054945,0.03418903726304341,0.8497185175250839,3.4036005277058927,0.29524081993711715,0.031036959821358352,0.5,24,0,14,2,0.9230769230769231,1.0,1.0,0.875,0.9600000000000001,0.9615384615384616,0.95,0.9137825816869736,20,0,14,6,0.7692307692307693,1.0,1.0,0.7,0.8695652173913044,0.8846153846153846,0.85
low_cost_plus_urine_micro_model,xgboost,isotonic,0,1,40,26,0.9903846153846153,0.9937965260545905,0.027982499775798024,0.8770000009855032,1.2033698665852268,-0.5802432363496626,0.026346826925873784,0.5,25,0,14,1,0.9615384615384616,1.0,1.0,0.9333333333333333,0.9803921568627451,0.9807692307692308,0.975,0.965715914964676,23,0,14,3,0.8846153846153846,1.0,1.0,0.8235294117647058,0.9387755102040816,0.9423076923076923,0.925
low_cost_plus_urine_micro_model,xgboost,isotonic,0,2,40,26,0.9862637362637363,0.9931722173101484,0.0384660038494151,0.8309186643981754,0.848502070526921,0.4364148155689817,0.0580849367659539,0.5,24,0,14,2,0.9230769230769231,1.0,1.0,0.875,0.9600000000000001,0.9615384615384616,0.95,0.8454860374331474,23,0,14,3,0.8846153846153846,1.0,1.0,0.8235294117647058,0.9387755102040816,0.9423076923076923,0.925
low_cost_plus_urine_micro_model,xgboost,isotonic,0,3,40,25,1.0,1.0,0.0052486503222390095,0.9776057586251136,,-1.6482957436899874,0.024720513750799023,0.5,25,0,15,0,1.0,1.0,1.0,1.0,1.0,1.0,1.0,0.6900714598596096,25,0,15,0,1.0,1.0,1.0,1.0,1.0,1.0,1.0
low_cost_plus_urine_micro_model,xgboost,isotonic,0,4,40,25,0.9520000000000001,0.9712068965517241,0.07236389669115295,0.6912473741177474,0.2689569324590301,0.0,0.07003847452579069,0.5,22,0,15,3,0.88,1.0,1.0,0.8333333333333334,0.9361702127659575,0.94,0.925,0.9824694395065308,22,0,15,3,0.88,1.0,1.0,0.8333333333333334,0.9361702127659575,0.94,0.925
low_cost_plus_urine_micro_model,xgboost,isotonic,1,0,40,26,0.9739010989010989,0.9886306001690617,0.05926126172164213,0.7395109374872874,1.5904477241637407,0.5256996661417002,0.054416132264304945,0.5,24,1,13,2,0.9230769230769231,0.9285714285714286,0.96,0.8666666666666667,0.9411764705882353,0.9258241758241759,0.925,0.842827171087265,24,1,13,2,0.9230769230769231,0.9285714285714286,0.96,0.8666666666666667,0.9411764705882353,0.9258241758241759,0.925
low_cost_plus_urine_micro_model,xgboost,isotonic,1,1,40,26,0.9945054945054944,0.9972527472527473,0.023125133282361935,0.8983510624951123,1.77897965869661,0.12522153174603143,0.014608964358922099,0.5,25,0,14,1,0.9615384615384616,1.0,1.0,0.9333333333333333,0.9803921568627451,0.9807692307692308,0.975,0.977837324142456,18,0,14,8,0.6923076923076923,1.0,1.0,0.6363636363636364,0.8181818181818181,0.8461538461538461,0.8
low_cost_plus_urine_micro_model,xgboost,isotonic,1,2,40,26,1.0,1.0,0.019370121954192084,0.9148566067947601,,0.6405714890790895,0.01599412763025612,0.5,25,0,14,1,0.9615384615384616,1.0,1.0,0.9333333333333333,0.9803921568627451,0.9807692307692308,0.975,0.8247210830450058,24,0,14,2,0.9230769230769231,1.0,1.0,0.875,0.9600000000000001,0.9615384615384616,0.95
low_cost_plus_urine_micro_model,xgboost,isotonic,1,3,40,25,0.9893333333333334,0.9944827586206897,0.03136814699701911,0.8661625728127185,0.9238027892616071,-0.20366907123056072,0.03712758507463153,0.5,24,0,15,1,0.96,1.0,1.0,0.9375,0.9795918367346939,0.98,0.975,0.840872660279274,24,0,15,1,0.96,1.0,1.0,0.9375,0.9795918367346939,0.98,0.975
low_cost_plus_urine_micro_model,xgboost,isotonic,1,4,40,25,0.9826666666666667,0.9903030303030302,0.035021091805223684,0.8505766749643789,0.7275122878334472,-0.23298368121380558,0.0458041414152831,0.5,24,1,14,1,0.96,0.9333333333333333,0.96,0.9333333333333333,0.96,0.9466666666666667,0.95,0.5833333358168602,24,0,15,1,0.96,1.0,1.0,0.9375,0.9795918367346939,0.98,0.975
low_cost_plus_urine_micro_model,xgboost,isotonic,2,0,40,26,0.9917582417582418,0.9960212201591512,0.02196177585835828,0.9034647215017219,0.8083835854820149,0.2368913833361624,0.025287297647446395,0.5,25,0,14,1,0.9615384615384616,1.0,1.0,0.9333333333333333,0.9803921568627451,0.9807692307692308,0.975,0.7040641158819199,25,0,14,1,0.9615384615384616,1.0,1.0,0.9333333333333333,0.9803921568627451,0.9807692307692308,0.975
low_cost_plus_urine_micro_model,xgboost,isotonic,2,1,40,26,1.0,1.0,0.03913745761800973,0.8279672192614957,,-0.9813384558895552,0.09926494425162671,0.5,26,2,12,0,1.0,0.8571428571428571,0.9285714285714286,1.0,0.962962962962963,0.9285714285714286,0.95,0.8885811865329742,23,0,14,3,0.8846153846153846,1.0,1.0,0.8235294117647058,0.9387755102040816,0.9423076923076923,0.925
low_cost_plus_urine_micro_model,xgboost,isotonic,2,2,40,26,0.9285714285714286,0.9699358974358975,0.07722111502893693,0.6605665273453323,-1.4031704975576735,0.6168791689058366,0.0597636859398335,0.5,24,1,13,2,0.9230769230769231,0.9285714285714286,0.96,0.8666666666666667,0.9411764705882353,0.9258241758241759,0.925,0.8688620179891586,23,1,13,3,0.8846153846153846,0.9285714285714286,0.9583333333333334,0.8125,0.9199999999999999,0.9065934065934066,0.9
low_cost_plus_urine_micro_model,xgboost,isotonic,2,3,40,25,0.9773333333333334,0.984967320261438,0.04399093824825608,0.8123053301407741,1.6263521585038172,0.4918536099958909,0.02122264087083754,0.5,23,0,15,2,0.92,1.0,1.0,0.8823529411764706,0.9583333333333334,0.96,0.95,0.95559124648571,21,0,15,4,0.84,1.0,1.0,0.7894736842105263,0.9130434782608696,0.9199999999999999,0.9
low_cost_plus_urine_micro_model,xgboost,isotonic,2,4,40,25,1.0,1.0,0.016566121711854856,0.929317880696086,,0.1566646300107235,0.04551897086203095,0.5,24,0,15,1,0.96,1.0,1.0,0.9375,0.9795918367346939,0.98,0.975,0.9964901357889177,22,0,15,3,0.88,1.0,1.0,0.8333333333333334,0.9361702127659575,0.94,0.925
low_cost_plus_urine_micro_model,xgboost,isotonic,3,0,40,26,0.9835164835164835,0.9919003410382721,0.05433150968225141,0.7611801772208729,0.7839037797747278,-0.28382280683636596,0.05631946781650189,0.5,24,0,14,2,0.9230769230769231,1.0,1.0,0.875,0.9600000000000001,0.9615384615384616,0.95,0.8617129027843475,24,0,14,2,0.9230769230769231,1.0,1.0,0.875,0.9600000000000001,0.9615384615384616,0.95
low_cost_plus_urine_micro_model,xgboost,isotonic,3,1,40,26,0.9903846153846154,0.9948717948717949,0.02250322702704789,0.9010847163646247,1.2797703066493682,0.24715263398886814,0.0052612176164984455,0.5,25,0,14,1,0.9615384615384616,1.0,1.0,0.9333333333333333,0.9803921568627451,0.9807692307692308,0.975,0.875,25,0,14,1,0.9615384615384616,1.0,1.0,0.9333333333333333,0.9803921568627451,0.9807692307692308,0.975
low_cost_plus_urine_micro_model,xgboost,isotonic,3,2,40,26,1.0,1.0,0.009447159827934974,0.9584740227343518,,-0.049903096509266914,0.042074629850685566,0.5,26,0,14,0,1.0,1.0,1.0,1.0,1.0,1.0,1.0,0.8510242253541946,23,0,14,3,0.8846153846153846,1.0,1.0,0.8235294117647058,0.9387755102040816,0.9423076923076923,0.925
low_cost_plus_urine_micro_model,xgboost,isotonic,3,3,40,25,0.996,0.997037037037037,0.02006495496003415,0.9143895255038543,3.040801862176543,0.05464077507686445,0.01248243306763468,0.5,24,0,15,1,0.96,1.0,1.0,0.9375,0.9795918367346939,0.98,0.975,0.783748060464859,24,0,15,1,0.96,1.0,1.0,0.9375,0.9795918367346939,0.98,0.975
low_cost_plus_urine_micro_model,xgboost,isotonic,3,4,40,25,0.98,0.989181141439206,0.043417988644721864,0.8147499151158534,2.247622856539154,0.8897940740677419,0.03689337130635979,0.5,23,0,15,2,0.92,1.0,1.0,0.8823529411764706,0.9583333333333334,0.96,0.95,0.9879816025495528,19,0,15,6,0.76,1.0,1.0,0.7142857142857143,0.8636363636363636,0.88,0.85
low_cost_plus_urine_micro_model,xgboost,isotonic,4,0,40,26,0.9972527472527473,0.9985754985754985,0.03192942357692224,0.859650885376166,1.6086075350945945,2.4692687289751722,0.03855656269006429,0.5,24,0,14,2,0.9230769230769231,1.0,1.0,0.875,0.9600000000000001,0.9615384615384616,0.95,0.8126327246427536,24,0,14,2,0.9230769230769231,1.0,1.0,0.875,0.9600000000000001,0.9615384615384616,0.95
low_cost_plus_urine_micro_model,xgboost,isotonic,4,1,40,26,1.0,1.0,0.024378485921879876,0.8928418201236049,,-6.156148429651787,0.04441059986129409,0.5,26,1,13,0,1.0,0.9285714285714286,0.9629629629629629,1.0,0.9811320754716981,0.9642857142857143,0.975,0.7167549878358841,26,1,13,0,1.0,0.9285714285714286,0.9629629629629629,1.0,0.9811320754716981,0.9642857142857143,0.975
low_cost_plus_urine_micro_model,xgboost,isotonic,4,2,40,26,1.0,1.0,0.014540182661537098,0.9360871091800567,,-0.06492203322310469,0.049039523117244244,0.5,26,0,14,0,1.0,1.0,1.0,1.0,1.0,1.0,1.0,0.8801200240850449,23,0,14,3,0.8846153846153846,1.0,1.0,0.8235294117647058,0.9387755102040816,0.9423076923076923,0.925
low_cost_plus_urine_micro_model,xgboost,isotonic,4,3,40,25,0.9693333333333334,0.9842580645161291,0.04097288486583524,0.8251823579057697,1.1269914897425957,0.3151156107573621,0.0689509426476434,0.5,23,0,15,2,0.92,1.0,1.0,0.8823529411764706,0.9583333333333334,0.96,0.95,0.9999999701976776,20,0,15,5,0.8,1.0,1.0,0.75,0.888888888888889,0.9,0.875
low_cost_plus_urine_micro_model,xgboost,isotonic,4,4,40,25,0.9680000000000001,0.9816748768472907,0.04528779405671639,0.8067720786913434,1.0019952417190343,0.3897548655681267,0.03984033688902855,0.5,23,0,15,2,0.92,1.0,1.0,0.8823529411764706,0.9583333333333334,0.96,0.95,0.9322301000356674,22,0,15,3,0.88,1.0,1.0,0.8333333333333334,0.9361702127659575,0.94,0.925
low_cost_plus_urine_micro_model,xgboost,none,0,0,40,26,0.9945054945054945,0.997150997150997,0.053055838273136945,0.7667875240741233,3.936556261596583,0.5337081791857223,0.07759907809086143,0.5,24,0,14,2,0.9230769230769231,1.0,1.0,0.875,0.9600000000000001,0.9615384615384616,0.95,0.7557687163352966,19,0,14,7,0.7307692307692307,1.0,1.0,0.6666666666666666,0.8444444444444443,0.8653846153846154,0.825
low_cost_plus_urine_micro_model,xgboost,none,0,1,40,26,0.9876373626373626,0.9937965260545906,0.03423185740729402,0.8495302971107955,2.9414454693269976,0.026430556749909184,0.061191484145820124,0.5,25,0,14,1,0.9615384615384616,1.0,1.0,0.9333333333333333,0.9803921568627451,0.9807692307692308,0.975,0.7268696427345276,23,0,14,3,0.8846153846153846,1.0,1.0,0.8235294117647058,0.9387755102040816,0.9423076923076923,0.925
low_cost_plus_urine_micro_model,xgboost,none,0,2,40,26,0.9862637362637362,0.9931722173101483,0.042229082649230865,0.8143776586846996,1.7801213688520954,0.3571247703971875,0.02547673340886833,0.5,24,0,14,2,0.9230769230769231,1.0,1.0,0.875,0.9600000000000001,0.9615384615384616,0.95,0.7436015605926514,24,0,14,2,0.9230769230769231,1.0,1.0,0.875,0.9600000000000001,0.9615384615384616,0.95
low_cost_plus_urine_micro_model,xgboost,none,0,3,40,25,1.0,1.0,0.009095866146658799,0.9611909711075891,,-0.42163761186335347,0.05694081892725081,0.5,25,0,15,0,1.0,1.0,1.0,1.0,1.0,1.0,1.0,0.545240581035614,25,0,15,0,1.0,1.0,1.0,1.0,1.0,1.0,1.0
low_cost_plus_urine_micro_model,xgboost,none,0,4,40,25,0.968,0.982161512791991,0.06758758363646089,0.7116263098177669,1.3694837793758072,0.9866016571976401,0.05489154979586606,0.5,22,0,15,3,0.88,1.0,1.0,0.8333333333333334,0.9361702127659575,0.94,0.925,0.722669243812561,21,0,15,4,0.84,1.0,1.0,0.7894736842105263,0.9130434782608696,0.9199999999999999,0.9
low_cost_plus_urine_micro_model,xgboost,none,1,0,40,26,0.9862637362637363,0.9931722173101483,0.050370614301358266,0.778590706367656,1.2440516154453087,0.48885669664259085,0.06342541209887714,0.5,24,0,14,2,0.9230769230769231,1.0,1.0,0.875,0.9600000000000001,0.9615384615384616,0.95,0.6912975907325745,23,0,14,3,0.8846153846153846,1.0,1.0,0.8235294117647058,0.9387755102040816,0.9423076923076923,0.925
low_cost_plus_urine_micro_model,xgboost,none,1,1,40,26,0.9807692307692307,0.9918414918414917,0.03636359122509826,0.8401600385709966,2.6921530238663487,0.19751059530257298,0.07435325430706143,0.5,25,0,14,1,0.9615384615384616,1.0,1.0,0.9333333333333333,0.9803921568627451,0.9807692307692308,0.975,0.8454892039299011,18,0,14,8,0.6923076923076923,1.0,1.0,0.6363636363636364,0.8181818181818181,0.8461538461538461,0.8
low_cost_plus_urine_micro_model,xgboost,none,1,2,40,26,1.0,1.0,0.023864243411171826,0.8951022267640799,,0.5101764279302595,0.06229962550569326,0.5,25,0,14,1,0.9615384615384616,1.0,1.0,0.9333333333333333,0.9803921568627451,0.9807692307692308,0.975,0.5710930824279785,25,0,14,1,0.9615384615384616,1.0,1.0,0.9333333333333333,0.9803921568627451,0.9807692307692308,0.975
low_cost_plus_urine_micro_model,xgboost,none,1,3,40,25,0.9813333333333334,0.9912500000000002,0.03758694532452773,0.839629033282015,1.473204577890001,-0.262362051619015,0.05625113074202087,0.5,24,0,15,1,0.96,1.0,1.0,0.9375,0.9795918367346939,0.98,0.975,0.7011464834213257,24,0,15,1,0.96,1.0,1.0,0.9375,0.9795918367346939,0.98,0.975
low_cost_plus_urine_micro_model,xgboost,none,1,4,40,25,0.9840000000000001,0.9922580645161292,0.03224170811713771,0.8624353787002125,1.8396447522744452,-0.10521872248044657,0.05195572692900899,0.5,24,0,15,1,0.96,1.0,1.0,0.9375,0.9795918367346939,0.98,0.975,0.4900929927825928,24,0,15,1,0.96,1.0,1.0,0.9375,0.9795918367346939,0.98,0.975
low_cost_plus_urine_micro_model,xgboost,none,2,0,40,26,0.9945054945054945,0.9972527472527472,0.027932982432380106,0.8772176596378897,1.9544732113919308,0.255017129978864,0.04440743583254517,0.5,25,0,14,1,0.9615384615384616,1.0,1.0,0.9333333333333333,0.9803921568627451,0.9807692307692308,0.975,0.5987978577613831,25,0,14,1,0.9615384615384616,1.0,1.0,0.9333333333333333,0.9803921568627451,0.9807692307692308,0.975
low_cost_plus_urine_micro_model,xgboost,none,2,1,40,26,1.0,0.9999999999999999,0.035450824605538236,0.8441721995360957,,-0.07080080297263486,0.10686557190492746,0.5,24,0,14,2,0.9230769230769231,1.0,1.0,0.875,0.9600000000000001,0.9615384615384616,0.95,0.6928399205207825,23,0,14,3,0.8846153846153846,1.0,1.0,0.8235294117647058,0.9387755102040816,0.9423076923076923,0.925
low_cost_plus_urine_micro_model,xgboost,none,2,2,40,26,0.9395604395604397,0.9757085020242915,0.06288779333394806,0.7235701391914371,0.820995615917652,0.7316446301878652,0.0658554340945557,0.5,24,1,13,2,0.9230769230769231,0.9285714285714286,0.96,0.8666666666666667,0.9411764705882353,0.9258241758241759,0.925,0.681031346321106,23,0,14,3,0.8846153846153846,1.0,1.0,0.8235294117647058,0.9387755102040816,0.9423076923076923,0.925
low_cost_plus_urine_micro_model,xgboost,none,2,3,40,25,0.9786666666666667,0.988768472906404,0.047573077585566566,0.797021535634916,2.6927311467581987,0.12626721504277716,0.05239248028956356,0.5,23,0,15,2,0.92,1.0,1.0,0.8823529411764706,0.9583333333333334,0.96,0.95,0.7494867444038391,22,0,15,3,0.88,1.0,1.0,0.8333333333333334,0.9361702127659575,0.94,0.925
low_cost_plus_urine_micro_model,xgboost,none,2,4,40,25,1.0,1.0,0.022825480108445557,0.9026112848706322,,0.14929906483983427,0.05240291710942985,0.5,24,0,15,1,0.96,1.0,1.0,0.9375,0.9795918367346939,0.98,0.975,0.7448663115501404,22,0,15,3,0.88,1.0,1.0,0.8333333333333334,0.9361702127659575,0.94,0.925
low_cost_plus_urine_micro_model,xgboost,none,3,0,40,26,0.9835164835164836,0.991900341038272,0.04648972159807933,0.7956495753930579,2.0276963589265846,-0.07327328074281389,0.06303381384350361,0.5,24,0,14,2,0.9230769230769231,1.0,1.0,0.875,0.9600000000000001,0.9615384615384616,0.95,0.7422007322311401,23,0,14,3,0.8846153846153846,1.0,1.0,0.8235294117647058,0.9387755102040816,0.9423076923076923,0.925
low_cost_plus_urine_micro_model,xgboost,none,3,1,40,26,0.9903846153846154,0.9948717948717947,0.025749070459787148,0.8868172727042323,2.141163411674341,0.13121676151916523,0.03150625014677642,0.5,25,0,14,1,0.9615384615384616,1.0,1.0,0.9333333333333333,0.9803921568627451,0.9807692307692308,0.975,0.729671061038971,25,0,14,1,0.9615384615384616,1.0,1.0,0.9333333333333333,0.9803921568627451,0.9807692307692308,0.975
low_cost_plus_urine_micro_model,xgboost,none,3,2,40,26,1.0,1.0,0.03134619447057625,0.8622145297996648,,0.4115871336809551,0.09893610961735246,0.5,24,0,14,2,0.9230769230769231,1.0,1.0,0.875,0.9600000000000001,0.9615384615384616,0.95,0.6554727554321289,23,0,14,3,0.8846153846153846,1.0,1.0,0.8235294117647058,0.9387755102040816,0.9423076923076923,0.925
low_cost_plus_urine_micro_model,xgboost,none,3,3,40,25,0.996,0.997037037037037,0.021692165561016365,0.9074467602729969,3.3913696923357706,-0.2293318474975874,0.034839813620783346,0.5,24,0,15,1,0.96,1.0,1.0,0.9375,0.9795918367346939,0.98,0.975,0.6960968971252441,24,0,15,1,0.96,1.0,1.0,0.9375,0.9795918367346939,0.98,0.975
low_cost_plus_urine_micro_model,xgboost,none,3,4,40,25,0.9906666666666667,0.9939601139601141,0.05046846993382152,0.7846678616156948,4.013278361669291,0.6979782586604971,0.049632493499666475,0.5,23,0,15,2,0.92,1.0,1.0,0.8823529411764706,0.9583333333333334,0.96,0.95,0.8258640766143799,20,0,15,5,0.8,1.0,1.0,0.75,0.888888888888889,0.9,0.875
low_cost_plus_urine_micro_model,xgboost,none,4,0,40,26,0.9972527472527473,0.9985754985754984,0.03863033959042652,0.8301963094926307,4.767452955033681,0.86079020699949,0.04509678899776193,0.5,24,0,14,2,0.9230769230769231,1.0,1.0,0.875,0.9600000000000001,0.9615384615384616,0.95,0.7229233980178833,23,0,14,3,0.8846153846153846,1.0,1.0,0.8235294117647058,0.9387755102040816,0.9423076923076923,0.925
low_cost_plus_urine_micro_model,xgboost,none,4,1,40,26,1.0,0.9999999999999998,0.0191910640203306,0.9156436746359095,,-0.9927027206513598,0.06800455548800526,0.5,26,1,13,0,1.0,0.9285714285714286,0.9629629629629629,1.0,0.9811320754716981,0.9642857142857143,0.975,0.6663366556167603,26,0,14,0,1.0,1.0,1.0,1.0,1.0,1.0,1.0
low_cost_plus_urine_micro_model,xgboost,none,4,2,40,26,1.0,0.9999999999999999,0.013232426224950822,0.9418354891210953,,-0.07620339026744484,0.06786260963417591,0.5,26,0,14,0,1.0,1.0,1.0,1.0,1.0,1.0,1.0,0.7144402861595154,24,0,14,2,0.9230769230769231,1.0,1.0,0.875,0.9600000000000001,0.9615384615384616,0.95
low_cost_plus_urine_micro_model,xgboost,none,4,3,40,25,0.9693333333333334,0.9842580645161291,0.04878314257825961,0.7918585916660923,2.050947115177915,0.5029758013290628,0.04503513365052644,0.5,23,0,15,2,0.92,1.0,1.0,0.8823529411764706,0.9583333333333334,0.96,0.95,0.7362073063850403,21,0,15,4,0.84,1.0,1.0,0.7894736842105263,0.9130434782608696,0.9199999999999999,0.9
low_cost_plus_urine_micro_model,xgboost,none,4,4,40,25,0.96,0.9808812260536401,0.049003385779691336,0.7909188873399836,1.8795733962841323,0.14808232822276515,0.04213630072772505,0.5,23,0,15,2,0.92,1.0,1.0,0.8823529411764706,0.9583333333333334,0.96,0.95,0.7498730421066284,23,0,15,2,0.92,1.0,1.0,0.8823529411764706,0.9583333333333334,0.96,0.95
low_cost_plus_urine_micro_model,xgboost,sigmoid,0,0,40,26,0.9835164835164836,0.991900341038272,0.043341074702660264,0.8094897815267681,3.701943540593871,0.21033833087275783,0.060993393121867676,0.5,24,0,14,2,0.9230769230769231,1.0,1.0,0.875,0.9600000000000001,0.9615384615384616,0.95,0.7921336081012419,22,0,14,4,0.8461538461538461,1.0,1.0,0.7777777777777778,0.9166666666666666,0.9230769230769231,0.9
low_cost_plus_urine_micro_model,xgboost,sigmoid,0,1,40,26,0.9766483516483516,0.9901098901098899,0.03557094215261576,0.8436442103181725,2.4431950531880355,-0.14074991361869826,0.07994097386616356,0.5,25,0,14,1,0.9615384615384616,1.0,1.0,0.9333333333333333,0.9803921568627451,0.9807692307692308,0.975,0.8146789430014038,23,0,14,3,0.8846153846153846,1.0,1.0,0.8235294117647058,0.9387755102040816,0.9423076923076923,0.925
low_cost_plus_urine_micro_model,xgboost,sigmoid,0,2,40,26,0.9835164835164836,0.991900341038272,0.042451280484492974,0.8134009649033276,2.064843713978088,0.19467474474120605,0.0683055522934396,0.5,24,0,14,2,0.9230769230769231,1.0,1.0,0.875,0.9600000000000001,0.9615384615384616,0.95,0.7470354900635093,24,0,14,2,0.9230769230769231,1.0,1.0,0.875,0.9600000000000001,0.9615384615384616,0.95
low_cost_plus_urine_micro_model,xgboost,sigmoid,0,3,40,25,1.0,1.0,0.011489096454624115,0.9509798551269371,,-0.49234414433552126,0.07573939808084842,0.5,25,0,15,0,1.0,1.0,1.0,1.0,1.0,1.0,1.0,0.6359382500583304,25,0,15,0,1.0,1.0,1.0,1.0,1.0,1.0,1.0
low_cost_plus_urine_micro_model,xgboost,sigmoid,0,4,40,25,0.968,0.982161512791991,0.06648301592626356,0.7163391320479422,1.6640146773313238,0.8758599569579185,0.05521366898385156,0.5,22,0,15,3,0.88,1.0,1.0,0.8333333333333334,0.9361702127659575,0.94,0.925,0.7880846805615969,21,0,15,4,0.84,1.0,1.0,0.7894736842105263,0.9130434782608696,0.9199999999999999,0.9
low_cost_plus_urine_micro_model,xgboost,sigmoid,1,0,40,26,0.9862637362637363,0.9931722173101483,0.04810058568129313,0.7885688541481621,1.370899919506627,0.21272424767014153,0.05760865563779492,0.5,24,1,13,2,0.9230769230769231,0.9285714285714286,0.96,0.8666666666666667,0.9411764705882353,0.9258241758241759,0.925,0.7214426882725574,24,0,14,2,0.9230769230769231,1.0,1.0,0.875,0.9600000000000001,0.9615384615384616,0.95
low_cost_plus_urine_micro_model,xgboost,sigmoid,1,1,40,26,0.9835164835164835,0.9927884615384613,0.030248849378735277,0.8670380247088559,2.788105689176247,0.03512846116402936,0.0712144613258843,0.5,25,0,14,1,0.9615384615384616,1.0,1.0,0.9333333333333333,0.9803921568627451,0.9807692307692308,0.975,0.8479906985918262,22,0,14,4,0.8461538461538461,1.0,1.0,0.7777777777777778,0.9166666666666666,0.9230769230769231,0.9
low_cost_plus_urine_micro_model,xgboost,sigmoid,1,2,40,26,1.0,0.9999999999999999,0.023055380008874173,0.898657670290663,,0.3097957080498557,0.07577224546849937,0.5,25,0,14,1,0.9615384615384616,1.0,1.0,0.9333333333333333,0.9803921568627451,0.9807692307692308,0.975,0.7465001321861879,24,0,14,2,0.9230769230769231,1.0,1.0,0.875,0.9600000000000001,0.9615384615384616,0.95
low_cost_plus_urine_micro_model,xgboost,sigmoid,1,3,40,25,0.9866666666666666,0.9933333333333336,0.03955100519185439,0.8312490445147547,1.6357627963963135,-0.17839330959425026,0.0758761323430069,0.5,24,0,15,1,0.96,1.0,1.0,0.9375,0.9795918367346939,0.98,0.975,0.7998672225857225,23,0,15,2,0.92,1.0,1.0,0.8823529411764706,0.9583333333333334,0.96,0.95
low_cost_plus_urine_micro_model,xgboost,sigmoid,1,4,40,25,0.9866666666666668,0.9933333333333336,0.032867608950436875,0.859764868478136,1.9448392205342437,-0.17745696226476157,0.06583493231979848,0.5,24,0,15,1,0.96,1.0,1.0,0.9375,0.9795918367346939,0.98,0.975,0.517443009901787,24,0,15,1,0.96,1.0,1.0,0.9375,0.9795918367346939,0.98,0.975
low_cost_plus_urine_micro_model,xgboost,sigmoid,2,0,40,26,0.9945054945054945,0.9972527472527472,0.02658683500958702,0.8831347911666505,1.8833404622367356,0.01721269933230135,0.051497719181343146,0.5,25,0,14,1,0.9615384615384616,1.0,1.0,0.9333333333333333,0.9803921568627451,0.9807692307692308,0.975,0.6296654520551666,25,0,14,1,0.9615384615384616,1.0,1.0,0.9333333333333333,0.9803921568627451,0.9807692307692308,0.975
low_cost_plus_urine_micro_model,xgboost,sigmoid,2,1,40,26,1.0,0.9999999999999999,0.02856821876753115,0.8744254120108521,,-0.16199089715350798,0.11397741459372582,0.5,26,0,14,0,1.0,1.0,1.0,1.0,1.0,1.0,1.0,0.7709908005415327,23,0,14,3,0.8846153846153846,1.0,1.0,0.8235294117647058,0.9387755102040816,0.9423076923076923,0.925
low_cost_plus_urine_micro_model,xgboost,sigmoid,2,2,40,26,0.9560439560439561,0.9802197802197802,0.061590100219047796,0.7292742847514383,1.1703870627004673,0.31495542575381674,0.04186688222767032,0.5,24,1,13,2,0.9230769230769231,0.9285714285714286,0.96,0.8666666666666667,0.9411764705882353,0.9258241758241759,0.925,0.7191106444276061,23,0,14,3,0.8846153846153846,1.0,1.0,0.8235294117647058,0.9387755102040816,0.9423076923076923,0.925
low_cost_plus_urine_micro_model,xgboost,sigmoid,2,3,40,25,0.9773333333333333,0.9876190476190477,0.04606573023891693,0.8034528843139545,3.2762407736788908,0.12305986326133862,0.0434887878468137,0.5,23,0,15,2,0.92,1.0,1.0,0.8823529411764706,0.9583333333333334,0.96,0.95,0.8165964145197889,22,0,15,3,0.88,1.0,1.0,0.8333333333333334,0.9361702127659575,0.94,0.925
low_cost_plus_urine_micro_model,xgboost,sigmoid,2,4,40,25,1.0,1.0,0.024203355783617687,0.8967323486565646,,-0.01715214311739589,0.07144232188935332,0.5,24,0,15,1,0.96,1.0,1.0,0.9375,0.9795918367346939,0.98,0.975,0.7787832363727334,22,0,15,3,0.88,1.0,1.0,0.8333333333333334,0.9361702127659575,0.94,0.925
low_cost_plus_urine_micro_model,xgboost,sigmoid,3,0,40,26,0.9835164835164835,0.991900341038272,0.05336003089805038,0.7654504136349434,1.622485691167181,-0.07639471150343981,0.13255845509527278,0.5,24,0,14,2,0.9230769230769231,1.0,1.0,0.875,0.9600000000000001,0.9615384615384616,0.95,0.7853947137361725,23,0,14,3,0.8846153846153846,1.0,1.0,0.8235294117647058,0.9387755102040816,0.9423076923076923,0.925
low_cost_plus_urine_micro_model,xgboost,sigmoid,3,1,40,26,0.9903846153846154,0.9948717948717947,0.026765381939295653,0.8823499694976016,2.244524011487779,0.03394003644376455,0.050846333904864136,0.5,25,0,14,1,0.9615384615384616,1.0,1.0,0.9333333333333333,0.9803921568627451,0.9807692307692308,0.975,0.7842314687098244,25,0,14,1,0.9615384615384616,1.0,1.0,0.9333333333333333,0.9803921568627451,0.9807692307692308,0.975
low_cost_plus_urine_micro_model,xgboost,sigmoid,3,2,40,26,1.0,1.0,0.022647059600775683,0.9004524852713157,,0.07906144064328466,0.10039174673196233,0.5,26,0,14,0,1.0,1.0,1.0,1.0,1.0,1.0,1.0,0.7131215929417687,23,0,14,3,0.8846153846153846,1.0,1.0,0.8235294117647058,0.9387755102040816,0.9423076923076923,0.925
low_cost_plus_urine_micro_model,xgboost,sigmoid,3,3,40,25,0.9986666666666667,0.9984615384615385,0.022214617839381067,0.9052176305519741,,-0.22969653686946578,0.05682279895930834,0.5,24,0,15,1,0.96,1.0,1.0,0.9375,0.9795918367346939,0.98,0.975,0.7206973681728296,24,0,15,1,0.96,1.0,1.0,0.9375,0.9795918367346939,0.98,0.975
low_cost_plus_urine_micro_model,xgboost,sigmoid,3,4,40,25,0.9906666666666667,0.9939601139601141,0.05082869640629042,0.7831308953331608,5.431475141788125,0.4007573700126018,0.050688781665238214,0.5,23,0,15,2,0.92,1.0,1.0,0.8823529411764706,0.9583333333333334,0.96,0.95,0.8770560686058326,19,0,15,6,0.76,1.0,1.0,0.7142857142857143,0.8636363636363636,0.88,0.85
low_cost_plus_urine_micro_model,xgboost,sigmoid,4,0,40,26,0.9972527472527473,0.9985754985754984,0.03443352557894317,0.848643843609041,3.7400532729216756,0.5884958484803567,0.04159470412169257,0.5,24,0,14,2,0.9230769230769231,1.0,1.0,0.875,0.9600000000000001,0.9615384615384616,0.95,0.8087309178826917,23,0,14,3,0.8846153846153846,1.0,1.0,0.8235294117647058,0.9387755102040816,0.9423076923076923,0.925
low_cost_plus_urine_micro_model,xgboost,sigmoid,4,1,40,26,1.0,1.0,0.0208594441952785,0.9083101354053692,,-0.6969918577249451,0.08388025466058688,0.5,26,1,13,0,1.0,0.9285714285714286,0.9629629629629629,1.0,0.9811320754716981,0.9642857142857143,0.975,0.6478361099075995,26,0,14,0,1.0,1.0,1.0,1.0,1.0,1.0,1.0
low_cost_plus_urine_micro_model,xgboost,sigmoid,4,2,40,26,1.0,0.9999999999999999,0.018736739607075448,0.9176407050238442,,-0.04917900487070186,0.10172053582718188,0.5,26,0,14,0,1.0,1.0,1.0,1.0,1.0,1.0,1.0,0.7638749830640588,24,0,14,2,0.9230769230769231,1.0,1.0,0.875,0.9600000000000001,0.9615384615384616,0.95
low_cost_plus_urine_micro_model,xgboost,sigmoid,4,3,40,25,0.9693333333333333,0.9842580645161291,0.04655971001399901,0.8013452372736043,2.202321107350711,0.19551131590956902,0.07462189569900624,0.5,23,0,15,2,0.92,1.0,1.0,0.8823529411764706,0.9583333333333334,0.96,0.95,0.8530194285408882,21,0,15,4,0.84,1.0,1.0,0.7894736842105263,0.9130434782608696,0.9199999999999999,0.9
low_cost_plus_urine_micro_model,xgboost,sigmoid,4,4,40,25,0.9586666666666667,0.9803795066413663,0.048852815578538045,0.7915613201982377,1.6572928902175967,0.14325943180005568,0.05931397923440136,0.5,23,0,15,2,0.92,1.0,1.0,0.8823529411764706,0.9583333333333334,0.96,0.95,0.83849034954245,22,0,15,3,0.88,1.0,1.0,0.8333333333333334,0.9361702127659575,0.94,0.925
