calibration,model,config,metric,estimate,ci_low,ci_high,bootstrap_se,n_bootstrap,ci_level
isotonic,dummy,clinical_only_model,n,200.0,200.0,200.0,0.0,2000,0.95
isotonic,dummy,clinical_only_model,n_positive,128.0,128.0,128.0,0.0,2000,0.95
isotonic,dummy,clinical_only_model,roc_auc,0.47227647569444453,0.39212646484374997,0.5522542317708333,0.04095269896152416,2000,0.95
isotonic,dummy,clinical_only_model,pr_auc,0.6255828458454166,0.589362342738723,0.6735055089485864,0.021833506322699127,2000,0.95
isotonic,dummy,clinical_only_model,brier,0.230477109375,0.230296014453125,0.2306691759765625,9.63598324705647e-05,2000,0.95
isotonic,dummy,clinical_only_model,brier_skill_score,-0.00033467610677084814,-0.0011682985093858231,0.00045132615831157386,0.0004182284395423806,2000,0.95
isotonic,dummy,clinical_only_model,calibration_slope,-17.740318734697006,-24.1719117580858,21.538564061227323,12.947754151392768,2000,0.95
isotonic,dummy,clinical_only_model,calibration_intercept,3.854976351088828e-17,-0.0008953031738044134,0.0008950770801396848,0.000453784699197509,2000,0.95
isotonic,dummy,clinical_only_model,ece,0.0,1.1102230246251565e-16,0.00023125000000001616,6.391646985321821e-05,2000,0.95
isotonic,dummy,clinical_only_model,threshold,0.5,0.5,0.5,0.0,2000,0.95
isotonic,dummy,clinical_only_model,tp,128.0,128.0,128.0,0.0,2000,0.95
isotonic,dummy,clinical_only_model,fp,72.0,72.0,72.0,0.0,2000,0.95
isotonic,dummy,clinical_only_model,tn,0.0,0.0,0.0,0.0,2000,0.95
isotonic,dummy,clinical_only_model,fn,0.0,0.0,0.0,0.0,2000,0.95
isotonic,dummy,clinical_only_model,sensitivity,1.0,1.0,1.0,0.0,2000,0.95
isotonic,dummy,clinical_only_model,specificity,0.0,0.0,0.0,0.0,2000,0.95
isotonic,dummy,clinical_only_model,precision,0.64,0.64,0.64,0.0,2000,0.95
isotonic,dummy,clinical_only_model,npv,,,,,2000,0.95
isotonic,dummy,clinical_only_model,f1,0.7804878048780487,0.7804878048780487,0.7804878048780487,2.221001369016217e-16,2000,0.95
isotonic,dummy,clinical_only_model,balanced_accuracy,0.5,0.5,0.5,0.0,2000,0.95
isotonic,dummy,clinical_only_model,accuracy,0.64,0.64,0.64,0.0,2000,0.95
isotonic,dummy,clinical_only_model,screening_threshold,0.6366666666666666,0.6366666666666666,0.6366666666666666,0.0,2000,0.95
isotonic,dummy,clinical_only_model,screening_tp,128.0,128.0,128.0,0.0,2000,0.95
isotonic,dummy,clinical_only_model,screening_fp,72.0,72.0,72.0,0.0,2000,0.95
isotonic,dummy,clinical_only_model,screening_tn,0.0,0.0,0.0,0.0,2000,0.95
isotonic,dummy,clinical_only_model,screening_fn,0.0,0.0,0.0,0.0,2000,0.95
isotonic,dummy,clinical_only_model,screening_sensitivity,1.0,1.0,1.0,0.0,2000,0.95
isotonic,dummy,clinical_only_model,screening_specificity,0.0,0.0,0.0,0.0,2000,0.95
isotonic,dummy,clinical_only_model,screening_precision,0.64,0.64,0.64,0.0,2000,0.95
isotonic,dummy,clinical_only_model,screening_npv,,,,,2000,0.95
isotonic,dummy,clinical_only_model,screening_f1,0.7804878048780487,0.7804878048780487,0.7804878048780487,2.221001369016217e-16,2000,0.95
isotonic,dummy,clinical_only_model,screening_balanced_accuracy,0.5,0.5,0.5,0.0,2000,0.95
isotonic,dummy,clinical_only_model,screening_accuracy,0.64,0.64,0.64,0.0,2000,0.95
none,dummy,clinical_only_model,n,200.0,200.0,200.0,0.0,2000,0.95
none,dummy,clinical_only_model,n_positive,128.0,128.0,128.0,0.0,2000,0.95
none,dummy,clinical_only_model,roc_auc,0.47227647569444453,0.3898383246527779,0.5587687174479166,0.042674431175272115,2000,0.95
none,dummy,clinical_only_model,pr_auc,0.6255828458454166,0.5878376258982398,0.6779340527979819,0.02296879559344911,2000,0.95
none,dummy,clinical_only_model,brier,0.230477109375,0.23027566386718754,0.23067063984375002,0.00010065107989186855,2000,0.95
none,dummy,clinical_only_model,brier_skill_score,-0.00033467610677084814,-0.00117465209960953,0.0005396533542207924,0.0004368536453640137,2000,0.95
none,dummy,clinical_only_model,calibration_slope,-17.740318734697006,-24.026900092358286,20.849709773429005,12.65701867914477,2000,0.95
none,dummy,clinical_only_model,calibration_intercept,3.854976351088828e-17,-0.0008681696377233574,0.0008408374678377447,0.0004445960786036936,2000,0.95
none,dummy,clinical_only_model,ece,0.0,1.1102230246251565e-16,0.00023124999999990514,6.155596434228088e-05,2000,0.95
none,dummy,clinical_only_model,threshold,0.5,0.5,0.5,0.0,2000,0.95
none,dummy,clinical_only_model,tp,128.0,128.0,128.0,0.0,2000,0.95
none,dummy,clinical_only_model,fp,72.0,72.0,72.0,0.0,2000,0.95
none,dummy,clinical_only_model,tn,0.0,0.0,0.0,0.0,2000,0.95
none,dummy,clinical_only_model,fn,0.0,0.0,0.0,0.0,2000,0.95
none,dummy,clinical_only_model,sensitivity,1.0,1.0,1.0,0.0,2000,0.95
none,dummy,clinical_only_model,specificity,0.0,0.0,0.0,0.0,2000,0.95
none,dummy,clinical_only_model,precision,0.64,0.64,0.64,0.0,2000,0.95
none,dummy,clinical_only_model,npv,,,,,2000,0.95
none,dummy,clinical_only_model,f1,0.7804878048780487,0.7804878048780487,0.7804878048780487,2.221001369016217e-16,2000,0.95
none,dummy,clinical_only_model,balanced_accuracy,0.5,0.5,0.5,0.0,2000,0.95
none,dummy,clinical_only_model,accuracy,0.64,0.64,0.64,0.0,2000,0.95
none,dummy,clinical_only_model,screening_threshold,0.6366666666666667,0.6366666666666667,0.6366666666666667,0.0,2000,0.95
none,dummy,clinical_only_model,screening_tp,128.0,128.0,128.0,0.0,2000,0.95
none,dummy,clinical_only_model,screening_fp,72.0,72.0,72.0,0.0,2000,0.95
none,dummy,clinical_only_model,screening_tn,0.0,0.0,0.0,0.0,2000,0.95
none,dummy,clinical_only_model,screening_fn,0.0,0.0,0.0,0.0,2000,0.95
none,dummy,clinical_only_model,screening_sensitivity,1.0,1.0,1.0,0.0,2000,0.95
none,dummy,clinical_only_model,screening_specificity,0.0,0.0,0.0,0.0,2000,0.95
none,dummy,clinical_only_model,screening_precision,0.64,0.64,0.64,0.0,2000,0.95
none,dummy,clinical_only_model,screening_npv,,,,,2000,0.95
none,dummy,clinical_only_model,screening_f1,0.7804878048780487,0.7804878048780487,0.7804878048780487,2.221001369016217e-16,2000,0.95
none,dummy,clinical_only_model,screening_balanced_accuracy,0.5,0.5,0.5,0.0,2000,0.95
none,dummy,clinical_only_model,screening_accuracy,0.64,0.64,0.64,0.0,2000,0.95
sigmoid,dummy,clinical_only_model,n,200.0,200.0,200.0,0.0,2000,0.95
sigmoid,dummy,clinical_only_model,n_positive,128.0,128.0,128.0,0.0,2000,0.95
sigmoid,dummy,clinical_only_model,roc_auc,0.47227647569444453,0.3869873046875,0.5524115668402777,0.042110536357217364,2000,0.95
sigmoid,dummy,clinical_only_model,pr_auc,0.6255828458454166,0.5854693466605457,0.6746389599292288,0.022379253391415922,2000,0.95
sigmoid,dummy,clinical_only_model,brier,0.23047785338932422,0.23029009758327504,0.23068955488707804,9.857157577818541e-05,2000,0.95
sigmoid,dummy,clinical_only_model,brier_skill_score,-0.0003379053356087347,-0.0012567486418319227,0.0004770070170354263,0.000427828019870596,2000,0.95
sigmoid,dummy,clinical_only_model,calibration_slope,-17.946360052737102,-24.121235320940766,22.035043689188765,12.799443315368922,2000,0.95
sigmoid,dummy,clinical_only_model,calibration_intercept,0.005374925379678826,0.004462407965967342,0.0062597184998540775,0.00044833742036566484,2000,0.95
sigmoid,dummy,clinical_only_model,ece,0.0012393012896696476,0.0010287712712728106,0.0014434891105982173,0.00010345048306519203,2000,0.95
sigmoid,dummy,clinical_only_model,threshold,0.5,0.5,0.5,0.0,2000,0.95
sigmoid,dummy,clinical_only_model,tp,128.0,128.0,128.0,0.0,2000,0.95
sigmoid,dummy,clinical_only_model,fp,72.0,72.0,72.0,0.0,2000,0.95
sigmoid,dummy,clinical_only_model,tn,0.0,0.0,0.0,0.0,2000,0.95
sigmoid,dummy,clinical_only_model,fn,0.0,0.0,0.0,0.0,2000,0.95
sigmoid,dummy,clinical_only_model,sensitivity,1.0,1.0,1.0,0.0,2000,0.95
sigmoid,dummy,clinical_only_model,specificity,0.0,0.0,0.0,0.0,2000,0.95
sigmoid,dummy,clinical_only_model,precision,0.64,0.64,0.64,0.0,2000,0.95
sigmoid,dummy,clinical_only_model,npv,,,,,2000,0.95
sigmoid,dummy,clinical_only_model,f1,0.7804878048780487,0.7804878048780487,0.7804878048780487,2.221001369016217e-16,2000,0.95
sigmoid,dummy,clinical_only_model,balanced_accuracy,0.5,0.5,0.5,0.0,2000,0.95
sigmoid,dummy,clinical_only_model,accuracy,0.64,0.64,0.64,0.0,2000,0.95
sigmoid,dummy,clinical_only_model,screening_threshold,0.6346558996314265,0.6346558996314265,0.6346558996314265,1.1105006845081086e-16,2000,0.95
sigmoid,dummy,clinical_only_model,screening_tp,128.0,128.0,128.0,0.0,2000,0.95
sigmoid,dummy,clinical_only_model,screening_fp,72.0,72.0,72.0,0.0,2000,0.95
sigmoid,dummy,clinical_only_model,screening_tn,0.0,0.0,0.0,0.0,2000,0.95
sigmoid,dummy,clinical_only_model,screening_fn,0.0,0.0,0.0,0.0,2000,0.95
sigmoid,dummy,clinical_only_model,screening_sensitivity,1.0,1.0,1.0,0.0,2000,0.95
sigmoid,dummy,clinical_only_model,screening_specificity,0.0,0.0,0.0,0.0,2000,0.95
sigmoid,dummy,clinical_only_model,screening_precision,0.64,0.64,0.64,0.0,2000,0.95
sigmoid,dummy,clinical_only_model,screening_npv,,,,,2000,0.95
sigmoid,dummy,clinical_only_model,screening_f1,0.7804878048780487,0.7804878048780487,0.7804878048780487,2.221001369016217e-16,2000,0.95
sigmoid,dummy,clinical_only_model,screening_balanced_accuracy,0.5,0.5,0.5,0.0,2000,0.95
sigmoid,dummy,clinical_only_model,screening_accuracy,0.64,0.64,0.64,0.0,2000,0.95
isotonic,ebm,clinical_only_model,n,200.0,200.0,200.0,0.0,2000,0.95
isotonic,ebm,clinical_only_model,n_positive,128.0,128.0,128.0,0.0,2000,0.95
isotonic,ebm,clinical_only_model,roc_auc,0.9519314236111112,0.9198133680555556,0.9794921875,0.015411645259363033,2000,0.95
isotonic,ebm,clinical_only_model,pr_auc,0.9794209682011878,0.9662675098505148,0.9909301517426683,0.006462873078499226,2000,0.95
isotonic,ebm,clinical_only_model,brier,0.05858477395196994,0.035228639160448945,0.08318684710342714,0.012639249370963519,2000,0.95
isotonic,ebm,clinical_only_model,brier_skill_score,0.7457258075001305,0.6389459761135975,0.8470979203105514,0.05485785317258471,2000,0.95
isotonic,ebm,clinical_only_model,calibration_slope,0.6524230171429667,0.5099312545643266,4.839993298788054,1.3419452706709991,2000,0.95
isotonic,ebm,clinical_only_model,calibration_intercept,0.1687482505846503,-0.38081001618340377,0.5777377317264493,0.2495760833643446,2000,0.95
isotonic,ebm,clinical_only_model,ece,0.040375365175716396,0.02500209097040455,0.0756651479687483,0.012956956383056155,2000,0.95
isotonic,ebm,clinical_only_model,threshold,0.5,0.5,0.5,0.0,2000,0.95
isotonic,ebm,clinical_only_model,tp,115.0,108.0,121.0,3.4048765531471306,2000,0.95
isotonic,ebm,clinical_only_model,fp,1.0,0.0,3.0,0.9738507034429345,2000,0.95
isotonic,ebm,clinical_only_model,tn,71.0,69.0,72.0,0.9738507034429345,2000,0.95
isotonic,ebm,clinical_only_model,fn,13.0,7.0,20.0,3.4048765531471306,2000,0.95
isotonic,ebm,clinical_only_model,sensitivity,0.8984375,0.84375,0.9453125,0.026600598071461957,2000,0.95
isotonic,ebm,clinical_only_model,specificity,0.9861111111111112,0.9583333333333334,1.0,0.0135257042144852,2000,0.95
isotonic,ebm,clinical_only_model,precision,0.9913793103448276,0.9736842105263158,1.0,0.008259457136692428,2000,0.95
isotonic,ebm,clinical_only_model,npv,0.8452380952380952,0.782608695652174,0.9113924050632911,0.03432447802617455,2000,0.95
isotonic,ebm,clinical_only_model,f1,0.9426229508196722,0.9121153540596367,0.9718875502008032,0.01523631203364609,2000,0.95
isotonic,ebm,clinical_only_model,balanced_accuracy,0.9422743055555556,0.9118923611111112,0.96875,0.014881114743685548,2000,0.95
isotonic,ebm,clinical_only_model,accuracy,0.93,0.895,0.965,0.017676134096807006,2000,0.95
isotonic,ebm,clinical_only_model,screening_threshold,0.47559983680915785,0.47559983680915785,0.47559983680915785,0.0,2000,0.95
isotonic,ebm,clinical_only_model,screening_tp,115.0,108.0,121.0,3.4048765531471306,2000,0.95
isotonic,ebm,clinical_only_model,screening_fp,1.0,0.0,3.0,0.9738507034429345,2000,0.95
isotonic,ebm,clinical_only_model,screening_tn,71.0,69.0,72.0,0.9738507034429345,2000,0.95
isotonic,ebm,clinical_only_model,screening_fn,13.0,7.0,20.0,3.4048765531471306,2000,0.95
isotonic,ebm,clinical_only_model,screening_sensitivity,0.8984375,0.84375,0.9453125,0.026600598071461957,2000,0.95
isotonic,ebm,clinical_only_model,screening_specificity,0.9861111111111112,0.9583333333333334,1.0,0.0135257042144852,2000,0.95
isotonic,ebm,clinical_only_model,screening_precision,0.9913793103448276,0.9736842105263158,1.0,0.008259457136692428,2000,0.95
isotonic,ebm,clinical_only_model,screening_npv,0.8452380952380952,0.782608695652174,0.9113924050632911,0.03432447802617455,2000,0.95
isotonic,ebm,clinical_only_model,screening_f1,0.9426229508196722,0.9121153540596367,0.9718875502008032,0.01523631203364609,2000,0.95
isotonic,ebm,clinical_only_model,screening_balanced_accuracy,0.9422743055555556,0.9118923611111112,0.96875,0.014881114743685548,2000,0.95
isotonic,ebm,clinical_only_model,screening_accuracy,0.93,0.895,0.965,0.017676134096807006,2000,0.95
none,ebm,clinical_only_model,n,200.0,200.0,200.0,0.0,2000,0.95
none,ebm,clinical_only_model,n_positive,128.0,128.0,128.0,0.0,2000,0.95
none,ebm,clinical_only_model,roc_auc,0.9525824652777778,0.9185004340277778,0.9792778862847222,0.01487559473539945,2000,0.95
none,ebm,clinical_only_model,pr_auc,0.9794755207272987,0.9651011742514363,0.9907775159276972,0.00631111203647515,2000,0.95
none,ebm,clinical_only_model,brier,0.05768103219568554,0.03547160721835757,0.08361447068364602,0.012312216575999164,2000,0.95
none,ebm,clinical_only_model,brier_skill_score,0.7496482977617815,0.6370899709911196,0.8460433714481007,0.053438439999996375,2000,0.95
none,ebm,clinical_only_model,calibration_slope,0.9439473983696093,0.6688974715665964,1.6386108356666513,0.27338269184376246,2000,0.95
none,ebm,clinical_only_model,calibration_intercept,0.03016849307558667,-0.5119356904999165,0.4760060271437238,0.25590184187869947,2000,0.95
none,ebm,clinical_only_model,ece,0.03293579830499634,0.020374801305467607,0.06995734938962976,0.012758966380204947,2000,0.95
none,ebm,clinical_only_model,threshold,0.5,0.5,0.5,0.0,2000,0.95
none,ebm,clinical_only_model,tp,117.0,110.0,123.0,3.1623836081415737,2000,0.95
none,ebm,clinical_only_model,fp,1.0,0.0,3.0,0.9896410686316333,2000,0.95
none,ebm,clinical_only_model,tn,71.0,69.0,72.0,0.9896410686316333,2000,0.95
none,ebm,clinical_only_model,fn,11.0,5.0,18.0,3.162383608141574,2000,0.95
none,ebm,clinical_only_model,sensitivity,0.9140625,0.859375,0.9609375,0.024706121938606045,2000,0.95
none,ebm,clinical_only_model,specificity,0.9861111111111112,0.9583333333333334,1.0,0.013745014842106017,2000,0.95
none,ebm,clinical_only_model,precision,0.9915254237288136,0.9741379310344828,1.0,0.008252195905661444,2000,0.95
none,ebm,clinical_only_model,npv,0.8658536585365854,0.8,0.9342105263157895,0.03320849130642276,2000,0.95
none,ebm,clinical_only_model,f1,0.9512195121951219,0.9205020920502092,0.976,0.013969567593063966,2000,0.95
none,ebm,clinical_only_model,balanced_accuracy,0.9500868055555556,0.9205729166666667,0.974446614583333,0.01397253579028871,2000,0.95
none,ebm,clinical_only_model,accuracy,0.94,0.905,0.97,0.016439715086219015,2000,0.95
none,ebm,clinical_only_model,screening_threshold,0.5163849304072784,0.5163849304072784,0.5163849304072784,1.1105006845081086e-16,2000,0.95
none,ebm,clinical_only_model,screening_tp,117.0,110.0,123.0,3.1623836081415737,2000,0.95
none,ebm,clinical_only_model,screening_fp,1.0,0.0,3.0,0.9896410686316333,2000,0.95
none,ebm,clinical_only_model,screening_tn,71.0,69.0,72.0,0.9896410686316333,2000,0.95
none,ebm,clinical_only_model,screening_fn,11.0,5.0,18.0,3.162383608141574,2000,0.95
none,ebm,clinical_only_model,screening_sensitivity,0.9140625,0.859375,0.9609375,0.024706121938606045,2000,0.95
none,ebm,clinical_only_model,screening_specificity,0.9861111111111112,0.9583333333333334,1.0,0.013745014842106017,2000,0.95
none,ebm,clinical_only_model,screening_precision,0.9915254237288136,0.9741379310344828,1.0,0.008252195905661444,2000,0.95
none,ebm,clinical_only_model,screening_npv,0.8658536585365854,0.8,0.9342105263157895,0.03320849130642276,2000,0.95
none,ebm,clinical_only_model,screening_f1,0.9512195121951219,0.9205020920502092,0.976,0.013969567593063966,2000,0.95
none,ebm,clinical_only_model,screening_balanced_accuracy,0.9500868055555556,0.9205729166666667,0.974446614583333,0.01397253579028871,2000,0.95
none,ebm,clinical_only_model,screening_accuracy,0.94,0.905,0.97,0.016439715086219015,2000,0.95
sigmoid,ebm,clinical_only_model,n,200.0,200.0,200.0,0.0,2000,0.95
sigmoid,ebm,clinical_only_model,n_positive,128.0,128.0,128.0,0.0,2000,0.95
sigmoid,ebm,clinical_only_model,roc_auc,0.9474826388888888,0.9121039496527779,0.9754774305555556,0.01614596526933768,2000,0.95
sigmoid,ebm,clinical_only_model,pr_auc,0.9778039146963629,0.9634747746764796,0.9895129678992289,0.006732257317462087,2000,0.95
sigmoid,ebm,clinical_only_model,brier,0.07710679682119173,0.05963252084762808,0.0965537033757815,0.009385827106449321,2000,0.95
sigmoid,ebm,clinical_only_model,brier_skill_score,0.6653350832413554,0.5809301068759483,0.7411782949321697,0.04073709681618629,2000,0.95
sigmoid,ebm,clinical_only_model,calibration_slope,2.9592068638847637,2.1348078610345835,4.775905971291902,0.702563171422697,2000,0.95
sigmoid,ebm,clinical_only_model,calibration_intercept,0.040466832807140495,-0.18818774165175708,0.24165985572968793,0.11098491201273786,2000,0.95
sigmoid,ebm,clinical_only_model,ece,0.09672419908310498,0.07155372582063678,0.1300962078961678,0.01506252409190948,2000,0.95
sigmoid,ebm,clinical_only_model,threshold,0.5,0.5,0.5,0.0,2000,0.95
sigmoid,ebm,clinical_only_model,tp,112.0,104.0,119.0,3.6936628937663483,2000,0.95
sigmoid,ebm,clinical_only_model,fp,0.0,0.0,0.0,0.0,2000,0.95
sigmoid,ebm,clinical_only_model,tn,72.0,72.0,72.0,0.0,2000,0.95
sigmoid,ebm,clinical_only_model,fn,16.0,9.0,24.0,3.6936628937663483,2000,0.95
sigmoid,ebm,clinical_only_model,sensitivity,0.875,0.8125,0.9296875,0.028856741357549596,2000,0.95
sigmoid,ebm,clinical_only_model,specificity,1.0,1.0,1.0,0.0,2000,0.95
sigmoid,ebm,clinical_only_model,precision,1.0,1.0,1.0,0.0,2000,0.95
sigmoid,ebm,clinical_only_model,npv,0.8181818181818182,0.75,0.8888888888888888,0.034302866794674106,2000,0.95
sigmoid,ebm,clinical_only_model,f1,0.9333333333333333,0.896551724137931,0.9635627530364372,0.016479197654631902,2000,0.95
sigmoid,ebm,clinical_only_model,balanced_accuracy,0.9375,0.90625,0.96484375,0.014428370678774796,2000,0.95
sigmoid,ebm,clinical_only_model,accuracy,0.92,0.88,0.955,0.01846831446883173,2000,0.95
sigmoid,ebm,clinical_only_model,screening_threshold,0.4014993548578644,0.4014993548578644,0.4014993548578644,1.1105006845081086e-16,2000,0.95
sigmoid,ebm,clinical_only_model,screening_tp,115.0,108.0,121.0,3.3009391238781998,2000,0.95
sigmoid,ebm,clinical_only_model,screening_fp,1.0,0.0,3.0,0.9988786859847683,2000,0.95
sigmoid,ebm,clinical_only_model,screening_tn,71.0,69.0,72.0,0.9988786859847684,2000,0.95
sigmoid,ebm,clinical_only_model,screening_fn,13.0,7.0,20.0,3.3009391238781993,2000,0.95
sigmoid,ebm,clinical_only_model,screening_sensitivity,0.8984375,0.84375,0.9453125,0.025788586905298436,2000,0.95
sigmoid,ebm,clinical_only_model,screening_specificity,0.9861111111111112,0.9583333333333334,1.0,0.01387331508312178,2000,0.95
sigmoid,ebm,clinical_only_model,screening_precision,0.9913793103448276,0.9734513274336283,1.0,0.00847407418855957,2000,0.95
sigmoid,ebm,clinical_only_model,screening_npv,0.8452380952380952,0.782608695652174,0.9113924050632911,0.03315609545847405,2000,0.95
sigmoid,ebm,clinical_only_model,screening_f1,0.9426229508196722,0.9113924050632912,0.9680063492063491,0.014858693801759788,2000,0.95
sigmoid,ebm,clinical_only_model,screening_balanced_accuracy,0.9422743055555556,0.9118923611111112,0.96875,0.01462339013560127,2000,0.95
sigmoid,ebm,clinical_only_model,screening_accuracy,0.93,0.895,0.96,0.017229466649043564,2000,0.95
isotonic,logreg,clinical_only_model,n,200.0,200.0,200.0,0.0,2000,0.95
isotonic,logreg,clinical_only_model,n_positive,128.0,128.0,128.0,0.0,2000,0.95
isotonic,logreg,clinical_only_model,roc_auc,0.8968098958333335,0.8442925347222223,0.9453152126736111,0.02540644363900637,2000,0.95
isotonic,logreg,clinical_only_model,pr_auc,0.959832235564074,0.9385252856226074,0.9790333698979304,0.010154456010333978,2000,0.95
isotonic,logreg,clinical_only_model,brier,0.07491314796726535,0.04846860471174533,0.10360773373668676,0.013707109483595083,2000,0.95
isotonic,logreg,clinical_only_model,brier_skill_score,0.6748561286142997,0.5503136556567413,0.7896327920497164,0.05949266268921477,2000,0.95
isotonic,logreg,clinical_only_model,calibration_slope,0.8936208051820063,0.5947820150446358,1.4292659709544215,0.2844064816579741,2000,0.95
isotonic,logreg,clinical_only_model,calibration_intercept,0.105433477668086,-0.39008661977836634,0.4735932244501949,0.21573572950140055,2000,0.95
isotonic,logreg,clinical_only_model,ece,0.06304380726734277,0.03992195827992966,0.09958043774278413,0.015272035047372559,2000,0.95
isotonic,logreg,clinical_only_model,threshold,0.5,0.5,0.5,0.0,2000,0.95
isotonic,logreg,clinical_only_model,tp,112.0,104.0,119.0,3.742480738900405,2000,0.95
isotonic,logreg,clinical_only_model,fp,1.0,0.0,3.0,1.005178686650313,2000,0.95
isotonic,logreg,clinical_only_model,tn,71.0,69.0,72.0,1.005178686650313,2000,0.95
isotonic,logreg,clinical_only_model,fn,16.0,9.0,24.0,3.742480738900405,2000,0.95
isotonic,logreg,clinical_only_model,sensitivity,0.875,0.8125,0.9296875,0.029238130772659413,2000,0.95
isotonic,logreg,clinical_only_model,specificity,0.9861111111111112,0.9583333333333334,1.0,0.013960815092365457,2000,0.95
isotonic,logreg,clinical_only_model,precision,0.9911504424778761,0.9722222222222222,1.0,0.008737010743728704,2000,0.95
isotonic,logreg,clinical_only_model,npv,0.8160919540229885,0.75,0.8888888888888888,0.03521108559662707,2000,0.95
isotonic,logreg,clinical_only_model,f1,0.9294605809128631,0.8927038626609443,0.9603985926354344,0.01710908880757189,2000,0.95
isotonic,logreg,clinical_only_model,balanced_accuracy,0.9305555555555556,0.8971137152777778,0.9609375,0.016185966836626108,2000,0.95
isotonic,logreg,clinical_only_model,accuracy,0.915,0.875,0.9501249999999992,0.01936470748418302,2000,0.95
isotonic,logreg,clinical_only_model,screening_threshold,0.27107934673463596,0.27107934673463596,0.27107934673463596,5.552503422540543e-17,2000,0.95
isotonic,logreg,clinical_only_model,screening_tp,113.0,105.0,120.0,3.632876635164365,2000,0.95
isotonic,logreg,clinical_only_model,screening_fp,4.0,1.0,8.0,1.9375672461663642,2000,0.95
isotonic,logreg,clinical_only_model,screening_tn,68.0,64.0,71.0,1.9375672461663642,2000,0.95
isotonic,logreg,clinical_only_model,screening_fn,15.0,8.0,23.0,3.632876635164365,2000,0.95
isotonic,logreg,clinical_only_model,screening_sensitivity,0.8828125,0.8203125,0.9375,0.028381848712221602,2000,0.95
isotonic,logreg,clinical_only_model,screening_specificity,0.9444444444444444,0.8888888888888888,0.9861111111111112,0.02691065619675507,2000,0.95
isotonic,logreg,clinical_only_model,screening_precision,0.9658119658119658,0.9327731092436975,0.9915254237288136,0.015928897107050147,2000,0.95
isotonic,logreg,clinical_only_model,screening_npv,0.8192771084337349,0.7499342105263159,0.8961038961038961,0.036173574664880186,2000,0.95
isotonic,logreg,clinical_only_model,screening_f1,0.9224489795918367,0.8860759493670886,0.9558232931726908,0.017547351840992993,2000,0.95
isotonic,logreg,clinical_only_model,screening_balanced_accuracy,0.9136284722222222,0.8741102430555555,0.9509548611111112,0.019489523174684602,2000,0.95
isotonic,logreg,clinical_only_model,screening_accuracy,0.905,0.865,0.945,0.02052839758855467,2000,0.95
none,logreg,clinical_only_model,n,200.0,200.0,200.0,0.0,2000,0.95
none,logreg,clinical_only_model,n_positive,128.0,128.0,128.0,0.0,2000,0.95
none,logreg,clinical_only_model,roc_auc,0.9058159722222223,0.8579616970486112,0.9482476128472221,0.023732106937627343,2000,0.95
none,logreg,clinical_only_model,pr_auc,0.9623241275318986,0.9429192075324051,0.9797922904229152,0.009618603617644298,2000,0.95
none,logreg,clinical_only_model,brier,0.09435424282723791,0.07157096570973946,0.11723648044623115,0.011836049410958739,2000,0.95
none,logreg,clinical_only_model,brier_skill_score,0.590476376617891,0.49116110917434386,0.6893621279959226,0.05137174223506397,2000,0.95
none,logreg,clinical_only_model,calibration_slope,2.1947813357652732,1.7005565121164408,3.057419109703252,0.3493110277772099,2000,0.95
none,logreg,clinical_only_model,calibration_intercept,0.40455297178398686,0.21227885279009664,0.5841125215787731,0.09410012698627106,2000,0.95
none,logreg,clinical_only_model,ece,0.13108992299431552,0.0952936178396539,0.1703563507962301,0.019239693965607974,2000,0.95
none,logreg,clinical_only_model,threshold,0.5,0.5,0.5,0.0,2000,0.95
none,logreg,clinical_only_model,tp,110.0,102.0,117.0,3.99266460967393,2000,0.95
none,logreg,clinical_only_model,fp,0.0,0.0,0.0,0.0,2000,0.95
none,logreg,clinical_only_model,tn,72.0,72.0,72.0,0.0,2000,0.95
none,logreg,clinical_only_model,fn,18.0,11.0,26.0,3.9926646096739296,2000,0.95
none,logreg,clinical_only_model,sensitivity,0.859375,0.796875,0.9140625,0.031192692263077578,2000,0.95
none,logreg,clinical_only_model,specificity,1.0,1.0,1.0,0.0,2000,0.95
none,logreg,clinical_only_model,precision,1.0,1.0,1.0,0.0,2000,0.95
none,logreg,clinical_only_model,npv,0.8,0.7346938775510204,0.8674698795180723,0.035510085216045664,2000,0.95
none,logreg,clinical_only_model,f1,0.9243697478991597,0.8869565217391304,0.9551020408163265,0.01811268117102962,2000,0.95
none,logreg,clinical_only_model,balanced_accuracy,0.9296875,0.8984375,0.95703125,0.015596346131538789,2000,0.95
none,logreg,clinical_only_model,accuracy,0.91,0.87,0.945,0.01996332304836965,2000,0.95
none,logreg,clinical_only_model,screening_threshold,0.28043048332269427,0.28043048332269427,0.28043048332269427,0.0,2000,0.95
none,logreg,clinical_only_model,screening_tp,112.0,105.0,119.0,3.7323280786183872,2000,0.95
none,logreg,clinical_only_model,screening_fp,10.0,5.0,16.0,2.969326219717118,2000,0.95
none,logreg,clinical_only_model,screening_tn,62.0,56.0,67.0,2.969326219717118,2000,0.95
none,logreg,clinical_only_model,screening_fn,16.0,9.0,23.0,3.7323280786183872,2000,0.95
none,logreg,clinical_only_model,screening_sensitivity,0.875,0.8203125,0.9296875,0.02915881311420615,2000,0.95
none,logreg,clinical_only_model,screening_specificity,0.8611111111111112,0.7777777777777778,0.9305555555555556,0.04124064194051552,2000,0.95
none,logreg,clinical_only_model,screening_precision,0.9180327868852459,0.873015873015873,0.9586861536377185,0.02243287054050524,2000,0.95
none,logreg,clinical_only_model,screening_npv,0.7948717948717948,0.725,0.875,0.038840702788095316,2000,0.95
none,logreg,clinical_only_model,screening_f1,0.8959999999999999,0.8571428571428571,0.9328194993412383,0.01958688784021004,2000,0.95
none,logreg,clinical_only_model,screening_balanced_accuracy,0.8680555555555556,0.8168402777777778,0.9153754340277777,0.025191497322943318,2000,0.95
none,logreg,clinical_only_model,screening_accuracy,0.87,0.82,0.915,0.02378614439821358,2000,0.95
sigmoid,logreg,clinical_only_model,n,200.0,200.0,200.0,0.0,2000,0.95
sigmoid,logreg,clinical_only_model,n_positive,128.0,128.0,128.0,0.0,2000,0.95
sigmoid,logreg,clinical_only_model,roc_auc,0.9039713541666666,0.8558837890625001,0.9471652560763888,0.023705850595198547,2000,0.95
sigmoid,logreg,clinical_only_model,pr_auc,0.9618273762068268,0.942159723483693,0.9793635040727261,0.009640075408440474,2000,0.95
sigmoid,logreg,clinical_only_model,brier,0.09215353890293149,0.07332594137219962,0.11281302561987575,0.010147303739289551,2000,0.95
sigmoid,logreg,clinical_only_model,brier_skill_score,0.6000280429560265,0.5103601318581782,0.6817450461276057,0.04404211692399979,2000,0.95
sigmoid,logreg,clinical_only_model,calibration_slope,2.3417618619964222,1.7395398973730298,3.419440941602103,0.43122218892952363,2000,0.95
sigmoid,logreg,clinical_only_model,calibration_intercept,0.027796537165894517,-0.1905850995927462,0.22736045793989665,0.1078025833784169,2000,0.95
sigmoid,logreg,clinical_only_model,ece,0.11675016486596862,0.10161534183438939,0.16025921631539447,0.014761400234915532,2000,0.95
sigmoid,logreg,clinical_only_model,threshold,0.5,0.5,0.5,0.0,2000,0.95
sigmoid,logreg,clinical_only_model,tp,111.0,103.0,118.0,3.769456247285555,2000,0.95
sigmoid,logreg,clinical_only_model,fp,0.0,0.0,0.0,0.0,2000,0.95
sigmoid,logreg,clinical_only_model,tn,72.0,72.0,72.0,0.0,2000,0.95
sigmoid,logreg,clinical_only_model,fn,17.0,10.0,25.0,3.769456247285555,2000,0.95
sigmoid,logreg,clinical_only_model,sensitivity,0.8671875,0.8046875,0.921875,0.0294488769319184,2000,0.95
sigmoid,logreg,clinical_only_model,specificity,1.0,1.0,1.0,0.0,2000,0.95
sigmoid,logreg,clinical_only_model,precision,1.0,1.0,1.0,0.0,2000,0.95
sigmoid,logreg,clinical_only_model,npv,0.8089887640449438,0.7422680412371134,0.8780487804878049,0.03420328909259629,2000,0.95
sigmoid,logreg,clinical_only_model,f1,0.9288702928870293,0.8917748917748918,0.959349593495935,0.01696547924743855,2000,0.95
sigmoid,logreg,clinical_only_model,balanced_accuracy,0.93359375,0.90234375,0.9609375,0.0147244384659592,2000,0.95
sigmoid,logreg,clinical_only_model,accuracy,0.915,0.875,0.95,0.018847281236427774,2000,0.95
sigmoid,logreg,clinical_only_model,screening_threshold,0.35297706632102693,0.35297706632102693,0.35297706632102693,0.0,2000,0.95
sigmoid,logreg,clinical_only_model,screening_tp,113.0,106.0,120.0,3.621840224707138,2000,0.95
sigmoid,logreg,clinical_only_model,screening_fp,6.0,2.0,11.0,2.3451782299998505,2000,0.95
sigmoid,logreg,clinical_only_model,screening_tn,66.0,61.0,70.0,2.345178229999851,2000,0.95
sigmoid,logreg,clinical_only_model,screening_fn,15.0,8.0,22.0,3.6218402247071384,2000,0.95
sigmoid,logreg,clinical_only_model,screening_sensitivity,0.8828125,0.828125,0.9375,0.028295626755524515,2000,0.95
sigmoid,logreg,clinical_only_model,screening_specificity,0.9166666666666666,0.8472222222222222,0.9722222222222222,0.03257191986110904,2000,0.95
sigmoid,logreg,clinical_only_model,screening_precision,0.9495798319327731,0.9112903225806451,0.9830544082039596,0.018706935227120074,2000,0.95
sigmoid,logreg,clinical_only_model,screening_npv,0.8148148148148148,0.7471229746572496,0.8873630672926446,0.03663479622739373,2000,0.95
sigmoid,logreg,clinical_only_model,screening_f1,0.9149797570850202,0.8786457801816512,0.9482071713147411,0.018049345170452483,2000,0.95
sigmoid,logreg,clinical_only_model,screening_balanced_accuracy,0.8997395833333333,0.8563368055555556,0.9392361111111112,0.02139044569426546,2000,0.95
sigmoid,logreg,clinical_only_model,screening_accuracy,0.895,0.85,0.935,0.021405899888232053,2000,0.95
isotonic,random_forest,clinical_only_model,n,200.0,200.0,200.0,0.0,2000,0.95
isotonic,random_forest,clinical_only_model,n_positive,128.0,128.0,128.0,0.0,2000,0.95
isotonic,random_forest,clinical_only_model,roc_auc,0.9535590277777778,0.9213297526041667,0.9799262152777778,0.01493648996816911,2000,0.95
isotonic,random_forest,clinical_only_model,pr_auc,0.979608204987315,0.9661048810055198,0.9907358980241423,0.006361847648443278,2000,0.95
isotonic,random_forest,clinical_only_model,brier,0.06314454310080027,0.039662055999648616,0.08939543500566294,0.012830265376143313,2000,0.95
isotonic,random_forest,clinical_only_model,brier_skill_score,0.7259351427916655,0.6119989800101433,0.8278556597237473,0.05568691569506647,2000,0.95
isotonic,random_forest,clinical_only_model,calibration_slope,0.8219618545444523,0.5611812214342141,1.6204275702041444,0.4409373850917887,2000,0.95
isotonic,random_forest,clinical_only_model,calibration_intercept,0.10977543163845989,-0.44842337036213153,0.5294889176507698,0.25494038862378293,2000,0.95
isotonic,random_forest,clinical_only_model,ece,0.04578496059856911,0.025578150525907038,0.08209207046869565,0.014828713254557929,2000,0.95
isotonic,random_forest,clinical_only_model,threshold,0.5,0.5,0.5,0.0,2000,0.95
isotonic,random_forest,clinical_only_model,tp,114.0,107.0,120.02499999999986,3.5065955150334958,2000,0.95
isotonic,random_forest,clinical_only_model,fp,1.0,0.0,3.0,1.0059930471954082,2000,0.95
isotonic,random_forest,clinical_only_model,tn,71.0,69.0,72.0,1.0059930471954082,2000,0.95
isotonic,random_forest,clinical_only_model,fn,14.0,7.975000000000044,21.0,3.5065955150334953,2000,0.95
isotonic,random_forest,clinical_only_model,sensitivity,0.890625,0.8359375,0.9376953124999989,0.027395277461199186,2000,0.95
isotonic,random_forest,clinical_only_model,specificity,0.9861111111111112,0.9583333333333334,1.0,0.013972125655491776,2000,0.95
isotonic,random_forest,clinical_only_model,precision,0.991304347826087,0.9734513274336283,1.0,0.008619863857455203,2000,0.95
isotonic,random_forest,clinical_only_model,npv,0.8352941176470589,0.7717391304347826,0.9001973684210516,0.03452295955543437,2000,0.95
isotonic,random_forest,clinical_only_model,f1,0.9382716049382716,0.906759742141098,0.967741935483871,0.015948775756853485,2000,0.95
isotonic,random_forest,clinical_only_model,balanced_accuracy,0.9383680555555556,0.9079861111111112,0.96875,0.015528277128855912,2000,0.95
isotonic,random_forest,clinical_only_model,accuracy,0.925,0.89,0.96,0.018358502588954627,2000,0.95
isotonic,random_forest,clinical_only_model,screening_threshold,0.41191747939285234,0.41191747939285234,0.41191747939285234,0.0,2000,0.95
isotonic,random_forest,clinical_only_model,screening_tp,115.0,108.0,121.0,3.400701896181632,2000,0.95
isotonic,random_forest,clinical_only_model,screening_fp,1.0,0.0,3.0,1.0059930471954082,2000,0.95
isotonic,random_forest,clinical_only_model,screening_tn,71.0,69.0,72.0,1.0059930471954082,2000,0.95
isotonic,random_forest,clinical_only_model,screening_fn,13.0,7.0,20.0,3.400701896181632,2000,0.95
isotonic,random_forest,clinical_only_model,screening_sensitivity,0.8984375,0.84375,0.9453125,0.026567983563919,2000,0.95
isotonic,random_forest,clinical_only_model,screening_specificity,0.9861111111111112,0.9583333333333334,1.0,0.013972125655491776,2000,0.95
isotonic,random_forest,clinical_only_model,screening_precision,0.9913793103448276,0.9736842105263158,1.0,0.008550783566286371,2000,0.95
isotonic,random_forest,clinical_only_model,screening_npv,0.8452380952380952,0.7802197802197802,0.9113924050632911,0.034178196372312224,2000,0.95
isotonic,random_forest,clinical_only_model,screening_f1,0.9426229508196722,0.9113735523835175,0.9718875502008032,0.015424864359905708,2000,0.95
isotonic,random_forest,clinical_only_model,screening_balanced_accuracy,0.9422743055555556,0.9110243055555556,0.9696180555555556,0.015207364553411318,2000,0.95
isotonic,random_forest,clinical_only_model,screening_accuracy,0.93,0.895,0.965,0.01788698820857178,2000,0.95
none,random_forest,clinical_only_model,n,200.0,200.0,200.0,0.0,2000,0.95
none,random_forest,clinical_only_model,n_positive,128.0,128.0,128.0,0.0,2000,0.95
none,random_forest,clinical_only_model,roc_auc,0.9474826388888888,0.9149251302083333,0.9754774305555556,0.015522815097528784,2000,0.95
none,random_forest,clinical_only_model,pr_auc,0.9771869110712119,0.96280320269209,0.9891911531267611,0.006686081398270944,2000,0.95
none,random_forest,clinical_only_model,brier,0.08157500009027899,0.06229022177292902,0.10173351602048684,0.010069747109927689,2000,0.95
none,random_forest,clinical_only_model,brier_skill_score,0.6459418398859419,0.5584482811610814,0.7296431346661066,0.04370549960906115,2000,0.95
none,random_forest,clinical_only_model,calibration_slope,3.122237275530082,2.4417835875954865,4.619470696401888,0.5839588604498067,2000,0.95
none,random_forest,clinical_only_model,calibration_intercept,0.3159556841899515,0.13214307868412348,0.48737944257535876,0.08995732422255105,2000,0.95
none,random_forest,clinical_only_model,ece,0.1026510200633399,0.07718191565166656,0.1400807137879173,0.016357626611203338,2000,0.95
none,random_forest,clinical_only_model,threshold,0.5,0.5,0.5,0.0,2000,0.95
none,random_forest,clinical_only_model,tp,112.0,105.0,119.0,3.686979340643118,2000,0.95
none,random_forest,clinical_only_model,fp,0.0,0.0,0.0,0.0,2000,0.95
none,random_forest,clinical_only_model,tn,72.0,72.0,72.0,0.0,2000,0.95
none,random_forest,clinical_only_model,fn,16.0,9.0,23.0,3.686979340643118,2000,0.95
none,random_forest,clinical_only_model,sensitivity,0.875,0.8203125,0.9296875,0.02880452609877436,2000,0.95
none,random_forest,clinical_only_model,specificity,1.0,1.0,1.0,0.0,2000,0.95
none,random_forest,clinical_only_model,precision,1.0,1.0,1.0,0.0,2000,0.95
none,random_forest,clinical_only_model,npv,0.8181818181818182,0.7578947368421053,0.8888888888888888,0.03439620361697054,2000,0.95
none,random_forest,clinical_only_model,f1,0.9333333333333333,0.9012875536480687,0.9635627530364372,0.016420516748063975,2000,0.95
none,random_forest,clinical_only_model,balanced_accuracy,0.9375,0.91015625,0.96484375,0.01440226304938718,2000,0.95
none,random_forest,clinical_only_model,accuracy,0.92,0.885,0.955,0.01843489670321558,2000,0.95
none,random_forest,clinical_only_model,screening_threshold,0.331123072003929,0.331123072003929,0.331123072003929,5.552503422540543e-17,2000,0.95
none,random_forest,clinical_only_model,screening_tp,115.0,108.0,121.0,3.409951595689076,2000,0.95
none,random_forest,clinical_only_model,screening_fp,1.0,0.0,3.0,1.004387448683792,2000,0.95
none,random_forest,clinical_only_model,screening_tn,71.0,69.0,72.0,1.004387448683792,2000,0.95
none,random_forest,clinical_only_model,screening_fn,13.0,7.0,20.0,3.4099515956890754,2000,0.95
none,random_forest,clinical_only_model,screening_sensitivity,0.8984375,0.84375,0.9453125,0.026640246841320905,2000,0.95
none,random_forest,clinical_only_model,screening_specificity,0.9861111111111112,0.9583333333333334,1.0,0.013949825676163775,2000,0.95
none,random_forest,clinical_only_model,screening_precision,0.9913793103448276,0.9736783884489987,1.0,0.00855130850014363,2000,0.95
none,random_forest,clinical_only_model,screening_npv,0.8452380952380952,0.7802197802197802,0.9113924050632911,0.03450191774738713,2000,0.95
none,random_forest,clinical_only_model,screening_f1,0.9426229508196722,0.9113924050632912,0.9718875502008032,0.015506449924325458,2000,0.95
none,random_forest,clinical_only_model,screening_balanced_accuracy,0.9422743055555556,0.9110026041666667,0.9696180555555556,0.01535019671294451,2000,0.95
none,random_forest,clinical_only_model,screening_accuracy,0.93,0.895,0.965,0.01801994875205011,2000,0.95
sigmoid,random_forest,clinical_only_model,n,200.0,200.0,200.0,0.0,2000,0.95
sigmoid,random_forest,clinical_only_model,n_positive,128.0,128.0,128.0,0.0,2000,0.95
sigmoid,random_forest,clinical_only_model,roc_auc,0.9481336805555556,0.9162163628472223,0.9751546223958334,0.015144080782252798,2000,0.95
sigmoid,random_forest,clinical_only_model,pr_auc,0.9773610123007143,0.9637099071863267,0.9890478492442214,0.006523597297927542,2000,0.95
sigmoid,random_forest,clinical_only_model,brier,0.06767632991317661,0.04896446302929678,0.08976137395441167,0.010198636993563569,2000,0.95
sigmoid,random_forest,clinical_only_model,brier_skill_score,0.7062659291962821,0.610410703322866,0.7874806292131215,0.04426491750678632,2000,0.95
sigmoid,random_forest,clinical_only_model,calibration_slope,2.2389096934462436,1.709228320354745,3.501773760370177,0.47604726673415654,2000,0.95
sigmoid,random_forest,clinical_only_model,calibration_intercept,0.038565463151759245,-0.21083834680792177,0.28597142951601806,0.12432246655393607,2000,0.95
sigmoid,random_forest,clinical_only_model,ece,0.06498153314934967,0.04201318920930827,0.0944101072503877,0.01366334796718167,2000,0.95
sigmoid,random_forest,clinical_only_model,threshold,0.5,0.5,0.5,0.0,2000,0.95
sigmoid,random_forest,clinical_only_model,tp,113.0,105.0,120.0,3.597950475452922,2000,0.95
sigmoid,random_forest,clinical_only_model,fp,0.0,0.0,0.0,0.0,2000,0.95
sigmoid,random_forest,clinical_only_model,tn,72.0,72.0,72.0,0.0,2000,0.95
sigmoid,random_forest,clinical_only_model,fn,15.0,8.0,23.0,3.5979504754529215,2000,0.95
sigmoid,random_forest,clinical_only_model,sensitivity,0.8828125,0.8203125,0.9375,0.028108988089475952,2000,0.95
sigmoid,random_forest,clinical_only_model,specificity,1.0,1.0,1.0,0.0,2000,0.95
sigmoid,random_forest,clinical_only_model,precision,1.0,1.0,1.0,0.0,2000,0.95
sigmoid,random_forest,clinical_only_model,npv,0.8275862068965517,0.7578947368421053,0.9,0.034058669500087214,2000,0.95
sigmoid,random_forest,clinical_only_model,f1,0.9377593360995851,0.9012875536480687,0.967741935483871,0.015939281570326397,2000,0.95
sigmoid,random_forest,clinical_only_model,balanced_accuracy,0.94140625,0.91015625,0.96875,0.014054494044737976,2000,0.95
sigmoid,random_forest,clinical_only_model,accuracy,0.925,0.885,0.96,0.017989752377264592,2000,0.95
sigmoid,random_forest,clinical_only_model,screening_threshold,0.36276660649169995,0.36276660649169995,0.36276660649169995,5.552503422540543e-17,2000,0.95
sigmoid,random_forest,clinical_only_model,screening_tp,115.0,108.0,121.0,3.3068512791916342,2000,0.95
sigmoid,random_forest,clinical_only_model,screening_fp,1.0,0.0,3.0,0.9914228208008943,2000,0.95
sigmoid,random_forest,clinical_only_model,screening_tn,71.0,69.0,72.0,0.9914228208008944,2000,0.95
sigmoid,random_forest,clinical_only_model,screening_fn,13.0,7.0,20.0,3.3068512791916334,2000,0.95
sigmoid,random_forest,clinical_only_model,screening_sensitivity,0.8984375,0.84375,0.9453125,0.025834775618684643,2000,0.95
sigmoid,random_forest,clinical_only_model,screening_specificity,0.9861111111111112,0.9583333333333334,1.0,0.013769761400012421,2000,0.95
sigmoid,random_forest,clinical_only_model,screening_precision,0.9913793103448276,0.9734513274336283,1.0,0.008428319000522362,2000,0.95
sigmoid,random_forest,clinical_only_model,screening_npv,0.8452380952380952,0.7802197802197802,0.9113924050632911,0.03312707436742869,2000,0.95
sigmoid,random_forest,clinical_only_model,screening_f1,0.9426229508196722,0.9106382978723404,0.9682539682539683,0.014849905798977088,2000,0.95
sigmoid,random_forest,clinical_only_model,screening_balanced_accuracy,0.9422743055555556,0.9118923611111112,0.96875,0.014568571420596473,2000,0.95
sigmoid,random_forest,clinical_only_model,screening_accuracy,0.93,0.895,0.96,0.01720742711081137,2000,0.95
isotonic,svm,clinical_only_model,n,200.0,200.0,200.0,0.0,2000,0.95
isotonic,svm,clinical_only_model,n_positive,128.0,128.0,128.0,0.0,2000,0.95
isotonic,svm,clinical_only_model,roc_auc,0.9431423611111112,0.9065538194444445,0.9729817708333333,0.01731470694579116,2000,0.95
isotonic,svm,clinical_only_model,pr_auc,0.9763772999013871,0.9610186056754683,0.9886345676969936,0.007139532735367293,2000,0.95
isotonic,svm,clinical_only_model,brier,0.05994276061065047,0.03710926735036498,0.08666396931091852,0.012841277851307325,2000,0.95
isotonic,svm,clinical_only_model,brier_skill_score,0.7398317681829407,0.6238542998658049,0.8389354715695964,0.055734712896299166,2000,0.95
isotonic,svm,clinical_only_model,calibration_slope,0.8071148616325072,0.5839429441612048,1.3621589766006712,0.2893746430816327,2000,0.95
isotonic,svm,clinical_only_model,calibration_intercept,0.07646890204707879,-0.5137141234312596,0.5365171322638704,0.26447911738262225,2000,0.95
isotonic,svm,clinical_only_model,ece,0.03464592496874528,0.023885317093396162,0.07210873350190587,0.012461609339666982,2000,0.95
isotonic,svm,clinical_only_model,threshold,0.5,0.5,0.5,0.0,2000,0.95
isotonic,svm,clinical_only_model,tp,115.0,108.0,121.0,3.3484360172894063,2000,0.95
isotonic,svm,clinical_only_model,fp,1.0,0.0,3.0,1.0017368608418005,2000,0.95
isotonic,svm,clinical_only_model,tn,71.0,69.0,72.0,1.0017368608418005,2000,0.95
isotonic,svm,clinical_only_model,fn,13.0,7.0,20.0,3.3484360172894063,2000,0.95
isotonic,svm,clinical_only_model,sensitivity,0.8984375,0.84375,0.9453125,0.026159656385073487,2000,0.95
isotonic,svm,clinical_only_model,specificity,0.9861111111111112,0.9583333333333334,1.0,0.013913011956136116,2000,0.95
isotonic,svm,clinical_only_model,precision,0.9913793103448276,0.9736842105263158,1.0,0.008506551984685834,2000,0.95
isotonic,svm,clinical_only_model,npv,0.8452380952380952,0.7801910299003323,0.9102564102564102,0.03348972714985547,2000,0.95
isotonic,svm,clinical_only_model,f1,0.9426229508196722,0.9106382978723404,0.968,0.014952203683436069,2000,0.95
isotonic,svm,clinical_only_model,balanced_accuracy,0.9422743055555556,0.9110243055555556,0.96875,0.014603773479911809,2000,0.95
isotonic,svm,clinical_only_model,accuracy,0.93,0.895,0.96,0.017310958332489676,2000,0.95
isotonic,svm,clinical_only_model,screening_threshold,0.5731228197045927,0.5731228197045927,0.5731228197045927,1.1105006845081086e-16,2000,0.95
isotonic,svm,clinical_only_model,screening_tp,115.0,108.0,121.0,3.3484360172894063,2000,0.95
isotonic,svm,clinical_only_model,screening_fp,1.0,0.0,3.0,1.0017368608418005,2000,0.95
isotonic,svm,clinical_only_model,screening_tn,71.0,69.0,72.0,1.0017368608418005,2000,0.95
isotonic,svm,clinical_only_model,screening_fn,13.0,7.0,20.0,3.3484360172894063,2000,0.95
isotonic,svm,clinical_only_model,screening_sensitivity,0.8984375,0.84375,0.9453125,0.026159656385073487,2000,0.95
isotonic,svm,clinical_only_model,screening_specificity,0.9861111111111112,0.9583333333333334,1.0,0.013913011956136116,2000,0.95
isotonic,svm,clinical_only_model,screening_precision,0.9913793103448276,0.9736842105263158,1.0,0.008506551984685834,2000,0.95
isotonic,svm,clinical_only_model,screening_npv,0.8452380952380952,0.7801910299003323,0.9102564102564102,0.03348972714985547,2000,0.95
isotonic,svm,clinical_only_model,screening_f1,0.9426229508196722,0.9106382978723404,0.968,0.014952203683436069,2000,0.95
isotonic,svm,clinical_only_model,screening_balanced_accuracy,0.9422743055555556,0.9110243055555556,0.96875,0.014603773479911809,2000,0.95
isotonic,svm,clinical_only_model,screening_accuracy,0.93,0.895,0.96,0.017310958332489676,2000,0.95
none,svm,clinical_only_model,n,200.0,200.0,200.0,0.0,2000,0.95
none,svm,clinical_only_model,n_positive,128.0,128.0,128.0,0.0,2000,0.95
none,svm,clinical_only_model,roc_auc,0.9442274305555556,0.9053792317708333,0.9753716362847221,0.01772542862911887,2000,0.95
none,svm,clinical_only_model,pr_auc,0.9767198083227688,0.9607257123050711,0.9895531971664904,0.007349182962884498,2000,0.95
none,svm,clinical_only_model,brier,0.05964884479938944,0.03781704978675743,0.08545071372735748,0.011895383457237767,2000,0.95
none,svm,clinical_only_model,brier_skill_score,0.7411074444470944,0.6291201661138998,0.8358634991894208,0.05162926847759448,2000,0.95
none,svm,clinical_only_model,calibration_slope,1.5358550826157367,1.1665262617985312,2.66687739584347,0.39699195427733047,2000,0.95
none,svm,clinical_only_model,calibration_intercept,0.013030625100609325,-0.42267676014847805,0.38010158609184913,0.1972328155567019,2000,0.95
none,svm,clinical_only_model,ece,0.028582260561954592,0.021458389834595738,0.06341605374035077,0.010801148663154488,2000,0.95
none,svm,clinical_only_model,threshold,0.5,0.5,0.5,0.0,2000,0.95
none,svm,clinical_only_model,tp,114.0,106.0,121.0,3.5803845571095287,2000,0.95
none,svm,clinical_only_model,fp,1.0,0.0,3.0,1.0223552979163304,2000,0.95
none,svm,clinical_only_model,tn,71.0,69.0,72.0,1.0223552979163302,2000,0.95
none,svm,clinical_only_model,fn,14.0,7.0,22.0,3.5803845571095283,2000,0.95
none,svm,clinical_only_model,sensitivity,0.890625,0.828125,0.9453125,0.027971754352418193,2000,0.95
none,svm,clinical_only_model,specificity,0.9861111111111112,0.9583333333333334,1.0,0.014199379137726809,2000,0.95
none,svm,clinical_only_model,precision,0.991304347826087,0.9732082528957529,1.0,0.008762960211681612,2000,0.95
none,svm,clinical_only_model,npv,0.8352941176470589,0.7634408602150538,0.9090909090909091,0.035122036493269046,2000,0.95
none,svm,clinical_only_model,f1,0.9382716049382716,0.9021276595744682,0.967741935483871,0.01624037738905453,2000,0.95
none,svm,clinical_only_model,balanced_accuracy,0.9383680555555556,0.9040798611111112,0.9657118055555556,0.01574250185119847,2000,0.95
none,svm,clinical_only_model,accuracy,0.925,0.885,0.96,0.01866233466417206,2000,0.95
none,svm,clinical_only_model,screening_threshold,0.41532441449376173,0.41532441449376173,0.41532441449376173,5.552503422540543e-17,2000,0.95
none,svm,clinical_only_model,screening_tp,115.0,107.0,121.0,3.5146152008441844,2000,0.95
none,svm,clinical_only_model,screening_fp,1.0,0.0,3.0,1.0223552979163304,2000,0.95
none,svm,clinical_only_model,screening_tn,71.0,69.0,72.0,1.0223552979163302,2000,0.95
none,svm,clinical_only_model,screening_fn,13.0,7.0,21.0,3.514615200844184,2000,0.95
none,svm,clinical_only_model,screening_sensitivity,0.8984375,0.8359375,0.9453125,0.02745793125659519,2000,0.95
none,svm,clinical_only_model,screening_specificity,0.9861111111111112,0.9583333333333334,1.0,0.014199379137726809,2000,0.95
none,svm,clinical_only_model,screening_precision,0.9913793103448276,0.9732142857142857,1.0,0.008690100741762343,2000,0.95
none,svm,clinical_only_model,screening_npv,0.8452380952380952,0.7741935483870968,0.9113924050632911,0.035266579513271834,2000,0.95
none,svm,clinical_only_model,screening_f1,0.9426229508196722,0.9075460143571598,0.9718875502008032,0.015851121204849668,2000,0.95
none,svm,clinical_only_model,screening_balanced_accuracy,0.9422743055555556,0.9101236979166667,0.9696180555555556,0.015526772078141581,2000,0.95
none,svm,clinical_only_model,screening_accuracy,0.93,0.89,0.965,0.01835652693296091,2000,0.95
sigmoid,svm,clinical_only_model,n,200.0,200.0,200.0,0.0,2000,0.95
sigmoid,svm,clinical_only_model,n_positive,128.0,128.0,128.0,0.0,2000,0.95
sigmoid,svm,clinical_only_model,roc_auc,0.9440104166666666,0.9070041232638889,0.9745008680555556,0.017606438435572976,2000,0.95
sigmoid,svm,clinical_only_model,pr_auc,0.9766124192648981,0.9613050198502252,0.9893761387702369,0.007280467293202152,2000,0.95
sigmoid,svm,clinical_only_model,brier,0.06403245290387209,0.04517947260703391,0.08576976544303529,0.010629698990782865,2000,0.95
sigmoid,svm,clinical_only_model,brier_skill_score,0.7220813676047217,0.6277353930423816,0.8039085390319708,0.04613584631416174,2000,0.95
sigmoid,svm,clinical_only_model,calibration_slope,2.1815835691229646,1.6731789643318695,3.7568958146943947,0.5410039023414644,2000,0.95
sigmoid,svm,clinical_only_model,calibration_intercept,0.05512209002029627,-0.19816091785224033,0.2989111235162849,0.129763274658594,2000,0.95
sigmoid,svm,clinical_only_model,ece,0.06536749805195863,0.042380676021538735,0.0966383390793781,0.01423423288856166,2000,0.95
sigmoid,svm,clinical_only_model,threshold,0.5,0.5,0.5,0.0,2000,0.95
sigmoid,svm,clinical_only_model,tp,113.0,106.0,120.0,3.656720087852015,2000,0.95
sigmoid,svm,clinical_only_model,fp,0.0,0.0,0.0,0.0,2000,0.95
sigmoid,svm,clinical_only_model,tn,72.0,72.0,72.0,0.0,2000,0.95
sigmoid,svm,clinical_only_model,fn,15.0,8.0,22.0,3.6567200878520154,2000,0.95
sigmoid,svm,clinical_only_model,sensitivity,0.8828125,0.828125,0.9375,0.028568125686343867,2000,0.95
sigmoid,svm,clinical_only_model,specificity,1.0,1.0,1.0,0.0,2000,0.95
sigmoid,svm,clinical_only_model,precision,1.0,1.0,1.0,0.0,2000,0.95
sigmoid,svm,clinical_only_model,npv,0.8275862068965517,0.7659574468085106,0.9,0.03471560234457841,2000,0.95
sigmoid,svm,clinical_only_model,f1,0.9377593360995851,0.905982905982906,0.967741935483871,0.01618466288590165,2000,0.95
sigmoid,svm,clinical_only_model,balanced_accuracy,0.94140625,0.9140625,0.96875,0.014284062843171933,2000,0.95
sigmoid,svm,clinical_only_model,accuracy,0.925,0.89,0.96,0.018283600439260056,2000,0.95
sigmoid,svm,clinical_only_model,screening_threshold,0.41209823366066173,0.41209823366066173,0.41209823366066173,0.0,2000,0.95
sigmoid,svm,clinical_only_model,screening_tp,115.0,108.0,121.0,3.4631482350383043,2000,0.95
sigmoid,svm,clinical_only_model,screening_fp,1.0,0.0,3.0,0.9802398609996159,2000,0.95
sigmoid,svm,clinical_only_model,screening_tn,71.0,69.0,72.0,0.9802398609996158,2000,0.95
sigmoid,svm,clinical_only_model,screening_fn,13.0,7.0,20.0,3.4631482350383043,2000,0.95
sigmoid,svm,clinical_only_model,screening_sensitivity,0.8984375,0.84375,0.9453125,0.027055845586236752,2000,0.95
sigmoid,svm,clinical_only_model,screening_specificity,0.9861111111111112,0.9583333333333334,1.0,0.013614442513883551,2000,0.95
sigmoid,svm,clinical_only_model,screening_precision,0.9913793103448276,0.9739130434782609,1.0,0.008333194874147864,2000,0.95
sigmoid,svm,clinical_only_model,screening_npv,0.8452380952380952,0.7802197802197802,0.9113924050632911,0.03473489566386969,2000,0.95
sigmoid,svm,clinical_only_model,screening_f1,0.9426229508196722,0.9113924050632912,0.9683448078026387,0.015530902789129311,2000,0.95
sigmoid,svm,clinical_only_model,screening_balanced_accuracy,0.9422743055555556,0.9118923611111112,0.96875,0.015127102084677541,2000,0.95
sigmoid,svm,clinical_only_model,screening_accuracy,0.93,0.895,0.9601249999999992,0.017982858097162154,2000,0.95
isotonic,xgboost,clinical_only_model,n,200.0,200.0,200.0,0.0,2000,0.95
isotonic,xgboost,clinical_only_model,n_positive,128.0,128.0,128.0,0.0,2000,0.95
isotonic,xgboost,clinical_only_model,roc_auc,0.9130859375,0.8685953776041667,0.9512830946180555,0.021141767700340458,2000,0.95
isotonic,xgboost,clinical_only_model,pr_auc,0.9629990733923941,0.9438312765353396,0.9789991939800635,0.009028026328571324,2000,0.95
isotonic,xgboost,clinical_only_model,brier,0.08509987956340442,0.05936077062137804,0.11427115320485651,0.014014704421744087,2000,0.95
isotonic,xgboost,clinical_only_model,brier_skill_score,0.6306428838393905,0.5040314531039213,0.742357766400269,0.060827710163819826,2000,0.95
isotonic,xgboost,clinical_only_model,calibration_slope,0.5199340619421629,0.5113575117188852,6.639816998735823,2.3333819294409874,2000,0.95
isotonic,xgboost,clinical_only_model,calibration_intercept,0.1062687820121062,-0.34875884747426883,0.48017093060433175,0.21453530982555022,2000,0.95
isotonic,xgboost,clinical_only_model,ece,0.07060033098864368,0.037372952244814905,0.10768422760247474,0.01844093619510412,2000,0.95
isotonic,xgboost,clinical_only_model,threshold,0.5,0.5,0.5,0.0,2000,0.95
isotonic,xgboost,clinical_only_model,tp,109.0,101.0,116.0,4.028299591490112,2000,0.95
isotonic,xgboost,clinical_only_model,fp,1.0,0.0,3.0,1.000700105101511,2000,0.95
isotonic,xgboost,clinical_only_model,tn,71.0,69.0,72.0,1.000700105101511,2000,0.95
isotonic,xgboost,clinical_only_model,fn,19.0,12.0,27.0,4.028299591490112,2000,0.95
isotonic,xgboost,clinical_only_model,sensitivity,0.8515625,0.7890625,0.90625,0.0314710905585165,2000,0.95
isotonic,xgboost,clinical_only_model,specificity,0.9861111111111112,0.9583333333333334,1.0,0.013898612570854318,2000,0.95
isotonic,xgboost,clinical_only_model,precision,0.990909090909091,0.9719626168224299,1.0,0.008953207511155489,2000,0.95
isotonic,xgboost,clinical_only_model,npv,0.7888888888888889,0.7244897959183674,0.8571428571428571,0.035289068629799664,2000,0.95
isotonic,xgboost,clinical_only_model,f1,0.9159663865546219,0.8771929824561403,0.9508196721311475,0.018811471277643658,2000,0.95
isotonic,xgboost,clinical_only_model,balanced_accuracy,0.9188368055555556,0.8836805555555556,0.9492404513888888,0.017147959967115448,2000,0.95
isotonic,xgboost,clinical_only_model,accuracy,0.9,0.86,0.94,0.020712607418020237,2000,0.95
isotonic,xgboost,clinical_only_model,screening_threshold,0.2574975806474685,0.2574975806474685,0.2574975806474685,5.552503422540543e-17,2000,0.95
isotonic,xgboost,clinical_only_model,screening_tp,112.0,104.0,119.0,3.773303978141137,2000,0.95
isotonic,xgboost,clinical_only_model,screening_fp,20.0,12.975000000000044,27.024999999999864,3.8338581395399935,2000,0.95
isotonic,xgboost,clinical_only_model,screening_tn,52.0,44.975000000000044,59.024999999999864,3.8338581395399935,2000,0.95
isotonic,xgboost,clinical_only_model,screening_fn,16.0,9.0,24.0,3.773303978141137,2000,0.95
isotonic,xgboost,clinical_only_model,screening_sensitivity,0.875,0.8125,0.9296875,0.02947893732922763,2000,0.95
isotonic,xgboost,clinical_only_model,screening_specificity,0.7222222222222222,0.6246527777777784,0.8197916666666647,0.053248029715833235,2000,0.95
isotonic,xgboost,clinical_only_model,screening_precision,0.8484848484848485,0.8014692845223196,0.8992441860465116,0.02513490491381964,2000,0.95
isotonic,xgboost,clinical_only_model,screening_npv,0.7647058823529411,0.6805416666666667,0.8545527859237536,0.04456206045693903,2000,0.95
isotonic,xgboost,clinical_only_model,screening_f1,0.8615384615384615,0.8188976377952756,0.9011857707509882,0.020840723714998895,2000,0.95
isotonic,xgboost,clinical_only_model,screening_balanced_accuracy,0.7986111111111112,0.73828125,0.8567708333333333,0.03036662220731292,2000,0.95
isotonic,xgboost,clinical_only_model,screening_accuracy,0.82,0.765,0.87,0.026828329329783334,2000,0.95
none,xgboost,clinical_only_model,n,200.0,200.0,200.0,0.0,2000,0.95
none,xgboost,clinical_only_model,n_positive,128.0,128.0,128.0,0.0,2000,0.95
none,xgboost,clinical_only_model,roc_auc,0.9169921875,0.8756456163194444,0.9538926866319445,0.020393833386377718,2000,0.95
none,xgboost,clinical_only_model,pr_auc,0.9647229353057528,0.9466763096032607,0.9804304600940826,0.00865167745188192,2000,0.95
none,xgboost,clinical_only_model,brier,0.08509932853455236,0.06249120072106774,0.1099314471696819,0.011981711564362695,2000,0.95
none,xgboost,clinical_only_model,brier_skill_score,0.630645275457672,0.5228669827704778,0.728770830203699,0.05200395644254642,2000,0.95
none,xgboost,clinical_only_model,calibration_slope,1.4895513689512683,1.1764086791491073,2.047131578594528,0.22491462699911574,2000,0.95
none,xgboost,clinical_only_model,calibration_intercept,0.11909556373556397,-0.16599462487661176,0.3616844070644409,0.13735558444116816,2000,0.95
none,xgboost,clinical_only_model,ece,0.07381790428608657,0.050099114931467896,0.11305678204316631,0.016405866140007237,2000,0.95
none,xgboost,clinical_only_model,threshold,0.5,0.5,0.5,0.0,2000,0.95
none,xgboost,clinical_only_model,tp,109.0,101.0,116.02499999999986,3.976296828486792,2000,0.95
none,xgboost,clinical_only_model,fp,1.0,0.0,3.0,0.9939123104381091,2000,0.95
none,xgboost,clinical_only_model,tn,71.0,69.0,72.0,0.9939123104381092,2000,0.95
none,xgboost,clinical_only_model,fn,19.0,11.975000000000044,27.0,3.9762968284867917,2000,0.95
none,xgboost,clinical_only_model,sensitivity,0.8515625,0.7890625,0.9064453124999989,0.031064818972553063,2000,0.95
none,xgboost,clinical_only_model,specificity,0.9861111111111112,0.9583333333333334,1.0,0.013804337644973737,2000,0.95
none,xgboost,clinical_only_model,precision,0.990909090909091,0.9711468446601942,1.0,0.008890844376812174,2000,0.95
none,xgboost,clinical_only_model,npv,0.7888888888888889,0.7216494845360825,0.8572767857142849,0.03498185107027211,2000,0.95
none,xgboost,clinical_only_model,f1,0.9159663865546219,0.8755095405309997,0.9508196721311475,0.01860222888576465,2000,0.95
none,xgboost,clinical_only_model,balanced_accuracy,0.9188368055555556,0.8828016493055556,0.9500868055555556,0.017042817568386284,2000,0.95
none,xgboost,clinical_only_model,accuracy,0.9,0.855,0.94,0.02052825975269793,2000,0.95
none,xgboost,clinical_only_model,screening_threshold,0.31428012073040007,0.31428012073040007,0.31428012073040007,0.0,2000,0.95
none,xgboost,clinical_only_model,screening_tp,112.0,105.0,119.0,3.642674606541816,2000,0.95
none,xgboost,clinical_only_model,screening_fp,10.0,5.0,16.0,2.9918397855920236,2000,0.95
none,xgboost,clinical_only_model,screening_tn,62.0,56.0,67.0,2.9918397855920236,2000,0.95
none,xgboost,clinical_only_model,screening_fn,16.0,9.0,23.0,3.6426746065418154,2000,0.95
none,xgboost,clinical_only_model,screening_sensitivity,0.875,0.8203125,0.9296875,0.028458395363607936,2000,0.95
none,xgboost,clinical_only_model,screening_specificity,0.8611111111111112,0.7777777777777778,0.9305555555555556,0.04155333035544476,2000,0.95
none,xgboost,clinical_only_model,screening_precision,0.9180327868852459,0.873015873015873,0.9586776859504132,0.022525304360711044,2000,0.95
none,xgboost,clinical_only_model,screening_npv,0.7948717948717948,0.7241265880217786,0.8714285714285714,0.037747590211733344,2000,0.95
none,xgboost,clinical_only_model,screening_f1,0.8959999999999999,0.8582395950506188,0.9322709163346613,0.019192507766956114,2000,0.95
none,xgboost,clinical_only_model,screening_balanced_accuracy,0.8680555555555556,0.8176866319444445,0.9153645833333333,0.024945291322252396,2000,0.95
none,xgboost,clinical_only_model,screening_accuracy,0.87,0.825,0.915,0.02333587488242652,2000,0.95
sigmoid,xgboost,clinical_only_model,n,200.0,200.0,200.0,0.0,2000,0.95
sigmoid,xgboost,clinical_only_model,n_positive,128.0,128.0,128.0,0.0,2000,0.95
sigmoid,xgboost,clinical_only_model,roc_auc,0.9110243055555556,0.8657660590277778,0.9507405598958333,0.02153980836772746,2000,0.95
sigmoid,xgboost,clinical_only_model,pr_auc,0.9622485227089723,0.9429320327479002,0.979350048928412,0.009189441243090186,2000,0.95
sigmoid,xgboost,clinical_only_model,brier,0.08919653699323106,0.06561710120969944,0.11409791899674132,0.012077037942288794,2000,0.95
sigmoid,xgboost,clinical_only_model,brier_skill_score,0.6128622526335457,0.5047833376877546,0.7152035537773462,0.05241769940229511,2000,0.95
sigmoid,xgboost,clinical_only_model,calibration_slope,1.436385765862412,1.2034891330262603,1.8088514433343994,0.1584624121883659,2000,0.95
sigmoid,xgboost,clinical_only_model,calibration_intercept,0.044839215278090774,-0.2144867455903636,0.29250087417601794,0.12944435466167672,2000,0.95
sigmoid,xgboost,clinical_only_model,ece,0.09033209142790903,0.06555334661131872,0.13361072466618842,0.017189783657656506,2000,0.95
sigmoid,xgboost,clinical_only_model,threshold,0.5,0.5,0.5,0.0,2000,0.95
sigmoid,xgboost,clinical_only_model,tp,109.0,101.0,117.0,4.127625666993485,2000,0.95
sigmoid,xgboost,clinical_only_model,fp,1.0,0.0,3.0,1.0022041741098975,2000,0.95
sigmoid,xgboost,clinical_only_model,tn,71.0,69.0,72.0,1.0022041741098975,2000,0.95
sigmoid,xgboost,clinical_only_model,fn,19.0,11.0,27.0,4.127625666993485,2000,0.95
sigmoid,xgboost,clinical_only_model,sensitivity,0.8515625,0.7890625,0.9140625,0.032247075523386605,2000,0.95
sigmoid,xgboost,clinical_only_model,specificity,0.9861111111111112,0.9583333333333334,1.0,0.013919502418193019,2000,0.95
sigmoid,xgboost,clinical_only_model,precision,0.990909090909091,0.9719626168224299,1.0,0.008964766438822169,2000,0.95
sigmoid,xgboost,clinical_only_model,npv,0.7888888888888889,0.7216494845360825,0.8658536585365854,0.03636466089369532,2000,0.95
sigmoid,xgboost,clinical_only_model,f1,0.9159663865546219,0.8755364806866952,0.9508196721311475,0.019253898297474262,2000,0.95
sigmoid,xgboost,clinical_only_model,balanced_accuracy,0.9188368055555556,0.8823784722222222,0.9501085069444444,0.017573567282315072,2000,0.95
sigmoid,xgboost,clinical_only_model,accuracy,0.9,0.855,0.94,0.021246955465625647,2000,0.95
sigmoid,xgboost,clinical_only_model,screening_threshold,0.33846421989597375,0.33846421989597375,0.33846421989597375,1.1105006845081086e-16,2000,0.95
sigmoid,xgboost,clinical_only_model,screening_tp,111.0,103.0,118.0,3.878223860242608,2000,0.95
sigmoid,xgboost,clinical_only_model,screening_fp,19.0,12.0,27.0,3.7844112665403,2000,0.95
sigmoid,xgboost,clinical_only_model,screening_tn,53.0,45.0,60.0,3.7844112665403,2000,0.95
sigmoid,xgboost,clinical_only_model,screening_fn,17.0,10.0,25.0,3.878223860242608,2000,0.95
sigmoid,xgboost,clinical_only_model,screening_sensitivity,0.8671875,0.8046875,0.921875,0.030298623908145375,2000,0.95
sigmoid,xgboost,clinical_only_model,screening_specificity,0.7361111111111112,0.625,0.8333333333333334,0.0525612675908375,2000,0.95
sigmoid,xgboost,clinical_only_model,screening_precision,0.8538461538461538,0.8059701492537313,0.9032258064516129,0.025061788243873367,2000,0.95
sigmoid,xgboost,clinical_only_model,screening_npv,0.7571428571428571,0.6764705882352942,0.8461538461538461,0.04365670138233318,2000,0.95
sigmoid,xgboost,clinical_only_model,screening_f1,0.8604651162790696,0.8192676216677736,0.9000190839694656,0.020860137815643675,2000,0.95
sigmoid,xgboost,clinical_only_model,screening_balanced_accuracy,0.8016493055555556,0.7443576388888888,0.8589409722222222,0.02976075828650142,2000,0.95
sigmoid,xgboost,clinical_only_model,screening_accuracy,0.82,0.77,0.87,0.026500784696774006,2000,0.95
isotonic,dummy,full_valid_model,n,200.0,200.0,200.0,0.0,2000,0.95
isotonic,dummy,full_valid_model,n_positive,128.0,128.0,128.0,0.0,2000,0.95
isotonic,dummy,full_valid_model,roc_auc,0.47227647569444453,0.39322374131944443,0.55133056640625,0.0409652223085888,2000,0.95
isotonic,dummy,full_valid_model,pr_auc,0.6255828458454166,0.5898940416026265,0.6740703582814892,0.022116453578623553,2000,0.95
isotonic,dummy,full_valid_model,brier,0.230477109375,0.230293820703125,0.23066239765625002,9.795003402367804e-05,2000,0.95
isotonic,dummy,full_valid_model,brier_skill_score,-0.00033467610677084814,-0.0011388787163629731,0.0004608476426866093,0.00042513035600554516,2000,0.95
isotonic,dummy,full_valid_model,calibration_slope,-17.740318734697006,-24.074107198757275,20.551409142348014,12.7968469475192,2000,0.95
isotonic,dummy,full_valid_model,calibration_intercept,3.854976351088828e-17,-0.0008959820831443272,0.0008421940217665019,0.00045443053139668975,2000,0.95
isotonic,dummy,full_valid_model,ece,0.0,1.1102230246251565e-16,0.00023750000000000436,6.308979808375543e-05,2000,0.95
isotonic,dummy,full_valid_model,threshold,0.5,0.5,0.5,0.0,2000,0.95
isotonic,dummy,full_valid_model,tp,128.0,128.0,128.0,0.0,2000,0.95
isotonic,dummy,full_valid_model,fp,72.0,72.0,72.0,0.0,2000,0.95
isotonic,dummy,full_valid_model,tn,0.0,0.0,0.0,0.0,2000,0.95
isotonic,dummy,full_valid_model,fn,0.0,0.0,0.0,0.0,2000,0.95
isotonic,dummy,full_valid_model,sensitivity,1.0,1.0,1.0,0.0,2000,0.95
isotonic,dummy,full_valid_model,specificity,0.0,0.0,0.0,0.0,2000,0.95
isotonic,dummy,full_valid_model,precision,0.64,0.64,0.64,0.0,2000,0.95
isotonic,dummy,full_valid_model,npv,,,,,2000,0.95
isotonic,dummy,full_valid_model,f1,0.7804878048780487,0.7804878048780487,0.7804878048780487,2.221001369016217e-16,2000,0.95
isotonic,dummy,full_valid_model,balanced_accuracy,0.5,0.5,0.5,0.0,2000,0.95
isotonic,dummy,full_valid_model,accuracy,0.64,0.64,0.64,0.0,2000,0.95
isotonic,dummy,full_valid_model,screening_threshold,0.6366666666666666,0.6366666666666666,0.6366666666666666,0.0,2000,0.95
isotonic,dummy,full_valid_model,screening_tp,128.0,128.0,128.0,0.0,2000,0.95
isotonic,dummy,full_valid_model,screening_fp,72.0,72.0,72.0,0.0,2000,0.95
isotonic,dummy,full_valid_model,screening_tn,0.0,0.0,0.0,0.0,2000,0.95
isotonic,dummy,full_valid_model,screening_fn,0.0,0.0,0.0,0.0,2000,0.95
isotonic,dummy,full_valid_model,screening_sensitivity,1.0,1.0,1.0,0.0,2000,0.95
isotonic,dummy,full_valid_model,screening_specificity,0.0,0.0,0.0,0.0,2000,0.95
isotonic,dummy,full_valid_model,screening_precision,0.64,0.64,0.64,0.0,2000,0.95
isotonic,dummy,full_valid_model,screening_npv,,,,,2000,0.95
isotonic,dummy,full_valid_model,screening_f1,0.7804878048780487,0.7804878048780487,0.7804878048780487,2.221001369016217e-16,2000,0.95
isotonic,dummy,full_valid_model,screening_balanced_accuracy,0.5,0.5,0.5,0.0,2000,0.95
isotonic,dummy,full_valid_model,screening_accuracy,0.64,0.64,0.64,0.0,2000,0.95
none,dummy,full_valid_model,n,200.0,200.0,200.0,0.0,2000,0.95
none,dummy,full_valid_model,n_positive,128.0,128.0,128.0,0.0,2000,0.95
none,dummy,full_valid_model,roc_auc,0.47227647569444453,0.39043918185763893,0.5571384006076389,0.04187921576444799,2000,0.95
none,dummy,full_valid_model,pr_auc,0.6255828458454166,0.5879976527092337,0.6760290930647406,0.02245238038544969,2000,0.95
none,dummy,full_valid_model,brier,0.230477109375,0.23027987265625005,0.2306704517578125,9.898327170373362e-05,2000,0.95
none,dummy,full_valid_model,brier_skill_score,-0.00033467610677084814,-0.0011738357543945527,0.0005213860405814087,0.00042961489454745427,2000,0.95
none,dummy,full_valid_model,calibration_slope,-17.740318734697006,-23.88293543235358,21.414899627664976,12.69656909794874,2000,0.95
none,dummy,full_valid_model,calibration_intercept,3.854976351088828e-17,-0.0008410364487368677,0.0008950771559890348,0.00043852790171113954,2000,0.95
none,dummy,full_valid_model,ece,0.0,1.1102230246251565e-16,0.00022499999999992247,6.156977827256752e-05,2000,0.95
none,dummy,full_valid_model,threshold,0.5,0.5,0.5,0.0,2000,0.95
none,dummy,full_valid_model,tp,128.0,128.0,128.0,0.0,2000,0.95
none,dummy,full_valid_model,fp,72.0,72.0,72.0,0.0,2000,0.95
none,dummy,full_valid_model,tn,0.0,0.0,0.0,0.0,2000,0.95
none,dummy,full_valid_model,fn,0.0,0.0,0.0,0.0,2000,0.95
none,dummy,full_valid_model,sensitivity,1.0,1.0,1.0,0.0,2000,0.95
none,dummy,full_valid_model,specificity,0.0,0.0,0.0,0.0,2000,0.95
none,dummy,full_valid_model,precision,0.64,0.64,0.64,0.0,2000,0.95
none,dummy,full_valid_model,npv,,,,,2000,0.95
none,dummy,full_valid_model,f1,0.7804878048780487,0.7804878048780487,0.7804878048780487,2.221001369016217e-16,2000,0.95
none,dummy,full_valid_model,balanced_accuracy,0.5,0.5,0.5,0.0,2000,0.95
none,dummy,full_valid_model,accuracy,0.64,0.64,0.64,0.0,2000,0.95
none,dummy,full_valid_model,screening_threshold,0.6366666666666667,0.6366666666666667,0.6366666666666667,0.0,2000,0.95
none,dummy,full_valid_model,screening_tp,128.0,128.0,128.0,0.0,2000,0.95
none,dummy,full_valid_model,screening_fp,72.0,72.0,72.0,0.0,2000,0.95
none,dummy,full_valid_model,screening_tn,0.0,0.0,0.0,0.0,2000,0.95
none,dummy,full_valid_model,screening_fn,0.0,0.0,0.0,0.0,2000,0.95
none,dummy,full_valid_model,screening_sensitivity,1.0,1.0,1.0,0.0,2000,0.95
none,dummy,full_valid_model,screening_specificity,0.0,0.0,0.0,0.0,2000,0.95
none,dummy,full_valid_model,screening_precision,0.64,0.64,0.64,0.0,2000,0.95
none,dummy,full_valid_model,screening_npv,,,,,2000,0.95
none,dummy,full_valid_model,screening_f1,0.7804878048780487,0.7804878048780487,0.7804878048780487,2.221001369016217e-16,2000,0.95
none,dummy,full_valid_model,screening_balanced_accuracy,0.5,0.5,0.5,0.0,2000,0.95
none,dummy,full_valid_model,screening_accuracy,0.64,0.64,0.64,0.0,2000,0.95
sigmoid,dummy,full_valid_model,n,200.0,200.0,200.0,0.0,2000,0.95
sigmoid,dummy,full_valid_model,n_positive,128.0,128.0,128.0,0.0,2000,0.95
sigmoid,dummy,full_valid_model,roc_auc,0.47227647569444453,0.3918185763888889,0.5548787434895832,0.041935983152908626,2000,0.95
sigmoid,dummy,full_valid_model,pr_auc,0.6255828458454166,0.5893886641080845,0.6754482193776806,0.02217918457342932,2000,0.95
sigmoid,dummy,full_valid_model,brier,0.23047785338932422,0.2302895660574543,0.2306679070737001,9.849390351144081e-05,2000,0.95
sigmoid,dummy,full_valid_model,brier_skill_score,-0.0003379053356087347,-0.0011627911184900195,0.0004793139867435455,0.0004274909006572958,2000,0.95
sigmoid,dummy,full_valid_model,calibration_slope,-17.946360052737102,-24.07381452986122,20.87285124978117,12.596990498363931,2000,0.95
sigmoid,dummy,full_valid_model,calibration_intercept,0.005374925379678826,0.004543550021116828,0.00623291880747491,0.0004326781705004486,2000,0.95
sigmoid,dummy,full_valid_model,ece,0.0012393012896696476,0.0010474884881912505,0.0014373016008731865,9.983861202524388e-05,2000,0.95
sigmoid,dummy,full_valid_model,threshold,0.5,0.5,0.5,0.0,2000,0.95
sigmoid,dummy,full_valid_model,tp,128.0,128.0,128.0,0.0,2000,0.95
sigmoid,dummy,full_valid_model,fp,72.0,72.0,72.0,0.0,2000,0.95
sigmoid,dummy,full_valid_model,tn,0.0,0.0,0.0,0.0,2000,0.95
sigmoid,dummy,full_valid_model,fn,0.0,0.0,0.0,0.0,2000,0.95
sigmoid,dummy,full_valid_model,sensitivity,1.0,1.0,1.0,0.0,2000,0.95
sigmoid,dummy,full_valid_model,specificity,0.0,0.0,0.0,0.0,2000,0.95
sigmoid,dummy,full_valid_model,precision,0.64,0.64,0.64,0.0,2000,0.95
sigmoid,dummy,full_valid_model,npv,,,,,2000,0.95
sigmoid,dummy,full_valid_model,f1,0.7804878048780487,0.7804878048780487,0.7804878048780487,2.221001369016217e-16,2000,0.95
sigmoid,dummy,full_valid_model,balanced_accuracy,0.5,0.5,0.5,0.0,2000,0.95
sigmoid,dummy,full_valid_model,accuracy,0.64,0.64,0.64,0.0,2000,0.95
sigmoid,dummy,full_valid_model,screening_threshold,0.6346558996314265,0.6346558996314265,0.6346558996314265,1.1105006845081086e-16,2000,0.95
sigmoid,dummy,full_valid_model,screening_tp,128.0,128.0,128.0,0.0,2000,0.95
sigmoid,dummy,full_valid_model,screening_fp,72.0,72.0,72.0,0.0,2000,0.95
sigmoid,dummy,full_valid_model,screening_tn,0.0,0.0,0.0,0.0,2000,0.95
sigmoid,dummy,full_valid_model,screening_fn,0.0,0.0,0.0,0.0,2000,0.95
sigmoid,dummy,full_valid_model,screening_sensitivity,1.0,1.0,1.0,0.0,2000,0.95
sigmoid,dummy,full_valid_model,screening_specificity,0.0,0.0,0.0,0.0,2000,0.95
sigmoid,dummy,full_valid_model,screening_precision,0.64,0.64,0.64,0.0,2000,0.95
sigmoid,dummy,full_valid_model,screening_npv,,,,,2000,0.95
sigmoid,dummy,full_valid_model,screening_f1,0.7804878048780487,0.7804878048780487,0.7804878048780487,2.221001369016217e-16,2000,0.95
sigmoid,dummy,full_valid_model,screening_balanced_accuracy,0.5,0.5,0.5,0.0,2000,0.95
sigmoid,dummy,full_valid_model,screening_accuracy,0.64,0.64,0.64,0.0,2000,0.95
isotonic,ebm,full_valid_model,n,200.0,200.0,200.0,0.0,2000,0.95
isotonic,ebm,full_valid_model,n_positive,128.0,128.0,128.0,0.0,2000,0.95
isotonic,ebm,full_valid_model,roc_auc,0.9996744791666667,0.9984809027777777,1.0,0.0004189391605185223,2000,0.95
isotonic,ebm,full_valid_model,pr_auc,0.9998168870802147,0.9991443677713363,1.0,0.00023321319895072215,2000,0.95
isotonic,ebm,full_valid_model,brier,0.008052227658628477,0.002180816801128358,0.01674825453991859,0.0037316603099228295,2000,0.95
isotonic,ebm,full_valid_model,brier_skill_score,0.9650510952316472,0.9273079230038256,0.9905346493006582,0.016196442317373393,2000,0.95
isotonic,ebm,full_valid_model,calibration_slope,1.701550723821146,1.1401972998321779,2.541362042312282,0.3419914880671033,2000,0.95
isotonic,ebm,full_valid_model,calibration_intercept,0.043581053091081436,-0.8818623626326646,0.9045271575255073,0.4525282549045314,2000,0.95
isotonic,ebm,full_valid_model,ece,0.021885937971172394,0.011130112526012292,0.03565956917183502,0.006227764828863511,2000,0.95
isotonic,ebm,full_valid_model,threshold,0.5,0.5,0.5,0.0,2000,0.95
isotonic,ebm,full_valid_model,tp,127.0,125.0,128.0,0.9843415129451026,2000,0.95
isotonic,ebm,full_valid_model,fp,1.0,0.0,3.0,0.9990871271034233,2000,0.95
isotonic,ebm,full_valid_model,tn,71.0,69.0,72.0,0.9990871271034233,2000,0.95
isotonic,ebm,full_valid_model,fn,1.0,0.0,3.0,0.9843415129451025,2000,0.95
isotonic,ebm,full_valid_model,sensitivity,0.9921875,0.9765625,1.0,0.007690168069883614,2000,0.95
isotonic,ebm,full_valid_model,specificity,0.9861111111111112,0.9583333333333334,1.0,0.013876210098658656,2000,0.95
isotonic,ebm,full_valid_model,precision,0.9921875,0.9767441860465116,1.0,0.007690911958374386,2000,0.95
isotonic,ebm,full_valid_model,npv,0.9861111111111112,0.958904109589041,1.0,0.013342297074663948,2000,0.95
isotonic,ebm,full_valid_model,f1,0.9921875,0.9803921568627452,1.0,0.005584795042429613,2000,0.95
isotonic,ebm,full_valid_model,balanced_accuracy,0.9891493055555556,0.9713541666666667,1.0,0.008063442464377811,2000,0.95
isotonic,ebm,full_valid_model,accuracy,0.99,0.975,1.0,0.0071491467252707734,2000,0.95
isotonic,ebm,full_valid_model,screening_threshold,0.9756251387675188,0.9756251387675188,0.9756251387675188,2.221001369016217e-16,2000,0.95
isotonic,ebm,full_valid_model,screening_tp,114.0,107.0,121.0,3.5676033477424887,2000,0.95
isotonic,ebm,full_valid_model,screening_fp,0.0,0.0,0.0,0.0,2000,0.95
isotonic,ebm,full_valid_model,screening_tn,72.0,72.0,72.0,0.0,2000,0.95
isotonic,ebm,full_valid_model,screening_fn,14.0,7.0,21.0,3.5676033477424887,2000,0.95
isotonic,ebm,full_valid_model,screening_sensitivity,0.890625,0.8359375,0.9453125,0.027871901154238193,2000,0.95
isotonic,ebm,full_valid_model,screening_specificity,1.0,1.0,1.0,0.0,2000,0.95
isotonic,ebm,full_valid_model,screening_precision,1.0,1.0,1.0,0.0,2000,0.95
isotonic,ebm,full_valid_model,screening_npv,0.8372093023255814,0.7741935483870968,0.9113924050632911,0.03468410782936496,2000,0.95
isotonic,ebm,full_valid_model,screening_f1,0.9421487603305785,0.9106382978723404,0.9718875502008032,0.015653132764650617,2000,0.95
isotonic,ebm,full_valid_model,screening_balanced_accuracy,0.9453125,0.91796875,0.97265625,0.013935950577119096,2000,0.95
isotonic,ebm,full_valid_model,screening_accuracy,0.93,0.895,0.965,0.01783801673871242,2000,0.95
none,ebm,full_valid_model,n,200.0,200.0,200.0,0.0,2000,0.95
none,ebm,full_valid_model,n_positive,128.0,128.0,128.0,0.0,2000,0.95
none,ebm,full_valid_model,roc_auc,0.9994574652777778,0.9977213541666666,1.0,0.0006589483338677867,2000,0.95
none,ebm,full_valid_model,pr_auc,0.9996923831119606,0.9987222750239018,1.0,0.0003698138198845284,2000,0.95
none,ebm,full_valid_model,brier,0.009457410016811435,0.0013071745207226492,0.021991580086658667,0.005267312438225293,2000,0.95
none,ebm,full_valid_model,brier_skill_score,0.9589522134687004,0.904550433651655,0.9943264994760301,0.022861599124241728,2000,0.95
none,ebm,full_valid_model,calibration_slope,0.933962898279602,0.6211917339585598,1.2156815949782138,0.3551431498031941,2000,0.95
none,ebm,full_valid_model,calibration_intercept,0.4730415227375063,-1.4597118412688597,1.8264109682622442,0.839314677177214,2000,0.95
none,ebm,full_valid_model,ece,0.01565815803391517,0.006141650696739313,0.03202122311533678,0.006558155291039475,2000,0.95
none,ebm,full_valid_model,threshold,0.5,0.5,0.5,0.0,2000,0.95
none,ebm,full_valid_model,tp,126.0,123.0,128.0,1.4529761077818493,2000,0.95
none,ebm,full_valid_model,fp,1.0,0.0,3.0,1.018664733324689,2000,0.95
none,ebm,full_valid_model,tn,71.0,69.0,72.0,1.018664733324689,2000,0.95
none,ebm,full_valid_model,fn,2.0,0.0,5.0,1.4529761077818493,2000,0.95
none,ebm,full_valid_model,sensitivity,0.984375,0.9609375,1.0,0.011351375842045697,2000,0.95
none,ebm,full_valid_model,specificity,0.9861111111111112,0.9583333333333334,1.0,0.014148121296176236,2000,0.95
none,ebm,full_valid_model,precision,0.9921259842519685,0.9761904761904762,1.0,0.007903978755048108,2000,0.95
none,ebm,full_valid_model,npv,0.9726027397260274,0.9315068493150684,1.0,0.019074868125141496,2000,0.95
none,ebm,full_valid_model,f1,0.988235294117647,0.9721115537848606,1.0,0.007017861687245492,2000,0.95
none,ebm,full_valid_model,balanced_accuracy,0.9852430555555556,0.9635416666666667,1.0,0.009090222725376197,2000,0.95
none,ebm,full_valid_model,accuracy,0.985,0.965,1.0,0.00889198001877688,2000,0.95
none,ebm,full_valid_model,screening_threshold,0.9965512468613994,0.9965512468613994,0.9965512468613994,1.1105006845081086e-16,2000,0.95
none,ebm,full_valid_model,screening_tp,117.0,110.0,123.0,3.2013564846281697,2000,0.95
none,ebm,full_valid_model,screening_fp,0.0,0.0,0.0,0.0,2000,0.95
none,ebm,full_valid_model,screening_tn,72.0,72.0,72.0,0.0,2000,0.95
none,ebm,full_valid_model,screening_fn,11.0,5.0,18.0,3.2013564846281697,2000,0.95
none,ebm,full_valid_model,screening_sensitivity,0.9140625,0.859375,0.9609375,0.025010597536157576,2000,0.95
none,ebm,full_valid_model,screening_specificity,1.0,1.0,1.0,0.0,2000,0.95
none,ebm,full_valid_model,screening_precision,1.0,1.0,1.0,0.0,2000,0.95
none,ebm,full_valid_model,screening_npv,0.8674698795180723,0.8,0.935064935064935,0.033301418975466304,2000,0.95
none,ebm,full_valid_model,screening_f1,0.9551020408163265,0.9243697478991597,0.9800796812749004,0.013710483129082981,2000,0.95
none,ebm,full_valid_model,screening_balanced_accuracy,0.95703125,0.9296875,0.98046875,0.012505298768078788,2000,0.95
none,ebm,full_valid_model,screening_accuracy,0.945,0.91,0.975,0.016006782423140825,2000,0.95
sigmoid,ebm,full_valid_model,n,200.0,200.0,200.0,0.0,2000,0.95
sigmoid,ebm,full_valid_model,n_positive,128.0,128.0,128.0,0.0,2000,0.95
sigmoid,ebm,full_valid_model,roc_auc,0.9996744791666667,0.9986979166666666,1.0,0.0004063693377390134,2000,0.95
sigmoid,ebm,full_valid_model,pr_auc,0.9998168870802147,0.9992674588865995,1.0,0.00022573156238054945,2000,0.95
sigmoid,ebm,full_valid_model,brier,0.02000242791902472,0.01380010603034219,0.026996113659530637,0.003333225414287084,2000,0.95
sigmoid,ebm,full_valid_model,brier_skill_score,0.9131839066014552,0.882829367797176,0.9401037064655287,0.014467124193954357,2000,0.95
sigmoid,ebm,full_valid_model,calibration_slope,4.731435545528263,3.402127455090073,9.320442843819386,1.3510692828192594,2000,0.95
sigmoid,ebm,full_valid_model,calibration_intercept,0.05243417919089092,-0.14803471604792334,0.23185543157272087,0.09637470747298253,2000,0.95
sigmoid,ebm,full_valid_model,ece,0.08801994388389081,0.07713894963330682,0.10407928401939164,0.007001373101474776,2000,0.95
sigmoid,ebm,full_valid_model,threshold,0.5,0.5,0.5,0.0,2000,0.95
sigmoid,ebm,full_valid_model,tp,126.0,123.0,128.0,1.3468855929143353,2000,0.95
sigmoid,ebm,full_valid_model,fp,1.0,0.0,3.0,1.0026197550350748,2000,0.95
sigmoid,ebm,full_valid_model,tn,71.0,69.0,72.0,1.0026197550350748,2000,0.95
sigmoid,ebm,full_valid_model,fn,2.0,0.0,5.0,1.346885592914335,2000,0.95
sigmoid,ebm,full_valid_model,sensitivity,0.984375,0.9609375,1.0,0.010522543694643244,2000,0.95
sigmoid,ebm,full_valid_model,specificity,0.9861111111111112,0.9583333333333334,1.0,0.01392527437548715,2000,0.95
sigmoid,ebm,full_valid_model,precision,0.9921259842519685,0.9763779527559056,1.0,0.007777293535474279,2000,0.95
sigmoid,ebm,full_valid_model,npv,0.9726027397260274,0.9342105263157895,1.0,0.017789613327939977,2000,0.95
sigmoid,ebm,full_valid_model,f1,0.988235294117647,0.9727626459143969,1.0,0.006693899351665256,2000,0.95
sigmoid,ebm,full_valid_model,balanced_accuracy,0.9852430555555556,0.9665798611111112,1.0,0.008837929045360465,2000,0.95
sigmoid,ebm,full_valid_model,accuracy,0.985,0.965,1.0,0.008501794825660576,2000,0.95
sigmoid,ebm,full_valid_model,screening_threshold,0.7477722693636696,0.7477722693636696,0.7477722693636696,2.221001369016217e-16,2000,0.95
sigmoid,ebm,full_valid_model,screening_tp,116.0,109.0,122.0,3.2465953228875475,2000,0.95
sigmoid,ebm,full_valid_model,screening_fp,0.0,0.0,0.0,0.0,2000,0.95
sigmoid,ebm,full_valid_model,screening_tn,72.0,72.0,72.0,0.0,2000,0.95
sigmoid,ebm,full_valid_model,screening_fn,12.0,6.0,19.0,3.246595322887547,2000,0.95
sigmoid,ebm,full_valid_model,screening_sensitivity,0.90625,0.8515625,0.953125,0.025364025960058965,2000,0.95
sigmoid,ebm,full_valid_model,screening_specificity,1.0,1.0,1.0,0.0,2000,0.95
sigmoid,ebm,full_valid_model,screening_precision,1.0,1.0,1.0,0.0,2000,0.95
sigmoid,ebm,full_valid_model,screening_npv,0.8571428571428571,0.7912087912087912,0.9230769230769231,0.0331595825473147,2000,0.95
sigmoid,ebm,full_valid_model,screening_f1,0.9508196721311475,0.919831223628692,0.976,0.013994469008666455,2000,0.95
sigmoid,ebm,full_valid_model,screening_balanced_accuracy,0.953125,0.92578125,0.9765625,0.012682012980029482,2000,0.95
sigmoid,ebm,full_valid_model,screening_accuracy,0.94,0.905,0.97,0.016232976614437705,2000,0.95
isotonic,logreg,full_valid_model,n,200.0,200.0,200.0,0.0,2000,0.95
isotonic,logreg,full_valid_model,n_positive,128.0,128.0,128.0,0.0,2000,0.95
isotonic,logreg,full_valid_model,roc_auc,0.9997829861111112,0.9990234375,1.0,0.0002948728378759685,2000,0.95
isotonic,logreg,full_valid_model,pr_auc,0.9998784028282461,0.9994604895260075,1.0,0.00016324971479824023,2000,0.95
isotonic,logreg,full_valid_model,brier,0.007851246640075346,0.0006503240980258629,0.016749556963074477,0.004114262609181708,2000,0.95
isotonic,logreg,full_valid_model,brier_skill_score,0.9659234086802285,0.9273022701255448,0.997177412768985,0.01785704257457339,2000,0.95
isotonic,logreg,full_valid_model,calibration_slope,1.249006354893521,0.8963461466124789,1.482247480911007,0.15650545206055386,2000,0.95
isotonic,logreg,full_valid_model,calibration_intercept,0.17136226165860186,-1.2408791483532375,1.3095667130275301,0.6676660131800789,2000,0.95
isotonic,logreg,full_valid_model,ece,0.016731096845051176,0.006041311420841157,0.029885106230009725,0.006059961810352101,2000,0.95
isotonic,logreg,full_valid_model,threshold,0.5,0.5,0.5,0.0,2000,0.95
isotonic,logreg,full_valid_model,tp,126.0,123.0,128.0,1.4129307083481824,2000,0.95
isotonic,logreg,full_valid_model,fp,1.0,0.0,3.0,1.001997879176866,2000,0.95
isotonic,logreg,full_valid_model,tn,71.0,69.0,72.0,1.001997879176866,2000,0.95
isotonic,logreg,full_valid_model,fn,2.0,0.0,5.0,1.4129307083481824,2000,0.95
isotonic,logreg,full_valid_model,sensitivity,0.984375,0.9609375,1.0,0.011038521158970175,2000,0.95
isotonic,logreg,full_valid_model,specificity,0.9861111111111112,0.9583333333333334,1.0,0.013916637210789805,2000,0.95
isotonic,logreg,full_valid_model,precision,0.9921259842519685,0.9761904761904762,1.0,0.007765489347354327,2000,0.95
isotonic,logreg,full_valid_model,npv,0.9726027397260274,0.9342105263157895,1.0,0.0186151051373708,2000,0.95
isotonic,logreg,full_valid_model,f1,0.988235294117647,0.9727626459143969,1.0,0.006720204291035213,2000,0.95
isotonic,logreg,full_valid_model,balanced_accuracy,0.9852430555555556,0.9665581597222223,1.0,0.008736544559872285,2000,0.95
isotonic,logreg,full_valid_model,accuracy,0.985,0.965,1.0,0.00852386484442023,2000,0.95
isotonic,logreg,full_valid_model,screening_threshold,0.9831878832866144,0.9831878832866144,0.9831878832866144,0.0,2000,0.95
isotonic,logreg,full_valid_model,screening_tp,117.0,111.0,123.0,3.1350869820776266,2000,0.95
isotonic,logreg,full_valid_model,screening_fp,0.0,0.0,0.0,0.0,2000,0.95
isotonic,logreg,full_valid_model,screening_tn,72.0,72.0,72.0,0.0,2000,0.95
isotonic,logreg,full_valid_model,screening_fn,11.0,5.0,17.0,3.1350869820776266,2000,0.95
isotonic,logreg,full_valid_model,screening_sensitivity,0.9140625,0.8671875,0.9609375,0.024492867047481458,2000,0.95
isotonic,logreg,full_valid_model,screening_specificity,1.0,1.0,1.0,0.0,2000,0.95
isotonic,logreg,full_valid_model,screening_precision,1.0,1.0,1.0,0.0,2000,0.95
isotonic,logreg,full_valid_model,screening_npv,0.8674698795180723,0.8089887640449438,0.935064935064935,0.03259210974392543,2000,0.95
isotonic,logreg,full_valid_model,screening_f1,0.9551020408163265,0.9288702928870293,0.9800796812749004,0.013428702903657169,2000,0.95
isotonic,logreg,full_valid_model,screening_balanced_accuracy,0.95703125,0.93359375,0.98046875,0.012246433523740729,2000,0.95
isotonic,logreg,full_valid_model,screening_accuracy,0.945,0.915,0.975,0.015675434910388104,2000,0.95
none,logreg,full_valid_model,n,200.0,200.0,200.0,0.0,2000,0.95
none,logreg,full_valid_model,n_positive,128.0,128.0,128.0,0.0,2000,0.95
none,logreg,full_valid_model,roc_auc,0.9997829861111112,0.9989149305555556,1.0,0.00030987173526346895,2000,0.95
none,logreg,full_valid_model,pr_auc,0.9998784028282461,0.9993933600847972,1.0,0.00017141301523198005,2000,0.95
none,logreg,full_valid_model,brier,0.09298467966509176,0.08038677873157608,0.10530042017381869,0.006282462327881563,2000,0.95
none,logreg,full_valid_model,brier_skill_score,0.5964206611758169,0.5429669263289119,0.651099050644201,0.027267631631430395,2000,0.95
none,logreg,full_valid_model,calibration_slope,12.813940270330178,9.494741405550487,15.705460534683224,1.5617696991819245,2000,0.95
none,logreg,full_valid_model,calibration_intercept,0.6555562296717381,0.5683681428663401,0.7369133952796199,0.042138515136527,2000,0.95
none,logreg,full_valid_model,ece,0.26638067995987763,0.2477475361779221,0.2851966246728552,0.009661556469695872,2000,0.95
none,logreg,full_valid_model,threshold,0.5,0.5,0.5,0.0,2000,0.95
none,logreg,full_valid_model,tp,109.0,101.0,116.02499999999986,3.952990268901887,2000,0.95
none,logreg,full_valid_model,fp,0.0,0.0,0.0,0.0,2000,0.95
none,logreg,full_valid_model,tn,72.0,72.0,72.0,0.0,2000,0.95
none,logreg,full_valid_model,fn,19.0,11.975000000000044,27.0,3.952990268901887,2000,0.95
none,logreg,full_valid_model,sensitivity,0.8515625,0.7890625,0.9064453124999989,0.030882736475795994,2000,0.95
none,logreg,full_valid_model,specificity,1.0,1.0,1.0,0.0,2000,0.95
none,logreg,full_valid_model,precision,1.0,1.0,1.0,0.0,2000,0.95
none,logreg,full_valid_model,npv,0.7912087912087912,0.7272727272727273,0.8574010327022361,0.03455508242807624,2000,0.95
none,logreg,full_valid_model,f1,0.919831223628692,0.8820960698689956,0.9509267313482764,0.018054216777234275,2000,0.95
none,logreg,full_valid_model,balanced_accuracy,0.92578125,0.89453125,0.9532226562499995,0.015441368237897997,2000,0.95
none,logreg,full_valid_model,accuracy,0.905,0.865,0.9401249999999992,0.019764951344509445,2000,0.95
none,logreg,full_valid_model,screening_threshold,0.45997560018274264,0.45997560018274264,0.45997560018274264,5.552503422540543e-17,2000,0.95
none,logreg,full_valid_model,screening_tp,115.0,108.0,121.02499999999986,3.4049898645941656,2000,0.95
none,logreg,full_valid_model,screening_fp,0.0,0.0,0.0,0.0,2000,0.95
none,logreg,full_valid_model,screening_tn,72.0,72.0,72.0,0.0,2000,0.95
none,logreg,full_valid_model,screening_fn,13.0,6.975000000000044,20.0,3.4049898645941656,2000,0.95
none,logreg,full_valid_model,screening_sensitivity,0.8984375,0.84375,0.9455078124999989,0.02660148331714192,2000,0.95
none,logreg,full_valid_model,screening_specificity,1.0,1.0,1.0,0.0,2000,0.95
none,logreg,full_valid_model,screening_precision,1.0,1.0,1.0,0.0,2000,0.95
none,logreg,full_valid_model,screening_npv,0.8470588235294118,0.782608695652174,0.9116845180136303,0.03387344562277225,2000,0.95
none,logreg,full_valid_model,screening_f1,0.9465020576131687,0.9152542372881356,0.9719903614457825,0.014817170259676613,2000,0.95
none,logreg,full_valid_model,screening_balanced_accuracy,0.94921875,0.921875,0.9727539062499995,0.01330074165857096,2000,0.95
none,logreg,full_valid_model,screening_accuracy,0.935,0.9,0.9651249999999992,0.017024949322970797,2000,0.95
sigmoid,logreg,full_valid_model,n,200.0,200.0,200.0,0.0,2000,0.95
sigmoid,logreg,full_valid_model,n_positive,128.0,128.0,128.0,0.0,2000,0.95
sigmoid,logreg,full_valid_model,roc_auc,0.9997829861111112,0.9990234375,1.0,0.00029708454618635204,2000,0.95
sigmoid,logreg,full_valid_model,pr_auc,0.9998784028282461,0.9994604895260075,1.0,0.00016475014882281564,2000,0.95
sigmoid,logreg,full_valid_model,brier,0.02242424292200741,0.015991510811880952,0.03050731197805704,0.0037498715927005485,2000,0.95
sigmoid,logreg,full_valid_model,brier_skill_score,0.9026725567621207,0.8675897917619052,0.9305924009901001,0.016275484343318353,2000,0.95
sigmoid,logreg,full_valid_model,calibration_slope,4.670566580257131,3.480998428394413,5.75639885989203,0.5755409357722228,2000,0.95
sigmoid,logreg,full_valid_model,calibration_intercept,0.0457077317604927,-0.159355354737921,0.23309859894905216,0.09963127447953646,2000,0.95
sigmoid,logreg,full_valid_model,ece,0.09884189605540085,0.08486394506338685,0.11477822267074629,0.0076838766761336726,2000,0.95
sigmoid,logreg,full_valid_model,threshold,0.5,0.5,0.5,0.0,2000,0.95
sigmoid,logreg,full_valid_model,tp,126.0,123.0,128.0,1.4221114409480142,2000,0.95
sigmoid,logreg,full_valid_model,fp,0.0,0.0,0.0,0.0,2000,0.95
sigmoid,logreg,full_valid_model,tn,72.0,72.0,72.0,0.0,2000,0.95
sigmoid,logreg,full_valid_model,fn,2.0,0.0,5.0,1.4221114409480144,2000,0.95
sigmoid,logreg,full_valid_model,sensitivity,0.984375,0.9609375,1.0,0.011110245632406361,2000,0.95
sigmoid,logreg,full_valid_model,specificity,1.0,1.0,1.0,0.0,2000,0.95
sigmoid,logreg,full_valid_model,precision,1.0,1.0,1.0,0.0,2000,0.95
sigmoid,logreg,full_valid_model,npv,0.972972972972973,0.935064935064935,1.0,0.01847207348842361,2000,0.95
sigmoid,logreg,full_valid_model,f1,0.9921259842519685,0.9800796812749004,1.0,0.005666260377427818,2000,0.95
sigmoid,logreg,full_valid_model,balanced_accuracy,0.9921875,0.98046875,1.0,0.005555122816203181,2000,0.95
sigmoid,logreg,full_valid_model,accuracy,0.99,0.975,1.0,0.007110557204740078,2000,0.95
sigmoid,logreg,full_valid_model,screening_threshold,0.7003186822082665,0.7003186822082665,0.7003186822082665,1.1105006845081086e-16,2000,0.95
sigmoid,logreg,full_valid_model,screening_tp,117.0,111.0,123.0,3.1781923247699493,2000,0.95
sigmoid,logreg,full_valid_model,screening_fp,0.0,0.0,0.0,0.0,2000,0.95
sigmoid,logreg,full_valid_model,screening_tn,72.0,72.0,72.0,0.0,2000,0.95
sigmoid,logreg,full_valid_model,screening_fn,11.0,5.0,17.0,3.1781923247699493,2000,0.95
sigmoid,logreg,full_valid_model,screening_sensitivity,0.9140625,0.8671875,0.9609375,0.02482962753726523,2000,0.95
sigmoid,logreg,full_valid_model,screening_specificity,1.0,1.0,1.0,0.0,2000,0.95
sigmoid,logreg,full_valid_model,screening_precision,1.0,1.0,1.0,0.0,2000,0.95
sigmoid,logreg,full_valid_model,screening_npv,0.8674698795180723,0.8089887640449438,0.935064935064935,0.03310340652379754,2000,0.95
sigmoid,logreg,full_valid_model,screening_f1,0.9551020408163265,0.9288702928870293,0.9800796812749004,0.013605786029144525,2000,0.95
sigmoid,logreg,full_valid_model,screening_balanced_accuracy,0.95703125,0.93359375,0.98046875,0.012414813768632614,2000,0.95
sigmoid,logreg,full_valid_model,screening_accuracy,0.945,0.915,0.975,0.015890961623849717,2000,0.95
isotonic,random_forest,full_valid_model,n,200.0,200.0,200.0,0.0,2000,0.95
isotonic,random_forest,full_valid_model,n_positive,128.0,128.0,128.0,0.0,2000,0.95
isotonic,random_forest,full_valid_model,roc_auc,0.9993489583333331,0.997610134548611,1.0,0.0006974849998719841,2000,0.95
isotonic,random_forest,full_valid_model,pr_auc,0.9996327528197723,0.998640316432778,1.0,0.0003894813377581808,2000,0.95
isotonic,random_forest,full_valid_model,brier,0.008597351531215148,0.0018534904464010257,0.01811244428105118,0.004216546177412565,2000,0.95
isotonic,random_forest,full_valid_model,brier_skill_score,0.9626851062013232,0.9213869605857153,0.9919553366041622,0.018300981672797593,2000,0.95
isotonic,random_forest,full_valid_model,calibration_slope,1.3422599672701319,0.8275996845240613,6.731164844562698,1.677098426236024,2000,0.95
isotonic,random_forest,full_valid_model,calibration_intercept,-0.15786025313181032,-1.418816124034452,1.0442702732861078,0.6302711392949274,2000,0.95
isotonic,random_forest,full_valid_model,ece,0.017182635300783792,0.0075136650967451805,0.03142204367500272,0.006115461658894326,2000,0.95
isotonic,random_forest,full_valid_model,threshold,0.5,0.5,0.5,0.0,2000,0.95
isotonic,random_forest,full_valid_model,tp,127.0,125.0,128.0,0.9949837920153205,2000,0.95
isotonic,random_forest,full_valid_model,fp,2.0,0.0,5.0,1.4243272461242977,2000,0.95
isotonic,random_forest,full_valid_model,tn,70.0,67.0,72.0,1.424327246124298,2000,0.95
isotonic,random_forest,full_valid_model,fn,1.0,0.0,3.0,0.9949837920153205,2000,0.95
isotonic,random_forest,full_valid_model,sensitivity,0.9921875,0.9765625,1.0,0.007773310875119691,2000,0.95
isotonic,random_forest,full_valid_model,specificity,0.9722222222222222,0.9305555555555556,1.0,0.019782322862837477,2000,0.95
isotonic,random_forest,full_valid_model,precision,0.9844961240310077,0.9618320610687023,1.0,0.010803934387116233,2000,0.95
isotonic,random_forest,full_valid_model,npv,0.9859154929577465,0.9571428571428572,1.0,0.013661829457395556,2000,0.95
isotonic,random_forest,full_valid_model,f1,0.9883268482490272,0.9729729729729729,1.0,0.006828695344273983,2000,0.95
isotonic,random_forest,full_valid_model,balanced_accuracy,0.9822048611111112,0.9574652777777778,1.0,0.010742786995640212,2000,0.95
isotonic,random_forest,full_valid_model,accuracy,0.985,0.965,1.0,0.00881705564432468,2000,0.95
isotonic,random_forest,full_valid_model,screening_threshold,0.9885130254591212,0.9885130254591212,0.9885130254591212,3.3315020535243255e-16,2000,0.95
isotonic,random_forest,full_valid_model,screening_tp,119.0,113.0,124.0,2.855732016957533,2000,0.95
isotonic,random_forest,full_valid_model,screening_fp,0.0,0.0,0.0,0.0,2000,0.95
isotonic,random_forest,full_valid_model,screening_tn,72.0,72.0,72.0,0.0,2000,0.95
isotonic,random_forest,full_valid_model,screening_fn,9.0,4.0,15.0,2.855732016957533,2000,0.95
isotonic,random_forest,full_valid_model,screening_sensitivity,0.9296875,0.8828125,0.96875,0.022310406382480726,2000,0.95
isotonic,random_forest,full_valid_model,screening_specificity,1.0,1.0,1.0,0.0,2000,0.95
isotonic,random_forest,full_valid_model,screening_precision,1.0,1.0,1.0,0.0,2000,0.95
isotonic,random_forest,full_valid_model,screening_npv,0.8888888888888888,0.8275862068965517,0.9473684210526315,0.031224985937065443,2000,0.95
isotonic,random_forest,full_valid_model,screening_f1,0.9635627530364372,0.9377593360995851,0.9841269841269841,0.01202178380655284,2000,0.95
isotonic,random_forest,full_valid_model,screening_balanced_accuracy,0.96484375,0.94140625,0.984375,0.011155203191240363,2000,0.95
isotonic,random_forest,full_valid_model,screening_accuracy,0.955,0.925,0.98,0.014278660084787655,2000,0.95
none,random_forest,full_valid_model,n,200.0,200.0,200.0,0.0,2000,0.95
none,random_forest,full_valid_model,n_positive,128.0,128.0,128.0,0.0,2000,0.95
none,random_forest,full_valid_model,roc_auc,0.9995659722222223,0.9980468750000001,1.0,0.0005286272708874145,2000,0.95
none,random_forest,full_valid_model,pr_auc,0.9997548831119607,0.9989138533124542,1.0,0.0002957073785021796,2000,0.95
none,random_forest,full_valid_model,brier,0.016834838262796713,0.011408327253548076,0.023382933129766425,0.0031621580294400138,2000,0.95
none,random_forest,full_valid_model,brier_skill_score,0.9269321255955004,0.8985115749576109,0.9504846907398087,0.013724644225000061,2000,0.95
none,random_forest,full_valid_model,calibration_slope,4.4888015675462345,3.14629541773373,6.304585999974781,1.3276204925033397,2000,0.95
none,random_forest,full_valid_model,calibration_intercept,0.2619721316630748,0.07737467799236213,0.45200885520682127,0.09639442769269843,2000,0.95
none,random_forest,full_valid_model,ece,0.07949367732908035,0.07054592622022454,0.09555622657728466,0.0065294299143038815,2000,0.95
none,random_forest,full_valid_model,threshold,0.5,0.5,0.5,0.0,2000,0.95
none,random_forest,full_valid_model,tp,128.0,128.0,128.0,0.0,2000,0.95
none,random_forest,full_valid_model,fp,1.0,0.0,3.0,1.0034333257469625,2000,0.95
none,random_forest,full_valid_model,tn,71.0,69.0,72.0,1.0034333257469623,2000,0.95
none,random_forest,full_valid_model,fn,0.0,0.0,0.0,0.0,2000,0.95
none,random_forest,full_valid_model,sensitivity,1.0,1.0,1.0,0.0,2000,0.95
none,random_forest,full_valid_model,specificity,0.9861111111111112,0.9583333333333334,1.0,0.013936573968707813,2000,0.95
none,random_forest,full_valid_model,precision,0.9922480620155039,0.9770992366412213,1.0,0.007662070813826193,2000,0.95
none,random_forest,full_valid_model,npv,1.0,1.0,1.0,0.0,2000,0.95
none,random_forest,full_valid_model,f1,0.9961089494163424,0.9884169884169884,1.0,0.0038747393389125537,2000,0.95
none,random_forest,full_valid_model,balanced_accuracy,0.9930555555555556,0.9791666666666667,1.0,0.00696828698435389,2000,0.95
none,random_forest,full_valid_model,accuracy,0.995,0.985,1.0,0.005017166628734818,2000,0.95
none,random_forest,full_valid_model,screening_threshold,0.7866519823595661,0.7866519823595661,0.7866519823595661,2.221001369016217e-16,2000,0.95
none,random_forest,full_valid_model,screening_tp,117.0,111.0,123.0,3.0937458495634136,2000,0.95
none,random_forest,full_valid_model,screening_fp,0.0,0.0,0.0,0.0,2000,0.95
none,random_forest,full_valid_model,screening_tn,72.0,72.0,72.0,0.0,2000,0.95
none,random_forest,full_valid_model,screening_fn,11.0,5.0,17.0,3.093745849563413,2000,0.95
none,random_forest,full_valid_model,screening_sensitivity,0.9140625,0.8671875,0.9609375,0.02416988944971417,2000,0.95
none,random_forest,full_valid_model,screening_specificity,1.0,1.0,1.0,0.0,2000,0.95
none,random_forest,full_valid_model,screening_precision,1.0,1.0,1.0,0.0,2000,0.95
none,random_forest,full_valid_model,screening_npv,0.8674698795180723,0.8089887640449438,0.935064935064935,0.03216043205417818,2000,0.95
none,random_forest,full_valid_model,screening_f1,0.9551020408163265,0.9288702928870293,0.9800796812749004,0.013253086330266103,2000,0.95
none,random_forest,full_valid_model,screening_balanced_accuracy,0.95703125,0.93359375,0.98046875,0.012084944724857083,2000,0.95
none,random_forest,full_valid_model,screening_accuracy,0.945,0.915,0.975,0.01546872924781704,2000,0.95
sigmoid,random_forest,full_valid_model,n,200.0,200.0,200.0,0.0,2000,0.95
sigmoid,random_forest,full_valid_model,n_positive,128.0,128.0,128.0,0.0,2000,0.95
sigmoid,random_forest,full_valid_model,roc_auc,0.9994574652777778,0.9978298611111112,1.0,0.0006262038776799296,2000,0.95
sigmoid,random_forest,full_valid_model,pr_auc,0.9996923831119606,0.9987991602327074,1.0,0.00035152521219750907,2000,0.95
sigmoid,random_forest,full_valid_model,brier,0.011783668315921697,0.005891710899577767,0.019619342763006045,0.0036140165521834867,2000,0.95
sigmoid,random_forest,full_valid_model,brier_skill_score,0.9488556062677009,0.9148466025911196,0.9744283381094715,0.015685835729963054,2000,0.95
sigmoid,random_forest,full_valid_model,calibration_slope,2.7219031762126553,2.0795346101960335,3.613419149378348,0.39068613667916585,2000,0.95
sigmoid,random_forest,full_valid_model,calibration_intercept,0.012791657345146326,-0.21759056068464122,0.22994311930779368,0.11279162387466711,2000,0.95
sigmoid,random_forest,full_valid_model,ece,0.057714891855962944,0.05210292068781443,0.07162668864039369,0.005049913812234918,2000,0.95
sigmoid,random_forest,full_valid_model,threshold,0.5,0.5,0.5,0.0,2000,0.95
sigmoid,random_forest,full_valid_model,tp,128.0,128.0,128.0,0.0,2000,0.95
sigmoid,random_forest,full_valid_model,fp,2.0,0.0,5.0,1.4118681545537182,2000,0.95
sigmoid,random_forest,full_valid_model,tn,70.0,67.0,72.0,1.411868154553718,2000,0.95
sigmoid,random_forest,full_valid_model,fn,0.0,0.0,0.0,0.0,2000,0.95
sigmoid,random_forest,full_valid_model,sensitivity,1.0,1.0,1.0,0.0,2000,0.95
sigmoid,random_forest,full_valid_model,specificity,0.9722222222222222,0.9305555555555556,1.0,0.019609279924357202,2000,0.95
sigmoid,random_forest,full_valid_model,precision,0.9846153846153847,0.9624060150375939,1.0,0.010620631648752307,2000,0.95
sigmoid,random_forest,full_valid_model,npv,1.0,1.0,1.0,0.0,2000,0.95
sigmoid,random_forest,full_valid_model,f1,0.9922480620155039,0.9808429118773946,1.0,0.005410671152982315,2000,0.95
sigmoid,random_forest,full_valid_model,balanced_accuracy,0.9861111111111112,0.9652777777777778,1.0,0.009804639962178598,2000,0.95
sigmoid,random_forest,full_valid_model,accuracy,0.99,0.975,1.0,0.007059340772768596,2000,0.95
sigmoid,random_forest,full_valid_model,screening_threshold,0.8910323653756922,0.8910323653756922,0.8910323653756922,2.221001369016217e-16,2000,0.95
sigmoid,random_forest,full_valid_model,screening_tp,119.0,113.0,124.0,2.8784521002175154,2000,0.95
sigmoid,random_forest,full_valid_model,screening_fp,0.0,0.0,0.0,0.0,2000,0.95
sigmoid,random_forest,full_valid_model,screening_tn,72.0,72.0,72.0,0.0,2000,0.95
sigmoid,random_forest,full_valid_model,screening_fn,9.0,4.0,15.0,2.878452100217515,2000,0.95
sigmoid,random_forest,full_valid_model,screening_sensitivity,0.9296875,0.8828125,0.96875,0.02248790703294934,2000,0.95
sigmoid,random_forest,full_valid_model,screening_specificity,1.0,1.0,1.0,0.0,2000,0.95
sigmoid,random_forest,full_valid_model,screening_precision,1.0,1.0,1.0,0.0,2000,0.95
sigmoid,random_forest,full_valid_model,screening_npv,0.8888888888888888,0.8275862068965517,0.9473684210526315,0.03141188524293999,2000,0.95
sigmoid,random_forest,full_valid_model,screening_f1,0.9635627530364372,0.9377593360995851,0.9841269841269841,0.012126055333432105,2000,0.95
sigmoid,random_forest,full_valid_model,screening_balanced_accuracy,0.96484375,0.94140625,0.984375,0.01124395351647467,2000,0.95
sigmoid,random_forest,full_valid_model,screening_accuracy,0.955,0.925,0.98,0.014392260501087564,2000,0.95
isotonic,svm,full_valid_model,n,200.0,200.0,200.0,0.0,2000,0.95
isotonic,svm,full_valid_model,n_positive,128.0,128.0,128.0,0.0,2000,0.95
isotonic,svm,full_valid_model,roc_auc,1.0,1.0,1.0,1.5704851290559727e-17,2000,0.95
isotonic,svm,full_valid_model,pr_auc,1.0,1.0,1.0,0.0,2000,0.95
isotonic,svm,full_valid_model,brier,0.0035769305399438317,0.000805116020742181,0.007141434099821625,0.0016548220140129917,2000,0.95
isotonic,svm,full_valid_model,brier_skill_score,0.9844751278648272,0.9690041922750797,0.9965055728266398,0.0071823872135980535,2000,0.95
isotonic,svm,full_valid_model,calibration_slope,,,,,2000,0.95
isotonic,svm,full_valid_model,calibration_intercept,0.3114131782696174,-0.7541477380514013,1.196511856519058,0.4933601789698788,2000,0.95
isotonic,svm,full_valid_model,ece,0.012456488297044151,0.0053721330523302715,0.021354979769493555,0.00416075750773924,2000,0.95
isotonic,svm,full_valid_model,threshold,0.5,0.5,0.5,0.0,2000,0.95
isotonic,svm,full_valid_model,tp,128.0,128.0,128.0,0.0,2000,0.95
isotonic,svm,full_valid_model,fp,0.0,0.0,0.0,0.0,2000,0.95
isotonic,svm,full_valid_model,tn,72.0,72.0,72.0,0.0,2000,0.95
isotonic,svm,full_valid_model,fn,0.0,0.0,0.0,0.0,2000,0.95
isotonic,svm,full_valid_model,sensitivity,1.0,1.0,1.0,0.0,2000,0.95
isotonic,svm,full_valid_model,specificity,1.0,1.0,1.0,0.0,2000,0.95
isotonic,svm,full_valid_model,precision,1.0,1.0,1.0,0.0,2000,0.95
isotonic,svm,full_valid_model,npv,1.0,1.0,1.0,0.0,2000,0.95
isotonic,svm,full_valid_model,f1,1.0,1.0,1.0,0.0,2000,0.95
isotonic,svm,full_valid_model,balanced_accuracy,1.0,1.0,1.0,0.0,2000,0.95
isotonic,svm,full_valid_model,accuracy,1.0,1.0,1.0,0.0,2000,0.95
isotonic,svm,full_valid_model,screening_threshold,0.9886329641494322,0.9886329641494322,0.9886329641494322,4.442002738032434e-16,2000,0.95
isotonic,svm,full_valid_model,screening_tp,118.0,112.0,124.0,3.0464418842441487,2000,0.95
isotonic,svm,full_valid_model,screening_fp,0.0,0.0,0.0,0.0,2000,0.95
isotonic,svm,full_valid_model,screening_tn,72.0,72.0,72.0,0.0,2000,0.95
isotonic,svm,full_valid_model,screening_fn,10.0,4.0,16.0,3.0464418842441487,2000,0.95
isotonic,svm,full_valid_model,screening_sensitivity,0.921875,0.875,0.96875,0.023800327220657412,2000,0.95
isotonic,svm,full_valid_model,screening_specificity,1.0,1.0,1.0,0.0,2000,0.95
isotonic,svm,full_valid_model,screening_precision,1.0,1.0,1.0,0.0,2000,0.95
isotonic,svm,full_valid_model,screening_npv,0.8780487804878049,0.8181818181818182,0.9473684210526315,0.03249106776523543,2000,0.95
isotonic,svm,full_valid_model,screening_f1,0.959349593495935,0.9333333333333333,0.9841269841269841,0.012937473319948234,2000,0.95
isotonic,svm,full_valid_model,screening_balanced_accuracy,0.9609375,0.9375,0.984375,0.011900163610328706,2000,0.95
isotonic,svm,full_valid_model,screening_accuracy,0.95,0.92,0.98,0.015232209421220725,2000,0.95
none,svm,full_valid_model,n,200.0,200.0,200.0,0.0,2000,0.95
none,svm,full_valid_model,n_positive,128.0,128.0,128.0,0.0,2000,0.95
none,svm,full_valid_model,roc_auc,1.0,0.9999999999999999,1.0,2.697396790375596e-17,2000,0.95
none,svm,full_valid_model,pr_auc,1.0,1.0,1.0,0.0,2000,0.95
none,svm,full_valid_model,brier,0.006946092730178056,0.0021314546444797054,0.013324994764084571,0.0028389065696599156,2000,0.95
none,svm,full_valid_model,brier_skill_score,0.9698520280808244,0.9421658213364384,0.9907488947722235,0.012321643097482274,2000,0.95
none,svm,full_valid_model,calibration_slope,,,,,2000,0.95
none,svm,full_valid_model,calibration_intercept,0.2567405138547538,-0.2805748477626565,0.672712670928897,0.25028113659648143,2000,0.95
none,svm,full_valid_model,ece,0.02683977323414162,0.017172246931933415,0.03861469079586347,0.005462593840740496,2000,0.95
none,svm,full_valid_model,threshold,0.5,0.5,0.5,0.0,2000,0.95
none,svm,full_valid_model,tp,125.0,121.0,128.0,1.6707170310075996,2000,0.95
none,svm,full_valid_model,fp,0.0,0.0,0.0,0.0,2000,0.95
none,svm,full_valid_model,tn,72.0,72.0,72.0,0.0,2000,0.95
none,svm,full_valid_model,fn,3.0,0.0,7.0,1.6707170310075996,2000,0.95
none,svm,full_valid_model,sensitivity,0.9765625,0.9453125,1.0,0.013052476804746872,2000,0.95
none,svm,full_valid_model,specificity,1.0,1.0,1.0,0.0,2000,0.95
none,svm,full_valid_model,precision,1.0,1.0,1.0,0.0,2000,0.95
none,svm,full_valid_model,npv,0.96,0.9113924050632911,1.0,0.02117182566969936,2000,0.95
none,svm,full_valid_model,f1,0.9881422924901185,0.9718875502008032,1.0,0.006706856915469531,2000,0.95
none,svm,full_valid_model,balanced_accuracy,0.98828125,0.97265625,1.0,0.006526238402373436,2000,0.95
none,svm,full_valid_model,accuracy,0.985,0.965,1.0,0.008353585155038007,2000,0.95
none,svm,full_valid_model,screening_threshold,0.8819816505651267,0.8819816505651267,0.8819816505651267,0.0,2000,0.95
none,svm,full_valid_model,screening_tp,121.0,116.0,126.0,2.5728322395497214,2000,0.95
none,svm,full_valid_model,screening_fp,0.0,0.0,0.0,0.0,2000,0.95
none,svm,full_valid_model,screening_tn,72.0,72.0,72.0,0.0,2000,0.95
none,svm,full_valid_model,screening_fn,7.0,2.0,12.0,2.5728322395497214,2000,0.95
none,svm,full_valid_model,screening_sensitivity,0.9453125,0.90625,0.984375,0.0201002518714822,2000,0.95
none,svm,full_valid_model,screening_specificity,1.0,1.0,1.0,0.0,2000,0.95
none,svm,full_valid_model,screening_precision,1.0,1.0,1.0,0.0,2000,0.95
none,svm,full_valid_model,screening_npv,0.9113924050632911,0.8571428571428571,0.972972972972973,0.029557844047409597,2000,0.95
none,svm,full_valid_model,screening_f1,0.9718875502008032,0.9508196721311475,0.9921259842519685,0.010655190012787651,2000,0.95
none,svm,full_valid_model,screening_balanced_accuracy,0.97265625,0.953125,0.9921875,0.010050125935741097,2000,0.95
none,svm,full_valid_model,screening_accuracy,0.965,0.94,0.99,0.01286416119774861,2000,0.95
sigmoid,svm,full_valid_model,n,200.0,200.0,200.0,0.0,2000,0.95
sigmoid,svm,full_valid_model,n_positive,128.0,128.0,128.0,0.0,2000,0.95
sigmoid,svm,full_valid_model,roc_auc,1.0,0.9999999999999999,1.0,2.5444767230293407e-17,2000,0.95
sigmoid,svm,full_valid_model,pr_auc,1.0,1.0,1.0,0.0,2000,0.95
sigmoid,svm,full_valid_model,brier,0.013784547614680098,0.008345778732401648,0.020548299820203522,0.0031157082606781917,2000,0.95
sigmoid,svm,full_valid_model,brier_skill_score,0.9401712343112842,0.9108146709192556,0.9637770020295068,0.01352303932586021,2000,0.95
sigmoid,svm,full_valid_model,calibration_slope,,,,,2000,0.95
sigmoid,svm,full_valid_model,calibration_intercept,0.0457235287431947,-0.1615369451046388,0.24405687549989213,0.10430013939245812,2000,0.95
sigmoid,svm,full_valid_model,ece,0.07276512884088085,0.060976060324183644,0.08620453432487704,0.0065321644403017985,2000,0.95
sigmoid,svm,full_valid_model,threshold,0.5,0.5,0.5,0.0,2000,0.95
sigmoid,svm,full_valid_model,tp,125.0,121.0,128.0,1.7338206559599862,2000,0.95
sigmoid,svm,full_valid_model,fp,0.0,0.0,0.0,0.0,2000,0.95
sigmoid,svm,full_valid_model,tn,72.0,72.0,72.0,0.0,2000,0.95
sigmoid,svm,full_valid_model,fn,3.0,0.0,7.0,1.7338206559599862,2000,0.95
sigmoid,svm,full_valid_model,sensitivity,0.9765625,0.9453125,1.0,0.013545473874687393,2000,0.95
sigmoid,svm,full_valid_model,specificity,1.0,1.0,1.0,0.0,2000,0.95
sigmoid,svm,full_valid_model,precision,1.0,1.0,1.0,0.0,2000,0.95
sigmoid,svm,full_valid_model,npv,0.96,0.9113924050632911,1.0,0.021938060106494222,2000,0.95
sigmoid,svm,full_valid_model,f1,0.9881422924901185,0.9718875502008032,1.0,0.006963572894544758,2000,0.95
sigmoid,svm,full_valid_model,balanced_accuracy,0.98828125,0.97265625,1.0,0.006772736937343696,2000,0.95
sigmoid,svm,full_valid_model,accuracy,0.985,0.965,1.0,0.00866910327979994,2000,0.95
sigmoid,svm,full_valid_model,screening_threshold,0.8191949596026237,0.8191949596026237,0.8191949596026237,3.3315020535243255e-16,2000,0.95
sigmoid,svm,full_valid_model,screening_tp,116.0,109.0,122.0,3.3401455112042657,2000,0.95
sigmoid,svm,full_valid_model,screening_fp,0.0,0.0,0.0,0.0,2000,0.95
sigmoid,svm,full_valid_model,screening_tn,72.0,72.0,72.0,0.0,2000,0.95
sigmoid,svm,full_valid_model,screening_fn,12.0,6.0,19.0,3.3401455112042666,2000,0.95
sigmoid,svm,full_valid_model,screening_sensitivity,0.90625,0.8515625,0.953125,0.026094886806283326,2000,0.95
sigmoid,svm,full_valid_model,screening_specificity,1.0,1.0,1.0,0.0,2000,0.95
sigmoid,svm,full_valid_model,screening_precision,1.0,1.0,1.0,0.0,2000,0.95
sigmoid,svm,full_valid_model,screening_npv,0.8571428571428571,0.7912087912087912,0.9230769230769231,0.033821814769841314,2000,0.95
sigmoid,svm,full_valid_model,screening_f1,0.9508196721311475,0.919831223628692,0.976,0.014444174737212967,2000,0.95
sigmoid,svm,full_valid_model,screening_balanced_accuracy,0.953125,0.92578125,0.9765625,0.013047443403141663,2000,0.95
sigmoid,svm,full_valid_model,screening_accuracy,0.94,0.905,0.97,0.0167007275560213,2000,0.95
isotonic,xgboost,full_valid_model,n,200.0,200.0,200.0,0.0,2000,0.95
isotonic,xgboost,full_valid_model,n_positive,128.0,128.0,128.0,0.0,2000,0.95
isotonic,xgboost,full_valid_model,roc_auc,0.9970703125,0.9922932942708333,0.999782986111111,0.0019481926367651142,2000,0.95
isotonic,xgboost,full_valid_model,pr_auc,0.9984206296607845,0.995876345864534,0.9998784028282461,0.00102499352291953,2000,0.95
isotonic,xgboost,full_valid_model,brier,0.02029929123986675,0.006854702877299961,0.037687708908863915,0.007804396931065822,2000,0.95
isotonic,xgboost,full_valid_model,brier_skill_score,0.9118954373269672,0.8364248745275004,0.9702486854283855,0.033873250568862076,2000,0.95
isotonic,xgboost,full_valid_model,calibration_slope,0.9652081392006797,0.6977962684841048,2.573668314580317,0.6206753326445712,2000,0.95
isotonic,xgboost,full_valid_model,calibration_intercept,-0.21373132529623878,-1.2377799468912312,0.871587422462503,0.5302229727644034,2000,0.95
isotonic,xgboost,full_valid_model,ece,0.015835497113934262,0.011336683963115457,0.04221437870741213,0.007892972375266281,2000,0.95
isotonic,xgboost,full_valid_model,threshold,0.5,0.5,0.5,0.0,2000,0.95
isotonic,xgboost,full_valid_model,tp,126.0,123.0,128.0,1.402705525545436,2000,0.95
isotonic,xgboost,full_valid_model,fp,3.0,0.0,7.0,1.7215321189040327,2000,0.95
isotonic,xgboost,full_valid_model,tn,69.0,65.0,72.0,1.7215321189040327,2000,0.95
isotonic,xgboost,full_valid_model,fn,2.0,0.0,5.0,1.402705525545436,2000,0.95
isotonic,xgboost,full_valid_model,sensitivity,0.984375,0.9609375,1.0,0.010958636918323718,2000,0.95
isotonic,xgboost,full_valid_model,specificity,0.9583333333333334,0.9027777777777778,1.0,0.023910168318111578,2000,0.95
isotonic,xgboost,full_valid_model,precision,0.9767441860465116,0.9473684210526315,1.0,0.012960370735301778,2000,0.95
isotonic,xgboost,full_valid_model,npv,0.971830985915493,0.9305555555555556,1.0,0.01900535987617126,2000,0.95
isotonic,xgboost,full_valid_model,f1,0.980544747081712,0.9612403100775193,0.9961089494163424,0.008621391407004936,2000,0.95
isotonic,xgboost,full_valid_model,balanced_accuracy,0.9713541666666667,0.9427083333333333,0.9930555555555556,0.013171351826327036,2000,0.95
isotonic,xgboost,full_valid_model,accuracy,0.975,0.95,0.995,0.011125501714268769,2000,0.95
isotonic,xgboost,full_valid_model,screening_threshold,0.9451900935173034,0.9451900935173034,0.9451900935173034,4.442002738032434e-16,2000,0.95
isotonic,xgboost,full_valid_model,screening_tp,118.0,112.0,123.0,2.9637663463029162,2000,0.95
isotonic,xgboost,full_valid_model,screening_fp,0.0,0.0,0.0,0.0,2000,0.95
isotonic,xgboost,full_valid_model,screening_tn,72.0,72.0,72.0,0.0,2000,0.95
isotonic,xgboost,full_valid_model,screening_fn,10.0,5.0,16.0,2.9637663463029162,2000,0.95
isotonic,xgboost,full_valid_model,screening_sensitivity,0.921875,0.875,0.9609375,0.023154424580491533,2000,0.95
isotonic,xgboost,full_valid_model,screening_specificity,1.0,1.0,1.0,0.0,2000,0.95
isotonic,xgboost,full_valid_model,screening_precision,1.0,1.0,1.0,0.0,2000,0.95
isotonic,xgboost,full_valid_model,screening_npv,0.8780487804878049,0.8181818181818182,0.935064935064935,0.0315921326769115,2000,0.95
isotonic,xgboost,full_valid_model,screening_f1,0.959349593495935,0.9333333333333333,0.9800796812749004,0.012585490477447277,2000,0.95
isotonic,xgboost,full_valid_model,screening_balanced_accuracy,0.9609375,0.9375,0.98046875,0.011577212290245767,2000,0.95
isotonic,xgboost,full_valid_model,screening_accuracy,0.95,0.92,0.975,0.014818831731514564,2000,0.95
none,xgboost,full_valid_model,n,200.0,200.0,200.0,0.0,2000,0.95
none,xgboost,full_valid_model,n_positive,128.0,128.0,128.0,0.0,2000,0.95
none,xgboost,full_valid_model,roc_auc,0.9979383680555556,0.9944661458333334,1.0,0.001435736711044401,2000,0.95
none,xgboost,full_valid_model,pr_auc,0.9988743678341252,0.997016762487887,1.0,0.0007712856321410934,2000,0.95
none,xgboost,full_valid_model,brier,0.018686968623480314,0.006312643923559165,0.034024605162902066,0.007114787815546585,2000,0.95
none,xgboost,full_valid_model,brier_skill_score,0.9188933653494777,0.852323762313793,0.9726013718595523,0.030880155449420944,2000,0.95
none,xgboost,full_valid_model,calibration_slope,1.2815107994820563,1.0533750647671645,3.270500119065559,0.8526913061586163,2000,0.95
none,xgboost,full_valid_model,calibration_intercept,0.0543779417801976,-0.5791738450269391,0.6786220748221717,0.3197688198774113,2000,0.95
none,xgboost,full_valid_model,ece,0.021453193309483996,0.0159315495257849,0.04282614086321554,0.006966296223093743,2000,0.95
none,xgboost,full_valid_model,threshold,0.5,0.5,0.5,0.0,2000,0.95
none,xgboost,full_valid_model,tp,126.0,123.0,128.0,1.410047469744713,2000,0.95
none,xgboost,full_valid_model,fp,3.0,0.0,7.0,1.7403080434345588,2000,0.95
none,xgboost,full_valid_model,tn,69.0,65.0,72.0,1.7403080434345588,2000,0.95
none,xgboost,full_valid_model,fn,2.0,0.0,5.0,1.4100474697447127,2000,0.95
none,xgboost,full_valid_model,sensitivity,0.984375,0.9609375,1.0,0.01101599585738057,2000,0.95
none,xgboost,full_valid_model,specificity,0.9583333333333334,0.9027777777777778,1.0,0.024170945047702213,2000,0.95
none,xgboost,full_valid_model,precision,0.9767441860465116,0.9477611940298507,1.0,0.013067716062651879,2000,0.95
none,xgboost,full_valid_model,npv,0.971830985915493,0.9315068493150684,1.0,0.019053754775056695,2000,0.95
none,xgboost,full_valid_model,f1,0.980544747081712,0.9615384615384616,0.996078431372549,0.008483282827810537,2000,0.95
none,xgboost,full_valid_model,balanced_accuracy,0.9713541666666667,0.9435763888888888,0.9930555555555556,0.013054010422427008,2000,0.95
none,xgboost,full_valid_model,accuracy,0.975,0.95,0.995,0.010950010336213468,2000,0.95
none,xgboost,full_valid_model,screening_threshold,0.9086464667320251,0.9086464667320251,0.9086464667320251,4.442002738032434e-16,2000,0.95
none,xgboost,full_valid_model,screening_tp,115.0,108.0,122.0,3.493304930816924,2000,0.95
none,xgboost,full_valid_model,screening_fp,0.0,0.0,0.0,0.0,2000,0.95
none,xgboost,full_valid_model,screening_tn,72.0,72.0,72.0,0.0,2000,0.95
none,xgboost,full_valid_model,screening_fn,13.0,6.0,20.0,3.493304930816924,2000,0.95
none,xgboost,full_valid_model,screening_sensitivity,0.8984375,0.84375,0.953125,0.02729144477200722,2000,0.95
none,xgboost,full_valid_model,screening_specificity,1.0,1.0,1.0,0.0,2000,0.95
none,xgboost,full_valid_model,screening_precision,1.0,1.0,1.0,0.0,2000,0.95
none,xgboost,full_valid_model,screening_npv,0.8470588235294118,0.782608695652174,0.9230769230769231,0.03468577252677398,2000,0.95
none,xgboost,full_valid_model,screening_f1,0.9465020576131687,0.9152542372881356,0.976,0.015213850386197408,2000,0.95
none,xgboost,full_valid_model,screening_balanced_accuracy,0.94921875,0.921875,0.9765625,0.01364572238600361,2000,0.95
none,xgboost,full_valid_model,screening_accuracy,0.935,0.9,0.97,0.01746652465408459,2000,0.95
sigmoid,xgboost,full_valid_model,n,200.0,200.0,200.0,0.0,2000,0.95
sigmoid,xgboost,full_valid_model,n_positive,128.0,128.0,128.0,0.0,2000,0.95
sigmoid,xgboost,full_valid_model,roc_auc,0.9966362847222222,0.9918619791666666,0.9996744791666667,0.0021301244851464826,2000,0.95
sigmoid,xgboost,full_valid_model,pr_auc,0.9982006047775083,0.9957679621564403,0.9998187725360577,0.0011083198779200042,2000,0.95
sigmoid,xgboost,full_valid_model,brier,0.023868940473253396,0.010484988590888169,0.03968567251939881,0.007758098966457672,2000,0.95
sigmoid,xgboost,full_valid_model,brier_skill_score,0.8964021680848377,0.827753157467887,0.9544922370187144,0.033672304541916984,2000,0.95
sigmoid,xgboost,full_valid_model,calibration_slope,1.5670184028240415,1.3214061708796687,3.420154257197243,0.640050557592612,2000,0.95
sigmoid,xgboost,full_valid_model,calibration_intercept,0.005903093891722769,-0.28366346219416355,0.26089480891026595,0.14147984645437972,2000,0.95
sigmoid,xgboost,full_valid_model,ece,0.0651483420005011,0.05256512991869913,0.08603144985707979,0.008443658546832187,2000,0.95
sigmoid,xgboost,full_valid_model,threshold,0.5,0.5,0.5,0.0,2000,0.95
sigmoid,xgboost,full_valid_model,tp,126.0,123.0,128.0,1.3727096983550378,2000,0.95
sigmoid,xgboost,full_valid_model,fp,3.0,0.0,7.0,1.6801432053831893,2000,0.95
sigmoid,xgboost,full_valid_model,tn,69.0,65.0,72.0,1.6801432053831893,2000,0.95
sigmoid,xgboost,full_valid_model,fn,2.0,0.0,5.0,1.3727096983550378,2000,0.95
sigmoid,xgboost,full_valid_model,sensitivity,0.984375,0.9609375,1.0,0.010724294518398732,2000,0.95
sigmoid,xgboost,full_valid_model,specificity,0.9583333333333334,0.9027777777777778,1.0,0.023335322296988748,2000,0.95
sigmoid,xgboost,full_valid_model,precision,0.9767441860465116,0.9477611940298507,1.0,0.012636328879936501,2000,0.95
sigmoid,xgboost,full_valid_model,npv,0.971830985915493,0.9324324324324325,1.0,0.018570285213310125,2000,0.95
sigmoid,xgboost,full_valid_model,f1,0.980544747081712,0.9644268774703557,0.996078431372549,0.00840243138614253,2000,0.95
sigmoid,xgboost,full_valid_model,balanced_accuracy,0.9713541666666667,0.9435763888888888,0.9930555555555556,0.012830136481636067,2000,0.95
sigmoid,xgboost,full_valid_model,accuracy,0.975,0.955,0.995,0.010836388404668256,2000,0.95
sigmoid,xgboost,full_valid_model,screening_threshold,0.9074804943781717,0.9074804943781717,0.9074804943781717,0.0,2000,0.95
sigmoid,xgboost,full_valid_model,screening_tp,119.0,113.0,124.0,2.8827842396693937,2000,0.95
sigmoid,xgboost,full_valid_model,screening_fp,0.0,0.0,0.0,0.0,2000,0.95
sigmoid,xgboost,full_valid_model,screening_tn,72.0,72.0,72.0,0.0,2000,0.95
sigmoid,xgboost,full_valid_model,screening_fn,9.0,4.0,15.0,2.8827842396693937,2000,0.95
sigmoid,xgboost,full_valid_model,screening_sensitivity,0.9296875,0.8828125,0.96875,0.022521751872417138,2000,0.95
sigmoid,xgboost,full_valid_model,screening_specificity,1.0,1.0,1.0,0.0,2000,0.95
sigmoid,xgboost,full_valid_model,screening_precision,1.0,1.0,1.0,0.0,2000,0.95
sigmoid,xgboost,full_valid_model,screening_npv,0.8888888888888888,0.8275862068965517,0.9473684210526315,0.03151912450094913,2000,0.95
sigmoid,xgboost,full_valid_model,screening_f1,0.9635627530364372,0.9377593360995851,0.9841269841269841,0.012136424267932537,2000,0.95
sigmoid,xgboost,full_valid_model,screening_balanced_accuracy,0.96484375,0.94140625,0.984375,0.011260875936208569,2000,0.95
sigmoid,xgboost,full_valid_model,screening_accuracy,0.955,0.925,0.98,0.014413921198346958,2000,0.95
isotonic,dummy,laboratory_model,n,200.0,200.0,200.0,0.0,2000,0.95
isotonic,dummy,laboratory_model,n_positive,128.0,128.0,128.0,0.0,2000,0.95
isotonic,dummy,laboratory_model,roc_auc,0.47227647569444453,0.38671739366319446,0.55333251953125,0.042200955216003394,2000,0.95
isotonic,dummy,laboratory_model,pr_auc,0.6255828458454166,0.5875539243467469,0.6767230966108475,0.02258521551659287,2000,0.95
isotonic,dummy,laboratory_model,brier,0.230477109375,0.23028232480468747,0.23068076660156253,0.00010067063962808463,2000,0.95
isotonic,dummy,laboratory_model,brier_skill_score,-0.00033467610677084814,-0.0012186050415040673,0.0005107430352106244,0.0004369385400524529,2000,0.95
isotonic,dummy,laboratory_model,calibration_slope,-17.740318734697006,-23.84822671343318,21.800902861874057,12.832956075988697,2000,0.95
isotonic,dummy,laboratory_model,calibration_intercept,3.854976351088828e-17,-0.0008688492535334218,0.0008950780540392616,0.00044285598222683565,2000,0.95
isotonic,dummy,laboratory_model,ece,0.0,1.1102230246251565e-16,0.0002312500000001272,6.209372422984987e-05,2000,0.95
isotonic,dummy,laboratory_model,threshold,0.5,0.5,0.5,0.0,2000,0.95
isotonic,dummy,laboratory_model,tp,128.0,128.0,128.0,0.0,2000,0.95
isotonic,dummy,laboratory_model,fp,72.0,72.0,72.0,0.0,2000,0.95
isotonic,dummy,laboratory_model,tn,0.0,0.0,0.0,0.0,2000,0.95
isotonic,dummy,laboratory_model,fn,0.0,0.0,0.0,0.0,2000,0.95
isotonic,dummy,laboratory_model,sensitivity,1.0,1.0,1.0,0.0,2000,0.95
isotonic,dummy,laboratory_model,specificity,0.0,0.0,0.0,0.0,2000,0.95
isotonic,dummy,laboratory_model,precision,0.64,0.64,0.64,0.0,2000,0.95
isotonic,dummy,laboratory_model,npv,,,,,2000,0.95
isotonic,dummy,laboratory_model,f1,0.7804878048780487,0.7804878048780487,0.7804878048780487,2.221001369016217e-16,2000,0.95
isotonic,dummy,laboratory_model,balanced_accuracy,0.5,0.5,0.5,0.0,2000,0.95
isotonic,dummy,laboratory_model,accuracy,0.64,0.64,0.64,0.0,2000,0.95
isotonic,dummy,laboratory_model,screening_threshold,0.6366666666666666,0.6366666666666666,0.6366666666666666,0.0,2000,0.95
isotonic,dummy,laboratory_model,screening_tp,128.0,128.0,128.0,0.0,2000,0.95
isotonic,dummy,laboratory_model,screening_fp,72.0,72.0,72.0,0.0,2000,0.95
isotonic,dummy,laboratory_model,screening_tn,0.0,0.0,0.0,0.0,2000,0.95
isotonic,dummy,laboratory_model,screening_fn,0.0,0.0,0.0,0.0,2000,0.95
isotonic,dummy,laboratory_model,screening_sensitivity,1.0,1.0,1.0,0.0,2000,0.95
isotonic,dummy,laboratory_model,screening_specificity,0.0,0.0,0.0,0.0,2000,0.95
isotonic,dummy,laboratory_model,screening_precision,0.64,0.64,0.64,0.0,2000,0.95
isotonic,dummy,laboratory_model,screening_npv,,,,,2000,0.95
isotonic,dummy,laboratory_model,screening_f1,0.7804878048780487,0.7804878048780487,0.7804878048780487,2.221001369016217e-16,2000,0.95
isotonic,dummy,laboratory_model,screening_balanced_accuracy,0.5,0.5,0.5,0.0,2000,0.95
isotonic,dummy,laboratory_model,screening_accuracy,0.64,0.64,0.64,0.0,2000,0.95
none,dummy,laboratory_model,n,200.0,200.0,200.0,0.0,2000,0.95
none,dummy,laboratory_model,n_positive,128.0,128.0,128.0,0.0,2000,0.95
none,dummy,laboratory_model,roc_auc,0.47227647569444453,0.3906765407986111,0.5544786241319445,0.0413616856377907,2000,0.95
none,dummy,laboratory_model,pr_auc,0.6255828458454166,0.588506287612302,0.6745343610051542,0.022412296114332833,2000,0.95
none,dummy,laboratory_model,brier,0.230477109375,0.23028682265625003,0.23067923164062504,9.896268286968371e-05,2000,0.95
none,dummy,laboratory_model,brier_skill_score,-0.00033467610677084814,-0.0012119428846573796,0.0004912211100259155,0.0004295255332885598,2000,0.95
none,dummy,laboratory_model,calibration_slope,-17.740318734697006,-24.172904725071458,20.10187513139928,12.528683024191496,2000,0.95
none,dummy,laboratory_model,calibration_intercept,3.854976351088828e-17,-0.000895303354508822,0.0008408375818437909,0.00044518851362557947,2000,0.95
none,dummy,laboratory_model,ece,0.0,1.1102230246251565e-16,0.00023124999999990514,6.215137817469864e-05,2000,0.95
none,dummy,laboratory_model,threshold,0.5,0.5,0.5,0.0,2000,0.95
none,dummy,laboratory_model,tp,128.0,128.0,128.0,0.0,2000,0.95
none,dummy,laboratory_model,fp,72.0,72.0,72.0,0.0,2000,0.95
none,dummy,laboratory_model,tn,0.0,0.0,0.0,0.0,2000,0.95
none,dummy,laboratory_model,fn,0.0,0.0,0.0,0.0,2000,0.95
none,dummy,laboratory_model,sensitivity,1.0,1.0,1.0,0.0,2000,0.95
none,dummy,laboratory_model,specificity,0.0,0.0,0.0,0.0,2000,0.95
none,dummy,laboratory_model,precision,0.64,0.64,0.64,0.0,2000,0.95
none,dummy,laboratory_model,npv,,,,,2000,0.95
none,dummy,laboratory_model,f1,0.7804878048780487,0.7804878048780487,0.7804878048780487,2.221001369016217e-16,2000,0.95
none,dummy,laboratory_model,balanced_accuracy,0.5,0.5,0.5,0.0,2000,0.95
none,dummy,laboratory_model,accuracy,0.64,0.64,0.64,0.0,2000,0.95
none,dummy,laboratory_model,screening_threshold,0.6366666666666667,0.6366666666666667,0.6366666666666667,0.0,2000,0.95
none,dummy,laboratory_model,screening_tp,128.0,128.0,128.0,0.0,2000,0.95
none,dummy,laboratory_model,screening_fp,72.0,72.0,72.0,0.0,2000,0.95
none,dummy,laboratory_model,screening_tn,0.0,0.0,0.0,0.0,2000,0.95
none,dummy,laboratory_model,screening_fn,0.0,0.0,0.0,0.0,2000,0.95
none,dummy,laboratory_model,screening_sensitivity,1.0,1.0,1.0,0.0,2000,0.95
none,dummy,laboratory_model,screening_specificity,0.0,0.0,0.0,0.0,2000,0.95
none,dummy,laboratory_model,screening_precision,0.64,0.64,0.64,0.0,2000,0.95
none,dummy,laboratory_model,screening_npv,,,,,2000,0.95
none,dummy,laboratory_model,screening_f1,0.7804878048780487,0.7804878048780487,0.7804878048780487,2.221001369016217e-16,2000,0.95
none,dummy,laboratory_model,screening_balanced_accuracy,0.5,0.5,0.5,0.0,2000,0.95
none,dummy,laboratory_model,screening_accuracy,0.64,0.64,0.64,0.0,2000,0.95
sigmoid,dummy,laboratory_model,n,200.0,200.0,200.0,0.0,2000,0.95
sigmoid,dummy,laboratory_model,n_positive,128.0,128.0,128.0,0.0,2000,0.95
sigmoid,dummy,laboratory_model,roc_auc,0.47227647569444453,0.39023708767361115,0.5546400282118056,0.04103215977408618,2000,0.95
sigmoid,dummy,laboratory_model,pr_auc,0.6255828458454166,0.5888245244719389,0.676234715076752,0.022233680149699585,2000,0.95
sigmoid,dummy,laboratory_model,brier,0.23047785338932422,0.23028997858014777,0.2306670835885925,9.664269195969354e-05,2000,0.95
sigmoid,dummy,laboratory_model,brier_skill_score,-0.0003379053356087347,-0.0011592169643771355,0.0004775235236641665,0.00041945612829728216,2000,0.95
sigmoid,dummy,laboratory_model,calibration_slope,-17.946360052737102,-24.180930012348835,22.058820153879772,12.933646313677489,2000,0.95
sigmoid,dummy,laboratory_model,calibration_intercept,0.005374925379678826,0.004516724963355502,0.00620678790584575,0.000438089638128007,2000,0.95
sigmoid,dummy,laboratory_model,ece,0.0012393012896696476,0.0010413009784661087,0.0014312687788912805,0.00010108609808834965,2000,0.95
sigmoid,dummy,laboratory_model,threshold,0.5,0.5,0.5,0.0,2000,0.95
sigmoid,dummy,laboratory_model,tp,128.0,128.0,128.0,0.0,2000,0.95
sigmoid,dummy,laboratory_model,fp,72.0,72.0,72.0,0.0,2000,0.95
sigmoid,dummy,laboratory_model,tn,0.0,0.0,0.0,0.0,2000,0.95
sigmoid,dummy,laboratory_model,fn,0.0,0.0,0.0,0.0,2000,0.95
sigmoid,dummy,laboratory_model,sensitivity,1.0,1.0,1.0,0.0,2000,0.95
sigmoid,dummy,laboratory_model,specificity,0.0,0.0,0.0,0.0,2000,0.95
sigmoid,dummy,laboratory_model,precision,0.64,0.64,0.64,0.0,2000,0.95
sigmoid,dummy,laboratory_model,npv,,,,,2000,0.95
sigmoid,dummy,laboratory_model,f1,0.7804878048780487,0.7804878048780487,0.7804878048780487,2.221001369016217e-16,2000,0.95
sigmoid,dummy,laboratory_model,balanced_accuracy,0.5,0.5,0.5,0.0,2000,0.95
sigmoid,dummy,laboratory_model,accuracy,0.64,0.64,0.64,0.0,2000,0.95
sigmoid,dummy,laboratory_model,screening_threshold,0.6346558996314265,0.6346558996314265,0.6346558996314265,1.1105006845081086e-16,2000,0.95
sigmoid,dummy,laboratory_model,screening_tp,128.0,128.0,128.0,0.0,2000,0.95
sigmoid,dummy,laboratory_model,screening_fp,72.0,72.0,72.0,0.0,2000,0.95
sigmoid,dummy,laboratory_model,screening_tn,0.0,0.0,0.0,0.0,2000,0.95
sigmoid,dummy,laboratory_model,screening_fn,0.0,0.0,0.0,0.0,2000,0.95
sigmoid,dummy,laboratory_model,screening_sensitivity,1.0,1.0,1.0,0.0,2000,0.95
sigmoid,dummy,laboratory_model,screening_specificity,0.0,0.0,0.0,0.0,2000,0.95
sigmoid,dummy,laboratory_model,screening_precision,0.64,0.64,0.64,0.0,2000,0.95
sigmoid,dummy,laboratory_model,screening_npv,,,,,2000,0.95
sigmoid,dummy,laboratory_model,screening_f1,0.7804878048780487,0.7804878048780487,0.7804878048780487,2.221001369016217e-16,2000,0.95
sigmoid,dummy,laboratory_model,screening_balanced_accuracy,0.5,0.5,0.5,0.0,2000,0.95
sigmoid,dummy,laboratory_model,screening_accuracy,0.64,0.64,0.64,0.0,2000,0.95
isotonic,ebm,laboratory_model,n,200.0,200.0,200.0,0.0,2000,0.95
isotonic,ebm,laboratory_model,n_positive,128.0,128.0,128.0,0.0,2000,0.95
isotonic,ebm,laboratory_model,roc_auc,0.992404513888889,0.9830729166666667,0.9981553819444444,0.0039132293405456965,2000,0.95
isotonic,ebm,laboratory_model,pr_auc,0.9958877484730733,0.9908329187701608,0.9990240524405928,0.0020962762476747963,2000,0.95
isotonic,ebm,laboratory_model,brier,0.03348263900467685,0.018411908331801417,0.05275114262266572,0.008995974268036003,2000,0.95
isotonic,ebm,laboratory_model,brier_skill_score,0.8546760459866456,0.7710453879224578,0.9200872034210008,0.039045027205017374,2000,0.95
isotonic,ebm,laboratory_model,calibration_slope,1.1495357123788368,0.8727486550554848,2.0017867450487796,0.346755470999462,2000,0.95
isotonic,ebm,laboratory_model,calibration_intercept,-0.03492815106219336,-0.6794403830190292,0.5466605914077036,0.31227061040433596,2000,0.95
isotonic,ebm,laboratory_model,ece,0.0244065612401891,0.023739811547828372,0.05825443418004922,0.00888172512269325,2000,0.95
isotonic,ebm,laboratory_model,threshold,0.5,0.5,0.5,0.0,2000,0.95
isotonic,ebm,laboratory_model,tp,124.0,120.0,127.0,1.9566190045495526,2000,0.95
isotonic,ebm,laboratory_model,fp,5.0,1.0,10.0,2.2007547934357463,2000,0.95
isotonic,ebm,laboratory_model,tn,67.0,62.0,71.0,2.2007547934357463,2000,0.95
isotonic,ebm,laboratory_model,fn,4.0,1.0,8.0,1.9566190045495528,2000,0.95
isotonic,ebm,laboratory_model,sensitivity,0.96875,0.9375,0.9921875,0.01528608597304338,2000,0.95
isotonic,ebm,laboratory_model,specificity,0.9305555555555556,0.8611111111111112,0.9861111111111112,0.030566038797718707,2000,0.95
isotonic,ebm,laboratory_model,precision,0.9612403100775194,0.9253731343283582,0.991869918699187,0.016275993421105733,2000,0.95
isotonic,ebm,laboratory_model,npv,0.9436619718309859,0.8904109589041096,0.9859154929577465,0.025840098383184677,2000,0.95
isotonic,ebm,laboratory_model,f1,0.9649805447470817,0.9402390438247011,0.9844961240310077,0.011384588217664394,2000,0.95
isotonic,ebm,laboratory_model,balanced_accuracy,0.9496527777777778,0.9110243055555556,0.9782986111111112,0.017050931438066234,2000,0.95
isotonic,ebm,laboratory_model,accuracy,0.955,0.925,0.98,0.014684606313459353,2000,0.95
isotonic,ebm,laboratory_model,screening_threshold,0.8534059982152321,0.8534059982152321,0.8534059982152321,2.221001369016217e-16,2000,0.95
isotonic,ebm,laboratory_model,screening_tp,116.0,109.0,122.0,3.286629080890888,2000,0.95
isotonic,ebm,laboratory_model,screening_fp,1.0,0.0,4.0,1.0669334203509286,2000,0.95
isotonic,ebm,laboratory_model,screening_tn,71.0,68.0,72.0,1.0669334203509286,2000,0.95
isotonic,ebm,laboratory_model,screening_fn,12.0,6.0,19.0,3.2866290808908873,2000,0.95
isotonic,ebm,laboratory_model,screening_sensitivity,0.90625,0.8515625,0.953125,0.02567678969446006,2000,0.95
isotonic,ebm,laboratory_model,screening_specificity,0.9861111111111112,0.9444444444444444,1.0,0.014818519727096226,2000,0.95
isotonic,ebm,laboratory_model,screening_precision,0.9914529914529915,0.967741935483871,1.0,0.00896093288461781,2000,0.95
isotonic,ebm,laboratory_model,screening_npv,0.8554216867469879,0.7911960132890365,0.922077922077922,0.03372738796697389,2000,0.95
isotonic,ebm,laboratory_model,screening_f1,0.9469387755102041,0.9152542372881356,0.9721115537848606,0.014775825180199903,2000,0.95
isotonic,ebm,laboratory_model,screening_balanced_accuracy,0.9461805555555556,0.9136067708333334,0.97265625,0.01481341211741542,2000,0.95
isotonic,ebm,laboratory_model,screening_accuracy,0.935,0.9,0.965,0.017269768309063193,2000,0.95
none,ebm,laboratory_model,n,200.0,200.0,200.0,0.0,2000,0.95
none,ebm,laboratory_model,n_positive,128.0,128.0,128.0,0.0,2000,0.95
none,ebm,laboratory_model,roc_auc,0.9896918402777778,0.9792751736111112,0.9973985460069444,0.004649305188877638,2000,0.95
none,ebm,laboratory_model,pr_auc,0.9945180999230914,0.9891649350033012,0.9986071262223818,0.002415105831973438,2000,0.95
none,ebm,laboratory_model,brier,0.03862998386929631,0.018626229264009708,0.06210820113694549,0.011200238122120409,2000,0.95
none,ebm,laboratory_model,brier_skill_score,0.8323351394561792,0.730433154787563,0.9191569910416245,0.04861214462725871,2000,0.95
none,ebm,laboratory_model,calibration_slope,0.7188850822949472,0.5792421864487383,1.1952944571997732,0.2673909845047795,2000,0.95
none,ebm,laboratory_model,calibration_intercept,-0.06743760575736256,-1.181397632788714,1.0235692298004795,0.565699936291798,2000,0.95
none,ebm,laboratory_model,ece,0.036725690964900914,0.022077559145205518,0.06706896522823384,0.011738333466206393,2000,0.95
none,ebm,laboratory_model,threshold,0.5,0.5,0.5,0.0,2000,0.95
none,ebm,laboratory_model,tp,124.0,120.0,127.0,1.9283954741059408,2000,0.95
none,ebm,laboratory_model,fp,5.0,1.0,9.0,2.0910939928763415,2000,0.95
none,ebm,laboratory_model,tn,67.0,63.0,71.0,2.0910939928763415,2000,0.95
none,ebm,laboratory_model,fn,4.0,1.0,8.0,1.9283954741059408,2000,0.95
none,ebm,laboratory_model,sensitivity,0.96875,0.9375,0.9921875,0.015065589641452663,2000,0.95
none,ebm,laboratory_model,specificity,0.9305555555555556,0.875,0.9861111111111112,0.029042972123282534,2000,0.95
none,ebm,laboratory_model,precision,0.9612403100775194,0.9312844979448033,0.9919354838709677,0.015525504959782058,2000,0.95
none,ebm,laboratory_model,npv,0.9436619718309859,0.8918918918918919,0.9857142857142858,0.025461661768536602,2000,0.95
none,ebm,laboratory_model,f1,0.9649805447470817,0.9416342412451363,0.9844961240310077,0.011080235580464774,2000,0.95
none,ebm,laboratory_model,balanced_accuracy,0.9496527777777778,0.9162326388888888,0.9782986111111112,0.016391989597224165,2000,0.95
none,ebm,laboratory_model,accuracy,0.955,0.925,0.98,0.0142576511146701,2000,0.95
none,ebm,laboratory_model,screening_threshold,0.948176467078481,0.948176467078481,0.948176467078481,1.1105006845081086e-16,2000,0.95
none,ebm,laboratory_model,screening_tp,114.0,107.0,121.0,3.495961509146907,2000,0.95
none,ebm,laboratory_model,screening_fp,2.0,0.0,5.0,1.3832014940660646,2000,0.95
none,ebm,laboratory_model,screening_tn,70.0,67.0,72.0,1.3832014940660646,2000,0.95
none,ebm,laboratory_model,screening_fn,14.0,7.0,21.0,3.4959615091469067,2000,0.95
none,ebm,laboratory_model,screening_sensitivity,0.890625,0.8359375,0.9453125,0.027312199290210212,2000,0.95
none,ebm,laboratory_model,screening_specificity,0.9722222222222222,0.9305555555555556,1.0,0.01921113186202868,2000,0.95
none,ebm,laboratory_model,screening_precision,0.9827586206896551,0.9576271186440678,1.0,0.0116377420297605,2000,0.95
none,ebm,laboratory_model,screening_npv,0.8333333333333334,0.7701149425287356,0.9066666666666666,0.03476173903525495,2000,0.95
none,ebm,laboratory_model,screening_f1,0.9344262295081966,0.9029535864978903,0.963855421686747,0.016162061630734793,2000,0.95
none,ebm,laboratory_model,screening_balanced_accuracy,0.9314236111111112,0.8979817708333334,0.9618055555555556,0.0166281291291227,2000,0.95
none,ebm,laboratory_model,screening_accuracy,0.92,0.885,0.955,0.018742754311188745,2000,0.95
sigmoid,ebm,laboratory_model,n,200.0,200.0,200.0,0.0,2000,0.95
sigmoid,ebm,laboratory_model,n_positive,128.0,128.0,128.0,0.0,2000,0.95
sigmoid,ebm,laboratory_model,roc_auc,0.9933810763888888,0.9852403428819444,0.9986979166666666,0.003500365999341763,2000,0.95
sigmoid,ebm,laboratory_model,pr_auc,0.9963854930824068,0.9920502459475926,0.9992650280195776,0.0018916374122896489,2000,0.95
sigmoid,ebm,laboratory_model,brier,0.04197895276078533,0.02979048629161723,0.05635982677716666,0.006768159205440258,2000,0.95
sigmoid,ebm,laboratory_model,brier_skill_score,0.8177996841979803,0.7553826962796585,0.8707010143593001,0.029375690995834456,2000,0.95
sigmoid,ebm,laboratory_model,calibration_slope,2.311072478024423,1.8276491674139674,3.8649838516592565,0.5982357462920525,2000,0.95
sigmoid,ebm,laboratory_model,calibration_intercept,0.003366460228985747,-0.21267080964350182,0.20852980422499978,0.10888973309032622,2000,0.95
sigmoid,ebm,laboratory_model,ece,0.0797361660396512,0.07026967975186582,0.10870398456429951,0.009757990185021955,2000,0.95
sigmoid,ebm,laboratory_model,threshold,0.5,0.5,0.5,0.0,2000,0.95
sigmoid,ebm,laboratory_model,tp,124.0,120.0,127.0,2.014167926519065,2000,0.95
sigmoid,ebm,laboratory_model,fp,6.0,2.0,11.0,2.3063832512943128,2000,0.95
sigmoid,ebm,laboratory_model,tn,66.0,61.0,70.0,2.306383251294313,2000,0.95
sigmoid,ebm,laboratory_model,fn,4.0,1.0,8.0,2.014167926519065,2000,0.95
sigmoid,ebm,laboratory_model,sensitivity,0.96875,0.9375,0.9921875,0.015735686925930196,2000,0.95
sigmoid,ebm,laboratory_model,specificity,0.9166666666666666,0.8472222222222222,0.9722222222222222,0.03203310071242101,2000,0.95
sigmoid,ebm,laboratory_model,precision,0.9538461538461539,0.9191176470588235,0.984375,0.016909385454526905,2000,0.95
sigmoid,ebm,laboratory_model,npv,0.9428571428571428,0.8873239436619719,0.9857142857142858,0.02698426347567098,2000,0.95
sigmoid,ebm,laboratory_model,f1,0.9612403100775193,0.9348533262326365,0.9842519685039369,0.011952395374953316,2000,0.95
sigmoid,ebm,laboratory_model,balanced_accuracy,0.9427083333333333,0.9045030381944444,0.9752604166666667,0.017998331586439893,2000,0.95
sigmoid,ebm,laboratory_model,accuracy,0.95,0.915,0.98,0.015475213766554557,2000,0.95
sigmoid,ebm,laboratory_model,screening_threshold,0.7110880121646806,0.7110880121646806,0.7110880121646806,0.0,2000,0.95
sigmoid,ebm,laboratory_model,screening_tp,117.0,110.0,123.0,3.195630928082005,2000,0.95
sigmoid,ebm,laboratory_model,screening_fp,1.0,0.0,3.0,0.9835993767113385,2000,0.95
sigmoid,ebm,laboratory_model,screening_tn,71.0,69.0,72.0,0.9835993767113386,2000,0.95
sigmoid,ebm,laboratory_model,screening_fn,11.0,5.0,18.0,3.195630928082005,2000,0.95
sigmoid,ebm,laboratory_model,screening_sensitivity,0.9140625,0.859375,0.9609375,0.024965866625640664,2000,0.95
sigmoid,ebm,laboratory_model,screening_specificity,0.9861111111111112,0.9583333333333334,1.0,0.013661102454324144,2000,0.95
sigmoid,ebm,laboratory_model,screening_precision,0.9915254237288136,0.9743589743589743,1.0,0.008214060537762455,2000,0.95
sigmoid,ebm,laboratory_model,screening_npv,0.8658536585365854,0.797752808988764,0.9342105263157895,0.03359977586292488,2000,0.95
sigmoid,ebm,laboratory_model,screening_f1,0.9512195121951219,0.9205020920502092,0.9761904761904763,0.014232249622869085,2000,0.95
sigmoid,ebm,laboratory_model,screening_balanced_accuracy,0.9500868055555556,0.9197048611111112,0.9765625,0.014275304154974742,2000,0.95
sigmoid,ebm,laboratory_model,screening_accuracy,0.94,0.905,0.97,0.016753809120914235,2000,0.95
isotonic,logreg,laboratory_model,n,200.0,200.0,200.0,0.0,2000,0.95
isotonic,logreg,laboratory_model,n_positive,128.0,128.0,128.0,0.0,2000,0.95
isotonic,logreg,laboratory_model,roc_auc,0.9937065972222222,0.9852430555555556,0.9989149305555556,0.0035190329040995063,2000,0.95
isotonic,logreg,laboratory_model,pr_auc,0.9967427522341787,0.9925876794521044,0.9994196811371161,0.0017485876684799296,2000,0.95
isotonic,logreg,laboratory_model,brier,0.029075276597530966,0.013816592452891584,0.048277848245096344,0.008902400953164934,2000,0.95
isotonic,logreg,laboratory_model,brier_skill_score,0.8738052231009941,0.7904607281028804,0.9400321508121026,0.038638893025889465,2000,0.95
isotonic,logreg,laboratory_model,calibration_slope,0.6572251580314525,0.4862211406250484,7.845323237457749,1.5616984333812807,2000,0.95
isotonic,logreg,laboratory_model,calibration_intercept,0.03450681369713313,-1.0606474714082117,1.039010696859208,0.5356654545349543,2000,0.95
isotonic,logreg,laboratory_model,ece,0.022615160803371052,0.018040625563921636,0.05417453303187844,0.009313469317315002,2000,0.95
isotonic,logreg,laboratory_model,threshold,0.5,0.5,0.5,0.0,2000,0.95
isotonic,logreg,laboratory_model,tp,122.0,117.0,126.0,2.361252952937037,2000,0.95
isotonic,logreg,laboratory_model,fp,4.0,1.0,9.0,1.9831465995275308,2000,0.95
isotonic,logreg,laboratory_model,tn,68.0,63.0,71.0,1.9831465995275308,2000,0.95
isotonic,logreg,laboratory_model,fn,6.0,2.0,11.0,2.361252952937037,2000,0.95
isotonic,logreg,laboratory_model,sensitivity,0.953125,0.9140625,0.984375,0.018447288694820603,2000,0.95
isotonic,logreg,laboratory_model,specificity,0.9444444444444444,0.875,0.9861111111111112,0.027543702771215716,2000,0.95
isotonic,logreg,laboratory_model,precision,0.9682539682539683,0.9337988366988587,0.9920634920634921,0.015146652355445208,2000,0.95
isotonic,logreg,laboratory_model,npv,0.918918918918919,0.8589743589743589,0.9714285714285714,0.02918707210126713,2000,0.95
isotonic,logreg,laboratory_model,f1,0.9606299212598425,0.9338391699092089,0.9806949806949806,0.012239490843325838,2000,0.95
isotonic,logreg,laboratory_model,balanced_accuracy,0.9487847222222222,0.9123263888888888,0.9782986111111112,0.016578634038247612,2000,0.95
isotonic,logreg,laboratory_model,accuracy,0.95,0.915,0.975,0.015421170513291116,2000,0.95
isotonic,logreg,laboratory_model,screening_threshold,0.9503358979426514,0.9503358979426514,0.9503358979426514,2.221001369016217e-16,2000,0.95
isotonic,logreg,laboratory_model,screening_tp,117.0,110.0,122.0,3.085442225494335,2000,0.95
isotonic,logreg,laboratory_model,screening_fp,0.0,0.0,0.0,0.0,2000,0.95
isotonic,logreg,laboratory_model,screening_tn,72.0,72.0,72.0,0.0,2000,0.95
isotonic,logreg,laboratory_model,screening_fn,11.0,6.0,18.0,3.0854422254943343,2000,0.95
isotonic,logreg,laboratory_model,screening_sensitivity,0.9140625,0.859375,0.953125,0.02410501738667449,2000,0.95
isotonic,logreg,laboratory_model,screening_specificity,1.0,1.0,1.0,0.0,2000,0.95
isotonic,logreg,laboratory_model,screening_precision,1.0,1.0,1.0,0.0,2000,0.95
isotonic,logreg,laboratory_model,screening_npv,0.8674698795180723,0.8,0.9230769230769231,0.03205363871030393,2000,0.95
isotonic,logreg,laboratory_model,screening_f1,0.9551020408163265,0.9243697478991597,0.976,0.013215558285364753,2000,0.95
isotonic,logreg,laboratory_model,screening_balanced_accuracy,0.95703125,0.9296875,0.9765625,0.012052508693337245,2000,0.95
isotonic,logreg,laboratory_model,screening_accuracy,0.945,0.91,0.97,0.015427211127471646,2000,0.95
none,logreg,laboratory_model,n,200.0,200.0,200.0,0.0,2000,0.95
none,logreg,laboratory_model,n_positive,128.0,128.0,128.0,0.0,2000,0.95
none,logreg,laboratory_model,roc_auc,0.9938151041666666,0.9858940972222223,0.9989149305555556,0.0033610851413370035,2000,0.95
none,logreg,laboratory_model,pr_auc,0.9967922390706045,0.9928503505363525,0.9994193171454628,0.0016907209060554981,2000,0.95
none,logreg,laboratory_model,brier,0.11090872781981904,0.09883506046372402,0.12364581257351391,0.00634172358723289,2000,0.95
none,logreg,laboratory_model,brier_skill_score,0.5186253132820353,0.46334282737190147,0.5710283834039755,0.027524841958476085,2000,0.95
none,logreg,laboratory_model,calibration_slope,7.583704507179113,5.986035017730235,13.063745673073896,1.8210520629186262,2000,0.95
none,logreg,laboratory_model,calibration_intercept,0.5817242726751809,0.49900832176139864,0.6611963306543285,0.041350824289354944,2000,0.95
none,logreg,laboratory_model,ece,0.2570003645348088,0.2316410373860532,0.28381426308886687,0.013655966876141202,2000,0.95
none,logreg,laboratory_model,threshold,0.5,0.5,0.5,0.0,2000,0.95
none,logreg,laboratory_model,tp,107.0,98.0,115.0,4.197022903276239,2000,0.95
none,logreg,laboratory_model,fp,0.0,0.0,0.0,0.0,2000,0.95
none,logreg,laboratory_model,tn,72.0,72.0,72.0,0.0,2000,0.95
none,logreg,laboratory_model,fn,21.0,13.0,30.0,4.197022903276239,2000,0.95
none,logreg,laboratory_model,sensitivity,0.8359375,0.765625,0.8984375,0.03278924143184562,2000,0.95
none,logreg,laboratory_model,specificity,1.0,1.0,1.0,0.0,2000,0.95
none,logreg,laboratory_model,precision,1.0,1.0,1.0,0.0,2000,0.95
none,logreg,laboratory_model,npv,0.7741935483870968,0.7058823529411765,0.8470588235294118,0.03496093201966087,2000,0.95
none,logreg,laboratory_model,f1,0.9106382978723404,0.8672566371681416,0.9465020576131687,0.019540553668418354,2000,0.95
none,logreg,laboratory_model,balanced_accuracy,0.91796875,0.8828125,0.94921875,0.01639462071592281,2000,0.95
none,logreg,laboratory_model,accuracy,0.895,0.85,0.935,0.020985114516381208,2000,0.95
none,logreg,laboratory_model,screening_threshold,0.47340228743762497,0.47340228743762497,0.47340228743762497,0.0,2000,0.95
none,logreg,laboratory_model,screening_tp,114.0,107.0,121.0,3.4712921130995635,2000,0.95
none,logreg,laboratory_model,screening_fp,0.0,0.0,0.0,0.0,2000,0.95
none,logreg,laboratory_model,screening_tn,72.0,72.0,72.0,0.0,2000,0.95
none,logreg,laboratory_model,screening_fn,14.0,7.0,21.0,3.4712921130995635,2000,0.95
none,logreg,laboratory_model,screening_sensitivity,0.890625,0.8359375,0.9453125,0.02711946963359034,2000,0.95
none,logreg,laboratory_model,screening_specificity,1.0,1.0,1.0,0.0,2000,0.95
none,logreg,laboratory_model,screening_precision,1.0,1.0,1.0,0.0,2000,0.95
none,logreg,laboratory_model,screening_npv,0.8372093023255814,0.7741935483870968,0.9113924050632911,0.03375341457111532,2000,0.95
none,logreg,laboratory_model,screening_f1,0.9421487603305785,0.9106382978723404,0.9718875502008032,0.015228172994231235,2000,0.95
none,logreg,laboratory_model,screening_balanced_accuracy,0.9453125,0.91796875,0.97265625,0.01355973481679517,2000,0.95
none,logreg,laboratory_model,screening_accuracy,0.93,0.895,0.965,0.017356460565497795,2000,0.95
sigmoid,logreg,laboratory_model,n,200.0,200.0,200.0,0.0,2000,0.95
sigmoid,logreg,laboratory_model,n_positive,128.0,128.0,128.0,0.0,2000,0.95
sigmoid,logreg,laboratory_model,roc_auc,0.994900173611111,0.988064236111111,0.9992404513888888,0.0029049665737770156,2000,0.95
sigmoid,logreg,laboratory_model,pr_auc,0.9972930874856148,0.99378904326558,0.9995678090230661,0.0014978361623917877,2000,0.95
sigmoid,logreg,laboratory_model,brier,0.0383137892139898,0.02732360038895387,0.05120059934175306,0.006082732609584032,2000,0.95
sigmoid,logreg,laboratory_model,brier_skill_score,0.8337075120920582,0.7777751764680856,0.8814079844229432,0.026400749173541807,2000,0.95
sigmoid,logreg,laboratory_model,calibration_slope,2.6462276523039017,2.0475698961255473,4.825457715374432,0.8524725421935805,2000,0.95
sigmoid,logreg,laboratory_model,calibration_intercept,0.03384765234027977,-0.20184364030445168,0.2486451646203148,0.1162674808731825,2000,0.95
sigmoid,logreg,laboratory_model,ece,0.07951478734948236,0.07463234388548656,0.10973006142454819,0.009012666777492096,2000,0.95
sigmoid,logreg,laboratory_model,threshold,0.5,0.5,0.5,0.0,2000,0.95
sigmoid,logreg,laboratory_model,tp,122.0,117.0,126.0,2.412347551733617,2000,0.95
sigmoid,logreg,laboratory_model,fp,2.0,0.0,5.0,1.3953539000028368,2000,0.95
sigmoid,logreg,laboratory_model,tn,70.0,67.0,72.0,1.3953539000028368,2000,0.95
sigmoid,logreg,laboratory_model,fn,6.0,2.0,11.0,2.4123475517336175,2000,0.95
sigmoid,logreg,laboratory_model,sensitivity,0.953125,0.9140625,0.984375,0.018846465247918883,2000,0.95
sigmoid,logreg,laboratory_model,specificity,0.9722222222222222,0.9305555555555556,1.0,0.019379915277817183,2000,0.95
sigmoid,logreg,laboratory_model,precision,0.9838709677419355,0.96,1.0,0.011009190901144321,2000,0.95
sigmoid,logreg,laboratory_model,npv,0.9210526315789473,0.8625,0.9726027397260274,0.029128240651866453,2000,0.95
sigmoid,logreg,laboratory_model,f1,0.9682539682539683,0.9435483870967741,0.988235294117647,0.011372537935840456,2000,0.95
sigmoid,logreg,laboratory_model,balanced_accuracy,0.9626736111111112,0.9331597222222222,0.9861111111111112,0.013674243676562576,2000,0.95
sigmoid,logreg,laboratory_model,accuracy,0.96,0.93,0.985,0.014075391942292922,2000,0.95
sigmoid,logreg,laboratory_model,screening_threshold,0.6821062100967141,0.6821062100967141,0.6821062100967141,1.1105006845081086e-16,2000,0.95
sigmoid,logreg,laboratory_model,screening_tp,118.0,112.0,123.0,3.0311900396590548,2000,0.95
sigmoid,logreg,laboratory_model,screening_fp,0.0,0.0,0.0,0.0,2000,0.95
sigmoid,logreg,laboratory_model,screening_tn,72.0,72.0,72.0,0.0,2000,0.95
sigmoid,logreg,laboratory_model,screening_fn,10.0,5.0,16.0,3.031190039659055,2000,0.95
sigmoid,logreg,laboratory_model,screening_sensitivity,0.921875,0.875,0.9609375,0.023681172184836365,2000,0.95
sigmoid,logreg,laboratory_model,screening_specificity,1.0,1.0,1.0,0.0,2000,0.95
sigmoid,logreg,laboratory_model,screening_precision,1.0,1.0,1.0,0.0,2000,0.95
sigmoid,logreg,laboratory_model,screening_npv,0.8780487804878049,0.8181818181818182,0.935064935064935,0.03235801215505459,2000,0.95
sigmoid,logreg,laboratory_model,screening_f1,0.959349593495935,0.9333333333333333,0.9800796812749004,0.012865153964121575,2000,0.95
sigmoid,logreg,laboratory_model,screening_balanced_accuracy,0.9609375,0.9375,0.98046875,0.011840586092418183,2000,0.95
sigmoid,logreg,laboratory_model,screening_accuracy,0.95,0.92,0.975,0.015155950198295257,2000,0.95
isotonic,random_forest,laboratory_model,n,200.0,200.0,200.0,0.0,2000,0.95
isotonic,random_forest,laboratory_model,n_positive,128.0,128.0,128.0,0.0,2000,0.95
isotonic,random_forest,laboratory_model,roc_auc,0.9927300347222222,0.9847005208333334,0.9982638888888888,0.0035097835051318698,2000,0.95
isotonic,random_forest,laboratory_model,pr_auc,0.9961320335515018,0.9920119304079406,0.9990368760042523,0.0018181335734151953,2000,0.95
isotonic,random_forest,laboratory_model,brier,0.03507991050105865,0.017486869705506437,0.05480101402041102,0.009558077061230512,2000,0.95
isotonic,random_forest,laboratory_model,brier_skill_score,0.8477434440058218,0.7621483766475216,0.9241021280142949,0.04148470946714632,2000,0.95
isotonic,random_forest,laboratory_model,calibration_slope,0.8827379239468998,0.6633153229954065,1.5081667669998586,0.22996248453735693,2000,0.95
isotonic,random_forest,laboratory_model,calibration_intercept,-0.036409117729730836,-0.9882601811464551,0.6972023347396299,0.4318095302476219,2000,0.95
isotonic,random_forest,laboratory_model,ece,0.03219655650448517,0.02213739346225409,0.06300302910995581,0.010488121945121286,2000,0.95
isotonic,random_forest,laboratory_model,threshold,0.5,0.5,0.5,0.0,2000,0.95
isotonic,random_forest,laboratory_model,tp,122.0,117.0,126.0,2.3496655536707887,2000,0.95
isotonic,random_forest,laboratory_model,fp,5.0,1.0,9.0,2.1156422124228595,2000,0.95
isotonic,random_forest,laboratory_model,tn,67.0,63.0,71.0,2.1156422124228595,2000,0.95
isotonic,random_forest,laboratory_model,fn,6.0,2.0,11.0,2.3496655536707887,2000,0.95
isotonic,random_forest,laboratory_model,sensitivity,0.953125,0.9140625,0.984375,0.018356762138053036,2000,0.95
isotonic,random_forest,laboratory_model,specificity,0.9305555555555556,0.875,0.9861111111111112,0.02938391961698417,2000,0.95
isotonic,random_forest,laboratory_model,precision,0.9606299212598425,0.928557142857143,0.9918032786885246,0.0159282015042267,2000,0.95
isotonic,random_forest,laboratory_model,npv,0.9178082191780822,0.8607594936708861,0.971830985915493,0.02945916707125478,2000,0.95
isotonic,random_forest,laboratory_model,f1,0.9568627450980391,0.9311740890688258,0.9803921568627452,0.012443967862714733,2000,0.95
isotonic,random_forest,laboratory_model,balanced_accuracy,0.9418402777777778,0.9070963541666667,0.9743923611111112,0.01728594005415553,2000,0.95
isotonic,random_forest,laboratory_model,accuracy,0.945,0.9148750000000002,0.975,0.01577119079142374,2000,0.95
isotonic,random_forest,laboratory_model,screening_threshold,0.9204390256160717,0.9204390256160717,0.9204390256160717,1.1105006845081086e-16,2000,0.95
isotonic,random_forest,laboratory_model,screening_tp,115.0,108.0,121.0,3.3257494350375114,2000,0.95
isotonic,random_forest,laboratory_model,screening_fp,0.0,0.0,0.0,0.0,2000,0.95
isotonic,random_forest,laboratory_model,screening_tn,72.0,72.0,72.0,0.0,2000,0.95
isotonic,random_forest,laboratory_model,screening_fn,13.0,7.0,20.0,3.3257494350375114,2000,0.95
isotonic,random_forest,laboratory_model,screening_sensitivity,0.8984375,0.84375,0.9453125,0.025982417461230558,2000,0.95
isotonic,random_forest,laboratory_model,screening_specificity,1.0,1.0,1.0,0.0,2000,0.95
isotonic,random_forest,laboratory_model,screening_precision,1.0,1.0,1.0,0.0,2000,0.95
isotonic,random_forest,laboratory_model,screening_npv,0.8470588235294118,0.782608695652174,0.9113924050632911,0.03318354665765931,2000,0.95
isotonic,random_forest,laboratory_model,screening_f1,0.9465020576131687,0.9152542372881356,0.9718875502008032,0.014453647448899423,2000,0.95
isotonic,random_forest,laboratory_model,screening_balanced_accuracy,0.94921875,0.921875,0.97265625,0.012991208730615279,2000,0.95
isotonic,random_forest,laboratory_model,screening_accuracy,0.935,0.9,0.965,0.016628747175187527,2000,0.95
none,random_forest,laboratory_model,n,200.0,200.0,200.0,0.0,2000,0.95
none,random_forest,laboratory_model,n_positive,128.0,128.0,128.0,0.0,2000,0.95
none,random_forest,laboratory_model,roc_auc,0.9942491319444444,0.9875189887152778,0.9986979166666667,0.00296028267709594,2000,0.95
none,random_forest,laboratory_model,pr_auc,0.9969053944644266,0.9933393600470842,0.9992824378385794,0.0015544890714730925,2000,0.95
none,random_forest,laboratory_model,brier,0.03283188724205681,0.019763997316082325,0.048629060850573544,0.007331749476012765,2000,0.95
none,random_forest,laboratory_model,brier_skill_score,0.8575004894007952,0.7889363678360521,0.9142187616489483,0.03182182932297207,2000,0.95
none,random_forest,laboratory_model,calibration_slope,1.7175954239452833,1.3966647395494527,2.792459099790054,0.43277202363893374,2000,0.95
none,random_forest,laboratory_model,calibration_intercept,0.15963466709618432,-0.1818644237466188,0.49855541128522074,0.17518832357617978,2000,0.95
none,random_forest,laboratory_model,ece,0.0537443658192389,0.045882437651560824,0.08243831220199956,0.009345351076881375,2000,0.95
none,random_forest,laboratory_model,threshold,0.5,0.5,0.5,0.0,2000,0.95
none,random_forest,laboratory_model,tp,122.0,117.0,126.0,2.428653727781038,2000,0.95
none,random_forest,laboratory_model,fp,3.0,0.0,7.0,1.7097946364547483,2000,0.95
none,random_forest,laboratory_model,tn,69.0,65.0,72.0,1.7097946364547485,2000,0.95
none,random_forest,laboratory_model,fn,6.0,2.0,11.0,2.428653727781038,2000,0.95
none,random_forest,laboratory_model,sensitivity,0.953125,0.9140625,0.984375,0.018973857248289358,2000,0.95
none,random_forest,laboratory_model,specificity,0.9583333333333334,0.9027777777777778,1.0,0.023747147728538177,2000,0.95
none,random_forest,laboratory_model,precision,0.976,0.9457364341085271,1.0,0.013255269143542974,2000,0.95
none,random_forest,laboratory_model,npv,0.92,0.8589743589743589,0.9722222222222222,0.029522906640738932,2000,0.95
none,random_forest,laboratory_model,f1,0.9644268774703557,0.9387557348520803,0.984375,0.011879549657603433,2000,0.95
none,random_forest,laboratory_model,balanced_accuracy,0.9557291666666667,0.9223090277777778,0.9822048611111112,0.015154193172068578,2000,0.95
none,random_forest,laboratory_model,accuracy,0.955,0.9248750000000002,0.98,0.01480927077882297,2000,0.95
none,random_forest,laboratory_model,screening_threshold,0.7836412249204059,0.7836412249204059,0.7836412249204059,1.1105006845081086e-16,2000,0.95
none,random_forest,laboratory_model,screening_tp,115.0,108.0,121.0,3.358681343948112,2000,0.95
none,random_forest,laboratory_model,screening_fp,0.0,0.0,0.0,0.0,2000,0.95
none,random_forest,laboratory_model,screening_tn,72.0,72.0,72.0,0.0,2000,0.95
none,random_forest,laboratory_model,screening_fn,13.0,7.0,20.0,3.358681343948111,2000,0.95
none,random_forest,laboratory_model,screening_sensitivity,0.8984375,0.84375,0.9453125,0.026239697999594625,2000,0.95
none,random_forest,laboratory_model,screening_specificity,1.0,1.0,1.0,0.0,2000,0.95
none,random_forest,laboratory_model,screening_precision,1.0,1.0,1.0,0.0,2000,0.95
none,random_forest,laboratory_model,screening_npv,0.8470588235294118,0.782608695652174,0.9113924050632911,0.03333529842270544,2000,0.95
none,random_forest,laboratory_model,screening_f1,0.9465020576131687,0.9152542372881356,0.9718875502008032,0.014625398209894842,2000,0.95
none,random_forest,laboratory_model,screening_balanced_accuracy,0.94921875,0.921875,0.97265625,0.013119848999797313,2000,0.95
none,random_forest,laboratory_model,screening_accuracy,0.935,0.9,0.965,0.016793406719740528,2000,0.95
sigmoid,random_forest,laboratory_model,n,200.0,200.0,200.0,0.0,2000,0.95
sigmoid,random_forest,laboratory_model,n_positive,128.0,128.0,128.0,0.0,2000,0.95
sigmoid,random_forest,laboratory_model,roc_auc,0.9930555555555556,0.9854600694444445,0.998263888888889,0.0033925728631271604,2000,0.95
sigmoid,random_forest,laboratory_model,pr_auc,0.9963247294318149,0.992389851060617,0.9990814332025717,0.0017530044792833422,2000,0.95
sigmoid,random_forest,laboratory_model,brier,0.03524948513033235,0.02018697216989715,0.05201414750865739,0.008377631052516698,2000,0.95
sigmoid,random_forest,laboratory_model,brier_skill_score,0.8470074430107103,0.774244151438119,0.9123829332903769,0.03636124588765927,2000,0.95
sigmoid,random_forest,laboratory_model,calibration_slope,1.5478118085916621,1.3267805807986086,2.232390347853577,0.2554586115314089,2000,0.95
sigmoid,random_forest,laboratory_model,calibration_intercept,0.01608708255402143,-0.27568648052798733,0.32877023805726313,0.1554284696190145,2000,0.95
sigmoid,random_forest,laboratory_model,ece,0.05875793045837631,0.054734537142703495,0.08965228533970462,0.008693542646420895,2000,0.95
sigmoid,random_forest,laboratory_model,threshold,0.5,0.5,0.5,0.0,2000,0.95
sigmoid,random_forest,laboratory_model,tp,122.0,117.0,126.0,2.4012702991385124,2000,0.95
sigmoid,random_forest,laboratory_model,fp,4.0,1.0,8.0,1.9217277431414106,2000,0.95
sigmoid,random_forest,laboratory_model,tn,68.0,64.0,71.0,1.9217277431414104,2000,0.95
sigmoid,random_forest,laboratory_model,fn,6.0,2.0,11.0,2.401270299138513,2000,0.95
sigmoid,random_forest,laboratory_model,sensitivity,0.953125,0.9140625,0.984375,0.01875992421201963,2000,0.95
sigmoid,random_forest,laboratory_model,specificity,0.9444444444444444,0.8888888888888888,0.9861111111111112,0.02669066309918627,2000,0.95
sigmoid,random_forest,laboratory_model,precision,0.9682539682539683,0.937984496124031,0.992,0.014669707060151417,2000,0.95
sigmoid,random_forest,laboratory_model,npv,0.918918918918919,0.8589743589743589,0.971830985915493,0.029559771456451812,2000,0.95
sigmoid,random_forest,laboratory_model,f1,0.9606299212598425,0.9349570133632371,0.980544747081712,0.012073242727456438,2000,0.95
sigmoid,random_forest,laboratory_model,balanced_accuracy,0.9487847222222222,0.9153645833333333,0.9774305555555556,0.01609422925026989,2000,0.95
sigmoid,random_forest,laboratory_model,accuracy,0.95,0.92,0.975,0.015164905610688449,2000,0.95
sigmoid,random_forest,laboratory_model,screening_threshold,0.8546871182076332,0.8546871182076332,0.8546871182076332,3.3315020535243255e-16,2000,0.95
sigmoid,random_forest,laboratory_model,screening_tp,118.0,112.0,124.0,3.0567174404506843,2000,0.95
sigmoid,random_forest,laboratory_model,screening_fp,0.0,0.0,0.0,0.0,2000,0.95
sigmoid,random_forest,laboratory_model,screening_tn,72.0,72.0,72.0,0.0,2000,0.95
sigmoid,random_forest,laboratory_model,screening_fn,10.0,4.0,16.0,3.0567174404506834,2000,0.95
sigmoid,random_forest,laboratory_model,screening_sensitivity,0.921875,0.875,0.96875,0.02388060500352097,2000,0.95
sigmoid,random_forest,laboratory_model,screening_specificity,1.0,1.0,1.0,0.0,2000,0.95
sigmoid,random_forest,laboratory_model,screening_precision,1.0,1.0,1.0,0.0,2000,0.95
sigmoid,random_forest,laboratory_model,screening_npv,0.8780487804878049,0.8181818181818182,0.9473684210526315,0.032608440191676705,2000,0.95
sigmoid,random_forest,laboratory_model,screening_f1,0.959349593495935,0.9333333333333333,0.9841269841269841,0.012979084214468032,2000,0.95
sigmoid,random_forest,laboratory_model,screening_balanced_accuracy,0.9609375,0.9375,0.984375,0.011940302501760485,2000,0.95
sigmoid,random_forest,laboratory_model,screening_accuracy,0.95,0.92,0.98,0.0152835872022534,2000,0.95
isotonic,svm,laboratory_model,n,200.0,200.0,200.0,0.0,2000,0.95
isotonic,svm,laboratory_model,n_positive,128.0,128.0,128.0,0.0,2000,0.95
isotonic,svm,laboratory_model,roc_auc,0.9939236111111112,0.9856743706597222,0.9993489583333333,0.0034922381792935157,2000,0.95
isotonic,svm,laboratory_model,pr_auc,0.9968929874934903,0.992834990324795,0.9996365691488186,0.0017272886128895366,2000,0.95
isotonic,svm,laboratory_model,brier,0.026554276718984724,0.011120213258080686,0.04570030952697577,0.008736754586030794,2000,0.95
isotonic,svm,laboratory_model,brier_skill_score,0.8847470628516287,0.801647962122501,0.9517351855118026,0.03791994177964755,2000,0.95
isotonic,svm,laboratory_model,calibration_slope,0.7046238772815266,0.5040949868407119,3.9497807190573697,0.9240695177363876,2000,0.95
isotonic,svm,laboratory_model,calibration_intercept,-0.04499030494672388,-1.1683338943653911,0.9257842617383281,0.5372409174514255,2000,0.95
isotonic,svm,laboratory_model,ece,0.030307955188771787,0.021049674632285777,0.057608246098660096,0.009532216228231204,2000,0.95
isotonic,svm,laboratory_model,threshold,0.5,0.5,0.5,0.0,2000,0.95
isotonic,svm,laboratory_model,tp,124.0,120.0,127.0,1.954657346613809,2000,0.95
isotonic,svm,laboratory_model,fp,2.0,0.0,5.0,1.3874156590962758,2000,0.95
isotonic,svm,laboratory_model,tn,70.0,67.0,72.0,1.3874156590962758,2000,0.95
isotonic,svm,laboratory_model,fn,4.0,1.0,8.0,1.954657346613809,2000,0.95
isotonic,svm,laboratory_model,sensitivity,0.96875,0.9375,0.9921875,0.015270760520420383,2000,0.95
isotonic,svm,laboratory_model,specificity,0.9722222222222222,0.9305555555555556,1.0,0.019269661931892723,2000,0.95
isotonic,svm,laboratory_model,precision,0.9841269841269841,0.9609375,1.0,0.010752688362827152,2000,0.95
isotonic,svm,laboratory_model,npv,0.9459459459459459,0.8961038961038961,0.9861111111111112,0.024813343503455217,2000,0.95
isotonic,svm,laboratory_model,f1,0.9763779527559054,0.9561752988047808,0.9921875,0.009545615397604762,2000,0.95
isotonic,svm,laboratory_model,balanced_accuracy,0.9704861111111112,0.9427083333333333,0.9921875,0.01231857911199977,2000,0.95
isotonic,svm,laboratory_model,accuracy,0.97,0.945,0.99,0.012008750925862352,2000,0.95
isotonic,svm,laboratory_model,screening_threshold,0.9692564192042303,0.9692564192042303,0.9692564192042303,2.221001369016217e-16,2000,0.95
isotonic,svm,laboratory_model,screening_tp,117.0,110.97500000000005,123.0,3.1523731502217687,2000,0.95
isotonic,svm,laboratory_model,screening_fp,0.0,0.0,0.0,0.0,2000,0.95
isotonic,svm,laboratory_model,screening_tn,72.0,72.0,72.0,0.0,2000,0.95
isotonic,svm,laboratory_model,screening_fn,11.0,5.0,17.024999999999864,3.152373150221769,2000,0.95
isotonic,svm,laboratory_model,screening_sensitivity,0.9140625,0.8669921875000004,0.9609375,0.024627915236107568,2000,0.95
isotonic,svm,laboratory_model,screening_specificity,1.0,1.0,1.0,0.0,2000,0.95
isotonic,svm,laboratory_model,screening_precision,1.0,1.0,1.0,0.0,2000,0.95
isotonic,svm,laboratory_model,screening_npv,0.8674698795180723,0.8087640449438206,0.935064935064935,0.03278123529322362,2000,0.95
isotonic,svm,laboratory_model,screening_f1,0.9551020408163265,0.9287577792623327,0.9800796812749004,0.013502891827879187,2000,0.95
isotonic,svm,laboratory_model,screening_balanced_accuracy,0.95703125,0.9334960937500002,0.98046875,0.012313957618053784,2000,0.95
isotonic,svm,laboratory_model,screening_accuracy,0.945,0.9148750000000002,0.975,0.01576186575110882,2000,0.95
none,svm,laboratory_model,n,200.0,200.0,200.0,0.0,2000,0.95
none,svm,laboratory_model,n_positive,128.0,128.0,128.0,0.0,2000,0.95
none,svm,laboratory_model,roc_auc,0.9951171875,0.9884955512152778,0.9992404513888888,0.0027811768873232043,2000,0.95
none,svm,laboratory_model,pr_auc,0.9973952493891751,0.9939344565575771,0.9995830242104005,0.0014582849067410432,2000,0.95
none,svm,laboratory_model,brier,0.02757735259554642,0.013542610481939195,0.04545536951092553,0.008095582876877309,2000,0.95
none,svm,laboratory_model,brier_skill_score,0.8803066293596076,0.8027110698310523,0.9412213086721388,0.035137078458668876,2000,0.95
none,svm,laboratory_model,calibration_slope,1.4833842051145436,1.1587564958054208,2.6413108517550743,0.4712305945683494,2000,0.95
none,svm,laboratory_model,calibration_intercept,0.37983775407202097,-0.03502067530060287,0.814777980234963,0.2152727961291029,2000,0.95
none,svm,laboratory_model,ece,0.03848842153638899,0.03149699831239969,0.06480773115358227,0.008668319403916153,2000,0.95
none,svm,laboratory_model,threshold,0.5,0.5,0.5,0.0,2000,0.95
none,svm,laboratory_model,tp,124.0,120.0,127.0,1.9836242417772285,2000,0.95
none,svm,laboratory_model,fp,2.0,0.0,5.0,1.429173631380847,2000,0.95
none,svm,laboratory_model,tn,70.0,67.0,72.0,1.429173631380847,2000,0.95
none,svm,laboratory_model,fn,4.0,1.0,8.0,1.983624241777228,2000,0.95
none,svm,laboratory_model,sensitivity,0.96875,0.9375,0.9921875,0.015497064388884598,2000,0.95
none,svm,laboratory_model,specificity,0.9722222222222222,0.9305555555555556,1.0,0.019849633769178438,2000,0.95
none,svm,laboratory_model,precision,0.9841269841269841,0.9606299212598425,1.0,0.011111534875925387,2000,0.95
none,svm,laboratory_model,npv,0.9459459459459459,0.8947368421052632,0.9863013698630136,0.02516081602133258,2000,0.95
none,svm,laboratory_model,f1,0.9763779527559054,0.9558143505194868,0.9921875,0.009959636681517814,2000,0.95
none,svm,laboratory_model,balanced_accuracy,0.9704861111111112,0.9418402777777778,0.9921875,0.012919891280724743,2000,0.95
none,svm,laboratory_model,accuracy,0.97,0.945,0.99,0.01253623836667895,2000,0.95
none,svm,laboratory_model,screening_threshold,0.7252953004259368,0.7252953004259368,0.7252953004259368,1.1105006845081086e-16,2000,0.95
none,svm,laboratory_model,screening_tp,119.0,113.0,124.0,2.9587416372569635,2000,0.95
none,svm,laboratory_model,screening_fp,1.0,0.0,3.0,1.0068886047280332,2000,0.95
none,svm,laboratory_model,screening_tn,71.0,69.0,72.0,1.0068886047280332,2000,0.95
none,svm,laboratory_model,screening_fn,9.0,4.0,15.0,2.9587416372569635,2000,0.95
none,svm,laboratory_model,screening_sensitivity,0.9296875,0.8828125,0.96875,0.023115169041070027,2000,0.95
none,svm,laboratory_model,screening_specificity,0.9861111111111112,0.9583333333333334,1.0,0.013984563954556014,2000,0.95
none,svm,laboratory_model,screening_precision,0.9916666666666667,0.9745762711864406,1.0,0.008264400735679404,2000,0.95
none,svm,laboratory_model,screening_npv,0.8875,0.8255813953488372,0.9473684210526315,0.03270955181064423,2000,0.95
none,svm,laboratory_model,screening_f1,0.9596774193548387,0.9311600429645541,0.9841269841269841,0.013108913260509053,2000,0.95
none,svm,laboratory_model,screening_balanced_accuracy,0.9578993055555556,0.9292317708333334,0.9813368055555556,0.013600649513880746,2000,0.95
none,svm,laboratory_model,screening_accuracy,0.95,0.915,0.98,0.015700659193153298,2000,0.95
sigmoid,svm,laboratory_model,n,200.0,200.0,200.0,0.0,2000,0.95
sigmoid,svm,laboratory_model,n_positive,128.0,128.0,128.0,0.0,2000,0.95
sigmoid,svm,laboratory_model,roc_auc,0.9952256944444444,0.9889295789930556,0.9993516710069444,0.002710749699452573,2000,0.95
sigmoid,svm,laboratory_model,pr_auc,0.9974822551387418,0.9942476135370845,0.9996512657100964,0.0013935218270962474,2000,0.95
sigmoid,svm,laboratory_model,brier,0.030760585447212455,0.019261522789181577,0.04374142891753432,0.006347913280094806,2000,0.95
sigmoid,svm,laboratory_model,brier_skill_score,0.8664905145520293,0.8101500481009795,0.916399640671955,0.02755170694485593,2000,0.95
sigmoid,svm,laboratory_model,calibration_slope,2.1264942562307514,1.704102194061502,4.137697735680365,0.7544460864667234,2000,0.95
sigmoid,svm,laboratory_model,calibration_intercept,0.023204806611459704,-0.226692720563093,0.2810691662046247,0.13159123091893893,2000,0.95
sigmoid,svm,laboratory_model,ece,0.06432576241461398,0.05819889990879325,0.08930080710155856,0.00802094566024536,2000,0.95
sigmoid,svm,laboratory_model,threshold,0.5,0.5,0.5,0.0,2000,0.95
sigmoid,svm,laboratory_model,tp,124.0,120.0,127.0,1.9817756475844281,2000,0.95
sigmoid,svm,laboratory_model,fp,2.0,0.0,5.0,1.4668106615232859,2000,0.95
sigmoid,svm,laboratory_model,tn,70.0,67.0,72.0,1.4668106615232857,2000,0.95
sigmoid,svm,laboratory_model,fn,4.0,1.0,8.0,1.981775647584428,2000,0.95
sigmoid,svm,laboratory_model,sensitivity,0.96875,0.9375,0.9921875,0.015482622246753345,2000,0.95
sigmoid,svm,laboratory_model,specificity,0.9722222222222222,0.9305555555555556,1.0,0.02037237029893453,2000,0.95
sigmoid,svm,laboratory_model,precision,0.9841269841269841,0.9606299212598425,1.0,0.011372790070840876,2000,0.95
sigmoid,svm,laboratory_model,npv,0.9459459459459459,0.8961038961038961,0.9863013698630136,0.025070085172758324,2000,0.95
sigmoid,svm,laboratory_model,f1,0.9763779527559054,0.9558232931726908,0.9921875,0.009788889389834689,2000,0.95
sigmoid,svm,laboratory_model,balanced_accuracy,0.9704861111111112,0.9427083333333333,0.9921875,0.012788371644789204,2000,0.95
sigmoid,svm,laboratory_model,accuracy,0.97,0.945,0.99,0.012322404983699055,2000,0.95
sigmoid,svm,laboratory_model,screening_threshold,0.7488358560788001,0.7488358560788001,0.7488358560788001,1.1105006845081086e-16,2000,0.95
sigmoid,svm,laboratory_model,screening_tp,117.0,110.0,123.0,3.2297159755373728,2000,0.95
sigmoid,svm,laboratory_model,screening_fp,0.0,0.0,0.0,0.0,2000,0.95
sigmoid,svm,laboratory_model,screening_tn,72.0,72.0,72.0,0.0,2000,0.95
sigmoid,svm,laboratory_model,screening_fn,11.0,5.0,18.0,3.2297159755373728,2000,0.95
sigmoid,svm,laboratory_model,screening_sensitivity,0.9140625,0.859375,0.9609375,0.025232156058885725,2000,0.95
sigmoid,svm,laboratory_model,screening_specificity,1.0,1.0,1.0,0.0,2000,0.95
sigmoid,svm,laboratory_model,screening_precision,1.0,1.0,1.0,0.0,2000,0.95
sigmoid,svm,laboratory_model,screening_npv,0.8674698795180723,0.8,0.935064935064935,0.03354817740773853,2000,0.95
sigmoid,svm,laboratory_model,screening_f1,0.9551020408163265,0.9243697478991597,0.9800796812749004,0.01384346774547262,2000,0.95
sigmoid,svm,laboratory_model,screening_balanced_accuracy,0.95703125,0.9296875,0.98046875,0.012616078029442862,2000,0.95
sigmoid,svm,laboratory_model,screening_accuracy,0.945,0.91,0.975,0.01614857987768684,2000,0.95
isotonic,xgboost,laboratory_model,n,200.0,200.0,200.0,0.0,2000,0.95
isotonic,xgboost,laboratory_model,n_positive,128.0,128.0,128.0,0.0,2000,0.95
isotonic,xgboost,laboratory_model,roc_auc,0.9858940972222222,0.9721137152777778,0.9959852430555556,0.00611539222364998,2000,0.95
isotonic,xgboost,laboratory_model,pr_auc,0.9926932271504022,0.9858028121377966,0.9978259299957829,0.003079575196079855,2000,0.95
isotonic,xgboost,laboratory_model,brier,0.04125835135234185,0.021911025937535866,0.063565229219477,0.01049434254317539,2000,0.95
isotonic,xgboost,laboratory_model,brier_skill_score,0.820927294477683,0.7241092481793532,0.9049000610350005,0.04554836173253208,2000,0.95
isotonic,xgboost,laboratory_model,calibration_slope,0.899904037261595,0.6854993131056494,1.4793586455390935,0.21173404970512918,2000,0.95
isotonic,xgboost,laboratory_model,calibration_intercept,-0.08899998869015065,-0.8475752099411715,0.5911259113216875,0.3653735343531858,2000,0.95
isotonic,xgboost,laboratory_model,ece,0.03297366665134907,0.02533534358863402,0.06687023218354302,0.010637038054299813,2000,0.95
isotonic,xgboost,laboratory_model,threshold,0.5,0.5,0.5,0.0,2000,0.95
isotonic,xgboost,laboratory_model,tp,122.0,117.0,126.0,2.335107141585015,2000,0.95
isotonic,xgboost,laboratory_model,fp,6.0,2.0,11.0,2.3853186102565456,2000,0.95
isotonic,xgboost,laboratory_model,tn,66.0,61.0,70.0,2.385318610256546,2000,0.95
isotonic,xgboost,laboratory_model,fn,6.0,2.0,11.0,2.335107141585015,2000,0.95
isotonic,xgboost,laboratory_model,sensitivity,0.953125,0.9140625,0.984375,0.01824302454363293,2000,0.95
isotonic,xgboost,laboratory_model,specificity,0.9166666666666666,0.8472222222222222,0.9722222222222222,0.033129425142452026,2000,0.95
isotonic,xgboost,laboratory_model,precision,0.953125,0.9178950173942318,0.9841301087364078,0.017686589169368834,2000,0.95
isotonic,xgboost,laboratory_model,npv,0.9166666666666666,0.8571428571428571,0.9710144927536232,0.02962502528056534,2000,0.95
isotonic,xgboost,laboratory_model,f1,0.953125,0.9260700389105059,0.9767441860465116,0.012921899632848361,2000,0.95
isotonic,xgboost,laboratory_model,balanced_accuracy,0.9348958333333333,0.8984157986111111,0.9704861111111112,0.0187544641444452,2000,0.95
isotonic,xgboost,laboratory_model,accuracy,0.94,0.905,0.97,0.016527539283795023,2000,0.95
isotonic,xgboost,laboratory_model,screening_threshold,0.866907594949007,0.866907594949007,0.866907594949007,1.1105006845081086e-16,2000,0.95
isotonic,xgboost,laboratory_model,screening_tp,117.0,111.0,123.0,3.1305286861690735,2000,0.95
isotonic,xgboost,laboratory_model,screening_fp,2.0,0.0,5.0,1.4019095638494683,2000,0.95
isotonic,xgboost,laboratory_model,screening_tn,70.0,67.0,72.0,1.4019095638494683,2000,0.95
isotonic,xgboost,laboratory_model,screening_fn,11.0,5.0,17.0,3.1305286861690735,2000,0.95
isotonic,xgboost,laboratory_model,screening_sensitivity,0.9140625,0.8671875,0.9609375,0.024457255360695887,2000,0.95
isotonic,xgboost,laboratory_model,screening_specificity,0.9722222222222222,0.9305555555555556,1.0,0.019470966164575956,2000,0.95
isotonic,xgboost,laboratory_model,screening_precision,0.9831932773109243,0.9590163934426229,1.0,0.011501155326354363,2000,0.95
isotonic,xgboost,laboratory_model,screening_npv,0.8641975308641975,0.8,0.9315068493150684,0.033378589714399005,2000,0.95
isotonic,xgboost,laboratory_model,screening_f1,0.9473684210526315,0.9180158515106354,0.9721115537848606,0.01429094976419674,2000,0.95
isotonic,xgboost,laboratory_model,screening_balanced_accuracy,0.9431423611111112,0.9127495659722223,0.9704861111111112,0.015441860482589756,2000,0.95
isotonic,xgboost,laboratory_model,screening_accuracy,0.935,0.9,0.965,0.016992090529722472,2000,0.95
none,xgboost,laboratory_model,n,200.0,200.0,200.0,0.0,2000,0.95
none,xgboost,laboratory_model,n_positive,128.0,128.0,128.0,0.0,2000,0.95
none,xgboost,laboratory_model,roc_auc,0.9881727430555556,0.9762342664930554,0.9969618055555557,0.005403231462084459,2000,0.95
none,xgboost,laboratory_model,pr_auc,0.9937584406154938,0.987517641897796,0.9984462140395981,0.0028315482444905282,2000,0.95
none,xgboost,laboratory_model,brier,0.04055189603814733,0.021272846857694087,0.06175850926222319,0.010565835023013417,2000,0.95
none,xgboost,laboratory_model,brier_skill_score,0.8239935067788744,0.7319509146604896,0.9076699355134805,0.045858658954051286,2000,0.95
none,xgboost,laboratory_model,calibration_slope,1.0133604289084401,0.8328081014455466,1.5019603600478169,0.19085058796878535,2000,0.95
none,xgboost,laboratory_model,calibration_intercept,-0.20515409683818142,-0.8193802473388615,0.436400631542727,0.3258864504835613,2000,0.95
none,xgboost,laboratory_model,ece,0.0235365918517346,0.02040781894672839,0.06013318819306728,0.010161202637098877,2000,0.95
none,xgboost,laboratory_model,threshold,0.5,0.5,0.5,0.0,2000,0.95
none,xgboost,laboratory_model,tp,123.0,118.0,127.0,2.202128160261593,2000,0.95
none,xgboost,laboratory_model,fp,7.0,3.0,12.0,2.4568779221935877,2000,0.95
none,xgboost,laboratory_model,tn,65.0,60.0,69.0,2.4568779221935877,2000,0.95
none,xgboost,laboratory_model,fn,5.0,1.0,10.0,2.202128160261593,2000,0.95
none,xgboost,laboratory_model,sensitivity,0.9609375,0.921875,0.9921875,0.017204126252043695,2000,0.95
none,xgboost,laboratory_model,specificity,0.9027777777777778,0.8333333333333334,0.9583333333333334,0.03412330447491094,2000,0.95
none,xgboost,laboratory_model,precision,0.9461538461538461,0.9097744360902256,0.9765625,0.01781963397661152,2000,0.95
none,xgboost,laboratory_model,npv,0.9285714285714286,0.8701298701298701,0.9850746268656716,0.029199589975648726,2000,0.95
none,xgboost,laboratory_model,f1,0.9534883720930233,0.9266409266409266,0.9769230769230769,0.01284156680283885,2000,0.95
none,xgboost,laboratory_model,balanced_accuracy,0.9318576388888888,0.8910590277777778,0.9657335069444444,0.019242821684215174,2000,0.95
none,xgboost,laboratory_model,accuracy,0.94,0.905,0.97,0.016641039806842766,2000,0.95
none,xgboost,laboratory_model,screening_threshold,0.911430652141571,0.911430652141571,0.911430652141571,2.221001369016217e-16,2000,0.95
none,xgboost,laboratory_model,screening_tp,117.0,110.0,123.0,3.2056102334008485,2000,0.95
none,xgboost,laboratory_model,screening_fp,1.0,0.0,3.0,1.0175444453925218,2000,0.95
none,xgboost,laboratory_model,screening_tn,71.0,69.0,72.0,1.0175444453925218,2000,0.95
none,xgboost,laboratory_model,screening_fn,11.0,5.0,18.0,3.2056102334008485,2000,0.95
none,xgboost,laboratory_model,screening_sensitivity,0.9140625,0.859375,0.9609375,0.02504382994844413,2000,0.95
none,xgboost,laboratory_model,screening_specificity,0.9861111111111112,0.9583333333333334,1.0,0.014132561741562799,2000,0.95
none,xgboost,laboratory_model,screening_precision,0.9915254237288136,0.9736783884489987,1.0,0.008490249544557337,2000,0.95
none,xgboost,laboratory_model,screening_npv,0.8658536585365854,0.8,0.9342105263157895,0.03381358884697057,2000,0.95
none,xgboost,laboratory_model,screening_f1,0.9512195121951219,0.9205020920502092,0.9761904761904763,0.014374327362899968,2000,0.95
none,xgboost,laboratory_model,screening_balanced_accuracy,0.9500868055555556,0.9197048611111112,0.9765625,0.014551895470119805,2000,0.95
none,xgboost,laboratory_model,screening_accuracy,0.94,0.905,0.97,0.016953353889542066,2000,0.95
sigmoid,xgboost,laboratory_model,n,200.0,200.0,200.0,0.0,2000,0.95
sigmoid,xgboost,laboratory_model,n_positive,128.0,128.0,128.0,0.0,2000,0.95
sigmoid,xgboost,laboratory_model,roc_auc,0.9845920138888888,0.9695041232638888,0.9962022569444444,0.006915195627337036,2000,0.95
sigmoid,xgboost,laboratory_model,pr_auc,0.992325369289901,0.9850095038318559,0.9980235945567454,0.003347632584044607,2000,0.95
sigmoid,xgboost,laboratory_model,brier,0.04489197832787477,0.025405636533977705,0.06602835138135986,0.010393327279712872,2000,0.95
sigmoid,xgboost,laboratory_model,brier_skill_score,0.8051563440630436,0.7134186137961811,0.8897324803212773,0.04510992742930934,2000,0.95
sigmoid,xgboost,laboratory_model,calibration_slope,1.4295114463336434,1.1867737331954034,2.106080968176449,0.24746158828409867,2000,0.95
sigmoid,xgboost,laboratory_model,calibration_intercept,0.0035115760192789267,-0.2638902057672729,0.2907103998127872,0.1414817164481831,2000,0.95
sigmoid,xgboost,laboratory_model,ece,0.06496540088333352,0.04974374251225581,0.09609619598607369,0.01203490586976377,2000,0.95
sigmoid,xgboost,laboratory_model,threshold,0.5,0.5,0.5,0.0,2000,0.95
sigmoid,xgboost,laboratory_model,tp,123.0,118.0,127.0,2.1386576814299123,2000,0.95
sigmoid,xgboost,laboratory_model,fp,7.0,2.0,12.0,2.5684877972811924,2000,0.95
sigmoid,xgboost,laboratory_model,tn,65.0,60.0,70.0,2.5684877972811924,2000,0.95
sigmoid,xgboost,laboratory_model,fn,5.0,1.0,10.0,2.1386576814299127,2000,0.95
sigmoid,xgboost,laboratory_model,sensitivity,0.9609375,0.921875,0.9921875,0.01670826313617119,2000,0.95
sigmoid,xgboost,laboratory_model,specificity,0.9027777777777778,0.8333333333333334,0.9722222222222222,0.03567344162890544,2000,0.95
sigmoid,xgboost,laboratory_model,precision,0.9461538461538461,0.9090909090909091,0.9838741935483871,0.018661079212246457,2000,0.95
sigmoid,xgboost,laboratory_model,npv,0.9285714285714286,0.871396103896104,0.9846153846153847,0.028371738859153187,2000,0.95
sigmoid,xgboost,laboratory_model,f1,0.9534883720930233,0.9266409266409266,0.9769230769230769,0.01305607506422455,2000,0.95
sigmoid,xgboost,laboratory_model,balanced_accuracy,0.9318576388888888,0.8923394097222223,0.9683159722222222,0.01992308166641086,2000,0.95
sigmoid,xgboost,laboratory_model,accuracy,0.94,0.905,0.97,0.016957563894516726,2000,0.95
sigmoid,xgboost,laboratory_model,screening_threshold,0.8900173967575398,0.8900173967575398,0.8900173967575398,3.3315020535243255e-16,2000,0.95
sigmoid,xgboost,laboratory_model,screening_tp,118.0,112.0,124.0,3.033353196679857,2000,0.95
sigmoid,xgboost,laboratory_model,screening_fp,2.0,0.0,5.0,1.367013300111356,2000,0.95
sigmoid,xgboost,laboratory_model,screening_tn,70.0,67.0,72.0,1.3670133001113562,2000,0.95
sigmoid,xgboost,laboratory_model,screening_fn,10.0,4.0,16.0,3.0333531966798564,2000,0.95
sigmoid,xgboost,laboratory_model,screening_sensitivity,0.921875,0.875,0.96875,0.02369807184906138,2000,0.95
sigmoid,xgboost,laboratory_model,screening_specificity,0.9722222222222222,0.9305555555555556,1.0,0.018986295834879954,2000,0.95
sigmoid,xgboost,laboratory_model,screening_precision,0.9833333333333333,0.9590163934426229,1.0,0.011156207908974565,2000,0.95
sigmoid,xgboost,laboratory_model,screening_npv,0.875,0.8117647058823529,0.9459459459459459,0.03307909376804152,2000,0.95
sigmoid,xgboost,laboratory_model,screening_f1,0.9516129032258064,0.9218106995884774,0.9763779527559054,0.013945639198529255,2000,0.95
sigmoid,xgboost,laboratory_model,screening_balanced_accuracy,0.9470486111111112,0.9149305555555556,0.9765625,0.015253778586237539,2000,0.95
sigmoid,xgboost,laboratory_model,screening_accuracy,0.94,0.905,0.97,0.016695447552686073,2000,0.95
isotonic,dummy,leaky_model,n,200.0,200.0,200.0,0.0,2000,0.95
isotonic,dummy,leaky_model,n_positive,128.0,128.0,128.0,0.0,2000,0.95
isotonic,dummy,leaky_model,roc_auc,0.47227647569444453,0.3909505208333333,0.5536634657118056,0.04151415302531198,2000,0.95
isotonic,dummy,leaky_model,pr_auc,0.6255828458454166,0.5885863862647184,0.6761113305688597,0.022278414982742075,2000,0.95
isotonic,dummy,leaky_model,brier,0.230477109375,0.23028318671875,0.23067016542968752,9.867450436977229e-05,2000,0.95
isotonic,dummy,leaky_model,brier_skill_score,-0.00033467610677084814,-0.001172593010796524,0.0005070020887586287,0.00042827475854935915,2000,0.95
isotonic,dummy,leaky_model,calibration_slope,-17.740318734697006,-23.953371139288663,21.758370879833024,12.677763194978652,2000,0.95
isotonic,dummy,leaky_model,calibration_intercept,3.854976351088828e-17,-0.0008681694595568485,0.0008415166082731915,0.00044020678241979823,2000,0.95
isotonic,dummy,leaky_model,ece,0.0,6.2499999998744116e-06,0.00023749999999989058,6.1012038899677876e-05,2000,0.95
isotonic,dummy,leaky_model,threshold,0.5,0.5,0.5,0.0,2000,0.95
isotonic,dummy,leaky_model,tp,128.0,128.0,128.0,0.0,2000,0.95
isotonic,dummy,leaky_model,fp,72.0,72.0,72.0,0.0,2000,0.95
isotonic,dummy,leaky_model,tn,0.0,0.0,0.0,0.0,2000,0.95
isotonic,dummy,leaky_model,fn,0.0,0.0,0.0,0.0,2000,0.95
isotonic,dummy,leaky_model,sensitivity,1.0,1.0,1.0,0.0,2000,0.95
isotonic,dummy,leaky_model,specificity,0.0,0.0,0.0,0.0,2000,0.95
isotonic,dummy,leaky_model,precision,0.64,0.64,0.64,0.0,2000,0.95
isotonic,dummy,leaky_model,npv,,,,,2000,0.95
isotonic,dummy,leaky_model,f1,0.7804878048780487,0.7804878048780487,0.7804878048780487,2.221001369016217e-16,2000,0.95
isotonic,dummy,leaky_model,balanced_accuracy,0.5,0.5,0.5,0.0,2000,0.95
isotonic,dummy,leaky_model,accuracy,0.64,0.64,0.64,0.0,2000,0.95
isotonic,dummy,leaky_model,screening_threshold,0.6366666666666666,0.6366666666666666,0.6366666666666666,0.0,2000,0.95
isotonic,dummy,leaky_model,screening_tp,128.0,128.0,128.0,0.0,2000,0.95
isotonic,dummy,leaky_model,screening_fp,72.0,72.0,72.0,0.0,2000,0.95
isotonic,dummy,leaky_model,screening_tn,0.0,0.0,0.0,0.0,2000,0.95
isotonic,dummy,leaky_model,screening_fn,0.0,0.0,0.0,0.0,2000,0.95
isotonic,dummy,leaky_model,screening_sensitivity,1.0,1.0,1.0,0.0,2000,0.95
isotonic,dummy,leaky_model,screening_specificity,0.0,0.0,0.0,0.0,2000,0.95
isotonic,dummy,leaky_model,screening_precision,0.64,0.64,0.64,0.0,2000,0.95
isotonic,dummy,leaky_model,screening_npv,,,,,2000,0.95
isotonic,dummy,leaky_model,screening_f1,0.7804878048780487,0.7804878048780487,0.7804878048780487,2.221001369016217e-16,2000,0.95
isotonic,dummy,leaky_model,screening_balanced_accuracy,0.5,0.5,0.5,0.0,2000,0.95
isotonic,dummy,leaky_model,screening_accuracy,0.64,0.64,0.64,0.0,2000,0.95
none,dummy,leaky_model,n,200.0,200.0,200.0,0.0,2000,0.95
none,dummy,leaky_model,n_positive,128.0,128.0,128.0,0.0,2000,0.95
none,dummy,leaky_model,roc_auc,0.47227647569444453,0.3923448350694444,0.5554578993055556,0.04241943442210642,2000,0.95
none,dummy,leaky_model,pr_auc,0.6255828458454166,0.5879539030608322,0.6769321453973146,0.02280286397917571,2000,0.95
none,dummy,leaky_model,brier,0.230477109375,0.23028229140625,0.2306698162109375,0.00010023917528870914,2000,0.95
none,dummy,leaky_model,brier_skill_score,-0.00033467610677084814,-0.0011710773044161624,0.0005108879937064705,0.0004350658649683556,2000,0.95
none,dummy,leaky_model,calibration_slope,-17.740318734697006,-24.064587497890376,20.834214159856995,12.96807711448466,2000,0.95
none,dummy,leaky_model,calibration_intercept,3.854976351088828e-17,-0.0008410366812444307,0.0008137175779640106,0.00043003118690159293,2000,0.95
none,dummy,leaky_model,ece,0.0,6.093749999880602e-06,0.00021874999999993704,5.993542247843864e-05,2000,0.95
none,dummy,leaky_model,threshold,0.5,0.5,0.5,0.0,2000,0.95
none,dummy,leaky_model,tp,128.0,128.0,128.0,0.0,2000,0.95
none,dummy,leaky_model,fp,72.0,72.0,72.0,0.0,2000,0.95
none,dummy,leaky_model,tn,0.0,0.0,0.0,0.0,2000,0.95
none,dummy,leaky_model,fn,0.0,0.0,0.0,0.0,2000,0.95
none,dummy,leaky_model,sensitivity,1.0,1.0,1.0,0.0,2000,0.95
none,dummy,leaky_model,specificity,0.0,0.0,0.0,0.0,2000,0.95
none,dummy,leaky_model,precision,0.64,0.64,0.64,0.0,2000,0.95
none,dummy,leaky_model,npv,,,,,2000,0.95
none,dummy,leaky_model,f1,0.7804878048780487,0.7804878048780487,0.7804878048780487,2.221001369016217e-16,2000,0.95
none,dummy,leaky_model,balanced_accuracy,0.5,0.5,0.5,0.0,2000,0.95
none,dummy,leaky_model,accuracy,0.64,0.64,0.64,0.0,2000,0.95
none,dummy,leaky_model,screening_threshold,0.6366666666666667,0.6366666666666667,0.6366666666666667,0.0,2000,0.95
none,dummy,leaky_model,screening_tp,128.0,128.0,128.0,0.0,2000,0.95
none,dummy,leaky_model,screening_fp,72.0,72.0,72.0,0.0,2000,0.95
none,dummy,leaky_model,screening_tn,0.0,0.0,0.0,0.0,2000,0.95
none,dummy,leaky_model,screening_fn,0.0,0.0,0.0,0.0,2000,0.95
none,dummy,leaky_model,screening_sensitivity,1.0,1.0,1.0,0.0,2000,0.95
none,dummy,leaky_model,screening_specificity,0.0,0.0,0.0,0.0,2000,0.95
none,dummy,leaky_model,screening_precision,0.64,0.64,0.64,0.0,2000,0.95
none,dummy,leaky_model,screening_npv,,,,,2000,0.95
none,dummy,leaky_model,screening_f1,0.7804878048780487,0.7804878048780487,0.7804878048780487,2.221001369016217e-16,2000,0.95
none,dummy,leaky_model,screening_balanced_accuracy,0.5,0.5,0.5,0.0,2000,0.95
none,dummy,leaky_model,screening_accuracy,0.64,0.64,0.64,0.0,2000,0.95
sigmoid,dummy,leaky_model,n,200.0,200.0,200.0,0.0,2000,0.95
sigmoid,dummy,leaky_model,n_positive,128.0,128.0,128.0,0.0,2000,0.95
sigmoid,dummy,leaky_model,roc_auc,0.47227647569444453,0.39349772135416666,0.5512166341145833,0.040663378462533636,2000,0.95
sigmoid,dummy,leaky_model,pr_auc,0.6255828458454166,0.589615133033431,0.6751086661472416,0.02195121987235283,2000,0.95
sigmoid,dummy,leaky_model,brier,0.23047785338932422,0.23029285031186095,0.2306621063417732,9.558461413480101e-05,2000,0.95
sigmoid,dummy,leaky_model,brier_skill_score,-0.0003379053356087347,-0.001137614330612957,0.0004650594103256853,0.00041486377662673803,2000,0.95
sigmoid,dummy,leaky_model,calibration_slope,-17.946360052737102,-23.87405041785042,21.484413016736077,12.992688691707249,2000,0.95
sigmoid,dummy,leaky_model,calibration_intercept,0.005374925379678826,0.004516053462702489,0.006259721363256791,0.0004415442519473187,2000,0.95
sigmoid,dummy,leaky_model,ece,0.0012393012896696476,0.0010411462907229832,0.0014434891105982173,0.00010188331567973531,2000,0.95
sigmoid,dummy,leaky_model,threshold,0.5,0.5,0.5,0.0,2000,0.95
sigmoid,dummy,leaky_model,tp,128.0,128.0,128.0,0.0,2000,0.95
sigmoid,dummy,leaky_model,fp,72.0,72.0,72.0,0.0,2000,0.95
sigmoid,dummy,leaky_model,tn,0.0,0.0,0.0,0.0,2000,0.95
sigmoid,dummy,leaky_model,fn,0.0,0.0,0.0,0.0,2000,0.95
sigmoid,dummy,leaky_model,sensitivity,1.0,1.0,1.0,0.0,2000,0.95
sigmoid,dummy,leaky_model,specificity,0.0,0.0,0.0,0.0,2000,0.95
sigmoid,dummy,leaky_model,precision,0.64,0.64,0.64,0.0,2000,0.95
sigmoid,dummy,leaky_model,npv,,,,,2000,0.95
sigmoid,dummy,leaky_model,f1,0.7804878048780487,0.7804878048780487,0.7804878048780487,2.221001369016217e-16,2000,0.95
sigmoid,dummy,leaky_model,balanced_accuracy,0.5,0.5,0.5,0.0,2000,0.95
sigmoid,dummy,leaky_model,accuracy,0.64,0.64,0.64,0.0,2000,0.95
sigmoid,dummy,leaky_model,screening_threshold,0.6346558996314265,0.6346558996314265,0.6346558996314265,1.1105006845081086e-16,2000,0.95
sigmoid,dummy,leaky_model,screening_tp,128.0,128.0,128.0,0.0,2000,0.95
sigmoid,dummy,leaky_model,screening_fp,72.0,72.0,72.0,0.0,2000,0.95
sigmoid,dummy,leaky_model,screening_tn,0.0,0.0,0.0,0.0,2000,0.95
sigmoid,dummy,leaky_model,screening_fn,0.0,0.0,0.0,0.0,2000,0.95
sigmoid,dummy,leaky_model,screening_sensitivity,1.0,1.0,1.0,0.0,2000,0.95
sigmoid,dummy,leaky_model,screening_specificity,0.0,0.0,0.0,0.0,2000,0.95
sigmoid,dummy,leaky_model,screening_precision,0.64,0.64,0.64,0.0,2000,0.95
sigmoid,dummy,leaky_model,screening_npv,,,,,2000,0.95
sigmoid,dummy,leaky_model,screening_f1,0.7804878048780487,0.7804878048780487,0.7804878048780487,2.221001369016217e-16,2000,0.95
sigmoid,dummy,leaky_model,screening_balanced_accuracy,0.5,0.5,0.5,0.0,2000,0.95
sigmoid,dummy,leaky_model,screening_accuracy,0.64,0.64,0.64,0.0,2000,0.95
isotonic,ebm,leaky_model,n,200.0,200.0,200.0,0.0,2000,0.95
isotonic,ebm,leaky_model,n_positive,128.0,128.0,128.0,0.0,2000,0.95
isotonic,ebm,leaky_model,roc_auc,1.0,0.9999999999999999,1.0,2.685942824449902e-17,2000,0.95
isotonic,ebm,leaky_model,pr_auc,1.0,1.0,1.0,0.0,2000,0.95
isotonic,ebm,leaky_model,brier,1.244548138553042e-05,3.1044240575429924e-06,2.437247971615099e-05,5.512950019244967e-06,2000,0.95
isotonic,ebm,leaky_model,brier_skill_score,0.9999459831537086,0.9998942166678987,0.9999865259372502,2.3927734458529235e-05,2000,0.95
isotonic,ebm,leaky_model,calibration_slope,,,,,2000,0.95
isotonic,ebm,leaky_model,calibration_intercept,0.2062641059280369,-0.39963937421283585,0.8011875444954545,0.3078774692796018,2000,0.95
isotonic,ebm,leaky_model,ece,0.0008469889234482852,0.0004103434152317405,0.0013719294245019711,0.0002402565325238159,2000,0.95
isotonic,ebm,leaky_model,threshold,0.5,0.5,0.5,0.0,2000,0.95
isotonic,ebm,leaky_model,tp,128.0,128.0,128.0,0.0,2000,0.95
isotonic,ebm,leaky_model,fp,0.0,0.0,0.0,0.0,2000,0.95
isotonic,ebm,leaky_model,tn,72.0,72.0,72.0,0.0,2000,0.95
isotonic,ebm,leaky_model,fn,0.0,0.0,0.0,0.0,2000,0.95
isotonic,ebm,leaky_model,sensitivity,1.0,1.0,1.0,0.0,2000,0.95
isotonic,ebm,leaky_model,specificity,1.0,1.0,1.0,0.0,2000,0.95
isotonic,ebm,leaky_model,precision,1.0,1.0,1.0,0.0,2000,0.95
isotonic,ebm,leaky_model,npv,1.0,1.0,1.0,0.0,2000,0.95
isotonic,ebm,leaky_model,f1,1.0,1.0,1.0,0.0,2000,0.95
isotonic,ebm,leaky_model,balanced_accuracy,1.0,1.0,1.0,0.0,2000,0.95
isotonic,ebm,leaky_model,accuracy,1.0,1.0,1.0,0.0,2000,0.95
isotonic,ebm,leaky_model,screening_threshold,0.9980071412148823,0.9980071412148823,0.9980071412148823,4.442002738032434e-16,2000,0.95
isotonic,ebm,leaky_model,screening_tp,119.0,113.0,124.0,2.891690627875615,2000,0.95
isotonic,ebm,leaky_model,screening_fp,0.0,0.0,0.0,0.0,2000,0.95
isotonic,ebm,leaky_model,screening_tn,72.0,72.0,72.0,0.0,2000,0.95
isotonic,ebm,leaky_model,screening_fn,9.0,4.0,15.0,2.891690627875615,2000,0.95
isotonic,ebm,leaky_model,screening_sensitivity,0.9296875,0.8828125,0.96875,0.022591333030278243,2000,0.95
isotonic,ebm,leaky_model,screening_specificity,1.0,1.0,1.0,0.0,2000,0.95
isotonic,ebm,leaky_model,screening_precision,1.0,1.0,1.0,0.0,2000,0.95
isotonic,ebm,leaky_model,screening_npv,0.8888888888888888,0.8275862068965517,0.9473684210526315,0.03156285673846548,2000,0.95
isotonic,ebm,leaky_model,screening_f1,0.9635627530364372,0.9377593360995851,0.9841269841269841,0.012182943346695067,2000,0.95
isotonic,ebm,leaky_model,screening_balanced_accuracy,0.96484375,0.94140625,0.984375,0.011295666515139123,2000,0.95
isotonic,ebm,leaky_model,screening_accuracy,0.955,0.925,0.98,0.014458453139378068,2000,0.95
none,ebm,leaky_model,n,200.0,200.0,200.0,0.0,2000,0.95
none,ebm,leaky_model,n_positive,128.0,128.0,128.0,0.0,2000,0.95
none,ebm,leaky_model,roc_auc,1.0,0.9999999999999999,1.0,2.556564566474467e-17,2000,0.95
none,ebm,leaky_model,pr_auc,1.0,1.0,1.0,0.0,2000,0.95
none,ebm,leaky_model,brier,1.2670214149080504e-11,5.9944587254865296e-12,2.149096294984428e-11,3.934208547299764e-12,2000,0.95
none,ebm,leaky_model,brier_skill_score,0.9999999999450078,0.9999999999067233,0.9999999999739824,1.7075557630223656e-11,2000,0.95
none,ebm,leaky_model,calibration_slope,,,,,2000,0.95
none,ebm,leaky_model,calibration_intercept,0.24287530110077818,0.07868362122684364,0.4080645191428639,0.0840368879270058,2000,0.95
none,ebm,leaky_model,ece,1.7127202682556167e-06,1.3093370216227857e-06,2.154111686551188e-06,2.185161192180707e-07,2000,0.95
none,ebm,leaky_model,threshold,0.5,0.5,0.5,0.0,2000,0.95
none,ebm,leaky_model,tp,128.0,128.0,128.0,0.0,2000,0.95
none,ebm,leaky_model,fp,0.0,0.0,0.0,0.0,2000,0.95
none,ebm,leaky_model,tn,72.0,72.0,72.0,0.0,2000,0.95
none,ebm,leaky_model,fn,0.0,0.0,0.0,0.0,2000,0.95
none,ebm,leaky_model,sensitivity,1.0,1.0,1.0,0.0,2000,0.95
none,ebm,leaky_model,specificity,1.0,1.0,1.0,0.0,2000,0.95
none,ebm,leaky_model,precision,1.0,1.0,1.0,0.0,2000,0.95
none,ebm,leaky_model,npv,1.0,1.0,1.0,0.0,2000,0.95
none,ebm,leaky_model,f1,1.0,1.0,1.0,0.0,2000,0.95
none,ebm,leaky_model,balanced_accuracy,1.0,1.0,1.0,0.0,2000,0.95
none,ebm,leaky_model,accuracy,1.0,1.0,1.0,0.0,2000,0.95
none,ebm,leaky_model,screening_threshold,0.9999951567529551,0.9999951567529551,0.9999951567529551,2.221001369016217e-16,2000,0.95
none,ebm,leaky_model,screening_tp,118.0,112.0,124.0,3.0580048146991796,2000,0.95
none,ebm,leaky_model,screening_fp,0.0,0.0,0.0,0.0,2000,0.95
none,ebm,leaky_model,screening_tn,72.0,72.0,72.0,0.0,2000,0.95
none,ebm,leaky_model,screening_fn,10.0,4.0,16.0,3.058004814699179,2000,0.95
none,ebm,leaky_model,screening_sensitivity,0.921875,0.875,0.96875,0.02389066261483734,2000,0.95
none,ebm,leaky_model,screening_specificity,1.0,1.0,1.0,0.0,2000,0.95
none,ebm,leaky_model,screening_precision,1.0,1.0,1.0,0.0,2000,0.95
none,ebm,leaky_model,screening_npv,0.8780487804878049,0.8181818181818182,0.9473684210526315,0.03266500502923303,2000,0.95
none,ebm,leaky_model,screening_f1,0.959349593495935,0.9333333333333333,0.9841269841269841,0.01297841624053671,2000,0.95
none,ebm,leaky_model,screening_balanced_accuracy,0.9609375,0.9375,0.984375,0.01194533130741867,2000,0.95
none,ebm,leaky_model,screening_accuracy,0.95,0.92,0.98,0.015290024073495879,2000,0.95
sigmoid,ebm,leaky_model,n,200.0,200.0,200.0,0.0,2000,0.95
sigmoid,ebm,leaky_model,n_positive,128.0,128.0,128.0,0.0,2000,0.95
sigmoid,ebm,leaky_model,roc_auc,1.0,0.9999999999999999,1.0,2.9275965916663093e-17,2000,0.95
sigmoid,ebm,leaky_model,pr_auc,1.0,1.0,1.0,0.0,2000,0.95
sigmoid,ebm,leaky_model,brier,0.0028225274360249835,0.0025809781044233582,0.003086214649139996,0.00013118256142609293,2000,0.95
sigmoid,ebm,leaky_model,brier_skill_score,0.9877494468922526,0.9866049711408855,0.9887978380884402,0.0005693687561896399,2000,0.95
sigmoid,ebm,leaky_model,calibration_slope,,,,,2000,0.95
sigmoid,ebm,leaky_model,calibration_intercept,0.03139803882881517,-0.022769703346734727,0.08530985969123847,0.027560973705933384,2000,0.95
sigmoid,ebm,leaky_model,ece,0.04827202205476769,0.04584724311597626,0.050904626586452964,0.0012777096794282625,2000,0.95
sigmoid,ebm,leaky_model,threshold,0.5,0.5,0.5,0.0,2000,0.95
sigmoid,ebm,leaky_model,tp,128.0,128.0,128.0,0.0,2000,0.95
sigmoid,ebm,leaky_model,fp,0.0,0.0,0.0,0.0,2000,0.95
sigmoid,ebm,leaky_model,tn,72.0,72.0,72.0,0.0,2000,0.95
sigmoid,ebm,leaky_model,fn,0.0,0.0,0.0,0.0,2000,0.95
sigmoid,ebm,leaky_model,sensitivity,1.0,1.0,1.0,0.0,2000,0.95
sigmoid,ebm,leaky_model,specificity,1.0,1.0,1.0,0.0,2000,0.95
sigmoid,ebm,leaky_model,precision,1.0,1.0,1.0,0.0,2000,0.95
sigmoid,ebm,leaky_model,npv,1.0,1.0,1.0,0.0,2000,0.95
sigmoid,ebm,leaky_model,f1,1.0,1.0,1.0,0.0,2000,0.95
sigmoid,ebm,leaky_model,balanced_accuracy,1.0,1.0,1.0,0.0,2000,0.95
sigmoid,ebm,leaky_model,accuracy,1.0,1.0,1.0,0.0,2000,0.95
sigmoid,ebm,leaky_model,screening_threshold,0.9125644857951575,0.9125644857951575,0.9125644857951575,3.3315020535243255e-16,2000,0.95
sigmoid,ebm,leaky_model,screening_tp,123.0,118.0,127.0,2.2806401864015977,2000,0.95
sigmoid,ebm,leaky_model,screening_fp,0.0,0.0,0.0,0.0,2000,0.95
sigmoid,ebm,leaky_model,screening_tn,72.0,72.0,72.0,0.0,2000,0.95
sigmoid,ebm,leaky_model,screening_fn,5.0,1.0,10.0,2.2806401864015977,2000,0.95
sigmoid,ebm,leaky_model,screening_sensitivity,0.9609375,0.921875,0.9921875,0.017817501456262482,2000,0.95
sigmoid,ebm,leaky_model,screening_specificity,1.0,1.0,1.0,0.0,2000,0.95
sigmoid,ebm,leaky_model,screening_precision,1.0,1.0,1.0,0.0,2000,0.95
sigmoid,ebm,leaky_model,screening_npv,0.935064935064935,0.8780487804878049,0.9863013698630136,0.027319290581080773,2000,0.95
sigmoid,ebm,leaky_model,screening_f1,0.9800796812749004,0.959349593495935,0.996078431372549,0.0093204745787655,2000,0.95
sigmoid,ebm,leaky_model,screening_balanced_accuracy,0.98046875,0.9609375,0.99609375,0.008908750728131241,2000,0.95
sigmoid,ebm,leaky_model,screening_accuracy,0.975,0.95,0.995,0.011403200932007997,2000,0.95
isotonic,logreg,leaky_model,n,200.0,200.0,200.0,0.0,2000,0.95
isotonic,logreg,leaky_model,n_positive,128.0,128.0,128.0,0.0,2000,0.95
isotonic,logreg,leaky_model,roc_auc,0.9996744791666667,0.9984809027777778,1.0,0.0004242845731324978,2000,0.95
isotonic,logreg,leaky_model,pr_auc,0.9998210877862596,0.9991898148148148,1.0,0.0002294662127888609,2000,0.95
isotonic,logreg,leaky_model,brier,0.005157004675194719,0.0004696062800882154,0.01321134598541346,0.0036633092506905105,2000,0.95
isotonic,logreg,leaky_model,brier_skill_score,0.9776171672083562,0.9426590886049763,0.9979617782982283,0.015899779733899787,2000,0.95
isotonic,logreg,leaky_model,calibration_slope,1.426311492956901,1.0345714174084624,3.5952658240349606,0.6523733684150601,2000,0.95
isotonic,logreg,leaky_model,calibration_intercept,0.26073467752961793,-0.770423457847028,1.4792338682001578,0.6006016464789808,2000,0.95
isotonic,logreg,leaky_model,ece,0.010180685135248217,0.004806143442392184,0.021185177765396832,0.004310485757462649,2000,0.95
isotonic,logreg,leaky_model,threshold,0.5,0.5,0.5,0.0,2000,0.95
isotonic,logreg,leaky_model,tp,127.0,125.0,128.0,0.9939425088280649,2000,0.95
isotonic,logreg,leaky_model,fp,0.0,0.0,0.0,0.0,2000,0.95
isotonic,logreg,leaky_model,tn,72.0,72.0,72.0,0.0,2000,0.95
isotonic,logreg,leaky_model,fn,1.0,0.0,3.0,0.9939425088280648,2000,0.95
isotonic,logreg,leaky_model,sensitivity,0.9921875,0.9765625,1.0,0.007765175850219257,2000,0.95
isotonic,logreg,leaky_model,specificity,1.0,1.0,1.0,0.0,2000,0.95
isotonic,logreg,leaky_model,precision,1.0,1.0,1.0,0.0,2000,0.95
isotonic,logreg,leaky_model,npv,0.9863013698630136,0.96,1.0,0.013267011034558272,2000,0.95
isotonic,logreg,leaky_model,f1,0.996078431372549,0.9881422924901185,1.0,0.003927834079086915,2000,0.95
isotonic,logreg,leaky_model,balanced_accuracy,0.99609375,0.98828125,1.0,0.0038825879251096285,2000,0.95
isotonic,logreg,leaky_model,accuracy,0.995,0.985,1.0,0.0049697125441403285,2000,0.95
isotonic,logreg,leaky_model,screening_threshold,0.9911566157990882,0.9911566157990882,0.9911566157990882,0.0,2000,0.95
isotonic,logreg,leaky_model,screening_tp,116.0,109.0,122.0,3.3443252317362635,2000,0.95
isotonic,logreg,leaky_model,screening_fp,0.0,0.0,0.0,0.0,2000,0.95
isotonic,logreg,leaky_model,screening_tn,72.0,72.0,72.0,0.0,2000,0.95
isotonic,logreg,leaky_model,screening_fn,12.0,6.0,19.0,3.3443252317362635,2000,0.95
isotonic,logreg,leaky_model,screening_sensitivity,0.90625,0.8515625,0.953125,0.02612754087293956,2000,0.95
isotonic,logreg,leaky_model,screening_specificity,1.0,1.0,1.0,0.0,2000,0.95
isotonic,logreg,leaky_model,screening_precision,1.0,1.0,1.0,0.0,2000,0.95
isotonic,logreg,leaky_model,screening_npv,0.8571428571428571,0.7912087912087912,0.9230769230769231,0.03409018978696125,2000,0.95
isotonic,logreg,leaky_model,screening_f1,0.9508196721311475,0.919831223628692,0.976,0.014425058288211825,2000,0.95
isotonic,logreg,leaky_model,screening_balanced_accuracy,0.953125,0.92578125,0.9765625,0.01306377043646978,2000,0.95
isotonic,logreg,leaky_model,screening_accuracy,0.94,0.905,0.97,0.01672162615868129,2000,0.95
none,logreg,leaky_model,n,200.0,200.0,200.0,0.0,2000,0.95
none,logreg,leaky_model,n_positive,128.0,128.0,128.0,0.0,2000,0.95
none,logreg,leaky_model,roc_auc,1.0,0.9999999999999999,1.0,2.697396790375596e-17,2000,0.95
none,logreg,leaky_model,pr_auc,1.0,1.0,1.0,0.0,2000,0.95
none,logreg,leaky_model,brier,0.06023484408433759,0.05134356689441446,0.07048739791280206,0.004859123674876296,2000,0.95
none,logreg,leaky_model,brier_skill_score,0.7385640447728403,0.6940651132256854,0.7771546575763261,0.02108994650553948,2000,0.95
none,logreg,leaky_model,calibration_slope,,,,,2000,0.95
none,logreg,leaky_model,calibration_intercept,0.7115330635925204,0.6259640047577008,0.7936589072298906,0.043253332509826464,2000,0.95
none,logreg,leaky_model,ece,0.2038496257026026,0.18828968434929647,0.22040552195800736,0.008492348041002394,2000,0.95
none,logreg,leaky_model,threshold,0.5,0.5,0.5,0.0,2000,0.95
none,logreg,leaky_model,tp,119.0,113.0,124.0,2.842762811104736,2000,0.95
none,logreg,leaky_model,fp,0.0,0.0,0.0,0.0,2000,0.95
none,logreg,leaky_model,tn,72.0,72.0,72.0,0.0,2000,0.95
none,logreg,leaky_model,fn,9.0,4.0,15.0,2.842762811104736,2000,0.95
none,logreg,leaky_model,sensitivity,0.9296875,0.8828125,0.96875,0.02220908446175575,2000,0.95
none,logreg,leaky_model,specificity,1.0,1.0,1.0,0.0,2000,0.95
none,logreg,leaky_model,precision,1.0,1.0,1.0,0.0,2000,0.95
none,logreg,leaky_model,npv,0.8888888888888888,0.8275862068965517,0.9473684210526315,0.030976852682668442,2000,0.95
none,logreg,leaky_model,f1,0.9635627530364372,0.9377593360995851,0.9841269841269841,0.011981029780108976,2000,0.95
none,logreg,leaky_model,balanced_accuracy,0.96484375,0.94140625,0.984375,0.011104542230877874,2000,0.95
none,logreg,leaky_model,accuracy,0.955,0.925,0.98,0.014213814055523669,2000,0.95
none,logreg,leaky_model,screening_threshold,0.5421155401059872,0.5421155401059872,0.5421155401059872,1.1105006845081086e-16,2000,0.95
none,logreg,leaky_model,screening_tp,117.0,110.97500000000005,123.0,3.133097173556779,2000,0.95
none,logreg,leaky_model,screening_fp,0.0,0.0,0.0,0.0,2000,0.95
none,logreg,leaky_model,screening_tn,72.0,72.0,72.0,0.0,2000,0.95
none,logreg,leaky_model,screening_fn,11.0,5.0,17.024999999999864,3.1330971735567785,2000,0.95
none,logreg,leaky_model,screening_sensitivity,0.9140625,0.8669921875000004,0.9609375,0.024477321668412336,2000,0.95
none,logreg,leaky_model,screening_specificity,1.0,1.0,1.0,0.0,2000,0.95
none,logreg,leaky_model,screening_precision,1.0,1.0,1.0,0.0,2000,0.95
none,logreg,leaky_model,screening_npv,0.8674698795180723,0.8087640449438206,0.935064935064935,0.032568596017521774,2000,0.95
none,logreg,leaky_model,screening_f1,0.9551020408163265,0.9287577792623327,0.9800796812749004,0.01342016130733733,2000,0.95
none,logreg,leaky_model,screening_balanced_accuracy,0.95703125,0.9334960937500002,0.98046875,0.012238660834206168,2000,0.95
none,logreg,leaky_model,screening_accuracy,0.945,0.9148750000000002,0.975,0.01566548586778387,2000,0.95
sigmoid,logreg,leaky_model,n,200.0,200.0,200.0,0.0,2000,0.95
sigmoid,logreg,leaky_model,n_positive,128.0,128.0,128.0,0.0,2000,0.95
sigmoid,logreg,leaky_model,roc_auc,0.9998914930555556,0.9993489583333334,1.0,0.0001883464358102146,2000,0.95
sigmoid,logreg,leaky_model,pr_auc,0.9999394379844961,0.9996421755725191,1.0,0.00010383771580304798,2000,0.95
sigmoid,logreg,leaky_model,brier,0.014013988620778272,0.009467676118198917,0.02031565902830943,0.0028065171445952773,2000,0.95
sigmoid,logreg,leaky_model,brier_skill_score,0.9391753966112054,0.9118243965785181,0.9589076557369839,0.012181063995639224,2000,0.95
sigmoid,logreg,leaky_model,calibration_slope,6.270839544987705,4.40887637548871,8.934626015174343,1.24427820845849,2000,0.95
sigmoid,logreg,leaky_model,calibration_intercept,0.03668583847774774,-0.13641404504501775,0.21124610385055848,0.0902468461702079,2000,0.95
sigmoid,logreg,leaky_model,ece,0.0744727374033297,0.06536484505284954,0.08764632855659317,0.005623799966518191,2000,0.95
sigmoid,logreg,leaky_model,threshold,0.5,0.5,0.5,0.0,2000,0.95
sigmoid,logreg,leaky_model,tp,127.0,125.0,128.0,0.9949703427698215,2000,0.95
sigmoid,logreg,leaky_model,fp,0.0,0.0,0.0,0.0,2000,0.95
sigmoid,logreg,leaky_model,tn,72.0,72.0,72.0,0.0,2000,0.95
sigmoid,logreg,leaky_model,fn,1.0,0.0,3.0,0.9949703427698213,2000,0.95
sigmoid,logreg,leaky_model,sensitivity,0.9921875,0.9765625,1.0,0.007773205802889231,2000,0.95
sigmoid,logreg,leaky_model,specificity,1.0,1.0,1.0,0.0,2000,0.95
sigmoid,logreg,leaky_model,precision,1.0,1.0,1.0,0.0,2000,0.95
sigmoid,logreg,leaky_model,npv,0.9863013698630136,0.96,1.0,0.013272354899679484,2000,0.95
sigmoid,logreg,leaky_model,f1,0.996078431372549,0.9881422924901185,1.0,0.003932743534722534,2000,0.95
sigmoid,logreg,leaky_model,balanced_accuracy,0.99609375,0.98828125,1.0,0.0038866029014446154,2000,0.95
sigmoid,logreg,leaky_model,accuracy,0.995,0.985,1.0,0.004974851713849111,2000,0.95
sigmoid,logreg,leaky_model,screening_threshold,0.7986508103490655,0.7986508103490655,0.7986508103490655,2.221001369016217e-16,2000,0.95
sigmoid,logreg,leaky_model,screening_tp,117.0,111.0,123.0,3.1076554685575473,2000,0.95
sigmoid,logreg,leaky_model,screening_fp,0.0,0.0,0.0,0.0,2000,0.95
sigmoid,logreg,leaky_model,screening_tn,72.0,72.0,72.0,0.0,2000,0.95
sigmoid,logreg,leaky_model,screening_fn,11.0,5.0,17.0,3.1076554685575473,2000,0.95
sigmoid,logreg,leaky_model,screening_sensitivity,0.9140625,0.8671875,0.9609375,0.024278558348105838,2000,0.95
sigmoid,logreg,leaky_model,screening_specificity,1.0,1.0,1.0,0.0,2000,0.95
sigmoid,logreg,leaky_model,screening_precision,1.0,1.0,1.0,0.0,2000,0.95
sigmoid,logreg,leaky_model,screening_npv,0.8674698795180723,0.8089887640449438,0.935064935064935,0.03234791719538266,2000,0.95
sigmoid,logreg,leaky_model,screening_f1,0.9551020408163265,0.9288702928870293,0.9800796812749004,0.013302875820167065,2000,0.95
sigmoid,logreg,leaky_model,screening_balanced_accuracy,0.95703125,0.93359375,0.98046875,0.012139279174052919,2000,0.95
sigmoid,logreg,leaky_model,screening_accuracy,0.945,0.915,0.975,0.01553827734278771,2000,0.95
isotonic,random_forest,leaky_model,n,200.0,200.0,200.0,0.0,2000,0.95
isotonic,random_forest,leaky_model,n_positive,128.0,128.0,128.0,0.0,2000,0.95
isotonic,random_forest,leaky_model,roc_auc,1.0,1.0,1.0,1.6471386992735465e-17,2000,0.95
isotonic,random_forest,leaky_model,pr_auc,1.0,1.0,1.0,0.0,2000,0.95
isotonic,random_forest,leaky_model,brier,0.0005014579500845067,0.000177738518194693,0.0009086481418966663,0.0001896842851007794,2000,0.95
isotonic,random_forest,leaky_model,brier_skill_score,0.9978235332027582,0.9960562146619069,0.9992285654592244,0.0008232824874165783,2000,0.95
isotonic,random_forest,leaky_model,calibration_slope,,,,,2000,0.95
isotonic,random_forest,leaky_model,calibration_intercept,-0.01604282155014644,-0.7126620336056376,0.6282297341180368,0.3404564366583993,2000,0.95
isotonic,random_forest,leaky_model,ece,0.0054610538735164055,0.002767416967788153,0.008609486803808573,0.001508983376729014,2000,0.95
isotonic,random_forest,leaky_model,threshold,0.5,0.5,0.5,0.0,2000,0.95
isotonic,random_forest,leaky_model,tp,128.0,128.0,128.0,0.0,2000,0.95
isotonic,random_forest,leaky_model,fp,0.0,0.0,0.0,0.0,2000,0.95
isotonic,random_forest,leaky_model,tn,72.0,72.0,72.0,0.0,2000,0.95
isotonic,random_forest,leaky_model,fn,0.0,0.0,0.0,0.0,2000,0.95
isotonic,random_forest,leaky_model,sensitivity,1.0,1.0,1.0,0.0,2000,0.95
isotonic,random_forest,leaky_model,specificity,1.0,1.0,1.0,0.0,2000,0.95
isotonic,random_forest,leaky_model,precision,1.0,1.0,1.0,0.0,2000,0.95
isotonic,random_forest,leaky_model,npv,1.0,1.0,1.0,0.0,2000,0.95
isotonic,random_forest,leaky_model,f1,1.0,1.0,1.0,0.0,2000,0.95
isotonic,random_forest,leaky_model,balanced_accuracy,1.0,1.0,1.0,0.0,2000,0.95
isotonic,random_forest,leaky_model,accuracy,1.0,1.0,1.0,0.0,2000,0.95
isotonic,random_forest,leaky_model,screening_threshold,0.9927177148755476,0.9927177148755476,0.9927177148755476,2.221001369016217e-16,2000,0.95
isotonic,random_forest,leaky_model,screening_tp,119.0,113.0,124.0,2.9792933884643307,2000,0.95
isotonic,random_forest,leaky_model,screening_fp,0.0,0.0,0.0,0.0,2000,0.95
isotonic,random_forest,leaky_model,screening_tn,72.0,72.0,72.0,0.0,2000,0.95
isotonic,random_forest,leaky_model,screening_fn,9.0,4.0,15.0,2.9792933884643307,2000,0.95
isotonic,random_forest,leaky_model,screening_sensitivity,0.9296875,0.8828125,0.96875,0.023275729597377583,2000,0.95
isotonic,random_forest,leaky_model,screening_specificity,1.0,1.0,1.0,0.0,2000,0.95
isotonic,random_forest,leaky_model,screening_precision,1.0,1.0,1.0,0.0,2000,0.95
isotonic,random_forest,leaky_model,screening_npv,0.8888888888888888,0.8275862068965517,0.9473684210526315,0.032512156197176866,2000,0.95
isotonic,random_forest,leaky_model,screening_f1,0.9635627530364372,0.9377593360995851,0.9841269841269841,0.012553030248088367,2000,0.95
isotonic,random_forest,leaky_model,screening_balanced_accuracy,0.96484375,0.94140625,0.984375,0.011637864798688792,2000,0.95
isotonic,random_forest,leaky_model,screening_accuracy,0.955,0.925,0.98,0.014896466942321643,2000,0.95
none,random_forest,leaky_model,n,200.0,200.0,200.0,0.0,2000,0.95
none,random_forest,leaky_model,n_positive,128.0,128.0,128.0,0.0,2000,0.95
none,random_forest,leaky_model,roc_auc,1.0,0.9999999999999999,1.0,2.5078636383372573e-17,2000,0.95
none,random_forest,leaky_model,pr_auc,1.0,1.0,1.0,0.0,2000,0.95
none,random_forest,leaky_model,brier,0.007189421551865822,0.004937033408580823,0.009768067280523042,0.0012100923723663809,2000,0.95
none,random_forest,leaky_model,brier_skill_score,0.9687959134033601,0.9576038746505076,0.9785719036085901,0.0052521370328401954,2000,0.95
none,random_forest,leaky_model,calibration_slope,,,,,2000,0.95
none,random_forest,leaky_model,calibration_intercept,0.09401359575175249,-0.10198348855307293,0.2876069263494709,0.0985265374678084,2000,0.95
none,random_forest,leaky_model,ece,0.05318380664574117,0.04445966101107204,0.06244392749518034,0.004563226456602398,2000,0.95
none,random_forest,leaky_model,threshold,0.5,0.5,0.5,0.0,2000,0.95
none,random_forest,leaky_model,tp,128.0,128.0,128.0,0.0,2000,0.95
none,random_forest,leaky_model,fp,0.0,0.0,0.0,0.0,2000,0.95
none,random_forest,leaky_model,tn,72.0,72.0,72.0,0.0,2000,0.95
none,random_forest,leaky_model,fn,0.0,0.0,0.0,0.0,2000,0.95
none,random_forest,leaky_model,sensitivity,1.0,1.0,1.0,0.0,2000,0.95
none,random_forest,leaky_model,specificity,1.0,1.0,1.0,0.0,2000,0.95
none,random_forest,leaky_model,precision,1.0,1.0,1.0,0.0,2000,0.95
none,random_forest,leaky_model,npv,1.0,1.0,1.0,0.0,2000,0.95
none,random_forest,leaky_model,f1,1.0,1.0,1.0,0.0,2000,0.95
none,random_forest,leaky_model,balanced_accuracy,1.0,1.0,1.0,0.0,2000,0.95
none,random_forest,leaky_model,accuracy,1.0,1.0,1.0,0.0,2000,0.95
none,random_forest,leaky_model,screening_threshold,0.8564510069179737,0.8564510069179737,0.8564510069179737,0.0,2000,0.95
none,random_forest,leaky_model,screening_tp,117.0,111.0,123.0,3.141740802108573,2000,0.95
none,random_forest,leaky_model,screening_fp,0.0,0.0,0.0,0.0,2000,0.95
none,random_forest,leaky_model,screening_tn,72.0,72.0,72.0,0.0,2000,0.95
none,random_forest,leaky_model,screening_fn,11.0,5.0,17.0,3.141740802108573,2000,0.95
none,random_forest,leaky_model,screening_sensitivity,0.9140625,0.8671875,0.9609375,0.024544850016473226,2000,0.95
none,random_forest,leaky_model,screening_specificity,1.0,1.0,1.0,0.0,2000,0.95
none,random_forest,leaky_model,screening_precision,1.0,1.0,1.0,0.0,2000,0.95
none,random_forest,leaky_model,screening_npv,0.8674698795180723,0.8089887640449438,0.935064935064935,0.03282113695559278,2000,0.95
none,random_forest,leaky_model,screening_f1,0.9551020408163265,0.9288702928870293,0.9800796812749004,0.013436951812842773,2000,0.95
none,random_forest,leaky_model,screening_balanced_accuracy,0.95703125,0.93359375,0.98046875,0.012272425008236613,2000,0.95
none,random_forest,leaky_model,screening_accuracy,0.945,0.915,0.975,0.015708704010542838,2000,0.95
sigmoid,random_forest,leaky_model,n,200.0,200.0,200.0,0.0,2000,0.95
sigmoid,random_forest,leaky_model,n_positive,128.0,128.0,128.0,0.0,2000,0.95
sigmoid,random_forest,leaky_model,roc_auc,1.0,0.9999999999999999,1.0,2.639629993418646e-17,2000,0.95
sigmoid,random_forest,leaky_model,pr_auc,1.0,1.0,1.0,0.0,2000,0.95
sigmoid,random_forest,leaky_model,brier,0.00434883825170284,0.003161640601873969,0.005755913532670666,0.0006667592447050757,2000,0.95
sigmoid,random_forest,leaky_model,brier_skill_score,0.9811248339769842,0.9750177364033391,0.9862776015543665,0.002893920332921335,2000,0.95
sigmoid,random_forest,leaky_model,calibration_slope,,,,,2000,0.95
sigmoid,random_forest,leaky_model,calibration_intercept,0.01742763745178254,-0.09659889196259017,0.13153457525430182,0.057931041794797654,2000,0.95
sigmoid,random_forest,leaky_model,ece,0.05163953209344568,0.046625141125636045,0.057223975652722775,0.002740123195150433,2000,0.95
sigmoid,random_forest,leaky_model,threshold,0.5,0.5,0.5,0.0,2000,0.95
sigmoid,random_forest,leaky_model,tp,128.0,128.0,128.0,0.0,2000,0.95
sigmoid,random_forest,leaky_model,fp,0.0,0.0,0.0,0.0,2000,0.95
sigmoid,random_forest,leaky_model,tn,72.0,72.0,72.0,0.0,2000,0.95
sigmoid,random_forest,leaky_model,fn,0.0,0.0,0.0,0.0,2000,0.95
sigmoid,random_forest,leaky_model,sensitivity,1.0,1.0,1.0,0.0,2000,0.95
sigmoid,random_forest,leaky_model,specificity,1.0,1.0,1.0,0.0,2000,0.95
sigmoid,random_forest,leaky_model,precision,1.0,1.0,1.0,0.0,2000,0.95
sigmoid,random_forest,leaky_model,npv,1.0,1.0,1.0,0.0,2000,0.95
sigmoid,random_forest,leaky_model,f1,1.0,1.0,1.0,0.0,2000,0.95
sigmoid,random_forest,leaky_model,balanced_accuracy,1.0,1.0,1.0,0.0,2000,0.95
sigmoid,random_forest,leaky_model,accuracy,1.0,1.0,1.0,0.0,2000,0.95
sigmoid,random_forest,leaky_model,screening_threshold,0.9118466907147955,0.9118466907147955,0.9118466907147955,2.221001369016217e-16,2000,0.95
sigmoid,random_forest,leaky_model,screening_tp,122.0,117.0,126.0,2.4192056605452144,2000,0.95
sigmoid,random_forest,leaky_model,screening_fp,0.0,0.0,0.0,0.0,2000,0.95
sigmoid,random_forest,leaky_model,screening_tn,72.0,72.0,72.0,0.0,2000,0.95
sigmoid,random_forest,leaky_model,screening_fn,6.0,2.0,11.0,2.4192056605452144,2000,0.95
sigmoid,random_forest,leaky_model,screening_sensitivity,0.953125,0.9140625,0.984375,0.018900044223009487,2000,0.95
sigmoid,random_forest,leaky_model,screening_specificity,1.0,1.0,1.0,0.0,2000,0.95
sigmoid,random_forest,leaky_model,screening_precision,1.0,1.0,1.0,0.0,2000,0.95
sigmoid,random_forest,leaky_model,screening_npv,0.9230769230769231,0.8674698795180723,0.972972972972973,0.02840387601069289,2000,0.95
sigmoid,random_forest,leaky_model,screening_f1,0.976,0.9551020408163265,0.9921259842519685,0.00994867535728932,2000,0.95
sigmoid,random_forest,leaky_model,screening_balanced_accuracy,0.9765625,0.95703125,0.9921875,0.009450022111504744,2000,0.95
sigmoid,random_forest,leaky_model,screening_accuracy,0.97,0.945,0.99,0.012096028302726079,2000,0.95
isotonic,svm,leaky_model,n,200.0,200.0,200.0,0.0,2000,0.95
isotonic,svm,leaky_model,n_positive,128.0,128.0,128.0,0.0,2000,0.95
isotonic,svm,leaky_model,roc_auc,1.0,1.0,1.0,1.9552382176881237e-17,2000,0.95
isotonic,svm,leaky_model,pr_auc,1.0,1.0,1.0,0.0,2000,0.95
isotonic,svm,leaky_model,brier,0.002326458089969031,0.0005540177561115924,0.004568556914734827,0.0010533389462405432,2000,0.95
isotonic,svm,leaky_model,brier_skill_score,0.9899025256511761,0.9801711939464633,0.9975954090446545,0.004571783620835691,2000,0.95
isotonic,svm,leaky_model,calibration_slope,,,,,2000,0.95
isotonic,svm,leaky_model,calibration_intercept,0.04001847165693487,-0.9198506989083842,0.9808746120495306,0.48083150916685047,2000,0.95
isotonic,svm,leaky_model,ece,0.009928554888829742,0.004211103091748057,0.017009354177459548,0.0032638196113875147,2000,0.95
isotonic,svm,leaky_model,threshold,0.5,0.5,0.5,0.0,2000,0.95
isotonic,svm,leaky_model,tp,128.0,128.0,128.0,0.0,2000,0.95
isotonic,svm,leaky_model,fp,0.0,0.0,0.0,0.0,2000,0.95
isotonic,svm,leaky_model,tn,72.0,72.0,72.0,0.0,2000,0.95
isotonic,svm,leaky_model,fn,0.0,0.0,0.0,0.0,2000,0.95
isotonic,svm,leaky_model,sensitivity,1.0,1.0,1.0,0.0,2000,0.95
isotonic,svm,leaky_model,specificity,1.0,1.0,1.0,0.0,2000,0.95
isotonic,svm,leaky_model,precision,1.0,1.0,1.0,0.0,2000,0.95
isotonic,svm,leaky_model,npv,1.0,1.0,1.0,0.0,2000,0.95
isotonic,svm,leaky_model,f1,1.0,1.0,1.0,0.0,2000,0.95
isotonic,svm,leaky_model,balanced_accuracy,1.0,1.0,1.0,0.0,2000,0.95
isotonic,svm,leaky_model,accuracy,1.0,1.0,1.0,0.0,2000,0.95
isotonic,svm,leaky_model,screening_threshold,0.9933803756948953,0.9933803756948953,0.9933803756948953,4.442002738032434e-16,2000,0.95
isotonic,svm,leaky_model,screening_tp,118.0,112.0,124.0,3.041311524308871,2000,0.95
isotonic,svm,leaky_model,screening_fp,0.0,0.0,0.0,0.0,2000,0.95
isotonic,svm,leaky_model,screening_tn,72.0,72.0,72.0,0.0,2000,0.95
isotonic,svm,leaky_model,screening_fn,10.0,4.0,16.0,3.041311524308871,2000,0.95
isotonic,svm,leaky_model,screening_sensitivity,0.921875,0.875,0.96875,0.023760246283663054,2000,0.95
isotonic,svm,leaky_model,screening_specificity,1.0,1.0,1.0,0.0,2000,0.95
isotonic,svm,leaky_model,screening_precision,1.0,1.0,1.0,0.0,2000,0.95
isotonic,svm,leaky_model,screening_npv,0.8780487804878049,0.8181818181818182,0.9473684210526315,0.032469822062292604,2000,0.95
isotonic,svm,leaky_model,screening_f1,0.959349593495935,0.9333333333333333,0.9841269841269841,0.012909114026461128,2000,0.95
isotonic,svm,leaky_model,screening_balanced_accuracy,0.9609375,0.9375,0.984375,0.011880123141831527,2000,0.95
isotonic,svm,leaky_model,screening_accuracy,0.95,0.92,0.98,0.015206557621544336,2000,0.95
none,svm,leaky_model,n,200.0,200.0,200.0,0.0,2000,0.95
none,svm,leaky_model,n_positive,128.0,128.0,128.0,0.0,2000,0.95
none,svm,leaky_model,roc_auc,1.0,0.9999999999999999,1.0,2.639629993418646e-17,2000,0.95
none,svm,leaky_model,pr_auc,1.0,1.0,1.0,0.0,2000,0.95
none,svm,leaky_model,brier,0.0025132490674016107,0.0008464896551023122,0.004729009188732844,0.001000588307676619,2000,0.95
none,svm,leaky_model,brier_skill_score,0.9890918009227361,0.9794747865072359,0.9963259997608407,0.004342831196513105,2000,0.95
none,svm,leaky_model,calibration_slope,,,,,2000,0.95
none,svm,leaky_model,calibration_intercept,-0.014868467036126128,-0.4225782151618732,0.4048707680427244,0.2071944127343278,2000,0.95
none,svm,leaky_model,ece,0.018135091614779268,0.012356963850170006,0.025057415213576725,0.00321757166635651,2000,0.95
none,svm,leaky_model,threshold,0.5,0.5,0.5,0.0,2000,0.95
none,svm,leaky_model,tp,128.0,128.0,128.0,0.0,2000,0.95
none,svm,leaky_model,fp,0.0,0.0,0.0,0.0,2000,0.95
none,svm,leaky_model,tn,72.0,72.0,72.0,0.0,2000,0.95
none,svm,leaky_model,fn,0.0,0.0,0.0,0.0,2000,0.95
none,svm,leaky_model,sensitivity,1.0,1.0,1.0,0.0,2000,0.95
none,svm,leaky_model,specificity,1.0,1.0,1.0,0.0,2000,0.95
none,svm,leaky_model,precision,1.0,1.0,1.0,0.0,2000,0.95
none,svm,leaky_model,npv,1.0,1.0,1.0,0.0,2000,0.95
none,svm,leaky_model,f1,1.0,1.0,1.0,0.0,2000,0.95
none,svm,leaky_model,balanced_accuracy,1.0,1.0,1.0,0.0,2000,0.95
none,svm,leaky_model,accuracy,1.0,1.0,1.0,0.0,2000,0.95
none,svm,leaky_model,screening_threshold,0.962966497696784,0.962966497696784,0.962966497696784,4.442002738032434e-16,2000,0.95
none,svm,leaky_model,screening_tp,118.0,112.0,123.0,2.9803488033273466,2000,0.95
none,svm,leaky_model,screening_fp,0.0,0.0,0.0,0.0,2000,0.95
none,svm,leaky_model,screening_tn,72.0,72.0,72.0,0.0,2000,0.95
none,svm,leaky_model,screening_fn,10.0,5.0,16.0,2.9803488033273466,2000,0.95
none,svm,leaky_model,screening_sensitivity,0.921875,0.875,0.9609375,0.023283975025994896,2000,0.95
none,svm,leaky_model,screening_specificity,1.0,1.0,1.0,0.0,2000,0.95
none,svm,leaky_model,screening_precision,1.0,1.0,1.0,0.0,2000,0.95
none,svm,leaky_model,screening_npv,0.8780487804878049,0.8181818181818182,0.935064935064935,0.03174516816665927,2000,0.95
none,svm,leaky_model,screening_f1,0.959349593495935,0.9333333333333333,0.9800796812749004,0.012658600383005337,2000,0.95
none,svm,leaky_model,screening_balanced_accuracy,0.9609375,0.9375,0.98046875,0.011641987512997448,2000,0.95
none,svm,leaky_model,screening_accuracy,0.95,0.92,0.975,0.014901744016636714,2000,0.95
sigmoid,svm,leaky_model,n,200.0,200.0,200.0,0.0,2000,0.95
sigmoid,svm,leaky_model,n_positive,128.0,128.0,128.0,0.0,2000,0.95
sigmoid,svm,leaky_model,roc_auc,1.0,0.9999999999999999,1.0,2.6744398044635943e-17,2000,0.95
sigmoid,svm,leaky_model,pr_auc,1.0,1.0,1.0,0.0,2000,0.95
sigmoid,svm,leaky_model,brier,0.007691185300450546,0.004792635477050205,0.011393745538189896,0.0016684647113703389,2000,0.95
sigmoid,svm,leaky_model,brier_skill_score,0.9666181193556834,0.9505479794349396,0.9791986307419696,0.007241600309767096,2000,0.95
sigmoid,svm,leaky_model,calibration_slope,,,,,2000,0.95
sigmoid,svm,leaky_model,calibration_intercept,0.0272111654175318,-0.1420929211695572,0.19779212713893363,0.0845647060787387,2000,0.95
sigmoid,svm,leaky_model,ece,0.058821923063219705,0.050784233104981244,0.06832549866030901,0.0044256086103930834,2000,0.95
sigmoid,svm,leaky_model,threshold,0.5,0.5,0.5,0.0,2000,0.95
sigmoid,svm,leaky_model,tp,128.0,128.0,128.0,0.0,2000,0.95
sigmoid,svm,leaky_model,fp,0.0,0.0,0.0,0.0,2000,0.95
sigmoid,svm,leaky_model,tn,72.0,72.0,72.0,0.0,2000,0.95
sigmoid,svm,leaky_model,fn,0.0,0.0,0.0,0.0,2000,0.95
sigmoid,svm,leaky_model,sensitivity,1.0,1.0,1.0,0.0,2000,0.95
sigmoid,svm,leaky_model,specificity,1.0,1.0,1.0,0.0,2000,0.95
sigmoid,svm,leaky_model,precision,1.0,1.0,1.0,0.0,2000,0.95
sigmoid,svm,leaky_model,npv,1.0,1.0,1.0,0.0,2000,0.95
sigmoid,svm,leaky_model,f1,1.0,1.0,1.0,0.0,2000,0.95
sigmoid,svm,leaky_model,balanced_accuracy,1.0,1.0,1.0,0.0,2000,0.95
sigmoid,svm,leaky_model,accuracy,1.0,1.0,1.0,0.0,2000,0.95
sigmoid,svm,leaky_model,screening_threshold,0.8900939399688546,0.8900939399688546,0.8900939399688546,3.3315020535243255e-16,2000,0.95
sigmoid,svm,leaky_model,screening_tp,117.0,110.0,123.0,3.246139200628175,2000,0.95
sigmoid,svm,leaky_model,screening_fp,0.0,0.0,0.0,0.0,2000,0.95
sigmoid,svm,leaky_model,screening_tn,72.0,72.0,72.0,0.0,2000,0.95
sigmoid,svm,leaky_model,screening_fn,11.0,5.0,18.0,3.2461392006281753,2000,0.95
sigmoid,svm,leaky_model,screening_sensitivity,0.9140625,0.859375,0.9609375,0.025360462504907616,2000,0.95
sigmoid,svm,leaky_model,screening_specificity,1.0,1.0,1.0,0.0,2000,0.95
sigmoid,svm,leaky_model,screening_precision,1.0,1.0,1.0,0.0,2000,0.95
sigmoid,svm,leaky_model,screening_npv,0.8674698795180723,0.8,0.935064935064935,0.03371531386084826,2000,0.95
sigmoid,svm,leaky_model,screening_f1,0.9551020408163265,0.9243697478991597,0.9800796812749004,0.013912300081696376,2000,0.95
sigmoid,svm,leaky_model,screening_balanced_accuracy,0.95703125,0.9296875,0.98046875,0.012680231252453808,2000,0.95
sigmoid,svm,leaky_model,screening_accuracy,0.945,0.91,0.975,0.016230696003140848,2000,0.95
isotonic,xgboost,leaky_model,n,200.0,200.0,200.0,0.0,2000,0.95
isotonic,xgboost,leaky_model,n_positive,128.0,128.0,128.0,0.0,2000,0.95
isotonic,xgboost,leaky_model,roc_auc,1.0,0.9999999999999999,1.0,2.077556544603641e-17,2000,0.95
isotonic,xgboost,leaky_model,pr_auc,1.0,1.0,1.0,0.0,2000,0.95
isotonic,xgboost,leaky_model,brier,1.1534869717800011e-05,1.6553099599266357e-06,2.524709549759673e-05,5.867392992203809e-06,2000,0.95
isotonic,xgboost,leaky_model,brier_skill_score,0.9999499354612943,0.9998904205924584,0.9999928154949655,2.546611541755143e-05,2000,0.95
isotonic,xgboost,leaky_model,calibration_slope,,,,,2000,0.95
isotonic,xgboost,leaky_model,calibration_intercept,-0.4552558753559031,-1.0339421002435558,0.31767903685454246,0.34431579423735564,2000,0.95
isotonic,xgboost,leaky_model,ece,0.0006763350628116577,0.0002899361890708836,0.001219991080007617,0.0002358183734222462,2000,0.95
isotonic,xgboost,leaky_model,threshold,0.5,0.5,0.5,0.0,2000,0.95
isotonic,xgboost,leaky_model,tp,128.0,128.0,128.0,0.0,2000,0.95
isotonic,xgboost,leaky_model,fp,0.0,0.0,0.0,0.0,2000,0.95
isotonic,xgboost,leaky_model,tn,72.0,72.0,72.0,0.0,2000,0.95
isotonic,xgboost,leaky_model,fn,0.0,0.0,0.0,0.0,2000,0.95
isotonic,xgboost,leaky_model,sensitivity,1.0,1.0,1.0,0.0,2000,0.95
isotonic,xgboost,leaky_model,specificity,1.0,1.0,1.0,0.0,2000,0.95
isotonic,xgboost,leaky_model,precision,1.0,1.0,1.0,0.0,2000,0.95
isotonic,xgboost,leaky_model,npv,1.0,1.0,1.0,0.0,2000,0.95
isotonic,xgboost,leaky_model,f1,1.0,1.0,1.0,0.0,2000,0.95
isotonic,xgboost,leaky_model,balanced_accuracy,1.0,1.0,1.0,0.0,2000,0.95
isotonic,xgboost,leaky_model,accuracy,1.0,1.0,1.0,0.0,2000,0.95
isotonic,xgboost,leaky_model,screening_threshold,0.9997737312316894,0.9997737312316894,0.9997737312316894,1.1105006845081086e-16,2000,0.95
isotonic,xgboost,leaky_model,screening_tp,115.0,108.0,121.0,3.408829389820566,2000,0.95
isotonic,xgboost,leaky_model,screening_fp,0.0,0.0,0.0,0.0,2000,0.95
isotonic,xgboost,leaky_model,screening_tn,72.0,72.0,72.0,0.0,2000,0.95
isotonic,xgboost,leaky_model,screening_fn,13.0,7.0,20.0,3.408829389820566,2000,0.95
isotonic,xgboost,leaky_model,screening_sensitivity,0.8984375,0.84375,0.9453125,0.02663147960797317,2000,0.95
isotonic,xgboost,leaky_model,screening_specificity,1.0,1.0,1.0,0.0,2000,0.95
isotonic,xgboost,leaky_model,screening_precision,1.0,1.0,1.0,0.0,2000,0.95
isotonic,xgboost,leaky_model,screening_npv,0.8470588235294118,0.782608695652174,0.9113924050632911,0.033922874175244894,2000,0.95
isotonic,xgboost,leaky_model,screening_f1,0.9465020576131687,0.9152542372881356,0.9718875502008032,0.014835595366346464,2000,0.95
isotonic,xgboost,leaky_model,screening_balanced_accuracy,0.94921875,0.921875,0.97265625,0.013315739803986586,2000,0.95
isotonic,xgboost,leaky_model,screening_accuracy,0.935,0.9,0.965,0.017044146949102803,2000,0.95
none,xgboost,leaky_model,n,200.0,200.0,200.0,0.0,2000,0.95
none,xgboost,leaky_model,n_positive,128.0,128.0,128.0,0.0,2000,0.95
none,xgboost,leaky_model,roc_auc,1.0,0.9999999999999999,1.0,2.520127103343963e-17,2000,0.95
none,xgboost,leaky_model,pr_auc,1.0,1.0,1.0,0.0,2000,0.95
none,xgboost,leaky_model,brier,0.0003138085693180922,0.0002490552169243733,0.0003929237973859052,3.727138017247037e-05,2000,0.95
none,xgboost,leaky_model,brier_skill_score,0.9986379836401125,0.9982946015738459,0.9989190311765436,0.00016176814310967934,2000,0.95
none,xgboost,leaky_model,calibration_slope,,,,,2000,0.95
none,xgboost,leaky_model,calibration_intercept,-0.031883809614066456,-0.09732699766975614,0.03654514196520379,0.03476965777773369,2000,0.95
none,xgboost,leaky_model,ece,0.015293425095267633,0.014311332400026772,0.016416576738469284,0.0005373526651553641,2000,0.95
none,xgboost,leaky_model,threshold,0.5,0.5,0.5,0.0,2000,0.95
none,xgboost,leaky_model,tp,128.0,128.0,128.0,0.0,2000,0.95
none,xgboost,leaky_model,fp,0.0,0.0,0.0,0.0,2000,0.95
none,xgboost,leaky_model,tn,72.0,72.0,72.0,0.0,2000,0.95
none,xgboost,leaky_model,fn,0.0,0.0,0.0,0.0,2000,0.95
none,xgboost,leaky_model,sensitivity,1.0,1.0,1.0,0.0,2000,0.95
none,xgboost,leaky_model,specificity,1.0,1.0,1.0,0.0,2000,0.95
none,xgboost,leaky_model,precision,1.0,1.0,1.0,0.0,2000,0.95
none,xgboost,leaky_model,npv,1.0,1.0,1.0,0.0,2000,0.95
none,xgboost,leaky_model,f1,1.0,1.0,1.0,0.0,2000,0.95
none,xgboost,leaky_model,balanced_accuracy,1.0,1.0,1.0,0.0,2000,0.95
none,xgboost,leaky_model,accuracy,1.0,1.0,1.0,0.0,2000,0.95
none,xgboost,leaky_model,screening_threshold,0.9779969644546509,0.9779969644546509,0.9779969644546509,3.3315020535243255e-16,2000,0.95
none,xgboost,leaky_model,screening_tp,121.0,115.0,126.0,2.6590850149174017,2000,0.95
none,xgboost,leaky_model,screening_fp,0.0,0.0,0.0,0.0,2000,0.95
none,xgboost,leaky_model,screening_tn,72.0,72.0,72.0,0.0,2000,0.95
none,xgboost,leaky_model,screening_fn,7.0,2.0,13.0,2.6590850149174017,2000,0.95
none,xgboost,leaky_model,screening_sensitivity,0.9453125,0.8984375,0.984375,0.0207741016790422,2000,0.95
none,xgboost,leaky_model,screening_specificity,1.0,1.0,1.0,0.0,2000,0.95
none,xgboost,leaky_model,screening_precision,1.0,1.0,1.0,0.0,2000,0.95
none,xgboost,leaky_model,screening_npv,0.9113924050632911,0.8470588235294118,0.972972972972973,0.030369749750778104,2000,0.95
none,xgboost,leaky_model,screening_f1,0.9718875502008032,0.9465020576131687,0.9921259842519685,0.011034949271671314,2000,0.95
none,xgboost,leaky_model,screening_balanced_accuracy,0.97265625,0.94921875,0.9921875,0.0103870508395211,2000,0.95
none,xgboost,leaky_model,screening_accuracy,0.965,0.935,0.99,0.013295425074587013,2000,0.95
sigmoid,xgboost,leaky_model,n,200.0,200.0,200.0,0.0,2000,0.95
sigmoid,xgboost,leaky_model,n_positive,128.0,128.0,128.0,0.0,2000,0.95
sigmoid,xgboost,leaky_model,roc_auc,1.0,0.9999999999999999,1.0,2.7651244051247424e-17,2000,0.95
sigmoid,xgboost,leaky_model,pr_auc,1.0,1.0,1.0,0.0,2000,0.95
sigmoid,xgboost,leaky_model,brier,0.002210853630489705,0.0021573001215614545,0.0022794301974067522,3.205940569857905e-05,2000,0.95
sigmoid,xgboost,leaky_model,brier_skill_score,0.9904042811176662,0.9901066397681998,0.9906367182223894,0.00013914672612230566,2000,0.95
sigmoid,xgboost,leaky_model,calibration_slope,,,,,2000,0.95
sigmoid,xgboost,leaky_model,calibration_intercept,0.025174573909118966,0.013210544969699619,0.03551582912951318,0.005680541789740142,2000,0.95
sigmoid,xgboost,leaky_model,ece,0.04531204972960047,0.04488823054292313,0.045834292041768816,0.00024284347527629422,2000,0.95
sigmoid,xgboost,leaky_model,threshold,0.5,0.5,0.5,0.0,2000,0.95
sigmoid,xgboost,leaky_model,tp,128.0,128.0,128.0,0.0,2000,0.95
sigmoid,xgboost,leaky_model,fp,0.0,0.0,0.0,0.0,2000,0.95
sigmoid,xgboost,leaky_model,tn,72.0,72.0,72.0,0.0,2000,0.95
sigmoid,xgboost,leaky_model,fn,0.0,0.0,0.0,0.0,2000,0.95
sigmoid,xgboost,leaky_model,sensitivity,1.0,1.0,1.0,0.0,2000,0.95
sigmoid,xgboost,leaky_model,specificity,1.0,1.0,1.0,0.0,2000,0.95
sigmoid,xgboost,leaky_model,precision,1.0,1.0,1.0,0.0,2000,0.95
sigmoid,xgboost,leaky_model,npv,1.0,1.0,1.0,0.0,2000,0.95
sigmoid,xgboost,leaky_model,f1,1.0,1.0,1.0,0.0,2000,0.95
sigmoid,xgboost,leaky_model,balanced_accuracy,1.0,1.0,1.0,0.0,2000,0.95
sigmoid,xgboost,leaky_model,accuracy,1.0,1.0,1.0,0.0,2000,0.95
sigmoid,xgboost,leaky_model,screening_threshold,0.9508390459342939,0.9508390459342939,0.9508390459342939,3.3315020535243255e-16,2000,0.95
sigmoid,xgboost,leaky_model,screening_tp,128.0,128.0,128.0,0.0,2000,0.95
sigmoid,xgboost,leaky_model,screening_fp,0.0,0.0,0.0,0.0,2000,0.95
sigmoid,xgboost,leaky_model,screening_tn,72.0,72.0,72.0,0.0,2000,0.95
sigmoid,xgboost,leaky_model,screening_fn,0.0,0.0,0.0,0.0,2000,0.95
sigmoid,xgboost,leaky_model,screening_sensitivity,1.0,1.0,1.0,0.0,2000,0.95
sigmoid,xgboost,leaky_model,screening_specificity,1.0,1.0,1.0,0.0,2000,0.95
sigmoid,xgboost,leaky_model,screening_precision,1.0,1.0,1.0,0.0,2000,0.95
sigmoid,xgboost,leaky_model,screening_npv,1.0,1.0,1.0,0.0,2000,0.95
sigmoid,xgboost,leaky_model,screening_f1,1.0,1.0,1.0,0.0,2000,0.95
sigmoid,xgboost,leaky_model,screening_balanced_accuracy,1.0,1.0,1.0,0.0,2000,0.95
sigmoid,xgboost,leaky_model,screening_accuracy,1.0,1.0,1.0,0.0,2000,0.95
isotonic,dummy,low_cost_model,n,200.0,200.0,200.0,0.0,2000,0.95
isotonic,dummy,low_cost_model,n_positive,128.0,128.0,128.0,0.0,2000,0.95
isotonic,dummy,low_cost_model,roc_auc,0.47227647569444453,0.3920884874131944,0.5525865342881944,0.041175205335337126,2000,0.95
isotonic,dummy,low_cost_model,pr_auc,0.6255828458454166,0.5888386908480207,0.6750149038783717,0.02227496404349765,2000,0.95
isotonic,dummy,low_cost_model,brier,0.230477109375,0.2302838916015625,0.23066866640625,9.789565887840969e-05,2000,0.95
isotonic,dummy,low_cost_model,brier_skill_score,-0.00033467610677084814,-0.0011660868326823337,0.0005039427015515929,0.00042489435277087424,2000,0.95
isotonic,dummy,low_cost_model,calibration_slope,-17.740318734697006,-23.94508061039194,20.895138548214078,12.697952490249953,2000,0.95
isotonic,dummy,low_cost_model,calibration_intercept,3.854976351088828e-17,-0.0008681695052028691,0.0008408378212580718,0.0004439427554247876,2000,0.95
isotonic,dummy,low_cost_model,ece,0.0,6.093749999880602e-06,0.00023749999999989334,6.201287082278728e-05,2000,0.95
isotonic,dummy,low_cost_model,threshold,0.5,0.5,0.5,0.0,2000,0.95
isotonic,dummy,low_cost_model,tp,128.0,128.0,128.0,0.0,2000,0.95
isotonic,dummy,low_cost_model,fp,72.0,72.0,72.0,0.0,2000,0.95
isotonic,dummy,low_cost_model,tn,0.0,0.0,0.0,0.0,2000,0.95
isotonic,dummy,low_cost_model,fn,0.0,0.0,0.0,0.0,2000,0.95
isotonic,dummy,low_cost_model,sensitivity,1.0,1.0,1.0,0.0,2000,0.95
isotonic,dummy,low_cost_model,specificity,0.0,0.0,0.0,0.0,2000,0.95
isotonic,dummy,low_cost_model,precision,0.64,0.64,0.64,0.0,2000,0.95
isotonic,dummy,low_cost_model,npv,,,,,2000,0.95
isotonic,dummy,low_cost_model,f1,0.7804878048780487,0.7804878048780487,0.7804878048780487,2.221001369016217e-16,2000,0.95
isotonic,dummy,low_cost_model,balanced_accuracy,0.5,0.5,0.5,0.0,2000,0.95
isotonic,dummy,low_cost_model,accuracy,0.64,0.64,0.64,0.0,2000,0.95
isotonic,dummy,low_cost_model,screening_threshold,0.6366666666666666,0.6366666666666666,0.6366666666666666,0.0,2000,0.95
isotonic,dummy,low_cost_model,screening_tp,128.0,128.0,128.0,0.0,2000,0.95
isotonic,dummy,low_cost_model,screening_fp,72.0,72.0,72.0,0.0,2000,0.95
isotonic,dummy,low_cost_model,screening_tn,0.0,0.0,0.0,0.0,2000,0.95
isotonic,dummy,low_cost_model,screening_fn,0.0,0.0,0.0,0.0,2000,0.95
isotonic,dummy,low_cost_model,screening_sensitivity,1.0,1.0,1.0,0.0,2000,0.95
isotonic,dummy,low_cost_model,screening_specificity,0.0,0.0,0.0,0.0,2000,0.95
isotonic,dummy,low_cost_model,screening_precision,0.64,0.64,0.64,0.0,2000,0.95
isotonic,dummy,low_cost_model,screening_npv,,,,,2000,0.95
isotonic,dummy,low_cost_model,screening_f1,0.7804878048780487,0.7804878048780487,0.7804878048780487,2.221001369016217e-16,2000,0.95
isotonic,dummy,low_cost_model,screening_balanced_accuracy,0.5,0.5,0.5,0.0,2000,0.95
isotonic,dummy,low_cost_model,screening_accuracy,0.64,0.64,0.64,0.0,2000,0.95
none,dummy,low_cost_model,n,200.0,200.0,200.0,0.0,2000,0.95
none,dummy,low_cost_model,n_positive,128.0,128.0,128.0,0.0,2000,0.95
none,dummy,low_cost_model,roc_auc,0.47227647569444453,0.3902913411458333,0.5562798394097221,0.041211888334431165,2000,0.95
none,dummy,low_cost_model,pr_auc,0.6255828458454166,0.5890662125057472,0.6762186892511729,0.021931611344832597,2000,0.95
none,dummy,low_cost_model,brier,0.230477109375,0.230279939453125,0.23066565,9.734279321950716e-05,2000,0.95
none,dummy,low_cost_model,brier_skill_score,-0.00033467610677084814,-0.0011529947916668055,0.0005210961235893339,0.0004224947622374452,2000,0.95
none,dummy,low_cost_model,calibration_slope,-17.740318734697006,-23.919437708845468,20.33924634775217,12.515766051972747,2000,0.95
none,dummy,low_cost_model,calibration_intercept,3.854976351088828e-17,-0.0008688495844244159,0.000867957571287711,0.0004416280403523978,2000,0.95
none,dummy,low_cost_model,ece,0.0,1.1102230246251565e-16,0.00023124999999990514,6.196428108043709e-05,2000,0.95
none,dummy,low_cost_model,threshold,0.5,0.5,0.5,0.0,2000,0.95
none,dummy,low_cost_model,tp,128.0,128.0,128.0,0.0,2000,0.95
none,dummy,low_cost_model,fp,72.0,72.0,72.0,0.0,2000,0.95
none,dummy,low_cost_model,tn,0.0,0.0,0.0,0.0,2000,0.95
none,dummy,low_cost_model,fn,0.0,0.0,0.0,0.0,2000,0.95
none,dummy,low_cost_model,sensitivity,1.0,1.0,1.0,0.0,2000,0.95
none,dummy,low_cost_model,specificity,0.0,0.0,0.0,0.0,2000,0.95
none,dummy,low_cost_model,precision,0.64,0.64,0.64,0.0,2000,0.95
none,dummy,low_cost_model,npv,,,,,2000,0.95
none,dummy,low_cost_model,f1,0.7804878048780487,0.7804878048780487,0.7804878048780487,2.221001369016217e-16,2000,0.95
none,dummy,low_cost_model,balanced_accuracy,0.5,0.5,0.5,0.0,2000,0.95
none,dummy,low_cost_model,accuracy,0.64,0.64,0.64,0.0,2000,0.95
none,dummy,low_cost_model,screening_threshold,0.6366666666666667,0.6366666666666667,0.6366666666666667,0.0,2000,0.95
none,dummy,low_cost_model,screening_tp,128.0,128.0,128.0,0.0,2000,0.95
none,dummy,low_cost_model,screening_fp,72.0,72.0,72.0,0.0,2000,0.95
none,dummy,low_cost_model,screening_tn,0.0,0.0,0.0,0.0,2000,0.95
none,dummy,low_cost_model,screening_fn,0.0,0.0,0.0,0.0,2000,0.95
none,dummy,low_cost_model,screening_sensitivity,1.0,1.0,1.0,0.0,2000,0.95
none,dummy,low_cost_model,screening_specificity,0.0,0.0,0.0,0.0,2000,0.95
none,dummy,low_cost_model,screening_precision,0.64,0.64,0.64,0.0,2000,0.95
none,dummy,low_cost_model,screening_npv,,,,,2000,0.95
none,dummy,low_cost_model,screening_f1,0.7804878048780487,0.7804878048780487,0.7804878048780487,2.221001369016217e-16,2000,0.95
none,dummy,low_cost_model,screening_balanced_accuracy,0.5,0.5,0.5,0.0,2000,0.95
none,dummy,low_cost_model,screening_accuracy,0.64,0.64,0.64,0.0,2000,0.95
sigmoid,dummy,low_cost_model,n,200.0,200.0,200.0,0.0,2000,0.95
sigmoid,dummy,low_cost_model,n_positive,128.0,128.0,128.0,0.0,2000,0.95
sigmoid,dummy,low_cost_model,roc_auc,0.47227647569444453,0.39078233506944443,0.5589219835069444,0.04164795323761247,2000,0.95
sigmoid,dummy,low_cost_model,pr_auc,0.6255828458454166,0.5889881291388683,0.6770372774544833,0.022673018802652604,2000,0.95
sigmoid,dummy,low_cost_model,brier,0.23047785338932422,0.23028007263664266,0.2306728593810759,9.857695226677978e-05,2000,0.95
sigmoid,dummy,low_cost_model,brier_skill_score,-0.0003379053356087347,-0.001184285508142024,0.0005205180701273347,0.0004278513553245647,2000,0.95
sigmoid,dummy,low_cost_model,calibration_slope,-17.946360052737102,-24.067556922157213,22.235855096667322,12.889450973887785,2000,0.95
sigmoid,dummy,low_cost_model,calibration_intercept,0.005374925379678826,0.004463085927848654,0.006206115542245982,0.00044202805628526775,2000,0.95
sigmoid,dummy,low_cost_model,ece,0.0012393012896696476,0.001028925959015936,0.0014311140911481557,0.0001019941901616098,2000,0.95
sigmoid,dummy,low_cost_model,threshold,0.5,0.5,0.5,0.0,2000,0.95
sigmoid,dummy,low_cost_model,tp,128.0,128.0,128.0,0.0,2000,0.95
sigmoid,dummy,low_cost_model,fp,72.0,72.0,72.0,0.0,2000,0.95
sigmoid,dummy,low_cost_model,tn,0.0,0.0,0.0,0.0,2000,0.95
sigmoid,dummy,low_cost_model,fn,0.0,0.0,0.0,0.0,2000,0.95
sigmoid,dummy,low_cost_model,sensitivity,1.0,1.0,1.0,0.0,2000,0.95
sigmoid,dummy,low_cost_model,specificity,0.0,0.0,0.0,0.0,2000,0.95
sigmoid,dummy,low_cost_model,precision,0.64,0.64,0.64,0.0,2000,0.95
sigmoid,dummy,low_cost_model,npv,,,,,2000,0.95
sigmoid,dummy,low_cost_model,f1,0.7804878048780487,0.7804878048780487,0.7804878048780487,2.221001369016217e-16,2000,0.95
sigmoid,dummy,low_cost_model,balanced_accuracy,0.5,0.5,0.5,0.0,2000,0.95
sigmoid,dummy,low_cost_model,accuracy,0.64,0.64,0.64,0.0,2000,0.95
sigmoid,dummy,low_cost_model,screening_threshold,0.6346558996314265,0.6346558996314265,0.6346558996314265,1.1105006845081086e-16,2000,0.95
sigmoid,dummy,low_cost_model,screening_tp,128.0,128.0,128.0,0.0,2000,0.95
sigmoid,dummy,low_cost_model,screening_fp,72.0,72.0,72.0,0.0,2000,0.95
sigmoid,dummy,low_cost_model,screening_tn,0.0,0.0,0.0,0.0,2000,0.95
sigmoid,dummy,low_cost_model,screening_fn,0.0,0.0,0.0,0.0,2000,0.95
sigmoid,dummy,low_cost_model,screening_sensitivity,1.0,1.0,1.0,0.0,2000,0.95
sigmoid,dummy,low_cost_model,screening_specificity,0.0,0.0,0.0,0.0,2000,0.95
sigmoid,dummy,low_cost_model,screening_precision,0.64,0.64,0.64,0.0,2000,0.95
sigmoid,dummy,low_cost_model,screening_npv,,,,,2000,0.95
sigmoid,dummy,low_cost_model,screening_f1,0.7804878048780487,0.7804878048780487,0.7804878048780487,2.221001369016217e-16,2000,0.95
sigmoid,dummy,low_cost_model,screening_balanced_accuracy,0.5,0.5,0.5,0.0,2000,0.95
sigmoid,dummy,low_cost_model,screening_accuracy,0.64,0.64,0.64,0.0,2000,0.95
isotonic,ebm,low_cost_model,n,200.0,200.0,200.0,0.0,2000,0.95
isotonic,ebm,low_cost_model,n_positive,128.0,128.0,128.0,0.0,2000,0.95
isotonic,ebm,low_cost_model,roc_auc,0.9866536458333334,0.9693983289930557,0.998263888888889,0.00745241627167164,2000,0.95
isotonic,ebm,low_cost_model,pr_auc,0.9941236825017332,0.9869232248513724,0.9990998920442167,0.0030879861423371976,2000,0.95
isotonic,ebm,low_cost_model,brier,0.02758784089029255,0.012271524536374348,0.046983940060579994,0.008757819788746167,2000,0.95
isotonic,ebm,low_cost_model,brier_skill_score,0.8802611072469941,0.7960766490426214,0.9467381747553196,0.03801137061087746,2000,0.95
isotonic,ebm,low_cost_model,calibration_slope,1.0085800384006167,0.6560800129055774,1.9654864634683633,0.352360761329105,2000,0.95
isotonic,ebm,low_cost_model,calibration_intercept,0.13090353514976238,-0.5308031474734557,0.7107731368346917,0.31499232620879036,2000,0.95
isotonic,ebm,low_cost_model,ece,0.030542448044301652,0.01906601384343493,0.054694122747540444,0.009486299178853108,2000,0.95
isotonic,ebm,low_cost_model,threshold,0.5,0.5,0.5,0.0,2000,0.95
isotonic,ebm,low_cost_model,tp,123.0,118.0,127.0,2.1125518781130226,2000,0.95
isotonic,ebm,low_cost_model,fp,1.0,0.0,3.0,1.0038045436143883,2000,0.95
isotonic,ebm,low_cost_model,tn,71.0,69.0,72.0,1.0038045436143883,2000,0.95
isotonic,ebm,low_cost_model,fn,5.0,1.0,10.0,2.1125518781130226,2000,0.95
isotonic,ebm,low_cost_model,sensitivity,0.9609375,0.921875,0.9921875,0.01650431154775799,2000,0.95
isotonic,ebm,low_cost_model,specificity,0.9861111111111112,0.9583333333333334,1.0,0.013941729772422059,2000,0.95
isotonic,ebm,low_cost_model,precision,0.9919354838709677,0.975609756097561,1.0,0.007963018902313605,2000,0.95
isotonic,ebm,low_cost_model,npv,0.9342105263157895,0.8780487804878049,0.9861111111111112,0.025748314618395392,2000,0.95
isotonic,ebm,low_cost_model,f1,0.9761904761904763,0.9554655870445343,0.9921875,0.00941808916727462,2000,0.95
isotonic,ebm,low_cost_model,balanced_accuracy,0.9735243055555556,0.9509548611111112,0.9921875,0.010757580718875871,2000,0.95
isotonic,ebm,low_cost_model,accuracy,0.97,0.945,0.99,0.011656443715389578,2000,0.95
isotonic,ebm,low_cost_model,screening_threshold,0.8489635470263831,0.8489635470263831,0.8489635470263831,2.221001369016217e-16,2000,0.95
isotonic,ebm,low_cost_model,screening_tp,118.0,112.0,123.0,2.9902693198611145,2000,0.95
isotonic,ebm,low_cost_model,screening_fp,0.0,0.0,0.0,0.0,2000,0.95
isotonic,ebm,low_cost_model,screening_tn,72.0,72.0,72.0,0.0,2000,0.95
isotonic,ebm,low_cost_model,screening_fn,10.0,5.0,16.0,2.990269319861114,2000,0.95
isotonic,ebm,low_cost_model,screening_sensitivity,0.921875,0.875,0.9609375,0.023361479061414957,2000,0.95
isotonic,ebm,low_cost_model,screening_specificity,1.0,1.0,1.0,0.0,2000,0.95
isotonic,ebm,low_cost_model,screening_precision,1.0,1.0,1.0,0.0,2000,0.95
isotonic,ebm,low_cost_model,screening_npv,0.8780487804878049,0.8181818181818182,0.935064935064935,0.031916837339140885,2000,0.95
isotonic,ebm,low_cost_model,screening_f1,0.959349593495935,0.9333333333333333,0.9800796812749004,0.012691855234054084,2000,0.95
isotonic,ebm,low_cost_model,screening_balanced_accuracy,0.9609375,0.9375,0.98046875,0.011680739530707477,2000,0.95
isotonic,ebm,low_cost_model,screening_accuracy,0.95,0.92,0.975,0.014951346599305554,2000,0.95
none,ebm,low_cost_model,n,200.0,200.0,200.0,0.0,2000,0.95
none,ebm,low_cost_model,n_positive,128.0,128.0,128.0,0.0,2000,0.95
none,ebm,low_cost_model,roc_auc,0.9875217013888888,0.9734130859375001,0.9982638888888888,0.006423702771110918,2000,0.95
none,ebm,low_cost_model,pr_auc,0.9942100789481751,0.9879631386810586,0.9991148785196893,0.0028737089577530696,2000,0.95
none,ebm,low_cost_model,brier,0.026958400650449344,0.009438185788459024,0.04691482556945815,0.009698174459035465,2000,0.95
none,ebm,low_cost_model,brier_skill_score,0.8829930527324247,0.7963766251325599,0.9590356519598132,0.04209277108956365,2000,0.95
none,ebm,low_cost_model,calibration_slope,0.8127601064501371,0.6065575700215522,1.6163179375177374,0.29964544922939446,2000,0.95
none,ebm,low_cost_model,calibration_intercept,0.5911403875104029,-0.3302805911206276,1.4232404386106365,0.4431153662035665,2000,0.95
none,ebm,low_cost_model,ece,0.033582772132902526,0.018195373398915846,0.056527306852042804,0.010011126172955409,2000,0.95
none,ebm,low_cost_model,threshold,0.5,0.5,0.5,0.0,2000,0.95
none,ebm,low_cost_model,tp,123.0,118.0,127.0,2.167775270827769,2000,0.95
none,ebm,low_cost_model,fp,0.0,0.0,0.0,0.0,2000,0.95
none,ebm,low_cost_model,tn,72.0,72.0,72.0,0.0,2000,0.95
none,ebm,low_cost_model,fn,5.0,1.0,10.0,2.167775270827769,2000,0.95
none,ebm,low_cost_model,sensitivity,0.9609375,0.921875,0.9921875,0.016935744303341944,2000,0.95
none,ebm,low_cost_model,specificity,1.0,1.0,1.0,0.0,2000,0.95
none,ebm,low_cost_model,precision,1.0,1.0,1.0,0.0,2000,0.95
none,ebm,low_cost_model,npv,0.935064935064935,0.8780487804878049,0.9863013698630136,0.026183992250282707,2000,0.95
none,ebm,low_cost_model,f1,0.9800796812749004,0.959349593495935,0.996078431372549,0.008833970840102772,2000,0.95
none,ebm,low_cost_model,balanced_accuracy,0.98046875,0.9609375,0.99609375,0.008467872151670974,2000,0.95
none,ebm,low_cost_model,accuracy,0.975,0.95,0.995,0.010838876354138853,2000,0.95
none,ebm,low_cost_model,screening_threshold,0.9544334188277338,0.9544334188277338,0.9544334188277338,2.221001369016217e-16,2000,0.95
none,ebm,low_cost_model,screening_tp,115.0,108.0,121.0,3.3670587375736614,2000,0.95
none,ebm,low_cost_model,screening_fp,0.0,0.0,0.0,0.0,2000,0.95
none,ebm,low_cost_model,screening_tn,72.0,72.0,72.0,0.0,2000,0.95
none,ebm,low_cost_model,screening_fn,13.0,7.0,20.0,3.3670587375736614,2000,0.95
none,ebm,low_cost_model,screening_sensitivity,0.8984375,0.84375,0.9453125,0.02630514638729423,2000,0.95
none,ebm,low_cost_model,screening_specificity,1.0,1.0,1.0,0.0,2000,0.95
none,ebm,low_cost_model,screening_precision,1.0,1.0,1.0,0.0,2000,0.95
none,ebm,low_cost_model,screening_npv,0.8470588235294118,0.782608695652174,0.9113924050632911,0.033670726285648135,2000,0.95
none,ebm,low_cost_model,screening_f1,0.9465020576131687,0.9152542372881356,0.9718875502008032,0.014620434693855792,2000,0.95
none,ebm,low_cost_model,screening_balanced_accuracy,0.94921875,0.921875,0.97265625,0.013152573193647115,2000,0.95
none,ebm,low_cost_model,screening_accuracy,0.935,0.9,0.965,0.016835293687868277,2000,0.95
sigmoid,ebm,low_cost_model,n,200.0,200.0,200.0,0.0,2000,0.95
sigmoid,ebm,low_cost_model,n_positive,128.0,128.0,128.0,0.0,2000,0.95
sigmoid,ebm,low_cost_model,roc_auc,0.9880642361111112,0.9741726345486111,0.9977213541666666,0.006056610028077845,2000,0.95
sigmoid,ebm,low_cost_model,pr_auc,0.9943782287864182,0.9879135690025981,0.9988115357382771,0.0027498904691953836,2000,0.95
sigmoid,ebm,low_cost_model,brier,0.04356734112725711,0.03129714985646605,0.0589102339187782,0.006953292639985761,2000,0.95
sigmoid,ebm,low_cost_model,brier_skill_score,0.8109056374685021,0.7443132208386363,0.8641616759701994,0.03017922152771598,2000,0.95
sigmoid,ebm,low_cost_model,calibration_slope,3.1691805422427746,2.391314252098901,5.131042999532108,0.7049880190465996,2000,0.95
sigmoid,ebm,low_cost_model,calibration_intercept,0.06575834152885521,-0.1439302242047617,0.2655126192442204,0.10709522547740367,2000,0.95
sigmoid,ebm,low_cost_model,ece,0.09983952951973665,0.0793771798438344,0.12082953890425463,0.010908460703537626,2000,0.95
sigmoid,ebm,low_cost_model,threshold,0.5,0.5,0.5,0.0,2000,0.95
sigmoid,ebm,low_cost_model,tp,122.0,117.0,126.0,2.3136063055473666,2000,0.95
sigmoid,ebm,low_cost_model,fp,0.0,0.0,0.0,0.0,2000,0.95
sigmoid,ebm,low_cost_model,tn,72.0,72.0,72.0,0.0,2000,0.95
sigmoid,ebm,low_cost_model,fn,6.0,2.0,11.0,2.3136063055473666,2000,0.95
sigmoid,ebm,low_cost_model,sensitivity,0.953125,0.9140625,0.984375,0.0180750492620888,2000,0.95
sigmoid,ebm,low_cost_model,specificity,1.0,1.0,1.0,0.0,2000,0.95
sigmoid,ebm,low_cost_model,precision,1.0,1.0,1.0,0.0,2000,0.95
sigmoid,ebm,low_cost_model,npv,0.9230769230769231,0.8674698795180723,0.972972972972973,0.02706116722117855,2000,0.95
sigmoid,ebm,low_cost_model,f1,0.976,0.9551020408163265,0.9921259842519685,0.009525029722882664,2000,0.95
sigmoid,ebm,low_cost_model,balanced_accuracy,0.9765625,0.95703125,0.9921875,0.0090375246310444,2000,0.95
sigmoid,ebm,low_cost_model,accuracy,0.97,0.945,0.99,0.01156803152773684,2000,0.95
sigmoid,ebm,low_cost_model,screening_threshold,0.6031917737291111,0.6031917737291111,0.6031917737291111,0.0,2000,0.95
sigmoid,ebm,low_cost_model,screening_tp,117.0,111.0,123.0,3.0358286970675685,2000,0.95
sigmoid,ebm,low_cost_model,screening_fp,0.0,0.0,0.0,0.0,2000,0.95
sigmoid,ebm,low_cost_model,screening_tn,72.0,72.0,72.0,0.0,2000,0.95
sigmoid,ebm,low_cost_model,screening_fn,11.0,5.0,17.0,3.0358286970675685,2000,0.95
sigmoid,ebm,low_cost_model,screening_sensitivity,0.9140625,0.8671875,0.9609375,0.02371741169584038,2000,0.95
sigmoid,ebm,low_cost_model,screening_specificity,1.0,1.0,1.0,0.0,2000,0.95
sigmoid,ebm,low_cost_model,screening_precision,1.0,1.0,1.0,0.0,2000,0.95
sigmoid,ebm,low_cost_model,screening_npv,0.8674698795180723,0.8089887640449438,0.935064935064935,0.031565873244427,2000,0.95
sigmoid,ebm,low_cost_model,screening_f1,0.9551020408163265,0.9288702928870293,0.9800796812749004,0.012998297839373448,2000,0.95
sigmoid,ebm,low_cost_model,screening_balanced_accuracy,0.95703125,0.93359375,0.98046875,0.01185870584792019,2000,0.95
sigmoid,ebm,low_cost_model,screening_accuracy,0.945,0.915,0.975,0.015179143485337814,2000,0.95
isotonic,logreg,low_cost_model,n,200.0,200.0,200.0,0.0,2000,0.95
isotonic,logreg,low_cost_model,n_positive,128.0,128.0,128.0,0.0,2000,0.95
isotonic,logreg,low_cost_model,roc_auc,0.9837239583333333,0.9672309027777778,0.9963107638888888,0.0075809712912819115,2000,0.95
isotonic,logreg,low_cost_model,pr_auc,0.9925085766328406,0.9850352196519749,0.9982996542732261,0.0034375269821656793,2000,0.95
isotonic,logreg,low_cost_model,brier,0.02791771612809397,0.010734032342317276,0.04966893666412462,0.010301075743928871,2000,0.95
isotonic,logreg,low_cost_model,brier_skill_score,0.8788293570829254,0.7844230179508479,0.9534113179586924,0.04470953013858017,2000,0.95
isotonic,logreg,low_cost_model,calibration_slope,0.9574299504647075,0.7082631366926441,1.758055716906962,0.3254067474100325,2000,0.95
isotonic,logreg,low_cost_model,calibration_intercept,0.3467161369159479,-0.5861162732452746,1.0179284136591042,0.4164113619958059,2000,0.95
isotonic,logreg,low_cost_model,ece,0.02158982298319461,0.008425886985793373,0.04715114671140464,0.01000581462132821,2000,0.95
isotonic,logreg,low_cost_model,threshold,0.5,0.5,0.5,0.0,2000,0.95
isotonic,logreg,low_cost_model,tp,122.0,117.0,126.0,2.438185262379962,2000,0.95
isotonic,logreg,low_cost_model,fp,0.0,0.0,0.0,0.0,2000,0.95
isotonic,logreg,low_cost_model,tn,72.0,72.0,72.0,0.0,2000,0.95
isotonic,logreg,low_cost_model,fn,6.0,2.0,11.0,2.4381852623799616,2000,0.95
isotonic,logreg,low_cost_model,sensitivity,0.953125,0.9140625,0.984375,0.019048322362343453,2000,0.95
isotonic,logreg,low_cost_model,specificity,1.0,1.0,1.0,0.0,2000,0.95
isotonic,logreg,low_cost_model,precision,1.0,1.0,1.0,0.0,2000,0.95
isotonic,logreg,low_cost_model,npv,0.9230769230769231,0.8674698795180723,0.972972972972973,0.028600836332073776,2000,0.95
isotonic,logreg,low_cost_model,f1,0.976,0.9551020408163265,0.9921259842519685,0.010030288546314587,2000,0.95
isotonic,logreg,low_cost_model,balanced_accuracy,0.9765625,0.95703125,0.9921875,0.009524161181171727,2000,0.95
isotonic,logreg,low_cost_model,accuracy,0.97,0.945,0.99,0.012190926311899816,2000,0.95
isotonic,logreg,low_cost_model,screening_threshold,0.9300888453904702,0.9300888453904702,0.9300888453904702,1.1105006845081086e-16,2000,0.95
isotonic,logreg,low_cost_model,screening_tp,120.0,114.0,125.0,2.7805153538177785,2000,0.95
isotonic,logreg,low_cost_model,screening_fp,0.0,0.0,0.0,0.0,2000,0.95
isotonic,logreg,low_cost_model,screening_tn,72.0,72.0,72.0,0.0,2000,0.95
isotonic,logreg,low_cost_model,screening_fn,8.0,3.0,14.0,2.780515353817779,2000,0.95
isotonic,logreg,low_cost_model,screening_sensitivity,0.9375,0.890625,0.9765625,0.021722776201701394,2000,0.95
isotonic,logreg,low_cost_model,screening_specificity,1.0,1.0,1.0,0.0,2000,0.95
isotonic,logreg,low_cost_model,screening_precision,1.0,1.0,1.0,0.0,2000,0.95
isotonic,logreg,low_cost_model,screening_npv,0.9,0.8372093023255814,0.96,0.031095535397756842,2000,0.95
isotonic,logreg,low_cost_model,screening_f1,0.967741935483871,0.9421487603305785,0.9881422924901185,0.011620393115012572,2000,0.95
isotonic,logreg,low_cost_model,screening_balanced_accuracy,0.96875,0.9453125,0.98828125,0.010861388100850697,2000,0.95
isotonic,logreg,low_cost_model,screening_accuracy,0.96,0.93,0.985,0.013902576769088893,2000,0.95
none,logreg,low_cost_model,n,200.0,200.0,200.0,0.0,2000,0.95
none,logreg,low_cost_model,n_positive,128.0,128.0,128.0,0.0,2000,0.95
none,logreg,low_cost_model,roc_auc,0.9888237847222222,0.9736328125,0.9989176432291667,0.006481647370340914,2000,0.95
none,logreg,low_cost_model,pr_auc,0.9949290458527814,0.988488727885631,0.9994345077232596,0.00280765650555269,2000,0.95
none,logreg,low_cost_model,brier,0.04123905554748629,0.025199550548294276,0.059693276726869096,0.009050276397877534,2000,0.95
none,logreg,low_cost_model,brier_skill_score,0.8210110436307019,0.7409145975396306,0.8906269507452506,0.03928071353245458,2000,0.95
none,logreg,low_cost_model,calibration_slope,3.2563316723047744,2.266985197453256,10.746763824901917,2.290452013605669,2000,0.95
none,logreg,low_cost_model,calibration_intercept,0.4846445933407701,0.2458233384030327,0.7126031906731548,0.11906155466474744,2000,0.95
none,logreg,low_cost_model,ece,0.07312973313175251,0.055828978398241046,0.09955859285410595,0.011167434067490841,2000,0.95
none,logreg,low_cost_model,threshold,0.5,0.5,0.5,0.0,2000,0.95
none,logreg,low_cost_model,tp,120.0,114.0,125.0,2.854589653706032,2000,0.95
none,logreg,low_cost_model,fp,0.0,0.0,0.0,0.0,2000,0.95
none,logreg,low_cost_model,tn,72.0,72.0,72.0,0.0,2000,0.95
none,logreg,low_cost_model,fn,8.0,3.0,14.0,2.854589653706032,2000,0.95
none,logreg,low_cost_model,sensitivity,0.9375,0.890625,0.9765625,0.022301481669578373,2000,0.95
none,logreg,low_cost_model,specificity,1.0,1.0,1.0,0.0,2000,0.95
none,logreg,low_cost_model,precision,1.0,1.0,1.0,0.0,2000,0.95
none,logreg,low_cost_model,npv,0.9,0.8372093023255814,0.96,0.03190906879737562,2000,0.95
none,logreg,low_cost_model,f1,0.967741935483871,0.9421487603305785,0.9881422924901185,0.011931096992080607,2000,0.95
none,logreg,low_cost_model,balanced_accuracy,0.96875,0.9453125,0.98828125,0.011150740834789187,2000,0.95
none,logreg,low_cost_model,accuracy,0.96,0.93,0.985,0.014272948268530157,2000,0.95
none,logreg,low_cost_model,screening_threshold,0.6004031240292413,0.6004031240292413,0.6004031240292413,0.0,2000,0.95
none,logreg,low_cost_model,screening_tp,117.0,110.0,123.0,3.2020497437236415,2000,0.95
none,logreg,low_cost_model,screening_fp,0.0,0.0,0.0,0.0,2000,0.95
none,logreg,low_cost_model,screening_tn,72.0,72.0,72.0,0.0,2000,0.95
none,logreg,low_cost_model,screening_fn,11.0,5.0,18.0,3.2020497437236415,2000,0.95
none,logreg,low_cost_model,screening_sensitivity,0.9140625,0.859375,0.9609375,0.02501601362284095,2000,0.95
none,logreg,low_cost_model,screening_specificity,1.0,1.0,1.0,0.0,2000,0.95
none,logreg,low_cost_model,screening_precision,1.0,1.0,1.0,0.0,2000,0.95
none,logreg,low_cost_model,screening_npv,0.8674698795180723,0.8,0.935064935064935,0.0333167470711855,2000,0.95
none,logreg,low_cost_model,screening_f1,0.9551020408163265,0.9243697478991597,0.9800796812749004,0.013710511985811401,2000,0.95
none,logreg,low_cost_model,screening_balanced_accuracy,0.95703125,0.9296875,0.98046875,0.012508006811420475,2000,0.95
none,logreg,low_cost_model,screening_accuracy,0.945,0.91,0.975,0.016010248718618184,2000,0.95
sigmoid,logreg,low_cost_model,n,200.0,200.0,200.0,0.0,2000,0.95
sigmoid,logreg,low_cost_model,n_positive,128.0,128.0,128.0,0.0,2000,0.95
sigmoid,logreg,low_cost_model,roc_auc,0.9814453125,0.9624565972222222,0.9956624348958334,0.008529918177500984,2000,0.95
sigmoid,logreg,low_cost_model,pr_auc,0.9916152570209036,0.9831590280690837,0.998127304502668,0.0038127804783332202,2000,0.95
sigmoid,logreg,low_cost_model,brier,0.04162248603578794,0.027850996285854718,0.05926377641682219,0.007815115653057798,2000,0.95
sigmoid,logreg,low_cost_model,brier_skill_score,0.8193468488030037,0.7427787481908759,0.8791189397315333,0.033919772799730026,2000,0.95
sigmoid,logreg,low_cost_model,calibration_slope,3.0456702877678308,2.3765796500541327,4.79236052945708,0.7832500324369019,2000,0.95
sigmoid,logreg,low_cost_model,calibration_intercept,0.06121023079803281,-0.17017646934578134,0.2930486708266865,0.11688854544232188,2000,0.95
sigmoid,logreg,low_cost_model,ece,0.08349826035564908,0.06079354170073041,0.10680998189844103,0.011666198828219346,2000,0.95
sigmoid,logreg,low_cost_model,threshold,0.5,0.5,0.5,0.0,2000,0.95
sigmoid,logreg,low_cost_model,tp,122.0,117.0,126.0,2.410371121730477,2000,0.95
sigmoid,logreg,low_cost_model,fp,0.0,0.0,0.0,0.0,2000,0.95
sigmoid,logreg,low_cost_model,tn,72.0,72.0,72.0,0.0,2000,0.95
sigmoid,logreg,low_cost_model,fn,6.0,2.0,11.0,2.410371121730477,2000,0.95
sigmoid,logreg,low_cost_model,sensitivity,0.953125,0.9140625,0.984375,0.01883102438851935,2000,0.95
sigmoid,logreg,low_cost_model,specificity,1.0,1.0,1.0,0.0,2000,0.95
sigmoid,logreg,low_cost_model,precision,1.0,1.0,1.0,0.0,2000,0.95
sigmoid,logreg,low_cost_model,npv,0.9230769230769231,0.8674698795180723,0.972972972972973,0.028274628498198232,2000,0.95
sigmoid,logreg,low_cost_model,f1,0.976,0.9551020408163265,0.9921259842519685,0.009915867398152178,2000,0.95
sigmoid,logreg,low_cost_model,balanced_accuracy,0.9765625,0.95703125,0.9921875,0.009415512194259675,2000,0.95
sigmoid,logreg,low_cost_model,accuracy,0.97,0.945,0.99,0.012051855608652393,2000,0.95
sigmoid,logreg,low_cost_model,screening_threshold,0.6252924814832157,0.6252924814832157,0.6252924814832157,0.0,2000,0.95
sigmoid,logreg,low_cost_model,screening_tp,117.0,110.0,123.0,3.1563429789077504,2000,0.95
sigmoid,logreg,low_cost_model,screening_fp,0.0,0.0,0.0,0.0,2000,0.95
sigmoid,logreg,low_cost_model,screening_tn,72.0,72.0,72.0,0.0,2000,0.95
sigmoid,logreg,low_cost_model,screening_fn,11.0,5.0,18.0,3.1563429789077504,2000,0.95
sigmoid,logreg,low_cost_model,screening_sensitivity,0.9140625,0.859375,0.9609375,0.0246589295227168,2000,0.95
sigmoid,logreg,low_cost_model,screening_specificity,1.0,1.0,1.0,0.0,2000,0.95
sigmoid,logreg,low_cost_model,screening_precision,1.0,1.0,1.0,0.0,2000,0.95
sigmoid,logreg,low_cost_model,screening_npv,0.8674698795180723,0.8,0.935064935064935,0.032832118486184156,2000,0.95
sigmoid,logreg,low_cost_model,screening_f1,0.9551020408163265,0.9243697478991597,0.9800796812749004,0.013520487304029246,2000,0.95
sigmoid,logreg,low_cost_model,screening_balanced_accuracy,0.95703125,0.9296875,0.98046875,0.0123294647613584,2000,0.95
sigmoid,logreg,low_cost_model,screening_accuracy,0.945,0.91,0.975,0.015781714894538727,2000,0.95
isotonic,random_forest,low_cost_model,n,200.0,200.0,200.0,0.0,2000,0.95
isotonic,random_forest,low_cost_model,n_positive,128.0,128.0,128.0,0.0,2000,0.95
isotonic,random_forest,low_cost_model,roc_auc,0.9900173611111112,0.977756076388889,0.9986979166666667,0.005351889405184665,2000,0.95
isotonic,random_forest,low_cost_model,pr_auc,0.9952759603153014,0.9896849622307362,0.9993303571428571,0.0024687501204598544,2000,0.95
isotonic,random_forest,low_cost_model,brier,0.02353069775032229,0.008100068868658019,0.04226355798648107,0.008807141457674425,2000,0.95
isotonic,random_forest,low_cost_model,brier_skill_score,0.8978702354586706,0.8165644184614537,0.964843451090894,0.038225440354489694,2000,0.95
isotonic,random_forest,low_cost_model,calibration_slope,0.8421872456970407,0.6248095551263796,1.462637216400546,0.21616053702752416,2000,0.95
isotonic,random_forest,low_cost_model,calibration_intercept,0.1459195820489393,-0.8921091582712458,0.992381553614723,0.4813616523865674,2000,0.95
isotonic,random_forest,low_cost_model,ece,0.02950931703213899,0.014106608321327126,0.05159027219705588,0.009708838865927575,2000,0.95
isotonic,random_forest,low_cost_model,threshold,0.5,0.5,0.5,0.0,2000,0.95
isotonic,random_forest,low_cost_model,tp,124.0,120.0,127.0,1.9033947188452176,2000,0.95
isotonic,random_forest,low_cost_model,fp,0.0,0.0,0.0,0.0,2000,0.95
isotonic,random_forest,low_cost_model,tn,72.0,72.0,72.0,0.0,2000,0.95
isotonic,random_forest,low_cost_model,fn,4.0,1.0,8.0,1.9033947188452172,2000,0.95
isotonic,random_forest,low_cost_model,sensitivity,0.96875,0.9375,0.9921875,0.014870271240978263,2000,0.95
isotonic,random_forest,low_cost_model,specificity,1.0,1.0,1.0,0.0,2000,0.95
isotonic,random_forest,low_cost_model,precision,1.0,1.0,1.0,0.0,2000,0.95
isotonic,random_forest,low_cost_model,npv,0.9473684210526315,0.9,0.9863013698630136,0.02356717605516986,2000,0.95
isotonic,random_forest,low_cost_model,f1,0.9841269841269841,0.967741935483871,0.996078431372549,0.007695881773283639,2000,0.95
isotonic,random_forest,low_cost_model,balanced_accuracy,0.984375,0.96875,0.99609375,0.007435135620489131,2000,0.95
isotonic,random_forest,low_cost_model,accuracy,0.98,0.96,0.995,0.009516973594226095,2000,0.95
isotonic,random_forest,low_cost_model,screening_threshold,0.9553057582834288,0.9553057582834288,0.9553057582834288,2.221001369016217e-16,2000,0.95
isotonic,random_forest,low_cost_model,screening_tp,118.0,112.0,123.0,2.9443298539981173,2000,0.95
isotonic,random_forest,low_cost_model,screening_fp,0.0,0.0,0.0,0.0,2000,0.95
isotonic,random_forest,low_cost_model,screening_tn,72.0,72.0,72.0,0.0,2000,0.95
isotonic,random_forest,low_cost_model,screening_fn,10.0,5.0,16.0,2.944329853998117,2000,0.95
isotonic,random_forest,low_cost_model,screening_sensitivity,0.921875,0.875,0.9609375,0.02300257698436029,2000,0.95
isotonic,random_forest,low_cost_model,screening_specificity,1.0,1.0,1.0,0.0,2000,0.95
isotonic,random_forest,low_cost_model,screening_precision,1.0,1.0,1.0,0.0,2000,0.95
isotonic,random_forest,low_cost_model,screening_npv,0.8780487804878049,0.8181818181818182,0.935064935064935,0.031426719871340984,2000,0.95
isotonic,random_forest,low_cost_model,screening_f1,0.959349593495935,0.9333333333333333,0.9800796812749004,0.012496516769112358,2000,0.95
isotonic,random_forest,low_cost_model,screening_balanced_accuracy,0.9609375,0.9375,0.98046875,0.011501288492180146,2000,0.95
isotonic,random_forest,low_cost_model,screening_accuracy,0.95,0.92,0.975,0.014721649269990566,2000,0.95
none,random_forest,low_cost_model,n,200.0,200.0,200.0,0.0,2000,0.95
none,random_forest,low_cost_model,n_positive,128.0,128.0,128.0,0.0,2000,0.95
none,random_forest,low_cost_model,roc_auc,0.9920789930555556,0.9805745442708332,0.9992404513888888,0.004853263432882211,2000,0.95
none,random_forest,low_cost_model,pr_auc,0.9962370596629181,0.9911035074370251,0.9995854163226218,0.0022096234730538925,2000,0.95
none,random_forest,low_cost_model,brier,0.0300754227346847,0.016787006416771836,0.0470067272439772,0.007729383242737277,2000,0.95
none,random_forest,low_cost_model,brier_skill_score,0.8694643110473754,0.7959777463369044,0.9271397290938723,0.033547670324380545,2000,0.95
none,random_forest,low_cost_model,calibration_slope,2.2174924576448634,1.7897895923081417,3.347696545113514,0.4060479990248631,2000,0.95
none,random_forest,low_cost_model,calibration_intercept,0.2988599122606914,0.03963498234284325,0.5640032155886247,0.1367989931604048,2000,0.95
none,random_forest,low_cost_model,ece,0.06281948912061985,0.049007481275398536,0.0838566889783266,0.00905142922267444,2000,0.95
none,random_forest,low_cost_model,threshold,0.5,0.5,0.5,0.0,2000,0.95
none,random_forest,low_cost_model,tp,123.0,118.0,127.0,2.2001813900391345,2000,0.95
none,random_forest,low_cost_model,fp,0.0,0.0,0.0,0.0,2000,0.95
none,random_forest,low_cost_model,tn,72.0,72.0,72.0,0.0,2000,0.95
none,random_forest,low_cost_model,fn,5.0,1.0,10.0,2.2001813900391345,2000,0.95
none,random_forest,low_cost_model,sensitivity,0.9609375,0.921875,0.9921875,0.017188917109680738,2000,0.95
none,random_forest,low_cost_model,specificity,1.0,1.0,1.0,0.0,2000,0.95
none,random_forest,low_cost_model,precision,1.0,1.0,1.0,0.0,2000,0.95
none,random_forest,low_cost_model,npv,0.935064935064935,0.8780487804878049,0.9863013698630136,0.026498562197347107,2000,0.95
none,random_forest,low_cost_model,f1,0.9800796812749004,0.959349593495935,0.996078431372549,0.008974916262915363,2000,0.95
none,random_forest,low_cost_model,balanced_accuracy,0.98046875,0.9609375,0.99609375,0.008594458554840369,2000,0.95
none,random_forest,low_cost_model,accuracy,0.975,0.95,0.995,0.01100090695019568,2000,0.95
none,random_forest,low_cost_model,screening_threshold,0.6942703032710316,0.6942703032710316,0.6942703032710316,1.1105006845081086e-16,2000,0.95
none,random_forest,low_cost_model,screening_tp,118.0,112.0,124.0,3.064597833311897,2000,0.95
none,random_forest,low_cost_model,screening_fp,0.0,0.0,0.0,0.0,2000,0.95
none,random_forest,low_cost_model,screening_tn,72.0,72.0,72.0,0.0,2000,0.95
none,random_forest,low_cost_model,screening_fn,10.0,4.0,16.0,3.064597833311896,2000,0.95
none,random_forest,low_cost_model,screening_sensitivity,0.921875,0.875,0.96875,0.023942170572749194,2000,0.95
none,random_forest,low_cost_model,screening_specificity,1.0,1.0,1.0,0.0,2000,0.95
none,random_forest,low_cost_model,screening_precision,1.0,1.0,1.0,0.0,2000,0.95
none,random_forest,low_cost_model,screening_npv,0.8780487804878049,0.8181818181818182,0.9473684210526315,0.032740960475729365,2000,0.95
none,random_forest,low_cost_model,screening_f1,0.959349593495935,0.9333333333333333,0.9841269841269841,0.013006128481459515,2000,0.95
none,random_forest,low_cost_model,screening_balanced_accuracy,0.9609375,0.9375,0.984375,0.011971085286374594,2000,0.95
none,random_forest,low_cost_model,screening_accuracy,0.95,0.92,0.98,0.015322989166559465,2000,0.95
sigmoid,random_forest,low_cost_model,n,200.0,200.0,200.0,0.0,2000,0.95
sigmoid,random_forest,low_cost_model,n_positive,128.0,128.0,128.0,0.0,2000,0.95
sigmoid,random_forest,low_cost_model,roc_auc,0.9888237847222222,0.9743896484375,0.998263888888889,0.006148700900981265,2000,0.95
sigmoid,random_forest,low_cost_model,pr_auc,0.9947839668588261,0.9883327658722059,0.9991319444444444,0.0028109212202797663,2000,0.95
sigmoid,random_forest,low_cost_model,brier,0.02631655662416416,0.013181076300842955,0.04402953795936193,0.007920448059644687,2000,0.95
sigmoid,random_forest,low_cost_model,brier_skill_score,0.8857788340965097,0.8088995748291582,0.9427904674442579,0.03437694470331896,2000,0.95
sigmoid,random_forest,low_cost_model,calibration_slope,1.9342851607908451,1.5781969927106938,2.764091881764653,0.3187714157212057,2000,0.95
sigmoid,random_forest,low_cost_model,calibration_intercept,0.05547892979628208,-0.2080408247058627,0.33147561351086413,0.13783239079068316,2000,0.95
sigmoid,random_forest,low_cost_model,ece,0.05775427693916393,0.04440606682104332,0.07553136953977747,0.008143973141971798,2000,0.95
sigmoid,random_forest,low_cost_model,threshold,0.5,0.5,0.5,0.0,2000,0.95
sigmoid,random_forest,low_cost_model,tp,124.0,120.0,127.0,2.005285412302298,2000,0.95
sigmoid,random_forest,low_cost_model,fp,0.0,0.0,0.0,0.0,2000,0.95
sigmoid,random_forest,low_cost_model,tn,72.0,72.0,72.0,0.0,2000,0.95
sigmoid,random_forest,low_cost_model,fn,4.0,1.0,8.0,2.005285412302298,2000,0.95
sigmoid,random_forest,low_cost_model,sensitivity,0.96875,0.9375,0.9921875,0.015666292283611702,2000,0.95
sigmoid,random_forest,low_cost_model,specificity,1.0,1.0,1.0,0.0,2000,0.95
sigmoid,random_forest,low_cost_model,precision,1.0,1.0,1.0,0.0,2000,0.95
sigmoid,random_forest,low_cost_model,npv,0.9473684210526315,0.9,0.9863013698630136,0.024693728241234766,2000,0.95
sigmoid,random_forest,low_cost_model,f1,0.9841269841269841,0.967741935483871,0.996078431372549,0.00812246182435956,2000,0.95
sigmoid,random_forest,low_cost_model,balanced_accuracy,0.984375,0.96875,0.99609375,0.007833146141805851,2000,0.95
sigmoid,random_forest,low_cost_model,accuracy,0.98,0.96,0.995,0.010026427061511498,2000,0.95
sigmoid,random_forest,low_cost_model,screening_threshold,0.8051573518810383,0.8051573518810383,0.8051573518810383,3.3315020535243255e-16,2000,0.95
sigmoid,random_forest,low_cost_model,screening_tp,117.0,110.97500000000005,123.0,3.17691003629145,2000,0.95
sigmoid,random_forest,low_cost_model,screening_fp,0.0,0.0,0.0,0.0,2000,0.95
sigmoid,random_forest,low_cost_model,screening_tn,72.0,72.0,72.0,0.0,2000,0.95
sigmoid,random_forest,low_cost_model,screening_fn,11.0,5.0,17.024999999999864,3.17691003629145,2000,0.95
sigmoid,random_forest,low_cost_model,screening_sensitivity,0.9140625,0.8669921875000004,0.9609375,0.024819609658526955,2000,0.95
sigmoid,random_forest,low_cost_model,screening_specificity,1.0,1.0,1.0,0.0,2000,0.95
sigmoid,random_forest,low_cost_model,screening_precision,1.0,1.0,1.0,0.0,2000,0.95
sigmoid,random_forest,low_cost_model,screening_npv,0.8674698795180723,0.8087640449438206,0.935064935064935,0.03311413056669003,2000,0.95
sigmoid,random_forest,low_cost_model,screening_f1,0.9551020408163265,0.9287577792623327,0.9800796812749004,0.013596168556176841,2000,0.95
sigmoid,random_forest,low_cost_model,screening_balanced_accuracy,0.95703125,0.9334960937500002,0.98046875,0.012409804829263477,2000,0.95
sigmoid,random_forest,low_cost_model,screening_accuracy,0.945,0.9148750000000002,0.975,0.015884550181457225,2000,0.95
isotonic,svm,low_cost_model,n,200.0,200.0,200.0,0.0,2000,0.95
isotonic,svm,low_cost_model,n_positive,128.0,128.0,128.0,0.0,2000,0.95
isotonic,svm,low_cost_model,roc_auc,0.9932725694444445,0.9833957248263889,0.9996744791666666,0.004315185983543649,2000,0.95
isotonic,svm,low_cost_model,pr_auc,0.9967742437956668,0.9921880286583197,0.9998210877862596,0.0019886492702475317,2000,0.95
isotonic,svm,low_cost_model,brier,0.019172094992059966,0.006435300645356063,0.03579056897558287,0.007713766869435285,2000,0.95
isotonic,svm,low_cost_model,brier_skill_score,0.9167877821525175,0.8446589888212548,0.9720690076156421,0.033479890926368425,2000,0.95
isotonic,svm,low_cost_model,calibration_slope,1.2570741692922407,0.8435611326468841,3.292967847725981,0.6198345182462397,2000,0.95
isotonic,svm,low_cost_model,calibration_intercept,0.06349928221281032,-0.8288629314414653,0.7471843731936181,0.40697823789694154,2000,0.95
isotonic,svm,low_cost_model,ece,0.009964898426285108,0.008901001642923113,0.03313835133521687,0.0062780576514073925,2000,0.95
isotonic,svm,low_cost_model,threshold,0.5,0.5,0.5,0.0,2000,0.95
isotonic,svm,low_cost_model,tp,124.0,120.0,127.0,1.9741237505007494,2000,0.95
isotonic,svm,low_cost_model,fp,0.0,0.0,0.0,0.0,2000,0.95
isotonic,svm,low_cost_model,tn,72.0,72.0,72.0,0.0,2000,0.95
isotonic,svm,low_cost_model,fn,4.0,1.0,8.0,1.9741237505007496,2000,0.95
isotonic,svm,low_cost_model,sensitivity,0.96875,0.9375,0.9921875,0.015422841800787105,2000,0.95
isotonic,svm,low_cost_model,specificity,1.0,1.0,1.0,0.0,2000,0.95
isotonic,svm,low_cost_model,precision,1.0,1.0,1.0,0.0,2000,0.95
isotonic,svm,low_cost_model,npv,0.9473684210526315,0.9,0.9863013698630136,0.024359527335265523,2000,0.95
isotonic,svm,low_cost_model,f1,0.9841269841269841,0.967741935483871,0.996078431372549,0.007990515751458949,2000,0.95
isotonic,svm,low_cost_model,balanced_accuracy,0.984375,0.96875,0.99609375,0.007711420900393552,2000,0.95
isotonic,svm,low_cost_model,accuracy,0.98,0.96,0.995,0.009870618752503757,2000,0.95
isotonic,svm,low_cost_model,screening_threshold,0.9672189501168481,0.9672189501168481,0.9672189501168481,0.0,2000,0.95
isotonic,svm,low_cost_model,screening_tp,118.0,112.0,124.0,3.1264575990342944,2000,0.95
isotonic,svm,low_cost_model,screening_fp,0.0,0.0,0.0,0.0,2000,0.95
isotonic,svm,low_cost_model,screening_tn,72.0,72.0,72.0,0.0,2000,0.95
isotonic,svm,low_cost_model,screening_fn,10.0,4.0,16.0,3.126457599034294,2000,0.95
isotonic,svm,low_cost_model,screening_sensitivity,0.921875,0.875,0.96875,0.024425449992455425,2000,0.95
isotonic,svm,low_cost_model,screening_specificity,1.0,1.0,1.0,0.0,2000,0.95
isotonic,svm,low_cost_model,screening_precision,1.0,1.0,1.0,0.0,2000,0.95
isotonic,svm,low_cost_model,screening_npv,0.8780487804878049,0.8181818181818182,0.9473684210526315,0.03329658685123117,2000,0.95
isotonic,svm,low_cost_model,screening_f1,0.959349593495935,0.9333333333333333,0.9841269841269841,0.013280666616093282,2000,0.95
isotonic,svm,low_cost_model,screening_balanced_accuracy,0.9609375,0.9375,0.984375,0.012212724996227713,2000,0.95
isotonic,svm,low_cost_model,screening_accuracy,0.95,0.92,0.98,0.015632287995171447,2000,0.95
none,svm,low_cost_model,n,200.0,200.0,200.0,0.0,2000,0.95
none,svm,low_cost_model,n_positive,128.0,128.0,128.0,0.0,2000,0.95
none,svm,low_cost_model,roc_auc,0.9908854166666667,0.9785156250000001,0.9993489583333334,0.0054145475502253675,2000,0.95
none,svm,low_cost_model,pr_auc,0.9957508402085797,0.9902169186243115,0.9996501865671642,0.0024533245761237873,2000,0.95
none,svm,low_cost_model,brier,0.021044378973145726,0.008667975565328365,0.036979272452629885,0.007602243037750716,2000,0.95
none,svm,low_cost_model,brier_skill_score,0.9086615495957217,0.8394996855354605,0.9623785782754846,0.032995846518015265,2000,0.95
none,svm,low_cost_model,calibration_slope,2.226822348411145,1.7016249339072367,5.495147820906703,1.194764272490166,2000,0.95
none,svm,low_cost_model,calibration_intercept,-0.09399257362269293,-0.6243293456350942,0.3538160706165966,0.2560885064501083,2000,0.95
none,svm,low_cost_model,ece,0.024570630253404113,0.01761670612269427,0.0418959586650768,0.006425808457552796,2000,0.95
none,svm,low_cost_model,threshold,0.5,0.5,0.5,0.0,2000,0.95
none,svm,low_cost_model,tp,124.0,120.0,127.0,1.9676218559174274,2000,0.95
none,svm,low_cost_model,fp,0.0,0.0,0.0,0.0,2000,0.95
none,svm,low_cost_model,tn,72.0,72.0,72.0,0.0,2000,0.95
none,svm,low_cost_model,fn,4.0,1.0,8.0,1.9676218559174274,2000,0.95
none,svm,low_cost_model,sensitivity,0.96875,0.9375,0.9921875,0.015372045749354902,2000,0.95
none,svm,low_cost_model,specificity,1.0,1.0,1.0,0.0,2000,0.95
none,svm,low_cost_model,precision,1.0,1.0,1.0,0.0,2000,0.95
none,svm,low_cost_model,npv,0.9473684210526315,0.9,0.9863013698630136,0.024291002590367913,2000,0.95
none,svm,low_cost_model,f1,0.9841269841269841,0.967741935483871,0.996078431372549,0.007963302017456098,2000,0.95
none,svm,low_cost_model,balanced_accuracy,0.984375,0.96875,0.99609375,0.007686022874677451,2000,0.95
none,svm,low_cost_model,accuracy,0.98,0.96,0.995,0.009838109279587146,2000,0.95
none,svm,low_cost_model,screening_threshold,0.907234324918486,0.907234324918486,0.907234324918486,1.1105006845081086e-16,2000,0.95
none,svm,low_cost_model,screening_tp,118.0,112.0,123.0,3.007141366746798,2000,0.95
none,svm,low_cost_model,screening_fp,0.0,0.0,0.0,0.0,2000,0.95
none,svm,low_cost_model,screening_tn,72.0,72.0,72.0,0.0,2000,0.95
none,svm,low_cost_model,screening_fn,10.0,5.0,16.0,3.007141366746798,2000,0.95
none,svm,low_cost_model,screening_sensitivity,0.921875,0.875,0.9609375,0.02349329192770936,2000,0.95
none,svm,low_cost_model,screening_specificity,1.0,1.0,1.0,0.0,2000,0.95
none,svm,low_cost_model,screening_precision,1.0,1.0,1.0,0.0,2000,0.95
none,svm,low_cost_model,screening_npv,0.8780487804878049,0.8181818181818182,0.935064935064935,0.03203193760076814,2000,0.95
none,svm,low_cost_model,screening_f1,0.959349593495935,0.9333333333333333,0.9800796812749004,0.012774504755141384,2000,0.95
none,svm,low_cost_model,screening_balanced_accuracy,0.9609375,0.9375,0.98046875,0.01174664596385468,2000,0.95
none,svm,low_cost_model,screening_accuracy,0.95,0.92,0.975,0.01503570683373397,2000,0.95
sigmoid,svm,low_cost_model,n,200.0,200.0,200.0,0.0,2000,0.95
sigmoid,svm,low_cost_model,n_positive,128.0,128.0,128.0,0.0,2000,0.95
sigmoid,svm,low_cost_model,roc_auc,0.9906684027777778,0.9785101996527777,0.9996744791666666,0.005450923236423102,2000,0.95
sigmoid,svm,low_cost_model,pr_auc,0.9956684115118974,0.9902021523631094,0.9998210877862596,0.0024612190828955426,2000,0.95
sigmoid,svm,low_cost_model,brier,0.02849605317861963,0.016297705934946338,0.04199449833480882,0.006760791770705644,2000,0.95
sigmoid,svm,low_cost_model,brier_skill_score,0.8763192136344634,0.8177322120885033,0.9292634291017954,0.029343714282576584,2000,0.95
sigmoid,svm,low_cost_model,calibration_slope,3.439242044059088,2.6022808249901677,9.325206636601624,1.8431356486887949,2000,0.95
sigmoid,svm,low_cost_model,calibration_intercept,0.005122111148935103,-0.2362801195933074,0.23456294828603957,0.12055015220082782,2000,0.95
sigmoid,svm,low_cost_model,ece,0.0713897246322841,0.052880593600115676,0.09006662837810508,0.009540376225617663,2000,0.95
sigmoid,svm,low_cost_model,threshold,0.5,0.5,0.5,0.0,2000,0.95
sigmoid,svm,low_cost_model,tp,124.0,120.0,127.0,1.9409223554266404,2000,0.95
sigmoid,svm,low_cost_model,fp,0.0,0.0,0.0,0.0,2000,0.95
sigmoid,svm,low_cost_model,tn,72.0,72.0,72.0,0.0,2000,0.95
sigmoid,svm,low_cost_model,fn,4.0,1.0,8.0,1.9409223554266404,2000,0.95
sigmoid,svm,low_cost_model,sensitivity,0.96875,0.9375,0.9921875,0.015163455901770628,2000,0.95
sigmoid,svm,low_cost_model,specificity,1.0,1.0,1.0,0.0,2000,0.95
sigmoid,svm,low_cost_model,precision,1.0,1.0,1.0,0.0,2000,0.95
sigmoid,svm,low_cost_model,npv,0.9473684210526315,0.9,0.9863013698630136,0.024027867874998984,2000,0.95
sigmoid,svm,low_cost_model,f1,0.9841269841269841,0.967741935483871,0.996078431372549,0.007848969196675092,2000,0.95
sigmoid,svm,low_cost_model,balanced_accuracy,0.984375,0.96875,0.99609375,0.007581727950885314,2000,0.95
sigmoid,svm,low_cost_model,accuracy,0.98,0.96,0.995,0.00970461177713321,2000,0.95
sigmoid,svm,low_cost_model,screening_threshold,0.7618257972346183,0.7618257972346183,0.7618257972346183,3.3315020535243255e-16,2000,0.95
sigmoid,svm,low_cost_model,screening_tp,117.0,110.0,123.0,3.162608859375231,2000,0.95
sigmoid,svm,low_cost_model,screening_fp,0.0,0.0,0.0,0.0,2000,0.95
sigmoid,svm,low_cost_model,screening_tn,72.0,72.0,72.0,0.0,2000,0.95
sigmoid,svm,low_cost_model,screening_fn,11.0,5.0,18.0,3.162608859375231,2000,0.95
sigmoid,svm,low_cost_model,screening_sensitivity,0.9140625,0.859375,0.9609375,0.024707881713868993,2000,0.95
sigmoid,svm,low_cost_model,screening_specificity,1.0,1.0,1.0,0.0,2000,0.95
sigmoid,svm,low_cost_model,screening_precision,1.0,1.0,1.0,0.0,2000,0.95
sigmoid,svm,low_cost_model,screening_npv,0.8674698795180723,0.8,0.935064935064935,0.032938172990389106,2000,0.95
sigmoid,svm,low_cost_model,screening_f1,0.9551020408163265,0.9243697478991597,0.9800796812749004,0.013539293410163888,2000,0.95
sigmoid,svm,low_cost_model,screening_balanced_accuracy,0.95703125,0.9296875,0.98046875,0.012353940856934496,2000,0.95
sigmoid,svm,low_cost_model,screening_accuracy,0.945,0.91,0.975,0.01581304429687613,2000,0.95
isotonic,xgboost,low_cost_model,n,200.0,200.0,200.0,0.0,2000,0.95
isotonic,xgboost,low_cost_model,n_positive,128.0,128.0,128.0,0.0,2000,0.95
isotonic,xgboost,low_cost_model,roc_auc,0.9869791666666666,0.9738471137152778,0.9971788194444444,0.006029129918168837,2000,0.95
isotonic,xgboost,low_cost_model,pr_auc,0.9937285029035139,0.9876553363193578,0.9985977564102564,0.0028423462663079496,2000,0.95
isotonic,xgboost,low_cost_model,brier,0.030515981485741608,0.013993477865872983,0.049526072777339884,0.00934253764595293,2000,0.95
isotonic,xgboost,low_cost_model,brier_skill_score,0.8675521636903576,0.7850430869039067,0.9392644189849263,0.040549208532781815,2000,0.95
isotonic,xgboost,low_cost_model,calibration_slope,1.1136302697840155,0.8272258347883708,1.8425548163855054,0.2723067825702994,2000,0.95
isotonic,xgboost,low_cost_model,calibration_intercept,0.13079195195143317,-0.5574273583360911,0.7653574208309499,0.3347205954445371,2000,0.95
isotonic,xgboost,low_cost_model,ece,0.025917610217576978,0.016419899971741116,0.052194142731984895,0.009018941066370075,2000,0.95
isotonic,xgboost,low_cost_model,threshold,0.5,0.5,0.5,0.0,2000,0.95
isotonic,xgboost,low_cost_model,tp,122.0,117.0,126.0,2.4014210712785853,2000,0.95
isotonic,xgboost,low_cost_model,fp,1.0,0.0,3.0,0.9977383128207692,2000,0.95
isotonic,xgboost,low_cost_model,tn,71.0,69.0,72.0,0.9977383128207693,2000,0.95
isotonic,xgboost,low_cost_model,fn,6.0,2.0,11.0,2.4014210712785857,2000,0.95
isotonic,xgboost,low_cost_model,sensitivity,0.953125,0.9140625,0.984375,0.018761102119363948,2000,0.95
isotonic,xgboost,low_cost_model,specificity,0.9861111111111112,0.9583333333333334,1.0,0.01385747656695513,2000,0.95
isotonic,xgboost,low_cost_model,precision,0.991869918699187,0.9754098360655737,1.0,0.007981291699608121,2000,0.95
isotonic,xgboost,low_cost_model,npv,0.922077922077922,0.8658536585365854,0.972972972972973,0.028596802166076418,2000,0.95
isotonic,xgboost,low_cost_model,f1,0.9721115537848606,0.9508196721311475,0.9921259842519685,0.010626393851386848,2000,0.95
isotonic,xgboost,low_cost_model,balanced_accuracy,0.9696180555555556,0.9448567708333334,0.9891493055555556,0.01171113237838706,2000,0.95
isotonic,xgboost,low_cost_model,accuracy,0.965,0.94,0.99,0.013042854433592673,2000,0.95
isotonic,xgboost,low_cost_model,screening_threshold,0.8842815867066384,0.8842815867066384,0.8842815867066384,0.0,2000,0.95
isotonic,xgboost,low_cost_model,screening_tp,117.0,110.0,123.0,3.189852438482013,2000,0.95
isotonic,xgboost,low_cost_model,screening_fp,0.0,0.0,0.0,0.0,2000,0.95
isotonic,xgboost,low_cost_model,screening_tn,72.0,72.0,72.0,0.0,2000,0.95
isotonic,xgboost,low_cost_model,screening_fn,11.0,5.0,18.0,3.189852438482013,2000,0.95
isotonic,xgboost,low_cost_model,screening_sensitivity,0.9140625,0.859375,0.9609375,0.024920722175640727,2000,0.95
isotonic,xgboost,low_cost_model,screening_specificity,1.0,1.0,1.0,0.0,2000,0.95
isotonic,xgboost,low_cost_model,screening_precision,1.0,1.0,1.0,0.0,2000,0.95
isotonic,xgboost,low_cost_model,screening_npv,0.8674698795180723,0.8,0.935064935064935,0.03323054680905093,2000,0.95
isotonic,xgboost,low_cost_model,screening_f1,0.9551020408163265,0.9243697478991597,0.9800796812749004,0.013655287993382878,2000,0.95
isotonic,xgboost,low_cost_model,screening_balanced_accuracy,0.95703125,0.9296875,0.98046875,0.012460361087820363,2000,0.95
isotonic,xgboost,low_cost_model,screening_accuracy,0.945,0.91,0.975,0.01594926219241004,2000,0.95
none,xgboost,low_cost_model,n,200.0,200.0,200.0,0.0,2000,0.95
none,xgboost,low_cost_model,n_positive,128.0,128.0,128.0,0.0,2000,0.95
none,xgboost,low_cost_model,roc_auc,0.9860026041666667,0.9717854817708335,0.9968532986111109,0.006303337744100207,2000,0.95
none,xgboost,low_cost_model,pr_auc,0.9932744103246076,0.9867171379891263,0.9984733071810682,0.0029810735627362733,2000,0.95
none,xgboost,low_cost_model,brier,0.03533139748303198,0.020793877573530174,0.053324418048884485,0.00830979984740295,2000,0.95
none,xgboost,low_cost_model,brier_skill_score,0.8466519206465626,0.7685572133294944,0.9097487952537753,0.03606683961546419,2000,0.95
none,xgboost,low_cost_model,calibration_slope,2.024361748795665,1.6181518044300676,3.18978328647911,0.39819783044702567,2000,0.95
none,xgboost,low_cost_model,calibration_intercept,0.19805377953141967,-0.13757668635816453,0.5288714918414154,0.17057191479707914,2000,0.95
none,xgboost,low_cost_model,ece,0.059219309794250975,0.044713532651797776,0.08483507192940447,0.010176777508648026,2000,0.95
none,xgboost,low_cost_model,threshold,0.5,0.5,0.5,0.0,2000,0.95
none,xgboost,low_cost_model,tp,122.0,117.0,126.0,2.3671521824182244,2000,0.95
none,xgboost,low_cost_model,fp,0.0,0.0,0.0,0.0,2000,0.95
none,xgboost,low_cost_model,tn,72.0,72.0,72.0,0.0,2000,0.95
none,xgboost,low_cost_model,fn,6.0,2.0,11.0,2.3671521824182244,2000,0.95
none,xgboost,low_cost_model,sensitivity,0.953125,0.9140625,0.984375,0.01849337642514238,2000,0.95
none,xgboost,low_cost_model,specificity,1.0,1.0,1.0,0.0,2000,0.95
none,xgboost,low_cost_model,precision,1.0,1.0,1.0,0.0,2000,0.95
none,xgboost,low_cost_model,npv,0.9230769230769231,0.8674698795180723,0.972972972972973,0.027780232905497693,2000,0.95
none,xgboost,low_cost_model,f1,0.976,0.9551020408163265,0.9921259842519685,0.009736557026745094,2000,0.95
none,xgboost,low_cost_model,balanced_accuracy,0.9765625,0.95703125,0.9921875,0.00924668821257119,2000,0.95
none,xgboost,low_cost_model,accuracy,0.97,0.945,0.99,0.011835760912091133,2000,0.95
none,xgboost,low_cost_model,screening_threshold,0.703469511270523,0.703469511270523,0.703469511270523,0.0,2000,0.95
none,xgboost,low_cost_model,screening_tp,117.0,110.0,123.0,3.213110921038277,2000,0.95
none,xgboost,low_cost_model,screening_fp,0.0,0.0,0.0,0.0,2000,0.95
none,xgboost,low_cost_model,screening_tn,72.0,72.0,72.0,0.0,2000,0.95
none,xgboost,low_cost_model,screening_fn,11.0,5.0,18.0,3.2131109210382776,2000,0.95
none,xgboost,low_cost_model,screening_sensitivity,0.9140625,0.859375,0.9609375,0.02510242907061154,2000,0.95
none,xgboost,low_cost_model,screening_specificity,1.0,1.0,1.0,0.0,2000,0.95
none,xgboost,low_cost_model,screening_precision,1.0,1.0,1.0,0.0,2000,0.95
none,xgboost,low_cost_model,screening_npv,0.8674698795180723,0.8,0.935064935064935,0.033245694331762,2000,0.95
none,xgboost,low_cost_model,screening_f1,0.9551020408163265,0.9243697478991597,0.9800796812749004,0.013786187343712402,2000,0.95
none,xgboost,low_cost_model,screening_balanced_accuracy,0.95703125,0.9296875,0.98046875,0.01255121453530577,2000,0.95
none,xgboost,low_cost_model,screening_accuracy,0.945,0.91,0.975,0.01606555460519136,2000,0.95
sigmoid,xgboost,low_cost_model,n,200.0,200.0,200.0,0.0,2000,0.95
sigmoid,xgboost,low_cost_model,n_positive,128.0,128.0,128.0,0.0,2000,0.95
sigmoid,xgboost,low_cost_model,roc_auc,0.9860026041666667,0.9710286458333334,0.996853298611111,0.006565731013945896,2000,0.95
sigmoid,xgboost,low_cost_model,pr_auc,0.9933147653451131,0.9866064766047845,0.9984468199245518,0.00307264040525225,2000,0.95
sigmoid,xgboost,low_cost_model,brier,0.03439543373829099,0.019594680819049772,0.051394036768452375,0.008253511569714479,2000,0.95
sigmoid,xgboost,low_cost_model,brier_skill_score,0.8507142632886676,0.776935604303592,0.9149536422784298,0.03582253285466354,2000,0.95
sigmoid,xgboost,low_cost_model,calibration_slope,2.0231204121540243,1.6672375069828147,2.990449761188464,0.40823487404007036,2000,0.95
sigmoid,xgboost,low_cost_model,calibration_intercept,0.054000063425402006,-0.22341956669622373,0.3051050639501645,0.1374327837332729,2000,0.95
sigmoid,xgboost,low_cost_model,ece,0.06322385526581356,0.05292092165438982,0.08874301157560355,0.00919532249875336,2000,0.95
sigmoid,xgboost,low_cost_model,threshold,0.5,0.5,0.5,0.0,2000,0.95
sigmoid,xgboost,low_cost_model,tp,122.0,117.0,126.0,2.418565841643593,2000,0.95
sigmoid,xgboost,low_cost_model,fp,0.0,0.0,0.0,0.0,2000,0.95
sigmoid,xgboost,low_cost_model,tn,72.0,72.0,72.0,0.0,2000,0.95
sigmoid,xgboost,low_cost_model,fn,6.0,2.0,11.0,2.418565841643593,2000,0.95
sigmoid,xgboost,low_cost_model,sensitivity,0.953125,0.9140625,0.984375,0.01889504563784057,2000,0.95
sigmoid,xgboost,low_cost_model,specificity,1.0,1.0,1.0,0.0,2000,0.95
sigmoid,xgboost,low_cost_model,precision,1.0,1.0,1.0,0.0,2000,0.95
sigmoid,xgboost,low_cost_model,npv,0.9230769230769231,0.8674698795180723,0.972972972972973,0.028454793261259263,2000,0.95
sigmoid,xgboost,low_cost_model,f1,0.976,0.9551020408163265,0.9921259842519685,0.009939549360144696,2000,0.95
sigmoid,xgboost,low_cost_model,balanced_accuracy,0.9765625,0.95703125,0.9921875,0.009447522818920287,2000,0.95
sigmoid,xgboost,low_cost_model,accuracy,0.97,0.945,0.99,0.012092829208217975,2000,0.95
sigmoid,xgboost,low_cost_model,screening_threshold,0.7672031537582973,0.7672031537582973,0.7672031537582973,1.1105006845081086e-16,2000,0.95
sigmoid,xgboost,low_cost_model,screening_tp,117.0,111.0,123.0,3.2028226279944376,2000,0.95
sigmoid,xgboost,low_cost_model,screening_fp,0.0,0.0,0.0,0.0,2000,0.95
sigmoid,xgboost,low_cost_model,screening_tn,72.0,72.0,72.0,0.0,2000,0.95
sigmoid,xgboost,low_cost_model,screening_fn,11.0,5.0,17.0,3.2028226279944376,2000,0.95
sigmoid,xgboost,low_cost_model,screening_sensitivity,0.9140625,0.8671875,0.9609375,0.025022051781206544,2000,0.95
sigmoid,xgboost,low_cost_model,screening_specificity,1.0,1.0,1.0,0.0,2000,0.95
sigmoid,xgboost,low_cost_model,screening_precision,1.0,1.0,1.0,0.0,2000,0.95
sigmoid,xgboost,low_cost_model,screening_npv,0.8674698795180723,0.8089887640449438,0.935064935064935,0.033493225188688816,2000,0.95
sigmoid,xgboost,low_cost_model,screening_f1,0.9551020408163265,0.9288702928870293,0.9800796812749004,0.01369347893217845,2000,0.95
sigmoid,xgboost,low_cost_model,screening_balanced_accuracy,0.95703125,0.93359375,0.98046875,0.012511025890603272,2000,0.95
sigmoid,xgboost,low_cost_model,screening_accuracy,0.945,0.915,0.975,0.016014113139972166,2000,0.95
isotonic,dummy,low_cost_plus_urine_micro_model,n,200.0,200.0,200.0,0.0,2000,0.95
isotonic,dummy,low_cost_plus_urine_micro_model,n_positive,128.0,128.0,128.0,0.0,2000,0.95
isotonic,dummy,low_cost_plus_urine_micro_model,roc_auc,0.47227647569444453,0.3895358615451389,0.5562703450520833,0.042254236187251236,2000,0.95
isotonic,dummy,low_cost_plus_urine_micro_model,pr_auc,0.6255828458454166,0.5880504990904173,0.6781966355047332,0.022725299435514334,2000,0.95
isotonic,dummy,low_cost_plus_urine_micro_model,brier,0.230477109375,0.2302780810546875,0.23067090195312503,0.0001004768626822079,2000,0.95
isotonic,dummy,low_cost_plus_urine_micro_model,brier_skill_score,-0.00033467610677084814,-0.0011757897271050973,0.0005291620890299717,0.00043609749428041703,2000,0.95
isotonic,dummy,low_cost_plus_urine_micro_model,calibration_slope,-17.740318734697006,-23.822863880938048,21.205083660280163,12.8870452100593,2000,0.95
isotonic,dummy,low_cost_plus_urine_micro_model,calibration_intercept,3.854976351088828e-17,-0.0009224364129306131,0.0008679575889397075,0.0004515226924628879,2000,0.95
isotonic,dummy,low_cost_plus_urine_micro_model,ece,0.0,6.2499999998744116e-06,0.00023125000000001893,6.354779990192072e-05,2000,0.95
isotonic,dummy,low_cost_plus_urine_micro_model,threshold,0.5,0.5,0.5,0.0,2000,0.95
isotonic,dummy,low_cost_plus_urine_micro_model,tp,128.0,128.0,128.0,0.0,2000,0.95
isotonic,dummy,low_cost_plus_urine_micro_model,fp,72.0,72.0,72.0,0.0,2000,0.95
isotonic,dummy,low_cost_plus_urine_micro_model,tn,0.0,0.0,0.0,0.0,2000,0.95
isotonic,dummy,low_cost_plus_urine_micro_model,fn,0.0,0.0,0.0,0.0,2000,0.95
isotonic,dummy,low_cost_plus_urine_micro_model,sensitivity,1.0,1.0,1.0,0.0,2000,0.95
isotonic,dummy,low_cost_plus_urine_micro_model,specificity,0.0,0.0,0.0,0.0,2000,0.95
isotonic,dummy,low_cost_plus_urine_micro_model,precision,0.64,0.64,0.64,0.0,2000,0.95
isotonic,dummy,low_cost_plus_urine_micro_model,npv,,,,,2000,0.95
isotonic,dummy,low_cost_plus_urine_micro_model,f1,0.7804878048780487,0.7804878048780487,0.7804878048780487,2.221001369016217e-16,2000,0.95
isotonic,dummy,low_cost_plus_urine_micro_model,balanced_accuracy,0.5,0.5,0.5,0.0,2000,0.95
isotonic,dummy,low_cost_plus_urine_micro_model,accuracy,0.64,0.64,0.64,0.0,2000,0.95
isotonic,dummy,low_cost_plus_urine_micro_model,screening_threshold,0.6366666666666666,0.6366666666666666,0.6366666666666666,0.0,2000,0.95
isotonic,dummy,low_cost_plus_urine_micro_model,screening_tp,128.0,128.0,128.0,0.0,2000,0.95
isotonic,dummy,low_cost_plus_urine_micro_model,screening_fp,72.0,72.0,72.0,0.0,2000,0.95
isotonic,dummy,low_cost_plus_urine_micro_model,screening_tn,0.0,0.0,0.0,0.0,2000,0.95
isotonic,dummy,low_cost_plus_urine_micro_model,screening_fn,0.0,0.0,0.0,0.0,2000,0.95
isotonic,dummy,low_cost_plus_urine_micro_model,screening_sensitivity,1.0,1.0,1.0,0.0,2000,0.95
isotonic,dummy,low_cost_plus_urine_micro_model,screening_specificity,0.0,0.0,0.0,0.0,2000,0.95
isotonic,dummy,low_cost_plus_urine_micro_model,screening_precision,0.64,0.64,0.64,0.0,2000,0.95
isotonic,dummy,low_cost_plus_urine_micro_model,screening_npv,,,,,2000,0.95
isotonic,dummy,low_cost_plus_urine_micro_model,screening_f1,0.7804878048780487,0.7804878048780487,0.7804878048780487,2.221001369016217e-16,2000,0.95
isotonic,dummy,low_cost_plus_urine_micro_model,screening_balanced_accuracy,0.5,0.5,0.5,0.0,2000,0.95
isotonic,dummy,low_cost_plus_urine_micro_model,screening_accuracy,0.64,0.64,0.64,0.0,2000,0.95
none,dummy,low_cost_plus_urine_micro_model,n,200.0,200.0,200.0,0.0,2000,0.95
none,dummy,low_cost_plus_urine_micro_model,n_positive,128.0,128.0,128.0,0.0,2000,0.95
none,dummy,low_cost_plus_urine_micro_model,roc_auc,0.47227647569444453,0.3900702582465278,0.5537122938368055,0.04161667353066842,2000,0.95
none,dummy,low_cost_plus_urine_micro_model,pr_auc,0.6255828458454166,0.5876215332655861,0.6746906883969371,0.02248063848946167,2000,0.95
none,dummy,low_cost_plus_urine_micro_model,brier,0.230477109375,0.23028559902343745,0.23067480937499998,9.931742487813431e-05,2000,0.95
none,dummy,low_cost_plus_urine_micro_model,brier_skill_score,-0.00033467610677084814,-0.0011927490234375333,0.0004965320163304007,0.000431065212144681,2000,0.95
none,dummy,low_cost_plus_urine_micro_model,calibration_slope,-17.740318734697006,-23.826271761636292,21.1846501091736,12.790628488369912,2000,0.95
none,dummy,low_cost_plus_urine_micro_model,calibration_intercept,3.854976351088828e-17,-0.0008953022566303341,0.000922197594557254,0.00045163848948553894,2000,0.95
none,dummy,low_cost_plus_urine_micro_model,ece,0.0,1.1102230246251565e-16,0.00023140625000012043,6.282880236753292e-05,2000,0.95
none,dummy,low_cost_plus_urine_micro_model,threshold,0.5,0.5,0.5,0.0,2000,0.95
none,dummy,low_cost_plus_urine_micro_model,tp,128.0,128.0,128.0,0.0,2000,0.95
none,dummy,low_cost_plus_urine_micro_model,fp,72.0,72.0,72.0,0.0,2000,0.95
none,dummy,low_cost_plus_urine_micro_model,tn,0.0,0.0,0.0,0.0,2000,0.95
none,dummy,low_cost_plus_urine_micro_model,fn,0.0,0.0,0.0,0.0,2000,0.95
none,dummy,low_cost_plus_urine_micro_model,sensitivity,1.0,1.0,1.0,0.0,2000,0.95
none,dummy,low_cost_plus_urine_micro_model,specificity,0.0,0.0,0.0,0.0,2000,0.95
none,dummy,low_cost_plus_urine_micro_model,precision,0.64,0.64,0.64,0.0,2000,0.95
none,dummy,low_cost_plus_urine_micro_model,npv,,,,,2000,0.95
none,dummy,low_cost_plus_urine_micro_model,f1,0.7804878048780487,0.7804878048780487,0.7804878048780487,2.221001369016217e-16,2000,0.95
none,dummy,low_cost_plus_urine_micro_model,balanced_accuracy,0.5,0.5,0.5,0.0,2000,0.95
none,dummy,low_cost_plus_urine_micro_model,accuracy,0.64,0.64,0.64,0.0,2000,0.95
none,dummy,low_cost_plus_urine_micro_model,screening_threshold,0.6366666666666667,0.6366666666666667,0.6366666666666667,0.0,2000,0.95
none,dummy,low_cost_plus_urine_micro_model,screening_tp,128.0,128.0,128.0,0.0,2000,0.95
none,dummy,low_cost_plus_urine_micro_model,screening_fp,72.0,72.0,72.0,0.0,2000,0.95
none,dummy,low_cost_plus_urine_micro_model,screening_tn,0.0,0.0,0.0,0.0,2000,0.95
none,dummy,low_cost_plus_urine_micro_model,screening_fn,0.0,0.0,0.0,0.0,2000,0.95
none,dummy,low_cost_plus_urine_micro_model,screening_sensitivity,1.0,1.0,1.0,0.0,2000,0.95
none,dummy,low_cost_plus_urine_micro_model,screening_specificity,0.0,0.0,0.0,0.0,2000,0.95
none,dummy,low_cost_plus_urine_micro_model,screening_precision,0.64,0.64,0.64,0.0,2000,0.95
none,dummy,low_cost_plus_urine_micro_model,screening_npv,,,,,2000,0.95
none,dummy,low_cost_plus_urine_micro_model,screening_f1,0.7804878048780487,0.7804878048780487,0.7804878048780487,2.221001369016217e-16,2000,0.95
none,dummy,low_cost_plus_urine_micro_model,screening_balanced_accuracy,0.5,0.5,0.5,0.0,2000,0.95
none,dummy,low_cost_plus_urine_micro_model,screening_accuracy,0.64,0.64,0.64,0.0,2000,0.95
sigmoid,dummy,low_cost_plus_urine_micro_model,n,200.0,200.0,200.0,0.0,2000,0.95
sigmoid,dummy,low_cost_plus_urine_micro_model,n_positive,128.0,128.0,128.0,0.0,2000,0.95
sigmoid,dummy,low_cost_plus_urine_micro_model,roc_auc,0.47227647569444453,0.38903130425347227,0.5516886393229165,0.04138597284418736,2000,0.95
sigmoid,dummy,low_cost_plus_urine_micro_model,pr_auc,0.6255828458454166,0.5880137940522198,0.674042199425157,0.02204126019859032,2000,0.95
sigmoid,dummy,low_cost_plus_urine_micro_model,brier,0.23047785338932422,0.23028807460967843,0.2306726830121323,9.709747345094374e-05,2000,0.95
sigmoid,dummy,low_cost_plus_urine_micro_model,brier_skill_score,-0.0003379053356087347,-0.001183520017935391,0.0004857872843817607,0.00042143000629749826,2000,0.95
sigmoid,dummy,low_cost_plus_urine_micro_model,calibration_slope,-17.946360052737102,-24.027945634917042,19.02720304152448,12.409563573822318,2000,0.95
sigmoid,dummy,low_cost_plus_urine_micro_model,calibration_intercept,0.005374925379678826,0.004543551550847632,0.00617997640602421,0.00042637283477107383,2000,0.95
sigmoid,dummy,low_cost_plus_urine_micro_model,ece,0.0012393012896696476,0.0010474884881912505,0.0014250812691661387,9.838314007607491e-05,2000,0.95
sigmoid,dummy,low_cost_plus_urine_micro_model,threshold,0.5,0.5,0.5,0.0,2000,0.95
sigmoid,dummy,low_cost_plus_urine_micro_model,tp,128.0,128.0,128.0,0.0,2000,0.95
sigmoid,dummy,low_cost_plus_urine_micro_model,fp,72.0,72.0,72.0,0.0,2000,0.95
sigmoid,dummy,low_cost_plus_urine_micro_model,tn,0.0,0.0,0.0,0.0,2000,0.95
sigmoid,dummy,low_cost_plus_urine_micro_model,fn,0.0,0.0,0.0,0.0,2000,0.95
sigmoid,dummy,low_cost_plus_urine_micro_model,sensitivity,1.0,1.0,1.0,0.0,2000,0.95
sigmoid,dummy,low_cost_plus_urine_micro_model,specificity,0.0,0.0,0.0,0.0,2000,0.95
sigmoid,dummy,low_cost_plus_urine_micro_model,precision,0.64,0.64,0.64,0.0,2000,0.95
sigmoid,dummy,low_cost_plus_urine_micro_model,npv,,,,,2000,0.95
sigmoid,dummy,low_cost_plus_urine_micro_model,f1,0.7804878048780487,0.7804878048780487,0.7804878048780487,2.221001369016217e-16,2000,0.95
sigmoid,dummy,low_cost_plus_urine_micro_model,balanced_accuracy,0.5,0.5,0.5,0.0,2000,0.95
sigmoid,dummy,low_cost_plus_urine_micro_model,accuracy,0.64,0.64,0.64,0.0,2000,0.95
sigmoid,dummy,low_cost_plus_urine_micro_model,screening_threshold,0.6346558996314265,0.6346558996314265,0.6346558996314265,1.1105006845081086e-16,2000,0.95
sigmoid,dummy,low_cost_plus_urine_micro_model,screening_tp,128.0,128.0,128.0,0.0,2000,0.95
sigmoid,dummy,low_cost_plus_urine_micro_model,screening_fp,72.0,72.0,72.0,0.0,2000,0.95
sigmoid,dummy,low_cost_plus_urine_micro_model,screening_tn,0.0,0.0,0.0,0.0,2000,0.95
sigmoid,dummy,low_cost_plus_urine_micro_model,screening_fn,0.0,0.0,0.0,0.0,2000,0.95
sigmoid,dummy,low_cost_plus_urine_micro_model,screening_sensitivity,1.0,1.0,1.0,0.0,2000,0.95
sigmoid,dummy,low_cost_plus_urine_micro_model,screening_specificity,0.0,0.0,0.0,0.0,2000,0.95
sigmoid,dummy,low_cost_plus_urine_micro_model,screening_precision,0.64,0.64,0.64,0.0,2000,0.95
sigmoid,dummy,low_cost_plus_urine_micro_model,screening_npv,,,,,2000,0.95
sigmoid,dummy,low_cost_plus_urine_micro_model,screening_f1,0.7804878048780487,0.7804878048780487,0.7804878048780487,2.221001369016217e-16,2000,0.95
sigmoid,dummy,low_cost_plus_urine_micro_model,screening_balanced_accuracy,0.5,0.5,0.5,0.0,2000,0.95
sigmoid,dummy,low_cost_plus_urine_micro_model,screening_accuracy,0.64,0.64,0.64,0.0,2000,0.95
isotonic,ebm,low_cost_plus_urine_micro_model,n,200.0,200.0,200.0,0.0,2000,0.95
isotonic,ebm,low_cost_plus_urine_micro_model,n_positive,128.0,128.0,128.0,0.0,2000,0.95
isotonic,ebm,low_cost_plus_urine_micro_model,roc_auc,0.9876844618055557,0.9699964735243056,0.9993489583333334,0.007910115448921147,2000,0.95
isotonic,ebm,low_cost_plus_urine_micro_model,pr_auc,0.9945425737385423,0.9871842027654757,0.9996394908386188,0.003339742110858461,2000,0.95
isotonic,ebm,low_cost_plus_urine_micro_model,brier,0.024775850246177348,0.009855591431081159,0.04416672498559086,0.00867659144144429,2000,0.95
isotonic,ebm,low_cost_plus_urine_micro_model,brier_skill_score,0.8924659277509663,0.8083041450278173,0.9572239955248213,0.037658817020157505,2000,0.95
isotonic,ebm,low_cost_plus_urine_micro_model,calibration_slope,0.7755607191314692,0.4916913614936833,3.3450716878380184,0.8012585222951178,2000,0.95
isotonic,ebm,low_cost_plus_urine_micro_model,calibration_intercept,0.13749839566033953,-0.5420621976007718,0.7736520239451988,0.33556786524245313,2000,0.95
isotonic,ebm,low_cost_plus_urine_micro_model,ece,0.029894561643903757,0.021766383091424608,0.054946276313102525,0.008582080782317664,2000,0.95
isotonic,ebm,low_cost_plus_urine_micro_model,threshold,0.5,0.5,0.5,0.0,2000,0.95
isotonic,ebm,low_cost_plus_urine_micro_model,tp,124.0,120.0,127.0,2.0260373673026995,2000,0.95
isotonic,ebm,low_cost_plus_urine_micro_model,fp,1.0,0.0,3.0,1.0067047617045524,2000,0.95
isotonic,ebm,low_cost_plus_urine_micro_model,tn,71.0,69.0,72.0,1.0067047617045524,2000,0.95
isotonic,ebm,low_cost_plus_urine_micro_model,fn,4.0,1.0,8.0,2.0260373673026995,2000,0.95
isotonic,ebm,low_cost_plus_urine_micro_model,sensitivity,0.96875,0.9375,0.9921875,0.01582841693205234,2000,0.95
isotonic,ebm,low_cost_plus_urine_micro_model,specificity,0.9861111111111112,0.9583333333333334,1.0,0.013982010579229891,2000,0.95
isotonic,ebm,low_cost_plus_urine_micro_model,precision,0.992,0.9758064516129032,1.0,0.007926474122132108,2000,0.95
isotonic,ebm,low_cost_plus_urine_micro_model,npv,0.9466666666666667,0.8961038961038961,0.9863013698630136,0.02535161242763694,2000,0.95
isotonic,ebm,low_cost_plus_urine_micro_model,f1,0.9802371541501976,0.96,0.996078431372549,0.009048444621827512,2000,0.95
isotonic,ebm,low_cost_plus_urine_micro_model,balanced_accuracy,0.9774305555555556,0.9548611111111112,0.99609375,0.010522822250319972,2000,0.95
isotonic,ebm,low_cost_plus_urine_micro_model,accuracy,0.975,0.95,0.995,0.011280029400743644,2000,0.95
isotonic,ebm,low_cost_plus_urine_micro_model,screening_threshold,0.8752461359709451,0.8752461359709451,0.8752461359709451,1.1105006845081086e-16,2000,0.95
isotonic,ebm,low_cost_plus_urine_micro_model,screening_tp,117.0,111.0,123.0,3.1872731848992157,2000,0.95
isotonic,ebm,low_cost_plus_urine_micro_model,screening_fp,0.0,0.0,0.0,0.0,2000,0.95
isotonic,ebm,low_cost_plus_urine_micro_model,screening_tn,72.0,72.0,72.0,0.0,2000,0.95
isotonic,ebm,low_cost_plus_urine_micro_model,screening_fn,11.0,5.0,17.0,3.1872731848992153,2000,0.95
isotonic,ebm,low_cost_plus_urine_micro_model,screening_sensitivity,0.9140625,0.8671875,0.9609375,0.024900571757025123,2000,0.95
isotonic,ebm,low_cost_plus_urine_micro_model,screening_specificity,1.0,1.0,1.0,0.0,2000,0.95
isotonic,ebm,low_cost_plus_urine_micro_model,screening_precision,1.0,1.0,1.0,0.0,2000,0.95
isotonic,ebm,low_cost_plus_urine_micro_model,screening_npv,0.8674698795180723,0.8089887640449438,0.935064935064935,0.033388693645540375,2000,0.95
isotonic,ebm,low_cost_plus_urine_micro_model,screening_f1,0.9551020408163265,0.9288702928870293,0.9800796812749004,0.013617607749231157,2000,0.95
isotonic,ebm,low_cost_plus_urine_micro_model,screening_balanced_accuracy,0.95703125,0.93359375,0.98046875,0.012450285878512561,2000,0.95
isotonic,ebm,low_cost_plus_urine_micro_model,screening_accuracy,0.945,0.915,0.975,0.01593636592449605,2000,0.95
none,ebm,low_cost_plus_urine_micro_model,n,200.0,200.0,200.0,0.0,2000,0.95
none,ebm,low_cost_plus_urine_micro_model,n_positive,128.0,128.0,128.0,0.0,2000,0.95
none,ebm,low_cost_plus_urine_micro_model,roc_auc,0.9895833333333334,0.9753689236111112,0.9988064236111112,0.006150114126435465,2000,0.95
none,ebm,low_cost_plus_urine_micro_model,pr_auc,0.9952162705503611,0.9890665724339341,0.9993817446043165,0.0027192684713910078,2000,0.95
none,ebm,low_cost_plus_urine_micro_model,brier,0.02372192900242871,0.008350451170474775,0.04363007321011374,0.009082816239492062,2000,0.95
none,ebm,low_cost_plus_urine_micro_model,brier_skill_score,0.8970402387047365,0.8106333628033257,0.9637567223503699,0.039421945483906526,2000,0.95
none,ebm,low_cost_plus_urine_micro_model,calibration_slope,0.8293689458091075,0.5854616242739689,1.913393762274237,0.44174825237834553,2000,0.95
none,ebm,low_cost_plus_urine_micro_model,calibration_intercept,0.49362266857284287,-0.34737513599179076,1.3405420542509436,0.4324167533671251,2000,0.95
none,ebm,low_cost_plus_urine_micro_model,ece,0.028827805530120154,0.016329166829358702,0.05228990410390694,0.009347293620062114,2000,0.95
none,ebm,low_cost_plus_urine_micro_model,threshold,0.5,0.5,0.5,0.0,2000,0.95
none,ebm,low_cost_plus_urine_micro_model,tp,123.0,118.0,127.0,2.201115672812892,2000,0.95
none,ebm,low_cost_plus_urine_micro_model,fp,0.0,0.0,0.0,0.0,2000,0.95
none,ebm,low_cost_plus_urine_micro_model,tn,72.0,72.0,72.0,0.0,2000,0.95
none,ebm,low_cost_plus_urine_micro_model,fn,5.0,1.0,10.0,2.201115672812892,2000,0.95
none,ebm,low_cost_plus_urine_micro_model,sensitivity,0.9609375,0.921875,0.9921875,0.01719621619385072,2000,0.95
none,ebm,low_cost_plus_urine_micro_model,specificity,1.0,1.0,1.0,0.0,2000,0.95
none,ebm,low_cost_plus_urine_micro_model,precision,1.0,1.0,1.0,0.0,2000,0.95
none,ebm,low_cost_plus_urine_micro_model,npv,0.935064935064935,0.8780487804878049,0.9863013698630136,0.026468933126763704,2000,0.95
none,ebm,low_cost_plus_urine_micro_model,f1,0.9800796812749004,0.959349593495935,0.996078431372549,0.008982466393482323,2000,0.95
none,ebm,low_cost_plus_urine_micro_model,balanced_accuracy,0.98046875,0.9609375,0.99609375,0.00859810809692536,2000,0.95
none,ebm,low_cost_plus_urine_micro_model,accuracy,0.975,0.95,0.995,0.01100557836406447,2000,0.95
none,ebm,low_cost_plus_urine_micro_model,screening_threshold,0.965570008305686,0.965570008305686,0.965570008305686,3.3315020535243255e-16,2000,0.95
none,ebm,low_cost_plus_urine_micro_model,screening_tp,113.0,105.0,120.0,3.6669910569438064,2000,0.95
none,ebm,low_cost_plus_urine_micro_model,screening_fp,0.0,0.0,0.0,0.0,2000,0.95
none,ebm,low_cost_plus_urine_micro_model,screening_tn,72.0,72.0,72.0,0.0,2000,0.95
none,ebm,low_cost_plus_urine_micro_model,screening_fn,15.0,8.0,23.0,3.6669910569438064,2000,0.95
none,ebm,low_cost_plus_urine_micro_model,screening_sensitivity,0.8828125,0.8203125,0.9375,0.028648367632373488,2000,0.95
none,ebm,low_cost_plus_urine_micro_model,screening_specificity,1.0,1.0,1.0,0.0,2000,0.95
none,ebm,low_cost_plus_urine_micro_model,screening_precision,1.0,1.0,1.0,0.0,2000,0.95
none,ebm,low_cost_plus_urine_micro_model,screening_npv,0.8275862068965517,0.7578947368421053,0.9,0.03475377961270375,2000,0.95
none,ebm,low_cost_plus_urine_micro_model,screening_f1,0.9377593360995851,0.9012875536480687,0.967741935483871,0.016242175996149324,2000,0.95
none,ebm,low_cost_plus_urine_micro_model,screening_balanced_accuracy,0.94140625,0.91015625,0.96875,0.014324183816186744,2000,0.95
none,ebm,low_cost_plus_urine_micro_model,screening_accuracy,0.925,0.885,0.96,0.018334955284719012,2000,0.95
sigmoid,ebm,low_cost_plus_urine_micro_model,n,200.0,200.0,200.0,0.0,2000,0.95
sigmoid,ebm,low_cost_plus_urine_micro_model,n_positive,128.0,128.0,128.0,0.0,2000,0.95
sigmoid,ebm,low_cost_plus_urine_micro_model,roc_auc,0.9898003472222222,0.9769883897569444,0.9985894097222222,0.00573817706082195,2000,0.95
sigmoid,ebm,low_cost_plus_urine_micro_model,pr_auc,0.9952610539206677,0.9895187160724432,0.9992796985815603,0.0025703794033425788,2000,0.95
sigmoid,ebm,low_cost_plus_urine_micro_model,brier,0.04285976909154317,0.03142514261857834,0.05663228870365786,0.006768213384537593,2000,0.95
sigmoid,ebm,low_cost_plus_urine_micro_model,brier_skill_score,0.8139766966512884,0.7542001358348184,0.8636061518290871,0.02937592614816664,2000,0.95
sigmoid,ebm,low_cost_plus_urine_micro_model,calibration_slope,3.475644066404749,2.4976845897863065,6.126763607860672,0.9135004165193898,2000,0.95
sigmoid,ebm,low_cost_plus_urine_micro_model,calibration_intercept,0.06383734830272424,-0.14996403158130983,0.27372955778138935,0.10911065197004341,2000,0.95
sigmoid,ebm,low_cost_plus_urine_micro_model,ece,0.10721868635059636,0.08500174140323559,0.13033959538228754,0.01140330903652293,2000,0.95
sigmoid,ebm,low_cost_plus_urine_micro_model,threshold,0.5,0.5,0.5,0.0,2000,0.95
sigmoid,ebm,low_cost_plus_urine_micro_model,tp,122.0,117.0,126.0,2.377998567828479,2000,0.95
sigmoid,ebm,low_cost_plus_urine_micro_model,fp,0.0,0.0,0.0,0.0,2000,0.95
sigmoid,ebm,low_cost_plus_urine_micro_model,tn,72.0,72.0,72.0,0.0,2000,0.95
sigmoid,ebm,low_cost_plus_urine_micro_model,fn,6.0,2.0,11.0,2.377998567828479,2000,0.95
sigmoid,ebm,low_cost_plus_urine_micro_model,sensitivity,0.953125,0.9140625,0.984375,0.018578113811159994,2000,0.95
sigmoid,ebm,low_cost_plus_urine_micro_model,specificity,1.0,1.0,1.0,0.0,2000,0.95
sigmoid,ebm,low_cost_plus_urine_micro_model,precision,1.0,1.0,1.0,0.0,2000,0.95
sigmoid,ebm,low_cost_plus_urine_micro_model,npv,0.9230769230769231,0.8674698795180723,0.972972972972973,0.027907879786299546,2000,0.95
sigmoid,ebm,low_cost_plus_urine_micro_model,f1,0.976,0.9551020408163265,0.9921259842519685,0.009779960354352546,2000,0.95
sigmoid,ebm,low_cost_plus_urine_micro_model,balanced_accuracy,0.9765625,0.95703125,0.9921875,0.009289056905579997,2000,0.95
sigmoid,ebm,low_cost_plus_urine_micro_model,accuracy,0.97,0.945,0.99,0.011889992839142403,2000,0.95
sigmoid,ebm,low_cost_plus_urine_micro_model,screening_threshold,0.605961216326022,0.605961216326022,0.605961216326022,0.0,2000,0.95
sigmoid,ebm,low_cost_plus_urine_micro_model,screening_tp,116.0,109.0,122.0,3.3150328009290675,2000,0.95
sigmoid,ebm,low_cost_plus_urine_micro_model,screening_fp,0.0,0.0,0.0,0.0,2000,0.95
sigmoid,ebm,low_cost_plus_urine_micro_model,screening_tn,72.0,72.0,72.0,0.0,2000,0.95
sigmoid,ebm,low_cost_plus_urine_micro_model,screening_fn,12.0,6.0,19.0,3.3150328009290675,2000,0.95
sigmoid,ebm,low_cost_plus_urine_micro_model,screening_sensitivity,0.90625,0.8515625,0.953125,0.02589869375725834,2000,0.95
sigmoid,ebm,low_cost_plus_urine_micro_model,screening_specificity,1.0,1.0,1.0,0.0,2000,0.95
sigmoid,ebm,low_cost_plus_urine_micro_model,screening_precision,1.0,1.0,1.0,0.0,2000,0.95
sigmoid,ebm,low_cost_plus_urine_micro_model,screening_npv,0.8571428571428571,0.7912087912087912,0.9230769230769231,0.0336474425927635,2000,0.95
sigmoid,ebm,low_cost_plus_urine_micro_model,screening_f1,0.9508196721311475,0.919831223628692,0.976,0.014318628510475176,2000,0.95
sigmoid,ebm,low_cost_plus_urine_micro_model,screening_balanced_accuracy,0.953125,0.92578125,0.9765625,0.01294934687862917,2000,0.95
sigmoid,ebm,low_cost_plus_urine_micro_model,screening_accuracy,0.94,0.905,0.97,0.01657516400464531,2000,0.95
isotonic,logreg,low_cost_plus_urine_micro_model,n,200.0,200.0,200.0,0.0,2000,0.95
isotonic,logreg,low_cost_plus_urine_micro_model,n_positive,128.0,128.0,128.0,0.0,2000,0.95
isotonic,logreg,low_cost_plus_urine_micro_model,roc_auc,0.9841579861111112,0.9680962456597222,0.9963134765625,0.007255883301776624,2000,0.95
isotonic,logreg,low_cost_plus_urine_micro_model,pr_auc,0.9926765119781109,0.9855107325884729,0.9983612980216241,0.003311475658290743,2000,0.95
isotonic,logreg,low_cost_plus_urine_micro_model,brier,0.026086956755218726,0.009209942934753627,0.0460892747018162,0.009473591887002544,2000,0.95
isotonic,logreg,low_cost_plus_urine_micro_model,brier_skill_score,0.8867753613054743,0.7999597452178117,0.9600262893456873,0.04111802034289299,2000,0.95
isotonic,logreg,low_cost_plus_urine_micro_model,calibration_slope,1.1881543570224884,0.9126346986542114,2.0729508016300584,0.29934865095945873,2000,0.95
isotonic,logreg,low_cost_plus_urine_micro_model,calibration_intercept,0.3266433339044971,-0.5057899301480335,0.9556503696172737,0.3675015402689148,2000,0.95
isotonic,logreg,low_cost_plus_urine_micro_model,ece,0.03596640593038355,0.01832799580847397,0.059365783480991,0.010696556796915883,2000,0.95
isotonic,logreg,low_cost_plus_urine_micro_model,threshold,0.5,0.5,0.5,0.0,2000,0.95
isotonic,logreg,low_cost_plus_urine_micro_model,tp,122.0,117.0,126.0,2.3662115773138943,2000,0.95
isotonic,logreg,low_cost_plus_urine_micro_model,fp,0.0,0.0,0.0,0.0,2000,0.95
isotonic,logreg,low_cost_plus_urine_micro_model,tn,72.0,72.0,72.0,0.0,2000,0.95
isotonic,logreg,low_cost_plus_urine_micro_model,fn,6.0,2.0,11.0,2.3662115773138943,2000,0.95
isotonic,logreg,low_cost_plus_urine_micro_model,sensitivity,0.953125,0.9140625,0.984375,0.0184860279477648,2000,0.95
isotonic,logreg,low_cost_plus_urine_micro_model,specificity,1.0,1.0,1.0,0.0,2000,0.95
isotonic,logreg,low_cost_plus_urine_micro_model,precision,1.0,1.0,1.0,0.0,2000,0.95
isotonic,logreg,low_cost_plus_urine_micro_model,npv,0.9230769230769231,0.8674698795180723,0.972972972972973,0.027787529728128837,2000,0.95
isotonic,logreg,low_cost_plus_urine_micro_model,f1,0.976,0.9551020408163265,0.9921259842519685,0.009729198953258888,2000,0.95
isotonic,logreg,low_cost_plus_urine_micro_model,balanced_accuracy,0.9765625,0.95703125,0.9921875,0.0092430139738824,2000,0.95
isotonic,logreg,low_cost_plus_urine_micro_model,accuracy,0.97,0.945,0.99,0.011831057886569478,2000,0.95
isotonic,logreg,low_cost_plus_urine_micro_model,screening_threshold,0.9122721518955441,0.9122721518955441,0.9122721518955441,2.221001369016217e-16,2000,0.95
isotonic,logreg,low_cost_plus_urine_micro_model,screening_tp,119.0,113.0,124.0,2.883230177791753,2000,0.95
isotonic,logreg,low_cost_plus_urine_micro_model,screening_fp,0.0,0.0,0.0,0.0,2000,0.95
isotonic,logreg,low_cost_plus_urine_micro_model,screening_tn,72.0,72.0,72.0,0.0,2000,0.95
isotonic,logreg,low_cost_plus_urine_micro_model,screening_fn,9.0,4.0,15.0,2.883230177791753,2000,0.95
isotonic,logreg,low_cost_plus_urine_micro_model,screening_sensitivity,0.9296875,0.8828125,0.96875,0.02252523576399807,2000,0.95
isotonic,logreg,low_cost_plus_urine_micro_model,screening_specificity,1.0,1.0,1.0,0.0,2000,0.95
isotonic,logreg,low_cost_plus_urine_micro_model,screening_precision,1.0,1.0,1.0,0.0,2000,0.95
isotonic,logreg,low_cost_plus_urine_micro_model,screening_npv,0.8888888888888888,0.8275862068965517,0.9473684210526315,0.03144676749592366,2000,0.95
isotonic,logreg,low_cost_plus_urine_micro_model,screening_f1,0.9635627530364372,0.9377593360995851,0.9841269841269841,0.012146562455839924,2000,0.95
isotonic,logreg,low_cost_plus_urine_micro_model,screening_balanced_accuracy,0.96484375,0.94140625,0.984375,0.011262617881999035,2000,0.95
isotonic,logreg,low_cost_plus_urine_micro_model,screening_accuracy,0.955,0.925,0.98,0.014416150888958756,2000,0.95
none,logreg,low_cost_plus_urine_micro_model,n,200.0,200.0,200.0,0.0,2000,0.95
none,logreg,low_cost_plus_urine_micro_model,n_positive,128.0,128.0,128.0,0.0,2000,0.95
none,logreg,low_cost_plus_urine_micro_model,roc_auc,0.9868706597222222,0.9717854817708333,0.9971788194444444,0.006679974359779504,2000,0.95
none,logreg,low_cost_plus_urine_micro_model,pr_auc,0.9938169405166811,0.9871217890330055,0.9985599573130957,0.003029024413378136,2000,0.95
none,logreg,low_cost_plus_urine_micro_model,brier,0.04993816365425865,0.03411213226007661,0.0696633111269649,0.009038372696566379,2000,0.95
none,logreg,low_cost_plus_urine_micro_model,brier_skill_score,0.7832544980283913,0.6976418787892147,0.851943870398973,0.039229048162180466,2000,0.95
none,logreg,low_cost_plus_urine_micro_model,calibration_slope,3.8058104075665002,2.8720775017634113,7.584397513699802,1.2897019947233097,2000,0.95
none,logreg,low_cost_plus_urine_micro_model,calibration_intercept,0.5405850902517214,0.35228309104362404,0.7337947184030554,0.09875899770135399,2000,0.95
none,logreg,low_cost_plus_urine_micro_model,ece,0.10038624126027386,0.07977882757486278,0.12740506198319393,0.012244727960827094,2000,0.95
none,logreg,low_cost_plus_urine_micro_model,threshold,0.5,0.5,0.5,0.0,2000,0.95
none,logreg,low_cost_plus_urine_micro_model,tp,117.0,110.0,123.0,3.2341103080665587,2000,0.95
none,logreg,low_cost_plus_urine_micro_model,fp,0.0,0.0,0.0,0.0,2000,0.95
none,logreg,low_cost_plus_urine_micro_model,tn,72.0,72.0,72.0,0.0,2000,0.95
none,logreg,low_cost_plus_urine_micro_model,fn,11.0,5.0,18.0,3.2341103080665583,2000,0.95
none,logreg,low_cost_plus_urine_micro_model,sensitivity,0.9140625,0.859375,0.9609375,0.02526648678176999,2000,0.95
none,logreg,low_cost_plus_urine_micro_model,specificity,1.0,1.0,1.0,0.0,2000,0.95
none,logreg,low_cost_plus_urine_micro_model,precision,1.0,1.0,1.0,0.0,2000,0.95
none,logreg,low_cost_plus_urine_micro_model,npv,0.8674698795180723,0.8,0.935064935064935,0.03353203748339848,2000,0.95
none,logreg,low_cost_plus_urine_micro_model,f1,0.9551020408163265,0.9243697478991597,0.9800796812749004,0.013866434593773222,2000,0.95
none,logreg,low_cost_plus_urine_micro_model,balanced_accuracy,0.95703125,0.9296875,0.98046875,0.012633243390884995,2000,0.95
none,logreg,low_cost_plus_urine_micro_model,accuracy,0.945,0.91,0.975,0.016170551540332766,2000,0.95
none,logreg,low_cost_plus_urine_micro_model,screening_threshold,0.5056422340813809,0.5056422340813809,0.5056422340813809,0.0,2000,0.95
none,logreg,low_cost_plus_urine_micro_model,screening_tp,117.0,110.0,123.0,3.2341103080665587,2000,0.95
none,logreg,low_cost_plus_urine_micro_model,screening_fp,0.0,0.0,0.0,0.0,2000,0.95
none,logreg,low_cost_plus_urine_micro_model,screening_tn,72.0,72.0,72.0,0.0,2000,0.95
none,logreg,low_cost_plus_urine_micro_model,screening_fn,11.0,5.0,18.0,3.2341103080665583,2000,0.95
none,logreg,low_cost_plus_urine_micro_model,screening_sensitivity,0.9140625,0.859375,0.9609375,0.02526648678176999,2000,0.95
none,logreg,low_cost_plus_urine_micro_model,screening_specificity,1.0,1.0,1.0,0.0,2000,0.95
none,logreg,low_cost_plus_urine_micro_model,screening_precision,1.0,1.0,1.0,0.0,2000,0.95
none,logreg,low_cost_plus_urine_micro_model,screening_npv,0.8674698795180723,0.8,0.935064935064935,0.03353203748339848,2000,0.95
none,logreg,low_cost_plus_urine_micro_model,screening_f1,0.9551020408163265,0.9243697478991597,0.9800796812749004,0.013866434593773222,2000,0.95
none,logreg,low_cost_plus_urine_micro_model,screening_balanced_accuracy,0.95703125,0.9296875,0.98046875,0.012633243390884995,2000,0.95
none,logreg,low_cost_plus_urine_micro_model,screening_accuracy,0.945,0.91,0.975,0.016170551540332766,2000,0.95
sigmoid,logreg,low_cost_plus_urine_micro_model,n,200.0,200.0,200.0,0.0,2000,0.95
sigmoid,logreg,low_cost_plus_urine_micro_model,n_positive,128.0,128.0,128.0,0.0,2000,0.95
sigmoid,logreg,low_cost_plus_urine_micro_model,roc_auc,0.981662326388889,0.9633246527777778,0.9959852430555555,0.008312835188907231,2000,0.95
sigmoid,logreg,low_cost_plus_urine_micro_model,pr_auc,0.9917521486615528,0.983740041790022,0.9982481060606061,0.0037113785070244923,2000,0.95
sigmoid,logreg,low_cost_plus_urine_micro_model,brier,0.04244520757560622,0.02824179302282686,0.05835825061996722,0.007683396099464456,2000,0.95
sigmoid,logreg,low_cost_plus_urine_micro_model,brier_skill_score,0.8157760087864313,0.74670898168417,0.8774227733384251,0.03334807334837003,2000,0.95
sigmoid,logreg,low_cost_plus_urine_micro_model,calibration_slope,3.1787274628686846,2.4029392844791397,5.57624460173503,1.0507372253055622,2000,0.95
sigmoid,logreg,low_cost_plus_urine_micro_model,calibration_intercept,0.06034176940308931,-0.16307741351180235,0.28750412556511035,0.11497084379728567,2000,0.95
sigmoid,logreg,low_cost_plus_urine_micro_model,ece,0.09386281305821541,0.06918590066361086,0.11698640780333953,0.012255033800044963,2000,0.95
sigmoid,logreg,low_cost_plus_urine_micro_model,threshold,0.5,0.5,0.5,0.0,2000,0.95
sigmoid,logreg,low_cost_plus_urine_micro_model,tp,122.0,117.0,126.0,2.3707652802432815,2000,0.95
sigmoid,logreg,low_cost_plus_urine_micro_model,fp,0.0,0.0,0.0,0.0,2000,0.95
sigmoid,logreg,low_cost_plus_urine_micro_model,tn,72.0,72.0,72.0,0.0,2000,0.95
sigmoid,logreg,low_cost_plus_urine_micro_model,fn,6.0,2.0,11.0,2.370765280243281,2000,0.95
sigmoid,logreg,low_cost_plus_urine_micro_model,sensitivity,0.953125,0.9140625,0.984375,0.018521603751900637,2000,0.95
sigmoid,logreg,low_cost_plus_urine_micro_model,specificity,1.0,1.0,1.0,0.0,2000,0.95
sigmoid,logreg,low_cost_plus_urine_micro_model,precision,1.0,1.0,1.0,0.0,2000,0.95
sigmoid,logreg,low_cost_plus_urine_micro_model,npv,0.9230769230769231,0.8674698795180723,0.972972972972973,0.02788833310203926,2000,0.95
sigmoid,logreg,low_cost_plus_urine_micro_model,f1,0.976,0.9551020408163265,0.9921259842519685,0.009742168975073155,2000,0.95
sigmoid,logreg,low_cost_plus_urine_micro_model,balanced_accuracy,0.9765625,0.95703125,0.9921875,0.009260801875950318,2000,0.95
sigmoid,logreg,low_cost_plus_urine_micro_model,accuracy,0.97,0.945,0.99,0.011853826401216416,2000,0.95
sigmoid,logreg,low_cost_plus_urine_micro_model,screening_threshold,0.598059519333468,0.598059519333468,0.598059519333468,0.0,2000,0.95
sigmoid,logreg,low_cost_plus_urine_micro_model,screening_tp,118.0,112.0,123.0,3.050236338525333,2000,0.95
sigmoid,logreg,low_cost_plus_urine_micro_model,screening_fp,0.0,0.0,0.0,0.0,2000,0.95
sigmoid,logreg,low_cost_plus_urine_micro_model,screening_tn,72.0,72.0,72.0,0.0,2000,0.95
sigmoid,logreg,low_cost_plus_urine_micro_model,screening_fn,10.0,5.0,16.0,3.050236338525333,2000,0.95
sigmoid,logreg,low_cost_plus_urine_micro_model,screening_sensitivity,0.921875,0.875,0.9609375,0.023829971394729164,2000,0.95
sigmoid,logreg,low_cost_plus_urine_micro_model,screening_specificity,1.0,1.0,1.0,0.0,2000,0.95
sigmoid,logreg,low_cost_plus_urine_micro_model,screening_precision,1.0,1.0,1.0,0.0,2000,0.95
sigmoid,logreg,low_cost_plus_urine_micro_model,screening_npv,0.8780487804878049,0.8181818181818182,0.935064935064935,0.032444915386989924,2000,0.95
sigmoid,logreg,low_cost_plus_urine_micro_model,screening_f1,0.959349593495935,0.9333333333333333,0.9800796812749004,0.012963528110739565,2000,0.95
sigmoid,logreg,low_cost_plus_urine_micro_model,screening_balanced_accuracy,0.9609375,0.9375,0.98046875,0.011914985697364582,2000,0.95
sigmoid,logreg,low_cost_plus_urine_micro_model,screening_accuracy,0.95,0.92,0.975,0.015251181692626644,2000,0.95
isotonic,random_forest,low_cost_plus_urine_micro_model,n,200.0,200.0,200.0,0.0,2000,0.95
isotonic,random_forest,low_cost_plus_urine_micro_model,n_positive,128.0,128.0,128.0,0.0,2000,0.95
isotonic,random_forest,low_cost_plus_urine_micro_model,roc_auc,0.9906684027777778,0.9778618706597222,0.9991319444444444,0.005481805886710363,2000,0.95
isotonic,random_forest,low_cost_plus_urine_micro_model,pr_auc,0.99559193192691,0.9897884924447337,0.9995404411764706,0.0025203328658983406,2000,0.95
isotonic,random_forest,low_cost_plus_urine_micro_model,brier,0.021850950209804057,0.007364680343225089,0.04047099098452794,0.008800860502820822,2000,0.95
isotonic,random_forest,low_cost_plus_urine_micro_model,brier_skill_score,0.9051608063810588,0.8243446571852087,0.9680352415658633,0.03819817926571538,2000,0.95
isotonic,random_forest,low_cost_plus_urine_micro_model,calibration_slope,0.9377210168454321,0.6799521984239003,1.6205285841696075,0.24002727945973845,2000,0.95
isotonic,random_forest,low_cost_plus_urine_micro_model,calibration_intercept,0.06079267253023834,-0.9617080585877551,0.8924364895392758,0.4633976310926428,2000,0.95
isotonic,random_forest,low_cost_plus_urine_micro_model,ece,0.019710633901538058,0.010946349680295333,0.044341805559158926,0.008543789405647973,2000,0.95
isotonic,random_forest,low_cost_plus_urine_micro_model,threshold,0.5,0.5,0.5,0.0,2000,0.95
isotonic,random_forest,low_cost_plus_urine_micro_model,tp,124.0,120.0,127.0,1.9997195901474811,2000,0.95
isotonic,random_forest,low_cost_plus_urine_micro_model,fp,0.0,0.0,0.0,0.0,2000,0.95
isotonic,random_forest,low_cost_plus_urine_micro_model,tn,72.0,72.0,72.0,0.0,2000,0.95
isotonic,random_forest,low_cost_plus_urine_micro_model,fn,4.0,1.0,8.0,1.9997195901474811,2000,0.95
isotonic,random_forest,low_cost_plus_urine_micro_model,sensitivity,0.96875,0.9375,0.9921875,0.015622809298027196,2000,0.95
isotonic,random_forest,low_cost_plus_urine_micro_model,specificity,1.0,1.0,1.0,0.0,2000,0.95
isotonic,random_forest,low_cost_plus_urine_micro_model,precision,1.0,1.0,1.0,0.0,2000,0.95
isotonic,random_forest,low_cost_plus_urine_micro_model,npv,0.9473684210526315,0.9,0.9863013698630136,0.024629885386092745,2000,0.95
isotonic,random_forest,low_cost_plus_urine_micro_model,f1,0.9841269841269841,0.967741935483871,0.996078431372549,0.008099689383647118,2000,0.95
isotonic,random_forest,low_cost_plus_urine_micro_model,balanced_accuracy,0.984375,0.96875,0.99609375,0.007811404649013598,2000,0.95
isotonic,random_forest,low_cost_plus_urine_micro_model,accuracy,0.98,0.96,0.995,0.009998597950737416,2000,0.95
isotonic,random_forest,low_cost_plus_urine_micro_model,screening_threshold,0.9498496793988577,0.9498496793988577,0.9498496793988577,0.0,2000,0.95
isotonic,random_forest,low_cost_plus_urine_micro_model,screening_tp,120.0,114.0,125.0,2.747593198454257,2000,0.95
isotonic,random_forest,low_cost_plus_urine_micro_model,screening_fp,0.0,0.0,0.0,0.0,2000,0.95
isotonic,random_forest,low_cost_plus_urine_micro_model,screening_tn,72.0,72.0,72.0,0.0,2000,0.95
isotonic,random_forest,low_cost_plus_urine_micro_model,screening_fn,8.0,3.0,14.0,2.747593198454257,2000,0.95
isotonic,random_forest,low_cost_plus_urine_micro_model,screening_sensitivity,0.9375,0.890625,0.9765625,0.021465571862923884,2000,0.95
isotonic,random_forest,low_cost_plus_urine_micro_model,screening_specificity,1.0,1.0,1.0,0.0,2000,0.95
isotonic,random_forest,low_cost_plus_urine_micro_model,screening_precision,1.0,1.0,1.0,0.0,2000,0.95
isotonic,random_forest,low_cost_plus_urine_micro_model,screening_npv,0.9,0.8372093023255814,0.96,0.030691322161061636,2000,0.95
isotonic,random_forest,low_cost_plus_urine_micro_model,screening_f1,0.967741935483871,0.9421487603305785,0.9881422924901185,0.011485214358193666,2000,0.95
isotonic,random_forest,low_cost_plus_urine_micro_model,screening_balanced_accuracy,0.96875,0.9453125,0.98828125,0.010732785931461942,2000,0.95
isotonic,random_forest,low_cost_plus_urine_micro_model,screening_accuracy,0.96,0.93,0.985,0.013737965992271286,2000,0.95
none,random_forest,low_cost_plus_urine_micro_model,n,200.0,200.0,200.0,0.0,2000,0.95
none,random_forest,low_cost_plus_urine_micro_model,n_positive,128.0,128.0,128.0,0.0,2000,0.95
none,random_forest,low_cost_plus_urine_micro_model,roc_auc,0.9918619791666667,0.9798149956597223,0.9993516710069444,0.005241394875577849,2000,0.95
none,random_forest,low_cost_plus_urine_micro_model,pr_auc,0.9961720184420161,0.9909211716129623,0.9996515893277971,0.0023557251831738363,2000,0.95
none,random_forest,low_cost_plus_urine_micro_model,brier,0.03344466806427167,0.020937269373376206,0.04927640975882644,0.0074131129939641,2000,0.95
none,random_forest,low_cost_plus_urine_micro_model,brier_skill_score,0.8548408504154875,0.7861266937550935,0.909126435011388,0.032174969591858074,2000,0.95
none,random_forest,low_cost_plus_urine_micro_model,calibration_slope,2.849190032054272,2.233816334563351,4.519584110201959,0.6001656127966253,2000,0.95
none,random_forest,low_cost_plus_urine_micro_model,calibration_intercept,0.2528942993957726,0.0309729548736423,0.48926690147442703,0.11350117237041002,2000,0.95
none,random_forest,low_cost_plus_urine_micro_model,ece,0.08429452113759812,0.06764283395966933,0.10747838995575525,0.009966778494548169,2000,0.95
none,random_forest,low_cost_plus_urine_micro_model,threshold,0.5,0.5,0.5,0.0,2000,0.95
none,random_forest,low_cost_plus_urine_micro_model,tp,123.0,118.0,127.0,2.288236824256165,2000,0.95
none,random_forest,low_cost_plus_urine_micro_model,fp,0.0,0.0,0.0,0.0,2000,0.95
none,random_forest,low_cost_plus_urine_micro_model,tn,72.0,72.0,72.0,0.0,2000,0.95
none,random_forest,low_cost_plus_urine_micro_model,fn,5.0,1.0,10.0,2.2882368242561655,2000,0.95
none,random_forest,low_cost_plus_urine_micro_model,sensitivity,0.9609375,0.921875,0.9921875,0.01787685018950129,2000,0.95
none,random_forest,low_cost_plus_urine_micro_model,specificity,1.0,1.0,1.0,0.0,2000,0.95
none,random_forest,low_cost_plus_urine_micro_model,precision,1.0,1.0,1.0,0.0,2000,0.95
none,random_forest,low_cost_plus_urine_micro_model,npv,0.935064935064935,0.8780487804878049,0.9863013698630136,0.027561837844773784,2000,0.95
none,random_forest,low_cost_plus_urine_micro_model,f1,0.9800796812749004,0.959349593495935,0.996078431372549,0.009334354214556249,2000,0.95
none,random_forest,low_cost_plus_urine_micro_model,balanced_accuracy,0.98046875,0.9609375,0.99609375,0.008938425094750645,2000,0.95
none,random_forest,low_cost_plus_urine_micro_model,accuracy,0.975,0.95,0.995,0.011441184121280836,2000,0.95
none,random_forest,low_cost_plus_urine_micro_model,screening_threshold,0.6706787473957511,0.6706787473957511,0.6706787473957511,0.0,2000,0.95
none,random_forest,low_cost_plus_urine_micro_model,screening_tp,116.0,109.0,122.0,3.374968585998726,2000,0.95
none,random_forest,low_cost_plus_urine_micro_model,screening_fp,0.0,0.0,0.0,0.0,2000,0.95
none,random_forest,low_cost_plus_urine_micro_model,screening_tn,72.0,72.0,72.0,0.0,2000,0.95
none,random_forest,low_cost_plus_urine_micro_model,screening_fn,12.0,6.0,19.0,3.374968585998726,2000,0.95
none,random_forest,low_cost_plus_urine_micro_model,screening_sensitivity,0.90625,0.8515625,0.953125,0.026366942078115047,2000,0.95
none,random_forest,low_cost_plus_urine_micro_model,screening_specificity,1.0,1.0,1.0,0.0,2000,0.95
none,random_forest,low_cost_plus_urine_micro_model,screening_precision,1.0,1.0,1.0,0.0,2000,0.95
none,random_forest,low_cost_plus_urine_micro_model,screening_npv,0.8571428571428571,0.7912087912087912,0.9230769230769231,0.03430419688647067,2000,0.95
none,random_forest,low_cost_plus_urine_micro_model,screening_f1,0.9508196721311475,0.919831223628692,0.976,0.014575955982676213,2000,0.95
none,random_forest,low_cost_plus_urine_micro_model,screening_balanced_accuracy,0.953125,0.92578125,0.9765625,0.013183471039057523,2000,0.95
none,random_forest,low_cost_plus_urine_micro_model,screening_accuracy,0.94,0.905,0.97,0.0168748429299936,2000,0.95
sigmoid,random_forest,low_cost_plus_urine_micro_model,n,200.0,200.0,200.0,0.0,2000,0.95
sigmoid,random_forest,low_cost_plus_urine_micro_model,n_positive,128.0,128.0,128.0,0.0,2000,0.95
sigmoid,random_forest,low_cost_plus_urine_micro_model,roc_auc,0.9909939236111112,0.9795979817708333,0.9989149305555555,0.004943156670658998,2000,0.95
sigmoid,random_forest,low_cost_plus_urine_micro_model,pr_auc,0.9956585657999815,0.9904497523593769,0.9994338768115942,0.0023317363920000883,2000,0.95
sigmoid,random_forest,low_cost_plus_urine_micro_model,brier,0.026089962691737648,0.013106044898097474,0.042538699863722225,0.007541577144580174,2000,0.95
sigmoid,random_forest,low_cost_plus_urine_micro_model,brier_skill_score,0.8867623147059998,0.8153702262859278,0.9431161245742297,0.03273253969001812,2000,0.95
sigmoid,random_forest,low_cost_plus_urine_micro_model,calibration_slope,2.146780812534853,1.7451585867113955,3.124277593134999,0.4045233434410325,2000,0.95
sigmoid,random_forest,low_cost_plus_urine_micro_model,calibration_intercept,0.04909384561533267,-0.19545802604071788,0.3057031829460533,0.13033571953392645,2000,0.95
sigmoid,random_forest,low_cost_plus_urine_micro_model,ece,0.05919608382999931,0.04309466023083559,0.07719343707293269,0.008968691602050308,2000,0.95
sigmoid,random_forest,low_cost_plus_urine_micro_model,threshold,0.5,0.5,0.5,0.0,2000,0.95
sigmoid,random_forest,low_cost_plus_urine_micro_model,tp,124.0,120.0,127.0,1.9717867459453475,2000,0.95
sigmoid,random_forest,low_cost_plus_urine_micro_model,fp,0.0,0.0,0.0,0.0,2000,0.95
sigmoid,random_forest,low_cost_plus_urine_micro_model,tn,72.0,72.0,72.0,0.0,2000,0.95
sigmoid,random_forest,low_cost_plus_urine_micro_model,fn,4.0,1.0,8.0,1.9717867459453475,2000,0.95
sigmoid,random_forest,low_cost_plus_urine_micro_model,sensitivity,0.96875,0.9375,0.9921875,0.015404583952698028,2000,0.95
sigmoid,random_forest,low_cost_plus_urine_micro_model,specificity,1.0,1.0,1.0,0.0,2000,0.95
sigmoid,random_forest,low_cost_plus_urine_micro_model,precision,1.0,1.0,1.0,0.0,2000,0.95
sigmoid,random_forest,low_cost_plus_urine_micro_model,npv,0.9473684210526315,0.9,0.9863013698630136,0.024375282848685825,2000,0.95
sigmoid,random_forest,low_cost_plus_urine_micro_model,f1,0.9841269841269841,0.967741935483871,0.996078431372549,0.007977017310539411,2000,0.95
sigmoid,random_forest,low_cost_plus_urine_micro_model,balanced_accuracy,0.984375,0.96875,0.99609375,0.007702291976349014,2000,0.95
sigmoid,random_forest,low_cost_plus_urine_micro_model,accuracy,0.98,0.96,0.995,0.009858933729726746,2000,0.95
sigmoid,random_forest,low_cost_plus_urine_micro_model,screening_threshold,0.7878031205941268,0.7878031205941268,0.7878031205941268,1.1105006845081086e-16,2000,0.95
sigmoid,random_forest,low_cost_plus_urine_micro_model,screening_tp,117.0,110.0,123.0,3.160123880715871,2000,0.95
sigmoid,random_forest,low_cost_plus_urine_micro_model,screening_fp,0.0,0.0,0.0,0.0,2000,0.95
sigmoid,random_forest,low_cost_plus_urine_micro_model,screening_tn,72.0,72.0,72.0,0.0,2000,0.95
sigmoid,random_forest,low_cost_plus_urine_micro_model,screening_fn,11.0,5.0,18.0,3.160123880715871,2000,0.95
sigmoid,random_forest,low_cost_plus_urine_micro_model,screening_sensitivity,0.9140625,0.859375,0.9609375,0.02468846781809274,2000,0.95
sigmoid,random_forest,low_cost_plus_urine_micro_model,screening_specificity,1.0,1.0,1.0,0.0,2000,0.95
sigmoid,random_forest,low_cost_plus_urine_micro_model,screening_precision,1.0,1.0,1.0,0.0,2000,0.95
sigmoid,random_forest,low_cost_plus_urine_micro_model,screening_npv,0.8674698795180723,0.8,0.935064935064935,0.032784468589472406,2000,0.95
sigmoid,random_forest,low_cost_plus_urine_micro_model,screening_f1,0.9551020408163265,0.9243697478991597,0.9800796812749004,0.013546081955549844,2000,0.95
sigmoid,random_forest,low_cost_plus_urine_micro_model,screening_balanced_accuracy,0.95703125,0.9296875,0.98046875,0.01234423390904637,2000,0.95
sigmoid,random_forest,low_cost_plus_urine_micro_model,screening_accuracy,0.945,0.91,0.975,0.015800619403579328,2000,0.95
isotonic,svm,low_cost_plus_urine_micro_model,n,200.0,200.0,200.0,0.0,2000,0.95
isotonic,svm,low_cost_plus_urine_micro_model,n_positive,128.0,128.0,128.0,0.0,2000,0.95
isotonic,svm,low_cost_plus_urine_micro_model,roc_auc,0.9908854166666666,0.9771023220486111,0.9997829861111112,0.005786691550415308,2000,0.95
isotonic,svm,low_cost_plus_urine_micro_model,pr_auc,0.9958407073419474,0.9898670989794699,0.9998798076923077,0.0025599702377721773,2000,0.95
isotonic,svm,low_cost_plus_urine_micro_model,brier,0.021089959242769015,0.006508071607949375,0.03890950780081123,0.008455129026731371,2000,0.95
isotonic,svm,low_cost_plus_urine_micro_model,brier_skill_score,0.9084637185643706,0.8311219279478679,0.9717531614238308,0.03669760862296602,2000,0.95
isotonic,svm,low_cost_plus_urine_micro_model,calibration_slope,1.1124284384272147,0.7856106649948306,2.5662143533984763,0.4556758099320969,2000,0.95
isotonic,svm,low_cost_plus_urine_micro_model,calibration_intercept,0.24793684225841553,-0.6625048459957495,0.9048441323738448,0.3998038543504484,2000,0.95
isotonic,svm,low_cost_plus_urine_micro_model,ece,0.015049577565559084,0.008793457225286475,0.03743813140397562,0.007717582592415532,2000,0.95
isotonic,svm,low_cost_plus_urine_micro_model,threshold,0.5,0.5,0.5,0.0,2000,0.95
isotonic,svm,low_cost_plus_urine_micro_model,tp,123.0,118.0,127.0,2.2022858082889005,2000,0.95
isotonic,svm,low_cost_plus_urine_micro_model,fp,0.0,0.0,0.0,0.0,2000,0.95
isotonic,svm,low_cost_plus_urine_micro_model,tn,72.0,72.0,72.0,0.0,2000,0.95
isotonic,svm,low_cost_plus_urine_micro_model,fn,5.0,1.0,10.0,2.2022858082889005,2000,0.95
isotonic,svm,low_cost_plus_urine_micro_model,sensitivity,0.9609375,0.921875,0.9921875,0.017205357877257035,2000,0.95
isotonic,svm,low_cost_plus_urine_micro_model,specificity,1.0,1.0,1.0,0.0,2000,0.95
isotonic,svm,low_cost_plus_urine_micro_model,precision,1.0,1.0,1.0,0.0,2000,0.95
isotonic,svm,low_cost_plus_urine_micro_model,npv,0.935064935064935,0.8780487804878049,0.9863013698630136,0.02652752306071435,2000,0.95
isotonic,svm,low_cost_plus_urine_micro_model,f1,0.9800796812749004,0.959349593495935,0.996078431372549,0.008982249642757316,2000,0.95
isotonic,svm,low_cost_plus_urine_micro_model,balanced_accuracy,0.98046875,0.9609375,0.99609375,0.008602678938628518,2000,0.95
isotonic,svm,low_cost_plus_urine_micro_model,accuracy,0.975,0.95,0.995,0.011011429041444512,2000,0.95
isotonic,svm,low_cost_plus_urine_micro_model,screening_threshold,0.9640417314773141,0.9640417314773141,0.9640417314773141,0.0,2000,0.95
isotonic,svm,low_cost_plus_urine_micro_model,screening_tp,118.0,111.0,123.0,3.0142389700029,2000,0.95
isotonic,svm,low_cost_plus_urine_micro_model,screening_fp,0.0,0.0,0.0,0.0,2000,0.95
isotonic,svm,low_cost_plus_urine_micro_model,screening_tn,72.0,72.0,72.0,0.0,2000,0.95
isotonic,svm,low_cost_plus_urine_micro_model,screening_fn,10.0,5.0,17.0,3.0142389700029,2000,0.95
isotonic,svm,low_cost_plus_urine_micro_model,screening_sensitivity,0.921875,0.8671875,0.9609375,0.023548741953147656,2000,0.95
isotonic,svm,low_cost_plus_urine_micro_model,screening_specificity,1.0,1.0,1.0,0.0,2000,0.95
isotonic,svm,low_cost_plus_urine_micro_model,screening_precision,1.0,1.0,1.0,0.0,2000,0.95
isotonic,svm,low_cost_plus_urine_micro_model,screening_npv,0.8780487804878049,0.8089887640449438,0.935064935064935,0.03202859041407473,2000,0.95
isotonic,svm,low_cost_plus_urine_micro_model,screening_f1,0.959349593495935,0.9288702928870293,0.9800796812749004,0.012814458568461645,2000,0.95
isotonic,svm,low_cost_plus_urine_micro_model,screening_balanced_accuracy,0.9609375,0.93359375,0.98046875,0.011774370976573828,2000,0.95
isotonic,svm,low_cost_plus_urine_micro_model,screening_accuracy,0.95,0.915,0.975,0.01507119485001448,2000,0.95
none,svm,low_cost_plus_urine_micro_model,n,200.0,200.0,200.0,0.0,2000,0.95
none,svm,low_cost_plus_urine_micro_model,n_positive,128.0,128.0,128.0,0.0,2000,0.95
none,svm,low_cost_plus_urine_micro_model,roc_auc,0.990017361111111,0.975802951388889,0.9998914930555556,0.00622860870054046,2000,0.95
none,svm,low_cost_plus_urine_micro_model,pr_auc,0.9955236077691798,0.9895065113743504,0.9999394379844961,0.0027235251780331846,2000,0.95
none,svm,low_cost_plus_urine_micro_model,brier,0.023964673655137377,0.009361741973930858,0.04201765600121042,0.008230226510471611,2000,0.95
none,svm,low_cost_plus_urine_micro_model,brier_skill_score,0.8959866594829107,0.8176317013836353,0.9593674393492584,0.03572146922947748,2000,0.95
none,svm,low_cost_plus_urine_micro_model,calibration_slope,2.245254190059724,1.480173950652031,10.10705325705794,2.3125713633780434,2000,0.95
none,svm,low_cost_plus_urine_micro_model,calibration_intercept,0.03840309757264619,-0.4932784264724676,0.4571627913169869,0.2394224278537048,2000,0.95
none,svm,low_cost_plus_urine_micro_model,ece,0.029458004136161984,0.017702096107081088,0.05047675710809501,0.008338417396598683,2000,0.95
none,svm,low_cost_plus_urine_micro_model,threshold,0.5,0.5,0.5,0.0,2000,0.95
none,svm,low_cost_plus_urine_micro_model,tp,123.0,118.0,127.0,2.186325915892974,2000,0.95
none,svm,low_cost_plus_urine_micro_model,fp,0.0,0.0,0.0,0.0,2000,0.95
none,svm,low_cost_plus_urine_micro_model,tn,72.0,72.0,72.0,0.0,2000,0.95
none,svm,low_cost_plus_urine_micro_model,fn,5.0,1.0,10.0,2.186325915892974,2000,0.95
none,svm,low_cost_plus_urine_micro_model,sensitivity,0.9609375,0.921875,0.9921875,0.01708067121791386,2000,0.95
none,svm,low_cost_plus_urine_micro_model,specificity,1.0,1.0,1.0,0.0,2000,0.95
none,svm,low_cost_plus_urine_micro_model,precision,1.0,1.0,1.0,0.0,2000,0.95
none,svm,low_cost_plus_urine_micro_model,npv,0.935064935064935,0.8780487804878049,0.9863013698630136,0.02630236766328074,2000,0.95
none,svm,low_cost_plus_urine_micro_model,f1,0.9800796812749004,0.959349593495935,0.996078431372549,0.008922244196192634,2000,0.95
none,svm,low_cost_plus_urine_micro_model,balanced_accuracy,0.98046875,0.9609375,0.99609375,0.00854033560895693,2000,0.95
none,svm,low_cost_plus_urine_micro_model,accuracy,0.975,0.95,0.995,0.01093162957946488,2000,0.95
none,svm,low_cost_plus_urine_micro_model,screening_threshold,0.8702995419143739,0.8702995419143739,0.8702995419143739,0.0,2000,0.95
none,svm,low_cost_plus_urine_micro_model,screening_tp,117.0,110.0,123.0,3.2577787772162554,2000,0.95
none,svm,low_cost_plus_urine_micro_model,screening_fp,0.0,0.0,0.0,0.0,2000,0.95
none,svm,low_cost_plus_urine_micro_model,screening_tn,72.0,72.0,72.0,0.0,2000,0.95
none,svm,low_cost_plus_urine_micro_model,screening_fn,11.0,5.0,18.0,3.2577787772162554,2000,0.95
none,svm,low_cost_plus_urine_micro_model,screening_sensitivity,0.9140625,0.859375,0.9609375,0.025451396697001995,2000,0.95
none,svm,low_cost_plus_urine_micro_model,screening_specificity,1.0,1.0,1.0,0.0,2000,0.95
none,svm,low_cost_plus_urine_micro_model,screening_precision,1.0,1.0,1.0,0.0,2000,0.95
none,svm,low_cost_plus_urine_micro_model,screening_npv,0.8674698795180723,0.8,0.935064935064935,0.03396090572389198,2000,0.95
none,svm,low_cost_plus_urine_micro_model,screening_f1,0.9551020408163265,0.9243697478991597,0.9800796812749004,0.013945908188524706,2000,0.95
none,svm,low_cost_plus_urine_micro_model,screening_balanced_accuracy,0.95703125,0.9296875,0.98046875,0.012725698348500998,2000,0.95
none,svm,low_cost_plus_urine_micro_model,screening_accuracy,0.945,0.91,0.975,0.016288893886081252,2000,0.95
sigmoid,svm,low_cost_plus_urine_micro_model,n,200.0,200.0,200.0,0.0,2000,0.95
sigmoid,svm,low_cost_plus_urine_micro_model,n_positive,128.0,128.0,128.0,0.0,2000,0.95
sigmoid,svm,low_cost_plus_urine_micro_model,roc_auc,0.989474826388889,0.9754747178819446,0.9998914930555556,0.006237297920379684,2000,0.95
sigmoid,svm,low_cost_plus_urine_micro_model,pr_auc,0.9953020720598845,0.9892114082014458,0.9999394379844961,0.002732605682569423,2000,0.95
sigmoid,svm,low_cost_plus_urine_micro_model,brier,0.03225148626388131,0.019620622802743386,0.04776036909538737,0.007219346812832162,2000,0.95
sigmoid,svm,low_cost_plus_urine_micro_model,brier_skill_score,0.8600195908685707,0.7927067313568256,0.9148410468630928,0.031333970541806255,2000,0.95
sigmoid,svm,low_cost_plus_urine_micro_model,calibration_slope,3.641878569219395,2.466102784641566,11.687173253526502,2.431398765877144,2000,0.95
sigmoid,svm,low_cost_plus_urine_micro_model,calibration_intercept,0.04039049644465517,-0.2060161708669907,0.2653517334218506,0.12060858641053404,2000,0.95
sigmoid,svm,low_cost_plus_urine_micro_model,ece,0.0710175397467989,0.051616843908117535,0.0914879961720615,0.010152518340993837,2000,0.95
sigmoid,svm,low_cost_plus_urine_micro_model,threshold,0.5,0.5,0.5,0.0,2000,0.95
sigmoid,svm,low_cost_plus_urine_micro_model,tp,123.0,118.0,127.0,2.190947255170117,2000,0.95
sigmoid,svm,low_cost_plus_urine_micro_model,fp,0.0,0.0,0.0,0.0,2000,0.95
sigmoid,svm,low_cost_plus_urine_micro_model,tn,72.0,72.0,72.0,0.0,2000,0.95
sigmoid,svm,low_cost_plus_urine_micro_model,fn,5.0,1.0,10.0,2.190947255170117,2000,0.95
sigmoid,svm,low_cost_plus_urine_micro_model,sensitivity,0.9609375,0.921875,0.9921875,0.01711677543101654,2000,0.95
sigmoid,svm,low_cost_plus_urine_micro_model,specificity,1.0,1.0,1.0,0.0,2000,0.95
sigmoid,svm,low_cost_plus_urine_micro_model,precision,1.0,1.0,1.0,0.0,2000,0.95
sigmoid,svm,low_cost_plus_urine_micro_model,npv,0.935064935064935,0.8780487804878049,0.9863013698630136,0.026341023801850636,2000,0.95
sigmoid,svm,low_cost_plus_urine_micro_model,f1,0.9800796812749004,0.959349593495935,0.996078431372549,0.008941700002644508,2000,0.95
sigmoid,svm,low_cost_plus_urine_micro_model,balanced_accuracy,0.98046875,0.9609375,0.99609375,0.00855838771550827,2000,0.95
sigmoid,svm,low_cost_plus_urine_micro_model,accuracy,0.975,0.95,0.995,0.010954736275850592,2000,0.95
sigmoid,svm,low_cost_plus_urine_micro_model,screening_threshold,0.7174650075343593,0.7174650075343593,0.7174650075343593,1.1105006845081086e-16,2000,0.95
sigmoid,svm,low_cost_plus_urine_micro_model,screening_tp,118.0,112.0,123.0,2.9782132020623493,2000,0.95
sigmoid,svm,low_cost_plus_urine_micro_model,screening_fp,0.0,0.0,0.0,0.0,2000,0.95
sigmoid,svm,low_cost_plus_urine_micro_model,screening_tn,72.0,72.0,72.0,0.0,2000,0.95
sigmoid,svm,low_cost_plus_urine_micro_model,screening_fn,10.0,5.0,16.0,2.978213202062349,2000,0.95
sigmoid,svm,low_cost_plus_urine_micro_model,screening_sensitivity,0.921875,0.875,0.9609375,0.023267290641112104,2000,0.95
sigmoid,svm,low_cost_plus_urine_micro_model,screening_specificity,1.0,1.0,1.0,0.0,2000,0.95
sigmoid,svm,low_cost_plus_urine_micro_model,screening_precision,1.0,1.0,1.0,0.0,2000,0.95
sigmoid,svm,low_cost_plus_urine_micro_model,screening_npv,0.8780487804878049,0.8181818181818182,0.935064935064935,0.031819909082895614,2000,0.95
sigmoid,svm,low_cost_plus_urine_micro_model,screening_f1,0.959349593495935,0.9333333333333333,0.9800796812749004,0.012635695086519993,2000,0.95
sigmoid,svm,low_cost_plus_urine_micro_model,screening_balanced_accuracy,0.9609375,0.9375,0.98046875,0.011633645320556052,2000,0.95
sigmoid,svm,low_cost_plus_urine_micro_model,screening_accuracy,0.95,0.92,0.975,0.014891066010311723,2000,0.95
isotonic,xgboost,low_cost_plus_urine_micro_model,n,200.0,200.0,200.0,0.0,2000,0.95
isotonic,xgboost,low_cost_plus_urine_micro_model,n_positive,128.0,128.0,128.0,0.0,2000,0.95
isotonic,xgboost,low_cost_plus_urine_micro_model,roc_auc,0.9873046875,0.972873263888889,0.9970703125,0.006024358133754553,2000,0.95
isotonic,xgboost,low_cost_plus_urine_micro_model,pr_auc,0.9938382948534785,0.9870864221635499,0.9985286852354259,0.0028545459057662493,2000,0.95
isotonic,xgboost,low_cost_plus_urine_micro_model,brier,0.031018706316020977,0.0144596165881699,0.05112302100971379,0.009438246368014156,2000,0.95
isotonic,xgboost,low_cost_plus_urine_micro_model,brier_skill_score,0.865370198281159,0.7781118879786727,0.9372412474471792,0.04096461097228366,2000,0.95
isotonic,xgboost,low_cost_plus_urine_micro_model,calibration_slope,1.1135016734728942,0.8452640502511365,1.8399440012731865,0.2707446029969605,2000,0.95
isotonic,xgboost,low_cost_plus_urine_micro_model,calibration_intercept,0.13838681158569516,-0.5244061115943751,0.749749306055638,0.3328632896862652,2000,0.95
isotonic,xgboost,low_cost_plus_urine_micro_model,ece,0.02927537269424652,0.017781940055487198,0.05509282707769306,0.009480859321619685,2000,0.95
isotonic,xgboost,low_cost_plus_urine_micro_model,threshold,0.5,0.5,0.5,0.0,2000,0.95
isotonic,xgboost,low_cost_plus_urine_micro_model,tp,122.0,117.0,126.0,2.403848839803017,2000,0.95
isotonic,xgboost,low_cost_plus_urine_micro_model,fp,1.0,0.0,3.0,0.9830127959892176,2000,0.95
isotonic,xgboost,low_cost_plus_urine_micro_model,tn,71.0,69.0,72.0,0.9830127959892175,2000,0.95
isotonic,xgboost,low_cost_plus_urine_micro_model,fn,6.0,2.0,11.0,2.403848839803017,2000,0.95
isotonic,xgboost,low_cost_plus_urine_micro_model,sensitivity,0.953125,0.9140625,0.984375,0.01878006906096107,2000,0.95
isotonic,xgboost,low_cost_plus_urine_micro_model,specificity,0.9861111111111112,0.9583333333333334,1.0,0.013652955499850244,2000,0.95
isotonic,xgboost,low_cost_plus_urine_micro_model,precision,0.991869918699187,0.9754098360655737,1.0,0.007880109097264876,2000,0.95
isotonic,xgboost,low_cost_plus_urine_micro_model,npv,0.922077922077922,0.8658536585365854,0.972972972972973,0.02852426113963426,2000,0.95
isotonic,xgboost,low_cost_plus_urine_micro_model,f1,0.9721115537848606,0.9482071713147411,0.9921259842519685,0.010589153691167797,2000,0.95
isotonic,xgboost,low_cost_plus_urine_micro_model,balanced_accuracy,0.9696180555555556,0.9453016493055556,0.9891493055555556,0.011607470839962006,2000,0.95
isotonic,xgboost,low_cost_plus_urine_micro_model,accuracy,0.965,0.935,0.99,0.012983954194823191,2000,0.95
isotonic,xgboost,low_cost_plus_urine_micro_model,screening_threshold,0.8632764123380184,0.8632764123380184,0.8632764123380184,2.221001369016217e-16,2000,0.95
isotonic,xgboost,low_cost_plus_urine_micro_model,screening_tp,118.0,112.0,123.0,3.002990630415484,2000,0.95
isotonic,xgboost,low_cost_plus_urine_micro_model,screening_fp,0.0,0.0,0.0,0.0,2000,0.95
isotonic,xgboost,low_cost_plus_urine_micro_model,screening_tn,72.0,72.0,72.0,0.0,2000,0.95
isotonic,xgboost,low_cost_plus_urine_micro_model,screening_fn,10.0,5.0,16.0,3.002990630415484,2000,0.95
isotonic,xgboost,low_cost_plus_urine_micro_model,screening_sensitivity,0.921875,0.875,0.9609375,0.023460864300120968,2000,0.95
isotonic,xgboost,low_cost_plus_urine_micro_model,screening_specificity,1.0,1.0,1.0,0.0,2000,0.95
isotonic,xgboost,low_cost_plus_urine_micro_model,screening_precision,1.0,1.0,1.0,0.0,2000,0.95
isotonic,xgboost,low_cost_plus_urine_micro_model,screening_npv,0.8780487804878049,0.8181818181818182,0.935064935064935,0.03201567735874944,2000,0.95
isotonic,xgboost,low_cost_plus_urine_micro_model,screening_f1,0.959349593495935,0.9333333333333333,0.9800796812749004,0.012751876117184249,2000,0.95
isotonic,xgboost,low_cost_plus_urine_micro_model,screening_balanced_accuracy,0.9609375,0.9375,0.98046875,0.011730432150060484,2000,0.95
isotonic,xgboost,low_cost_plus_urine_micro_model,screening_accuracy,0.95,0.92,0.975,0.015014953152077397,2000,0.95
none,xgboost,low_cost_plus_urine_micro_model,n,200.0,200.0,200.0,0.0,2000,0.95
none,xgboost,low_cost_plus_urine_micro_model,n_positive,128.0,128.0,128.0,0.0,2000,0.95
none,xgboost,low_cost_plus_urine_micro_model,roc_auc,0.9866536458333333,0.9723307291666667,0.9969618055555556,0.006400052035453275,2000,0.95
none,xgboost,low_cost_plus_urine_micro_model,pr_auc,0.993608721139799,0.9870439004237636,0.9985166139240507,0.0029929349635616368,2000,0.95
none,xgboost,low_cost_plus_urine_micro_model,brier,0.035206279471750354,0.020098809620132926,0.05257453288204655,0.008409605147661807,2000,0.95
none,xgboost,low_cost_plus_urine_micro_model,brier_skill_score,0.8471949675705279,0.7718119232550064,0.9127655832459508,0.03650002234228215,2000,0.95
none,xgboost,low_cost_plus_urine_micro_model,calibration_slope,1.9991736271045089,1.5876946374115308,3.1824874788926953,0.4822446696508539,2000,0.95
none,xgboost,low_cost_plus_urine_micro_model,calibration_intercept,0.20293114599138054,-0.1543115311747974,0.5212885776425403,0.16954140910838914,2000,0.95
none,xgboost,low_cost_plus_urine_micro_model,ece,0.05780477275419975,0.04330703856619069,0.08358867149250583,0.010224222379749332,2000,0.95
none,xgboost,low_cost_plus_urine_micro_model,threshold,0.5,0.5,0.5,0.0,2000,0.95
none,xgboost,low_cost_plus_urine_micro_model,tp,122.0,117.0,126.0,2.405567995025155,2000,0.95
none,xgboost,low_cost_plus_urine_micro_model,fp,0.0,0.0,0.0,0.0,2000,0.95
none,xgboost,low_cost_plus_urine_micro_model,tn,72.0,72.0,72.0,0.0,2000,0.95
none,xgboost,low_cost_plus_urine_micro_model,fn,6.0,2.0,11.0,2.405567995025155,2000,0.95
none,xgboost,low_cost_plus_urine_micro_model,sensitivity,0.953125,0.9140625,0.984375,0.018793499961134025,2000,0.95
none,xgboost,low_cost_plus_urine_micro_model,specificity,1.0,1.0,1.0,0.0,2000,0.95
none,xgboost,low_cost_plus_urine_micro_model,precision,1.0,1.0,1.0,0.0,2000,0.95
none,xgboost,low_cost_plus_urine_micro_model,npv,0.9230769230769231,0.8674698795180723,0.972972972972973,0.028281816878834878,2000,0.95
none,xgboost,low_cost_plus_urine_micro_model,f1,0.976,0.9551020408163265,0.9921259842519685,0.009887781023224436,2000,0.95
none,xgboost,low_cost_plus_urine_micro_model,balanced_accuracy,0.9765625,0.95703125,0.9921875,0.00939674998056701,2000,0.95
none,xgboost,low_cost_plus_urine_micro_model,accuracy,0.97,0.945,0.99,0.012027839975125784,2000,0.95
none,xgboost,low_cost_plus_urine_micro_model,screening_threshold,0.6999750995635986,0.6999750995635986,0.6999750995635986,0.0,2000,0.95
none,xgboost,low_cost_plus_urine_micro_model,screening_tp,118.0,112.0,123.0,3.016531241403805,2000,0.95
none,xgboost,low_cost_plus_urine_micro_model,screening_fp,0.0,0.0,0.0,0.0,2000,0.95
none,xgboost,low_cost_plus_urine_micro_model,screening_tn,72.0,72.0,72.0,0.0,2000,0.95
none,xgboost,low_cost_plus_urine_micro_model,screening_fn,10.0,5.0,16.0,3.016531241403805,2000,0.95
none,xgboost,low_cost_plus_urine_micro_model,screening_sensitivity,0.921875,0.875,0.9609375,0.023566650323467227,2000,0.95
none,xgboost,low_cost_plus_urine_micro_model,screening_specificity,1.0,1.0,1.0,0.0,2000,0.95
none,xgboost,low_cost_plus_urine_micro_model,screening_precision,1.0,1.0,1.0,0.0,2000,0.95
none,xgboost,low_cost_plus_urine_micro_model,screening_npv,0.8780487804878049,0.8181818181818182,0.935064935064935,0.032234768270112214,2000,0.95
none,xgboost,low_cost_plus_urine_micro_model,screening_f1,0.959349593495935,0.9333333333333333,0.9800796812749004,0.012800044176755588,2000,0.95
none,xgboost,low_cost_plus_urine_micro_model,screening_balanced_accuracy,0.9609375,0.9375,0.98046875,0.011783325161733613,2000,0.95
none,xgboost,low_cost_plus_urine_micro_model,screening_accuracy,0.95,0.92,0.975,0.015082656207019006,2000,0.95
sigmoid,xgboost,low_cost_plus_urine_micro_model,n,200.0,200.0,200.0,0.0,2000,0.95
sigmoid,xgboost,low_cost_plus_urine_micro_model,n_positive,128.0,128.0,128.0,0.0,2000,0.95
sigmoid,xgboost,low_cost_plus_urine_micro_model,roc_auc,0.9871961805555556,0.9736328125,0.9970703125,0.0061631078538357965,2000,0.95
sigmoid,xgboost,low_cost_plus_urine_micro_model,pr_auc,0.9938464199075286,0.9874702710123238,0.9985719755932149,0.0028902310747982865,2000,0.95
sigmoid,xgboost,low_cost_plus_urine_micro_model,brier,0.03458798244823592,0.01979328648553992,0.051609234849625076,0.008095264510975213,2000,0.95
sigmoid,xgboost,low_cost_plus_urine_micro_model,brier_skill_score,0.8498785484017538,0.7760015848540577,0.9140916385176219,0.03513569666221881,2000,0.95
sigmoid,xgboost,low_cost_plus_urine_micro_model,calibration_slope,2.0070369013048905,1.6412511226819724,3.079745310460689,0.3940808766730143,2000,0.95
sigmoid,xgboost,low_cost_plus_urine_micro_model,calibration_intercept,0.0587791304967516,-0.1909043617889238,0.32543912139981257,0.13176189025468024,2000,0.95
sigmoid,xgboost,low_cost_plus_urine_micro_model,ece,0.060414370372887036,0.05197868031121349,0.087345388779708,0.009121507144706534,2000,0.95
sigmoid,xgboost,low_cost_plus_urine_micro_model,threshold,0.5,0.5,0.5,0.0,2000,0.95
sigmoid,xgboost,low_cost_plus_urine_micro_model,tp,122.0,117.0,126.0,2.39994247054611,2000,0.95
sigmoid,xgboost,low_cost_plus_urine_micro_model,fp,1.0,0.0,3.0,0.9908171422137652,2000,0.95
sigmoid,xgboost,low_cost_plus_urine_micro_model,tn,71.0,69.0,72.0,0.990817142213765,2000,0.95
sigmoid,xgboost,low_cost_plus_urine_micro_model,fn,6.0,2.0,11.0,2.39994247054611,2000,0.95
sigmoid,xgboost,low_cost_plus_urine_micro_model,sensitivity,0.953125,0.9140625,0.984375,0.018749550551141483,2000,0.95
sigmoid,xgboost,low_cost_plus_urine_micro_model,specificity,0.9861111111111112,0.9583333333333334,1.0,0.013761349197413404,2000,0.95
sigmoid,xgboost,low_cost_plus_urine_micro_model,precision,0.991869918699187,0.9754098360655737,1.0,0.007933192304948234,2000,0.95
sigmoid,xgboost,low_cost_plus_urine_micro_model,npv,0.922077922077922,0.8658536585365854,0.972972972972973,0.028505890599890876,2000,0.95
sigmoid,xgboost,low_cost_plus_urine_micro_model,f1,0.9721115537848606,0.9508196721311475,0.9921259842519685,0.010623714852904281,2000,0.95
sigmoid,xgboost,low_cost_plus_urine_micro_model,balanced_accuracy,0.9696180555555556,0.9440104166666667,0.9891493055555556,0.01169299458490585,2000,0.95
sigmoid,xgboost,low_cost_plus_urine_micro_model,accuracy,0.965,0.94,0.99,0.013035137174213987,2000,0.95
sigmoid,xgboost,low_cost_plus_urine_micro_model,screening_threshold,0.7567485708938044,0.7567485708938044,0.7567485708938044,1.1105006845081086e-16,2000,0.95
sigmoid,xgboost,low_cost_plus_urine_micro_model,screening_tp,117.0,110.0,122.02499999999986,3.1573240802416587,2000,0.95
sigmoid,xgboost,low_cost_plus_urine_micro_model,screening_fp,0.0,0.0,0.0,0.0,2000,0.95
sigmoid,xgboost,low_cost_plus_urine_micro_model,screening_tn,72.0,72.0,72.0,0.0,2000,0.95
sigmoid,xgboost,low_cost_plus_urine_micro_model,screening_fn,11.0,5.975000000000044,18.0,3.1573240802416587,2000,0.95
sigmoid,xgboost,low_cost_plus_urine_micro_model,screening_sensitivity,0.9140625,0.859375,0.9533203124999989,0.02466659437688796,2000,0.95
sigmoid,xgboost,low_cost_plus_urine_micro_model,screening_specificity,1.0,1.0,1.0,0.0,2000,0.95
sigmoid,xgboost,low_cost_plus_urine_micro_model,screening_precision,1.0,1.0,1.0,0.0,2000,0.95
sigmoid,xgboost,low_cost_plus_urine_micro_model,screening_npv,0.8674698795180723,0.8,0.9233766233766217,0.032790696926245415,2000,0.95
sigmoid,xgboost,low_cost_plus_urine_micro_model,screening_f1,0.9551020408163265,0.9243697478991597,0.976101992031872,0.013527669843880537,2000,0.95
sigmoid,xgboost,low_cost_plus_urine_micro_model,screening_balanced_accuracy,0.95703125,0.9296875,0.9766601562499995,0.01233329718844398,2000,0.95
sigmoid,xgboost,low_cost_plus_urine_micro_model,screening_accuracy,0.945,0.91,0.9701249999999992,0.01578662040120827,2000,0.95
