config,model,calibration,repeat,n,n_positive,roc_auc,pr_auc,brier,brier_skill_score,calibration_slope,calibration_intercept,ece,threshold,tp,fp,tn,fn,sensitivity,specificity,precision,npv,f1,balanced_accuracy,accuracy,screening_threshold,screening_tp,screening_fp,screening_tn,screening_fn,screening_sensitivity,screening_specificity,screening_precision,screening_npv,screening_f1,screening_balanced_accuracy,screening_accuracy
clinical_only_model,dummy,isotonic,0,200,128,0.48697916666666663,0.634140625,0.230484375,-0.0003662109375,-3.9860731127349425,-2.1203038571342428e-16,0.0,0.5,128,72,0,0,1.0,0.0,0.64,,0.7804878048780487,0.5,0.64,0.6366666666666666,128,72,0,0,1.0,0.0,0.64,,0.7804878048780487,0.5,0.64
clinical_only_model,dummy,isotonic,1,200,128,0.48697916666666663,0.634140625,0.230484375,-0.0003662109375,-3.9860731127345304,-2.1203038571342428e-16,0.0,0.5,128,72,0,0,1.0,0.0,0.64,,0.7804878048780487,0.5,0.64,0.6366666666666666,128,72,0,0,1.0,0.0,0.64,,0.7804878048780487,0.5,0.64
clinical_only_model,dummy,isotonic,2,200,128,0.48697916666666663,0.634140625,0.23048437500000002,-0.0003662109375,-3.9860731127341698,-2.5058136493404686e-16,0.0,0.5,128,72,0,0,1.0,0.0,0.64,,0.7804878048780487,0.5,0.64,0.6366666666666666,128,72,0,0,1.0,0.0,0.64,,0.7804878048780487,0.5,0.64
clinical_only_model,dummy,isotonic,3,200,128,0.48697916666666663,0.634140625,0.23048437500000002,-0.0003662109375,-3.9860731127346147,-2.0239264090826863e-16,0.0,0.5,128,72,0,0,1.0,0.0,0.64,,0.7804878048780487,0.5,0.64,0.6366666666666666,128,72,0,0,1.0,0.0,0.64,,0.7804878048780487,0.5,0.64
clinical_only_model,dummy,isotonic,4,200,128,0.48697916666666663,0.634140625,0.230484375,-0.0003662109375,-3.9860731127346285,-1.9275489610311297e-16,0.0,0.5,128,72,0,0,1.0,0.0,0.64,,0.7804878048780487,0.5,0.64,0.6366666666666666,128,72,0,0,1.0,0.0,0.64,,0.7804878048780487,0.5,0.64
clinical_only_model,dummy,none,0,200,128,0.48697916666666663,0.634140625,0.230484375,-0.0003662109375,-3.9860731127349425,-2.1203038571342428e-16,0.0,0.5,128,72,0,0,1.0,0.0,0.64,,0.7804878048780487,0.5,0.64,0.6366666666666666,128,72,0,0,1.0,0.0,0.64,,0.7804878048780487,0.5,0.64
clinical_only_model,dummy,none,1,200,128,0.48697916666666663,0.634140625,0.230484375,-0.0003662109375,-3.9860731127345304,-2.1203038571342428e-16,0.0,0.5,128,72,0,0,1.0,0.0,0.64,,0.7804878048780487,0.5,0.64,0.6366666666666666,128,72,0,0,1.0,0.0,0.64,,0.7804878048780487,0.5,0.64
clinical_only_model,dummy,none,2,200,128,0.48697916666666663,0.634140625,0.23048437500000002,-0.0003662109375,-3.9860731127341698,-2.5058136493404686e-16,0.0,0.5,128,72,0,0,1.0,0.0,0.64,,0.7804878048780487,0.5,0.64,0.6366666666666666,128,72,0,0,1.0,0.0,0.64,,0.7804878048780487,0.5,0.64
clinical_only_model,dummy,none,3,200,128,0.48697916666666663,0.634140625,0.23048437500000002,-0.0003662109375,-3.9860731127346147,-2.0239264090826863e-16,0.0,0.5,128,72,0,0,1.0,0.0,0.64,,0.7804878048780487,0.5,0.64,0.6366666666666666,128,72,0,0,1.0,0.0,0.64,,0.7804878048780487,0.5,0.64
clinical_only_model,dummy,none,4,200,128,0.48697916666666663,0.634140625,0.230484375,-0.0003662109375,-3.9860731127346285,-1.9275489610311297e-16,0.0,0.5,128,72,0,0,1.0,0.0,0.64,,0.7804878048780487,0.5,0.64,0.6366666666666666,128,72,0,0,1.0,0.0,0.64,,0.7804878048780487,0.5,0.64
clinical_only_model,dummy,sigmoid,0,200,128,0.48697916666666663,0.634140625,0.23048497445077146,-0.000368812720362266,-4.032431507784349,0.005375091137101486,0.0012393012896696476,0.5,128,72,0,0,1.0,0.0,0.64,,0.7804878048780487,0.5,0.64,0.6346558996314264,128,72,0,0,1.0,0.0,0.64,,0.7804878048780487,0.5,0.64
clinical_only_model,dummy,sigmoid,1,200,128,0.48697916666666663,0.634140625,0.23048497445077146,-0.000368812720362266,-4.0324315077845085,0.005375091137101526,0.0012393012896696476,0.5,128,72,0,0,1.0,0.0,0.64,,0.7804878048780487,0.5,0.64,0.6346558996314264,128,72,0,0,1.0,0.0,0.64,,0.7804878048780487,0.5,0.64
clinical_only_model,dummy,sigmoid,2,200,128,0.48697916666666663,0.634140625,0.23048497445077146,-0.000368812720362266,-4.032431507783667,0.0053750911371014,0.0012393012896696476,0.5,128,72,0,0,1.0,0.0,0.64,,0.7804878048780487,0.5,0.64,0.6346558996314264,128,72,0,0,1.0,0.0,0.64,,0.7804878048780487,0.5,0.64
clinical_only_model,dummy,sigmoid,3,200,128,0.48697916666666663,0.634140625,0.23048497445077146,-0.000368812720362266,-4.032431507784332,0.005375091137101459,0.0012393012896696476,0.5,128,72,0,0,1.0,0.0,0.64,,0.7804878048780487,0.5,0.64,0.6346558996314265,128,72,0,0,1.0,0.0,0.64,,0.7804878048780487,0.5,0.64
clinical_only_model,dummy,sigmoid,4,200,128,0.48697916666666663,0.634140625,0.23048497445077146,-0.000368812720362266,-4.032431507784047,0.005375091137101525,0.0012393012896696476,0.5,128,72,0,0,1.0,0.0,0.64,,0.7804878048780487,0.5,0.64,0.6346558996314264,128,72,0,0,1.0,0.0,0.64,,0.7804878048780487,0.5,0.64
clinical_only_model,ebm,isotonic,0,200,128,0.9494357638888888,0.9776081844057316,0.06331177489666075,0.7252093103443544,3.3488810557169826,0.30024644253631555,0.050030956748749036,0.5,115,1,71,13,0.8984375,0.9861111111111112,0.9913793103448276,0.8452380952380952,0.9426229508196722,0.9422743055555556,0.93,0.4823988465841464,115,1,71,13,0.8984375,0.9861111111111112,0.9913793103448276,0.8452380952380952,0.9426229508196722,0.9422743055555556,0.93
clinical_only_model,ebm,isotonic,1,200,128,0.9530707465277778,0.9789428083909308,0.061858834755514173,0.7315154741514142,0.493931694872948,0.10412462056997883,0.05819031907576687,0.5,115,0,72,13,0.8984375,1.0,1.0,0.8470588235294118,0.9465020576131687,0.94921875,0.935,0.3914041971355752,117,6,66,11,0.9140625,0.9166666666666666,0.9512195121951219,0.8571428571428571,0.9322709163346613,0.9153645833333333,0.915
clinical_only_model,ebm,isotonic,2,200,128,0.9463433159722222,0.977519425359932,0.06246951484652085,0.7288649529230866,4.222146633409013,0.09514538702256051,0.05060005601660455,0.5,115,1,71,13,0.8984375,0.9861111111111112,0.9913793103448276,0.8452380952380952,0.9426229508196722,0.9422743055555556,0.93,0.5133616845724913,115,1,71,13,0.8984375,0.9861111111111112,0.9913793103448276,0.8452380952380952,0.9426229508196722,0.9422743055555556,0.93
clinical_only_model,ebm,isotonic,3,200,128,0.9583333333333334,0.9813412785408593,0.05435568001715943,0.7640812499255233,0.6462410793543351,0.19905509637807717,0.02331241935186014,0.5,117,1,71,11,0.9140625,0.9861111111111112,0.9915254237288136,0.8658536585365854,0.9512195121951219,0.9500868055555556,0.94,0.5594214219571465,117,0,72,11,0.9140625,1.0,1.0,0.8674698795180723,0.9551020408163265,0.95703125,0.945
clinical_only_model,ebm,isotonic,4,200,128,0.9497070312499999,0.978563373710456,0.060326036172069414,0.7381682457809486,4.202575911477476,0.1845462159017083,0.03938366619365759,0.5,115,1,71,13,0.8984375,0.9861111111111112,0.9913793103448276,0.8452380952380952,0.9426229508196722,0.9422743055555556,0.93,0.43141303379643026,116,1,71,12,0.90625,0.9861111111111112,0.9914529914529915,0.8554216867469879,0.9469387755102041,0.9461805555555556,0.935
clinical_only_model,ebm,none,0,200,128,0.9529079861111112,0.9795626705908398,0.06169625403864927,0.7322211196239181,0.7106137311094624,0.10537516146855636,0.04879411913495261,0.5,116,1,71,12,0.90625,0.9861111111111112,0.9914529914529915,0.8554216867469879,0.9469387755102041,0.9461805555555556,0.935,0.5127210109619376,116,1,71,12,0.90625,0.9861111111111112,0.9914529914529915,0.8554216867469879,0.9469387755102041,0.9461805555555556,0.935
clinical_only_model,ebm,none,1,200,128,0.956759982638889,0.9811586135554569,0.05533051623583989,0.7598501899486115,1.0965121443262258,-0.025061634185674725,0.028034048052896055,0.5,117,1,71,11,0.9140625,0.9861111111111112,0.9915254237288136,0.8658536585365854,0.9512195121951219,0.9500868055555556,0.94,0.4777910415894972,117,1,71,11,0.9140625,0.9861111111111112,0.9915254237288136,0.8658536585365854,0.9512195121951219,0.9500868055555556,0.94
clinical_only_model,ebm,none,2,200,128,0.9509006076388888,0.9784590603719455,0.06290960402433989,0.7269548436443581,0.7725266734590792,0.09738700035686236,0.04831418969796155,0.5,114,1,71,14,0.890625,0.9861111111111112,0.991304347826087,0.8352941176470589,0.9382716049382716,0.9383680555555556,0.925,0.5016517271056596,114,1,71,14,0.890625,0.9861111111111112,0.991304347826087,0.8352941176470589,0.9382716049382716,0.9383680555555556,0.925
clinical_only_model,ebm,none,3,200,128,0.9622395833333335,0.9826577920361703,0.05498456658251209,0.7613517075411802,0.7902866813448299,-0.03926165612228439,0.016069775302267574,0.5,117,1,71,11,0.9140625,0.9861111111111112,0.9915254237288136,0.8658536585365854,0.9512195121951219,0.9500868055555556,0.94,0.6392037965799027,117,1,71,11,0.9140625,0.9861111111111112,0.9915254237288136,0.8658536585365854,0.9512195121951219,0.9500868055555556,0.94
clinical_only_model,ebm,none,4,200,128,0.9530164930555556,0.979474734380777,0.060686119867398636,0.7366053825199712,0.7509945397123283,0.0185396659244406,0.042657841640980666,0.5,116,1,71,12,0.90625,0.9861111111111112,0.9914529914529915,0.8554216867469879,0.9469387755102041,0.9461805555555556,0.935,0.45055707579939475,116,1,71,12,0.90625,0.9861111111111112,0.9914529914529915,0.8554216867469879,0.9469387755102041,0.9461805555555556,0.935
clinical_only_model,ebm,sigmoid,0,200,128,0.9453125,0.9769907975957753,0.07819670572208659,0.6606045758589991,2.3817499180683805,0.06257117432574957,0.10168888660161093,0.5,111,1,71,17,0.8671875,0.9861111111111112,0.9910714285714286,0.8068181818181818,0.9249999999999999,0.9266493055555556,0.91,0.39495896723731877,116,1,71,12,0.90625,0.9861111111111112,0.9914529914529915,0.8554216867469879,0.9469387755102041,0.9461805555555556,0.935
clinical_only_model,ebm,sigmoid,1,200,128,0.9544813368055555,0.979934567065038,0.07754036744290242,0.6634532663068471,3.1785812611855477,0.03519537377498951,0.09647930541899943,0.5,113,0,72,15,0.8828125,1.0,1.0,0.8275862068965517,0.9377593360995851,0.94140625,0.925,0.38562734842223895,114,0,72,14,0.890625,1.0,1.0,0.8372093023255814,0.9421487603305785,0.9453125,0.93
clinical_only_model,ebm,sigmoid,2,200,128,0.94775390625,0.9779555013037626,0.08004685618071747,0.6525744089378582,2.3707012227798554,0.014638812272187142,0.09220371172498551,0.5,112,1,71,16,0.875,0.9861111111111112,0.9911504424778761,0.8160919540229885,0.9294605809128631,0.9305555555555556,0.915,0.4245311219341757,114,1,71,14,0.890625,0.9861111111111112,0.991304347826087,0.8352941176470589,0.9382716049382716,0.9383680555555556,0.925
clinical_only_model,ebm,sigmoid,3,200,128,0.9578993055555555,0.9813236616155554,0.07505356301176698,0.6742466883169835,3.3770031473844724,0.0476686273092401,0.09569518213450838,0.5,111,0,72,17,0.8671875,1.0,1.0,0.8089887640449438,0.9288702928870293,0.93359375,0.915,0.4203548156518384,114,1,71,14,0.890625,0.9861111111111112,0.991304347826087,0.8352941176470589,0.9382716049382716,0.9383680555555556,0.925
clinical_only_model,ebm,sigmoid,4,200,128,0.9526909722222223,0.9800150713786162,0.07770665903948144,0.662731514585584,2.8263027508884453,0.04390821013104413,0.10820434506100454,0.5,112,0,72,16,0.875,1.0,1.0,0.8181818181818182,0.9333333333333333,0.9375,0.92,0.3820245210437504,117,1,71,11,0.9140625,0.9861111111111112,0.9915254237288136,0.8658536585365854,0.9512195121951219,0.9500868055555556,0.94
clinical_only_model,logreg,isotonic,0,200,128,0.9163953993055556,0.9641380026190761,0.08143179607376867,0.6465633850964901,0.6676450586216017,0.21804971864654943,0.05941819438185442,0.5,109,2,70,19,0.8515625,0.9722222222222222,0.9819819819819819,0.7865168539325843,0.9121338912133892,0.9118923611111112,0.895,0.2899544646549091,112,4,68,16,0.875,0.9444444444444444,0.9655172413793104,0.8095238095238095,0.9180327868852458,0.9097222222222222,0.9
clinical_only_model,logreg,isotonic,1,200,128,0.9155273437500001,0.9650572002071296,0.08203459001425628,0.6439470919520127,0.5479149925199935,0.2540925619285597,0.04588430559031278,0.5,109,1,71,19,0.8515625,0.9861111111111112,0.990909090909091,0.7888888888888889,0.9159663865546219,0.9188368055555556,0.9,0.19680008781444427,115,25,47,13,0.8984375,0.6527777777777778,0.8214285714285714,0.7833333333333333,0.8582089552238805,0.7756076388888888,0.81
clinical_only_model,logreg,isotonic,2,200,128,0.9164496527777778,0.9658800194555757,0.07683450254970539,0.6665169160169037,5.5742946633274855,0.016062246950558856,0.06266675524811859,0.5,112,1,71,16,0.875,0.9861111111111112,0.9911504424778761,0.8160919540229885,0.9294605809128631,0.9305555555555556,0.915,0.34030675227307083,113,3,69,15,0.8828125,0.9583333333333334,0.9741379310344828,0.8214285714285714,0.9262295081967213,0.9205729166666667,0.91
clinical_only_model,logreg,isotonic,3,200,128,0.9236111111111112,0.968126097837584,0.0767292327622149,0.66697381613622,0.7591638810714361,0.07644696773886599,0.056747380460634544,0.5,111,2,70,17,0.8671875,0.9722222222222222,0.9823008849557522,0.8045977011494253,0.921161825726141,0.9197048611111112,0.905,0.29113806005859183,114,4,68,14,0.890625,0.9444444444444444,0.9661016949152542,0.8292682926829268,0.9268292682926829,0.9175347222222222,0.91
clinical_only_model,logreg,isotonic,4,200,128,0.9188368055555556,0.9662670034400546,0.08039765617746956,0.6510518395075106,4.44982581896121,-0.008637835941044732,0.05623152238832613,0.5,112,1,71,16,0.875,0.9861111111111112,0.9911504424778761,0.8160919540229885,0.9294605809128631,0.9305555555555556,0.915,0.23719736887216375,113,20,52,15,0.8828125,0.7222222222222222,0.849624060150376,0.7761194029850746,0.8659003831417625,0.8025173611111112,0.825
clinical_only_model,logreg,none,0,200,128,0.9155815972222221,0.9645759742368982,0.11109945001233455,0.5177975259881313,1.816284425022838,0.4358035420587952,0.13100938988662675,0.5,104,0,72,24,0.8125,1.0,1.0,0.75,0.896551724137931,0.90625,0.88,0.29361593176795653,116,28,44,12,0.90625,0.6111111111111112,0.8055555555555556,0.7857142857142857,0.8529411764705882,0.7586805555555556,0.8
clinical_only_model,logreg,none,1,200,128,0.9163953993055556,0.9646594035660386,0.09859758891710302,0.5720590758806292,1.9332478345875141,0.5066945952460825,0.07268316297841494,0.5,105,0,72,23,0.8203125,1.0,1.0,0.7578947368421053,0.9012875536480687,0.91015625,0.885,0.25126549472874293,113,14,58,15,0.8828125,0.8055555555555556,0.889763779527559,0.7945205479452054,0.8862745098039215,0.8441840277777778,0.855
clinical_only_model,logreg,none,2,200,128,0.9045681423611112,0.9617886994142625,0.09617532835740397,0.5825723595598786,1.450892797298987,0.41715086714118704,0.13324376540355776,0.5,109,0,72,19,0.8515625,1.0,1.0,0.7912087912087912,0.919831223628692,0.92578125,0.905,0.28103603134485633,113,18,54,15,0.8828125,0.75,0.8625954198473282,0.782608695652174,0.8725868725868725,0.81640625,0.835
clinical_only_model,logreg,none,3,200,128,0.9162326388888888,0.9650210364179481,0.10137818866278925,0.5599905005955328,1.6862141838168927,0.3567299214221036,0.10397324367625642,0.5,106,0,72,22,0.828125,1.0,1.0,0.7659574468085106,0.905982905982906,0.9140625,0.89,0.27833153699739877,114,23,49,14,0.890625,0.6805555555555556,0.8321167883211679,0.7777777777777778,0.860377358490566,0.7855902777777778,0.815
clinical_only_model,logreg,none,4,200,128,0.9241536458333334,0.9678106150561969,0.10800220672691666,0.531240422192202,2.324695783753384,0.421578772257358,0.14934003047140001,0.5,107,0,72,21,0.8359375,1.0,1.0,0.7741935483870968,0.9106382978723404,0.91796875,0.895,0.2979034217745169,114,33,39,14,0.890625,0.5416666666666666,0.7755102040816326,0.7358490566037735,0.829090909090909,0.7161458333333333,0.765
clinical_only_model,logreg,sigmoid,0,200,128,0.912326388888889,0.9630794844109498,0.09903972650955929,0.5701400759133711,1.8913288949182814,0.05149297018125713,0.09163794205668,0.5,106,1,71,22,0.828125,0.9861111111111112,0.9906542056074766,0.7634408602150538,0.9021276595744682,0.9071180555555556,0.885,0.34524525317826177,113,17,55,15,0.8828125,0.7638888888888888,0.8692307692307693,0.7857142857142857,0.8759689922480621,0.8233506944444444,0.84
clinical_only_model,logreg,sigmoid,1,200,128,0.9084743923611112,0.9627547903738998,0.09334705314534936,0.5948478596121989,1.8676201474758432,0.06426333814797054,0.09367094925929298,0.5,108,0,72,20,0.84375,1.0,1.0,0.782608695652174,0.9152542372881356,0.921875,0.9,0.3607718773874633,112,5,67,16,0.875,0.9305555555555556,0.9572649572649573,0.8072289156626506,0.9142857142857143,0.9027777777777778,0.895
clinical_only_model,logreg,sigmoid,2,200,128,0.9118381076388888,0.9640360809106073,0.09081738257135803,0.6058273325895919,2.0627144049426622,-0.017017808420240896,0.10857569267294502,0.5,111,0,72,17,0.8671875,1.0,1.0,0.8089887640449438,0.9288702928870293,0.93359375,0.915,0.3579031993443432,112,11,61,16,0.875,0.8472222222222222,0.9105691056910569,0.7922077922077922,0.8924302788844621,0.8611111111111112,0.865
clinical_only_model,logreg,sigmoid,3,200,128,0.9173177083333334,0.9656362714598118,0.0930801982304782,0.596006084069105,2.1011664485694013,-0.005450805236864468,0.0955716021312353,0.5,111,2,70,17,0.8671875,0.9722222222222222,0.9823008849557522,0.8045977011494253,0.921161825726141,0.9197048611111112,0.905,0.35357460907724203,113,9,63,15,0.8828125,0.875,0.9262295081967213,0.8076923076923077,0.904,0.87890625,0.88
clinical_only_model,logreg,sigmoid,4,200,128,0.9198133680555556,0.9665690661232308,0.09340177156153356,0.5946103664863995,2.037298033398956,0.047972124986645555,0.09437771064195614,0.5,110,1,71,18,0.859375,0.9861111111111112,0.990990990990991,0.797752808988764,0.9205020920502092,0.9227430555555556,0.905,0.34739039261782423,113,14,58,15,0.8828125,0.8055555555555556,0.889763779527559,0.7945205479452054,0.8862745098039215,0.8441840277777778,0.855
clinical_only_model,random_forest,isotonic,0,200,128,0.9517144097222222,0.9779739777315457,0.06913286279036435,0.6999441719168213,4.205946329601633,0.14043208516663222,0.04127312067548995,0.5,112,1,71,16,0.875,0.9861111111111112,0.9911504424778761,0.8160919540229885,0.9294605809128631,0.9305555555555556,0.915,0.38291913354527557,114,1,71,14,0.890625,0.9861111111111112,0.991304347826087,0.8352941176470589,0.9382716049382716,0.9383680555555556,0.925
clinical_only_model,random_forest,isotonic,1,200,128,0.9520941840277779,0.9787501085297639,0.06328984381767602,0.7253044973191145,4.54235778119673,0.12457290086178473,0.03923013239266444,0.5,115,1,71,13,0.8984375,0.9861111111111112,0.9913793103448276,0.8452380952380952,0.9426229508196722,0.9422743055555556,0.93,0.39493171876284494,115,1,71,13,0.8984375,0.9861111111111112,0.9913793103448276,0.8452380952380952,0.9426229508196722,0.9422743055555556,0.93
clinical_only_model,random_forest,isotonic,2,200,128,0.9500325520833335,0.9777140210859008,0.0655710725731978,0.7154033308454957,4.050510371785486,0.12549282236355025,0.0485452268314907,0.5,113,1,71,15,0.8828125,0.9861111111111112,0.9912280701754386,0.8255813953488372,0.9338842975206612,0.9344618055555556,0.92,0.43480980530295704,113,1,71,15,0.8828125,0.9861111111111112,0.9912280701754386,0.8255813953488372,0.9338842975206612,0.9344618055555556,0.92
clinical_only_model,random_forest,isotonic,3,200,128,0.9455837673611112,0.9759812773628243,0.06723831345928576,0.7081670422774056,0.6085300675780116,0.07327707064788411,0.04479580422217044,0.5,114,2,70,14,0.890625,0.9722222222222222,0.9827586206896551,0.8333333333333334,0.9344262295081966,0.9314236111111112,0.92,0.49849998161124615,114,2,70,14,0.890625,0.9722222222222222,0.9827586206896551,0.8333333333333334,0.9344262295081966,0.9314236111111112,0.92
clinical_only_model,random_forest,isotonic,4,200,128,0.9519856770833333,0.9786715783588604,0.06369124160050203,0.7235623194422655,0.685787534737738,0.10937093884002753,0.03843622070377821,0.5,114,1,71,14,0.890625,0.9861111111111112,0.991304347826087,0.8352941176470589,0.9382716049382716,0.9383680555555556,0.925,0.348426757741938,116,1,71,12,0.90625,0.9861111111111112,0.9914529914529915,0.8554216867469879,0.9469387755102041,0.9461805555555556,0.935
clinical_only_model,random_forest,none,0,200,128,0.94775390625,0.9771889409160887,0.09065202568344295,0.6065450274156121,2.880354324553907,0.29160675222360777,0.10890816952210754,0.5,110,0,72,18,0.859375,1.0,1.0,0.8,0.9243697478991597,0.9296875,0.91,0.3203994136475169,121,21,51,7,0.9453125,0.7083333333333334,0.852112676056338,0.8793103448275862,0.8962962962962963,0.8268229166666667,0.86
clinical_only_model,random_forest,none,1,200,128,0.9571397569444444,0.980232742506609,0.08648444574943612,0.6246334819902946,3.422316564106623,0.2768480152091796,0.11140412327241676,0.5,111,0,72,17,0.8671875,1.0,1.0,0.8089887640449438,0.9288702928870293,0.93359375,0.915,0.29943788928970727,120,25,47,8,0.9375,0.6527777777777778,0.8275862068965517,0.8545454545454545,0.8791208791208792,0.7951388888888888,0.835
clinical_only_model,random_forest,none,2,200,128,0.9385308159722222,0.9737991941741043,0.08881972600299999,0.6144977170008681,2.52412095876096,0.3827003966158562,0.09994809217667909,0.5,110,0,72,18,0.859375,1.0,1.0,0.8,0.9243697478991597,0.9296875,0.91,0.3425295398803796,112,1,71,16,0.875,0.9861111111111112,0.9911504424778761,0.8160919540229885,0.9294605809128631,0.9305555555555556,0.915
clinical_only_model,random_forest,none,3,200,128,0.9466688368055556,0.9775466546047116,0.07657622339926481,0.6676379192740243,1.063069955619241,0.30635470515185653,0.10932277621525857,0.5,114,0,72,14,0.890625,1.0,1.0,0.8372093023255814,0.9421487603305785,0.9453125,0.93,0.3780723969152197,116,1,71,12,0.90625,0.9861111111111112,0.9914529914529915,0.8554216867469879,0.9469387755102041,0.9461805555555556,0.935
clinical_only_model,random_forest,none,4,200,128,0.9517144097222222,0.9782775200358469,0.08625781218410429,0.6256171346176029,0.9055237541008138,0.3806900351557701,0.10981484185108187,0.5,112,1,71,16,0.875,0.9861111111111112,0.9911504424778761,0.8160919540229885,0.9294605809128631,0.9305555555555556,0.915,0.31517612028682146,115,9,63,13,0.8984375,0.875,0.9274193548387096,0.8289473684210527,0.9126984126984127,0.88671875,0.89
clinical_only_model,random_forest,sigmoid,0,200,128,0.953125,0.978957430202547,0.06973303086274205,0.6973392757693487,2.4144592081701446,0.050885815262574005,0.06276147318476041,0.5,112,0,72,16,0.875,1.0,1.0,0.8181818181818182,0.9333333333333333,0.9375,0.92,0.3428526494580172,114,1,71,14,0.890625,0.9861111111111112,0.991304347826087,0.8352941176470589,0.9382716049382716,0.9383680555555556,0.925
clinical_only_model,random_forest,sigmoid,1,200,128,0.9558919270833334,0.9800373088553757,0.06796535531746228,0.7050114786568478,2.758838869147918,0.057348351395904384,0.056392970034694304,0.5,111,0,72,17,0.8671875,1.0,1.0,0.8089887640449438,0.9288702928870293,0.93359375,0.915,0.3130074795872311,115,1,71,13,0.8984375,0.9861111111111112,0.9913793103448276,0.8452380952380952,0.9426229508196722,0.9422743055555556,0.93
clinical_only_model,random_forest,sigmoid,2,200,128,0.9404839409722221,0.974665894585944,0.07125831348698773,0.6907191254905046,1.9136767623397308,0.047640161875214346,0.06634046177948916,0.5,112,0,72,16,0.875,1.0,1.0,0.8181818181818182,0.9333333333333333,0.9375,0.92,0.3961814888010727,112,1,71,16,0.875,0.9861111111111112,0.9911504424778761,0.8160919540229885,0.9294605809128631,0.9305555555555556,0.915
clinical_only_model,random_forest,sigmoid,3,200,128,0.9457465277777778,0.9768798767929444,0.0653910462611526,0.7161846950470807,1.7328015863549122,0.008698672273570967,0.07947252359435567,0.5,114,0,72,14,0.890625,1.0,1.0,0.8372093023255814,0.9421487603305785,0.9453125,0.93,0.41199878947790347,115,0,72,13,0.8984375,1.0,1.0,0.8470588235294118,0.9465020576131687,0.94921875,0.935
clinical_only_model,random_forest,sigmoid,4,200,128,0.9427083333333333,0.975832330269287,0.07079365304058033,0.6927358809002591,1.615565072084345,0.02989002132825956,0.06449488096900909,0.5,113,1,71,15,0.8828125,0.9861111111111112,0.9912280701754386,0.8255813953488372,0.9338842975206612,0.9344618055555556,0.92,0.34979262513427545,114,1,71,14,0.890625,0.9861111111111112,0.991304347826087,0.8352941176470589,0.9382716049382716,0.9383680555555556,0.925
clinical_only_model,svm,isotonic,0,200,128,0.9453125,0.9768346356585197,0.06359147356038142,0.7239953404497335,3.9657900581513608,0.0840733594472367,0.05940691748007703,0.5,115,2,70,13,0.8984375,0.9722222222222222,0.9829059829059829,0.8433734939759037,0.9387755102040816,0.9353298611111112,0.925,0.43835002310859117,115,2,70,13,0.8984375,0.9722222222222222,0.9829059829059829,0.8433734939759037,0.9387755102040816,0.9353298611111112,0.925
clinical_only_model,svm,isotonic,1,200,128,0.9500325520833333,0.9784137436474802,0.0609417791092854,0.7354957503937265,0.7694856178879959,0.02243026869804112,0.035381551389413776,0.5,115,1,71,13,0.8984375,0.9861111111111112,0.9913793103448276,0.8452380952380952,0.9426229508196722,0.9422743055555556,0.93,0.6069291984522942,115,0,72,13,0.8984375,1.0,1.0,0.8470588235294118,0.9465020576131687,0.94921875,0.935
clinical_only_model,svm,isotonic,2,200,128,0.9425455729166666,0.9759738430851405,0.0602099932471895,0.7386719043090733,0.750597332880436,0.22687390937660223,0.06079894969314584,0.5,114,1,71,14,0.890625,0.9861111111111112,0.991304347826087,0.8352941176470589,0.9382716049382716,0.9383680555555556,0.925,0.6171658148577643,114,1,71,14,0.890625,0.9861111111111112,0.991304347826087,0.8352941176470589,0.9382716049382716,0.9383680555555556,0.925
clinical_only_model,svm,isotonic,3,200,128,0.9366861979166667,0.9739336481492284,0.06825987876517702,0.7037331650816969,0.5589931784051285,0.09821989038994053,0.06250804934280438,0.5,114,3,69,14,0.890625,0.9583333333333334,0.9743589743589743,0.8313253012048193,0.9306122448979591,0.9244791666666667,0.915,0.5938561327238697,114,3,69,14,0.890625,0.9583333333333334,0.9743589743589743,0.8313253012048193,0.9306122448979591,0.9244791666666667,0.915
clinical_only_model,svm,isotonic,4,200,128,0.9475911458333334,0.9775283924696073,0.0630847295987669,0.726194750005352,0.5714444153612221,-0.037752146373391436,0.034410027364555285,0.5,116,3,69,12,0.90625,0.9583333333333334,0.9747899159663865,0.8518518518518519,0.9392712550607286,0.9322916666666667,0.925,0.6093129293804443,116,3,69,12,0.90625,0.9583333333333334,0.9747899159663865,0.8518518518518519,0.9392712550607286,0.9322916666666667,0.925
clinical_only_model,svm,none,0,200,128,0.9534505208333334,0.980074153224112,0.06030607055825557,0.7382549020909046,3.0210709668003255,0.048777943476649405,0.03840955553317868,0.5,112,0,72,16,0.875,1.0,1.0,0.8181818181818182,0.9333333333333333,0.9375,0.92,0.2964628037783574,116,0,72,12,0.90625,1.0,1.0,0.8571428571428571,0.9508196721311475,0.953125,0.94
clinical_only_model,svm,none,1,200,128,0.949490017361111,0.978663129716078,0.057642059029472635,0.7498174521290251,1.5453080886526942,0.07469603640098996,0.023929422231326766,0.5,115,0,72,13,0.8984375,1.0,1.0,0.8470588235294118,0.9465020576131687,0.94921875,0.935,0.4168038949667766,115,0,72,13,0.8984375,1.0,1.0,0.8470588235294118,0.9465020576131687,0.94921875,0.935
clinical_only_model,svm,none,2,200,128,0.941134982638889,0.9754087266630227,0.0635026657037388,0.7243807912164114,1.1395615809424546,0.03275095493173741,0.020286834751764578,0.5,113,1,71,15,0.8828125,0.9861111111111112,0.9912280701754386,0.8255813953488372,0.9338842975206612,0.9344618055555556,0.92,0.5642423265667462,113,1,71,15,0.8828125,0.9861111111111112,0.9912280701754386,0.8255813953488372,0.9338842975206612,0.9344618055555556,0.92
clinical_only_model,svm,none,3,200,128,0.9498697916666669,0.97776420897241,0.06746284236714979,0.7071925244481345,1.2796048619938085,0.01346872409168545,0.017281861624509277,0.5,113,2,70,15,0.8828125,0.9722222222222222,0.9826086956521739,0.8235294117647058,0.9300411522633745,0.9275173611111112,0.915,0.38748282267356127,113,3,69,15,0.8828125,0.9583333333333334,0.9741379310344828,0.8214285714285714,0.9262295081967213,0.9205729166666667,0.91
clinical_only_model,svm,none,4,200,128,0.9497612847222221,0.9790002623647249,0.06109790632829617,0.7348181148945478,1.122558063257652,-0.10769813022036444,0.03835871552624154,0.5,115,1,71,13,0.8984375,0.9861111111111112,0.9913793103448276,0.8452380952380952,0.9426229508196722,0.9422743055555556,0.93,0.41163022448336717,116,3,69,12,0.90625,0.9583333333333334,0.9747899159663865,0.8518518518518519,0.9392712550607286,0.9322916666666667,0.925
clinical_only_model,svm,sigmoid,0,200,128,0.9603949652777778,0.9826444007096986,0.06750658958502828,0.707002649370537,4.078007841647042,0.10719387960095272,0.07871349036271696,0.5,110,0,72,18,0.859375,1.0,1.0,0.8,0.9243697478991597,0.9296875,0.91,0.3289877385100526,116,0,72,12,0.90625,1.0,1.0,0.8571428571428571,0.9508196721311475,0.953125,0.94
clinical_only_model,svm,sigmoid,1,200,128,0.9485134548611112,0.9781483935424775,0.06178115400248112,0.7318526301975645,2.0768407892830405,0.07857375586698269,0.05660210322448911,0.5,114,0,72,14,0.890625,1.0,1.0,0.8372093023255814,0.9421487603305785,0.9453125,0.93,0.4020140974980609,115,1,71,13,0.8984375,0.9861111111111112,0.9913793103448276,0.8452380952380952,0.9426229508196722,0.9422743055555556,0.93
clinical_only_model,svm,sigmoid,2,200,128,0.9377712673611112,0.9745209058496775,0.06573179282781938,0.7147057602959228,1.6768449564423282,0.044613258573537005,0.055490383440513914,0.5,113,1,71,15,0.8828125,0.9861111111111112,0.9912280701754386,0.8255813953488372,0.9338842975206612,0.9344618055555556,0.92,0.5163315621162866,113,1,71,15,0.8828125,0.9861111111111112,0.9912280701754386,0.8255813953488372,0.9338842975206612,0.9344618055555556,0.92
clinical_only_model,svm,sigmoid,3,200,128,0.9441189236111112,0.9757361439098003,0.07268993011719989,0.6845055116440977,1.944808501518904,0.05433989060895267,0.060722018847369885,0.5,110,1,71,18,0.859375,0.9861111111111112,0.990990990990991,0.797752808988764,0.9205020920502092,0.9227430555555556,0.905,0.41290318570693857,113,3,69,15,0.8828125,0.9583333333333334,0.9741379310344828,0.8214285714285714,0.9262295081967213,0.9205729166666667,0.91
clinical_only_model,svm,sigmoid,4,200,128,0.9437934027777777,0.9764442786690051,0.06293598132618576,0.7268403588273187,1.6301004061058975,-0.008013581475056958,0.0654680256105629,0.5,115,1,71,13,0.8984375,0.9861111111111112,0.9913793103448276,0.8452380952380952,0.9426229508196722,0.9422743055555556,0.93,0.4002545844719704,116,3,69,12,0.90625,0.9583333333333334,0.9747899159663865,0.8518518518518519,0.9392712550607286,0.9322916666666667,0.925
clinical_only_model,xgboost,isotonic,0,200,128,0.9052191840277779,0.9598079976026641,0.08701586131245177,0.6223269908313724,6.30385296005029,0.1270944084660779,0.08334143446758387,0.5,109,0,72,19,0.8515625,1.0,1.0,0.7912087912087912,0.919831223628692,0.92578125,0.905,0.27215789593756196,111,17,55,17,0.8671875,0.7638888888888888,0.8671875,0.7638888888888888,0.8671875,0.8155381944444444,0.83
clinical_only_model,xgboost,isotonic,1,200,128,0.9148220486111112,0.9628017139960257,0.09083333373023525,0.6057581001291873,5.867012797168641,0.2152899570875988,0.05969669555081056,0.5,108,3,69,20,0.84375,0.9583333333333334,0.972972972972973,0.7752808988764045,0.903765690376569,0.9010416666666667,0.885,0.24552325047552587,110,20,52,18,0.859375,0.7222222222222222,0.8461538461538461,0.7428571428571429,0.8527131782945736,0.7907986111111112,0.81
clinical_only_model,xgboost,isotonic,2,200,128,0.916775173611111,0.964180165953354,0.08591314818346493,0.6271130721203779,5.466418976050722,0.07464903485383566,0.058068372560665,0.5,110,1,71,18,0.859375,0.9861111111111112,0.990990990990991,0.797752808988764,0.9205020920502092,0.9227430555555556,0.905,0.28015008084475995,112,19,53,16,0.875,0.7361111111111112,0.8549618320610687,0.7681159420289855,0.8648648648648648,0.8055555555555556,0.825
clinical_only_model,xgboost,isotonic,3,200,128,0.9127604166666667,0.9634778513564819,0.0824655000853667,0.6420768225461515,6.565466336189044,0.0714530535423309,0.052904991190880574,0.5,110,2,70,18,0.859375,0.9722222222222222,0.9821428571428571,0.7954545454545454,0.9166666666666665,0.9157986111111112,0.9,0.26050586849451063,113,17,55,15,0.8828125,0.7638888888888888,0.8692307692307693,0.7857142857142857,0.8759689922480621,0.8233506944444444,0.84
clinical_only_model,xgboost,isotonic,4,200,128,0.9110785590277779,0.9607318643325318,0.10156004428444292,0.5592011966821053,4.560718139561929,0.0744276972048418,0.0761431700328831,0.5,109,3,69,19,0.8515625,0.9583333333333334,0.9732142857142857,0.7840909090909091,0.9083333333333333,0.9049479166666667,0.89,0.2291508074849844,113,27,45,15,0.8828125,0.625,0.8071428571428572,0.75,0.8432835820895522,0.75390625,0.79
clinical_only_model,xgboost,none,0,200,128,0.916015625,0.9639457098364381,0.08722216025536138,0.6214315961138829,1.289548023968899,0.0912558713822812,0.0860940443351865,0.5,110,1,71,18,0.859375,0.9861111111111112,0.990990990990991,0.797752808988764,0.9205020920502092,0.9227430555555556,0.905,0.32059659957885744,112,18,54,16,0.875,0.75,0.8615384615384616,0.7714285714285715,0.8682170542635659,0.8125,0.83
clinical_only_model,xgboost,none,1,200,128,0.9264865451388888,0.9668267854215284,0.08471830625775205,0.6322990179785067,1.4936416509098618,0.14219142169904242,0.09007808279246095,0.5,109,0,72,19,0.8515625,1.0,1.0,0.7912087912087912,0.919831223628692,0.92578125,0.905,0.29080778956413267,110,21,51,18,0.859375,0.7083333333333334,0.8396946564885496,0.7391304347826086,0.8494208494208494,0.7838541666666667,0.805
clinical_only_model,xgboost,none,2,200,128,0.9168294270833335,0.9643276741840446,0.08676841707545434,0.6234009675544516,1.412299002003926,0.17556495426618904,0.0612530129775405,0.5,109,1,71,19,0.8515625,0.9861111111111112,0.990909090909091,0.7888888888888889,0.9159663865546219,0.9188368055555556,0.9,0.3402178168296814,111,4,68,17,0.8671875,0.9444444444444444,0.9652173913043478,0.8,0.9135802469135802,0.9058159722222222,0.895
clinical_only_model,xgboost,none,3,200,128,0.920193142361111,0.9658924721723077,0.08244040543467934,0.6421857403008708,1.376900288545242,0.10078006055967889,0.07380497811362145,0.5,111,0,72,17,0.8671875,1.0,1.0,0.8089887640449438,0.9288702928870293,0.93359375,0.915,0.32739493250846863,112,10,62,16,0.875,0.8611111111111112,0.9180327868852459,0.7948717948717948,0.8959999999999999,0.8680555555555556,0.87
clinical_only_model,xgboost,none,4,200,128,0.9021809895833333,0.9573896583812472,0.10022562118063158,0.5649929636257309,1.0436351513658089,0.10231307636285747,0.08244755240157248,0.5,109,3,69,19,0.8515625,0.9583333333333334,0.9732142857142857,0.7840909090909091,0.9083333333333333,0.9049479166666667,0.89,0.2923834651708603,110,22,50,18,0.859375,0.6944444444444444,0.8333333333333334,0.7352941176470589,0.8461538461538461,0.7769097222222222,0.8
clinical_only_model,xgboost,sigmoid,0,200,128,0.9101019965277778,0.961686590332021,0.09296622423763086,0.596500762857505,1.318402709202549,0.04404931105415579,0.10301167039938522,0.5,110,2,70,18,0.859375,0.9722222222222222,0.9821428571428571,0.7954545454545454,0.9166666666666665,0.9157986111111112,0.9,0.33979408194007704,111,22,50,17,0.8671875,0.6944444444444444,0.8345864661654135,0.746268656716418,0.8505747126436781,0.7808159722222222,0.805
clinical_only_model,xgboost,sigmoid,1,200,128,0.9170464409722223,0.9633519750244696,0.08811441115248826,0.6175589793728808,1.4180815645468305,0.1145501419864668,0.0953966733132206,0.5,109,0,72,19,0.8515625,1.0,1.0,0.7912087912087912,0.919831223628692,0.92578125,0.905,0.32575455855899,110,18,54,18,0.859375,0.75,0.859375,0.75,0.859375,0.8046875,0.82
clinical_only_model,xgboost,sigmoid,2,200,128,0.9074978298611112,0.961264086529783,0.08861188495399304,0.6153998048871829,1.3520313672526578,0.04655021511342264,0.09387218603317384,0.5,110,1,71,18,0.859375,0.9861111111111112,0.990990990990991,0.797752808988764,0.9205020920502092,0.9227430555555556,0.905,0.350431610554277,111,14,58,17,0.8671875,0.8055555555555556,0.888,0.7733333333333333,0.8774703557312253,0.8363715277777778,0.845
clinical_only_model,xgboost,sigmoid,3,200,128,0.91259765625,0.9629377148199183,0.08727540635068234,0.6212004932696078,1.3911998029483135,0.0472038210039711,0.09992234726493174,0.5,110,2,70,18,0.859375,0.9722222222222222,0.9821428571428571,0.7954545454545454,0.9166666666666665,0.9157986111111112,0.9,0.34643520097600694,111,15,57,17,0.8671875,0.7916666666666666,0.8809523809523809,0.7702702702702703,0.874015748031496,0.8294270833333333,0.84
clinical_only_model,xgboost,sigmoid,4,200,128,0.9023980034722222,0.9581601267988846,0.10381816744181988,0.5494003149226567,1.139415698018596,-0.022022076050050132,0.09168502445954378,0.5,109,6,66,19,0.8515625,0.9166666666666666,0.9478260869565217,0.7764705882352941,0.897119341563786,0.8841145833333333,0.875,0.32990564745051776,110,25,47,18,0.859375,0.6527777777777778,0.8148148148148148,0.7230769230769231,0.8365019011406842,0.7560763888888888,0.785
full_valid_model,dummy,isotonic,0,200,128,0.48697916666666663,0.634140625,0.230484375,-0.0003662109375,-3.9860731127349425,-2.1203038571342428e-16,0.0,0.5,128,72,0,0,1.0,0.0,0.64,,0.7804878048780487,0.5,0.64,0.6366666666666666,128,72,0,0,1.0,0.0,0.64,,0.7804878048780487,0.5,0.64
full_valid_model,dummy,isotonic,1,200,128,0.48697916666666663,0.634140625,0.230484375,-0.0003662109375,-3.9860731127345304,-2.1203038571342428e-16,0.0,0.5,128,72,0,0,1.0,0.0,0.64,,0.7804878048780487,0.5,0.64,0.6366666666666666,128,72,0,0,1.0,0.0,0.64,,0.7804878048780487,0.5,0.64
full_valid_model,dummy,isotonic,2,200,128,0.48697916666666663,0.634140625,0.23048437500000002,-0.0003662109375,-3.9860731127341698,-2.5058136493404686e-16,0.0,0.5,128,72,0,0,1.0,0.0,0.64,,0.7804878048780487,0.5,0.64,0.6366666666666666,128,72,0,0,1.0,0.0,0.64,,0.7804878048780487,0.5,0.64
full_valid_model,dummy,isotonic,3,200,128,0.48697916666666663,0.634140625,0.23048437500000002,-0.0003662109375,-3.9860731127346147,-2.0239264090826863e-16,0.0,0.5,128,72,0,0,1.0,0.0,0.64,,0.7804878048780487,0.5,0.64,0.6366666666666666,128,72,0,0,1.0,0.0,0.64,,0.7804878048780487,0.5,0.64
full_valid_model,dummy,isotonic,4,200,128,0.48697916666666663,0.634140625,0.230484375,-0.0003662109375,-3.9860731127346285,-1.9275489610311297e-16,0.0,0.5,128,72,0,0,1.0,0.0,0.64,,0.7804878048780487,0.5,0.64,0.6366666666666666,128,72,0,0,1.0,0.0,0.64,,0.7804878048780487,0.5,0.64
full_valid_model,dummy,none,0,200,128,0.48697916666666663,0.634140625,0.230484375,-0.0003662109375,-3.9860731127349425,-2.1203038571342428e-16,0.0,0.5,128,72,0,0,1.0,0.0,0.64,,0.7804878048780487,0.5,0.64,0.6366666666666666,128,72,0,0,1.0,0.0,0.64,,0.7804878048780487,0.5,0.64
full_valid_model,dummy,none,1,200,128,0.48697916666666663,0.634140625,0.230484375,-0.0003662109375,-3.9860731127345304,-2.1203038571342428e-16,0.0,0.5,128,72,0,0,1.0,0.0,0.64,,0.7804878048780487,0.5,0.64,0.6366666666666666,128,72,0,0,1.0,0.0,0.64,,0.7804878048780487,0.5,0.64
full_valid_model,dummy,none,2,200,128,0.48697916666666663,0.634140625,0.23048437500000002,-0.0003662109375,-3.9860731127341698,-2.5058136493404686e-16,0.0,0.5,128,72,0,0,1.0,0.0,0.64,,0.7804878048780487,0.5,0.64,0.6366666666666666,128,72,0,0,1.0,0.0,0.64,,0.7804878048780487,0.5,0.64
full_valid_model,dummy,none,3,200,128,0.48697916666666663,0.634140625,0.23048437500000002,-0.0003662109375,-3.9860731127346147,-2.0239264090826863e-16,0.0,0.5,128,72,0,0,1.0,0.0,0.64,,0.7804878048780487,0.5,0.64,0.6366666666666666,128,72,0,0,1.0,0.0,0.64,,0.7804878048780487,0.5,0.64
full_valid_model,dummy,none,4,200,128,0.48697916666666663,0.634140625,0.230484375,-0.0003662109375,-3.9860731127346285,-1.9275489610311297e-16,0.0,0.5,128,72,0,0,1.0,0.0,0.64,,0.7804878048780487,0.5,0.64,0.6366666666666666,128,72,0,0,1.0,0.0,0.64,,0.7804878048780487,0.5,0.64
full_valid_model,dummy,sigmoid,0,200,128,0.48697916666666663,0.634140625,0.23048497445077146,-0.000368812720362266,-4.032431507784349,0.005375091137101486,0.0012393012896696476,0.5,128,72,0,0,1.0,0.0,0.64,,0.7804878048780487,0.5,0.64,0.6346558996314264,128,72,0,0,1.0,0.0,0.64,,0.7804878048780487,0.5,0.64
full_valid_model,dummy,sigmoid,1,200,128,0.48697916666666663,0.634140625,0.23048497445077146,-0.000368812720362266,-4.0324315077845085,0.005375091137101526,0.0012393012896696476,0.5,128,72,0,0,1.0,0.0,0.64,,0.7804878048780487,0.5,0.64,0.6346558996314264,128,72,0,0,1.0,0.0,0.64,,0.7804878048780487,0.5,0.64
full_valid_model,dummy,sigmoid,2,200,128,0.48697916666666663,0.634140625,0.23048497445077146,-0.000368812720362266,-4.032431507783667,0.0053750911371014,0.0012393012896696476,0.5,128,72,0,0,1.0,0.0,0.64,,0.7804878048780487,0.5,0.64,0.6346558996314264,128,72,0,0,1.0,0.0,0.64,,0.7804878048780487,0.5,0.64
full_valid_model,dummy,sigmoid,3,200,128,0.48697916666666663,0.634140625,0.23048497445077146,-0.000368812720362266,-4.032431507784332,0.005375091137101459,0.0012393012896696476,0.5,128,72,0,0,1.0,0.0,0.64,,0.7804878048780487,0.5,0.64,0.6346558996314265,128,72,0,0,1.0,0.0,0.64,,0.7804878048780487,0.5,0.64
full_valid_model,dummy,sigmoid,4,200,128,0.48697916666666663,0.634140625,0.23048497445077146,-0.000368812720362266,-4.032431507784047,0.005375091137101525,0.0012393012896696476,0.5,128,72,0,0,1.0,0.0,0.64,,0.7804878048780487,0.5,0.64,0.6346558996314264,128,72,0,0,1.0,0.0,0.64,,0.7804878048780487,0.5,0.64
full_valid_model,ebm,isotonic,0,200,128,0.9991319444444444,0.9995018259342942,0.009180833314632857,0.9601526331830171,1.2084050380059321,0.19867104782134337,0.01931332842474722,0.5,127,1,71,1,0.9921875,0.9861111111111112,0.9921875,0.9861111111111112,0.9921875,0.9891493055555556,0.99,0.9990169328342842,118,0,72,10,0.921875,1.0,1.0,0.8780487804878049,0.959349593495935,0.9609375,0.95
full_valid_model,ebm,isotonic,1,200,128,0.9992404513888891,0.999574609380546,0.011340272178876227,0.950780068668072,1.4689818098924678,0.6690242217141287,0.013874642084340305,0.5,125,1,71,3,0.9765625,0.9861111111111112,0.9920634920634921,0.9594594594594594,0.9842519685039369,0.9813368055555556,0.98,0.9904365276643458,113,0,72,15,0.8828125,1.0,1.0,0.8275862068965517,0.9377593360995851,0.94140625,0.925
full_valid_model,ebm,isotonic,2,200,128,0.9996744791666667,0.9998210877862596,0.010370027532474995,0.954991199945855,2.366343187536084,-0.5376689585530006,0.02458236432834086,0.5,127,3,69,1,0.9921875,0.9583333333333334,0.9769230769230769,0.9857142857142858,0.9844961240310077,0.9752604166666667,0.98,0.9480744356888989,121,0,72,7,0.9453125,1.0,1.0,0.9113924050632911,0.9718875502008032,0.97265625,0.965
full_valid_model,ebm,isotonic,3,200,128,0.9990234374999999,0.9994475126213034,0.010381064569603771,0.9549432961388725,0.9329055666960611,0.01115730049356225,0.019870372000526625,0.5,127,1,71,1,0.9921875,0.9861111111111112,0.9921875,0.9861111111111112,0.9921875,0.9891493055555556,0.99,0.9773765376887289,119,0,72,9,0.9296875,1.0,1.0,0.8888888888888888,0.9635627530364372,0.96484375,0.955
full_valid_model,ebm,isotonic,4,200,128,0.9997829861111112,0.9998784028282461,0.006345279467531011,0.9724597245332856,2.03708543316185,-0.06741108044160223,0.013799674528485214,0.5,127,1,71,1,0.9921875,0.9861111111111112,0.9921875,0.9861111111111112,0.9921875,0.9891493055555556,0.99,0.9632212599613362,120,0,72,8,0.9375,1.0,1.0,0.9,0.967741935483871,0.96875,0.96
full_valid_model,ebm,none,0,200,128,0.999240451388889,0.99956586281954,0.0111764948633385,0.9514909077112044,0.7260805887539948,1.6123658388380884,0.01378910551177518,0.5,127,1,71,1,0.9921875,0.9861111111111112,0.9921875,0.9861111111111112,0.9921875,0.9891493055555556,0.99,0.998848538488636,117,0,72,11,0.9140625,1.0,1.0,0.8674698795180723,0.9551020408163265,0.95703125,0.945
full_valid_model,ebm,none,1,200,128,0.9994574652777778,0.9996952528197722,0.012365344631717998,0.9463309694803906,0.5593405024262957,1.3027777962793867,0.013765052033537478,0.5,126,1,71,2,0.984375,0.9861111111111112,0.9921259842519685,0.9726027397260274,0.988235294117647,0.9852430555555556,0.985,0.997759735412144,121,0,72,7,0.9453125,1.0,1.0,0.9113924050632911,0.9718875502008032,0.97265625,0.965
full_valid_model,ebm,none,2,200,128,0.9989149305555556,0.9994103689621782,0.012722469309164415,0.9447809491789739,0.8138387846306561,-0.4060514992563258,0.015392546047129628,0.5,126,2,70,2,0.984375,0.9722222222222222,0.984375,0.9722222222222222,0.984375,0.9782986111111112,0.98,0.9967620075475695,121,0,72,7,0.9453125,1.0,1.0,0.9113924050632911,0.9718875502008032,0.97265625,0.965
full_valid_model,ebm,none,3,200,128,0.9994574652777778,0.9996923831119606,0.015427749594492824,0.9330392812739027,0.602747872651766,1.779147490531599,0.018953989207602516,0.5,125,1,71,3,0.9765625,0.9861111111111112,0.9920634920634921,0.9594594594594594,0.9842519685039369,0.9813368055555556,0.98,0.9927296603833957,122,0,72,6,0.953125,1.0,1.0,0.9230769230769231,0.976,0.9765625,0.97
full_valid_model,ebm,none,4,200,128,0.9993489583333334,0.9996293790797026,0.008940594363305994,0.9611953369648177,0.8211907191588752,0.622459630796931,0.01375514786767164,0.5,126,1,71,2,0.984375,0.9861111111111112,0.9921259842519685,0.9726027397260274,0.988235294117647,0.9852430555555556,0.985,0.9966562924752523,120,0,72,8,0.9375,1.0,1.0,0.9,0.967741935483871,0.96875,0.96
full_valid_model,ebm,sigmoid,0,200,128,0.9991319444444444,0.9995062325273516,0.022339588521889674,0.9030399803737428,3.6608975079956396,0.06400841683244378,0.08281401310337015,0.5,126,1,71,2,0.984375,0.9861111111111112,0.9921259842519685,0.9726027397260274,0.988235294117647,0.9852430555555556,0.985,0.7538391511932322,116,0,72,12,0.90625,1.0,1.0,0.8571428571428571,0.9508196721311475,0.953125,0.94
full_valid_model,ebm,sigmoid,1,200,128,0.9994574652777778,0.9996971679132685,0.019654753108239293,0.9146929118566003,5.412838512201973,0.06040334640659937,0.08154133729994029,0.5,124,0,72,4,0.96875,1.0,1.0,0.9473684210526315,0.9841269841269841,0.984375,0.98,0.7517856372162761,118,0,72,10,0.921875,1.0,1.0,0.8780487804878049,0.959349593495935,0.9609375,0.95
full_valid_model,ebm,sigmoid,2,200,128,1.0,1.0,0.02005359738296141,0.91296181691423,,-0.019474551235093455,0.08825734922728634,0.5,127,0,72,1,0.9921875,1.0,1.0,0.9863013698630136,0.996078431372549,0.99609375,0.995,0.759004142586532,117,0,72,11,0.9140625,1.0,1.0,0.8674698795180723,0.9551020408163265,0.95703125,0.945
full_valid_model,ebm,sigmoid,3,200,128,0.9990234375,0.9994475126213034,0.021860389478463887,0.905119837333056,3.167738154544436,0.1057068960666673,0.08252709814981095,0.5,126,1,71,2,0.984375,0.9861111111111112,0.9921259842519685,0.9726027397260274,0.988235294117647,0.9852430555555556,0.985,0.7546606097408487,116,0,72,12,0.90625,1.0,1.0,0.8571428571428571,0.9508196721311475,0.953125,0.94
full_valid_model,ebm,sigmoid,4,200,128,0.9998914930555556,0.9999394379844961,0.020100403584747194,0.912758664996757,9.929393179389097,0.05572493969593826,0.0894172416632265,0.5,126,0,72,2,0.984375,1.0,1.0,0.972972972972973,0.9921259842519685,0.9921875,0.99,0.7195718060814589,118,0,72,10,0.921875,1.0,1.0,0.8780487804878049,0.959349593495935,0.9609375,0.95
full_valid_model,logreg,isotonic,0,200,128,0.9996744791666666,0.9998187725360577,0.009870885840748144,0.9571576135384195,0.9968964548510092,0.3741202881884552,0.010702223355361643,0.5,126,1,71,2,0.984375,0.9861111111111112,0.9921259842519685,0.9726027397260274,0.988235294117647,0.9852430555555556,0.985,0.9833216761324585,120,0,72,8,0.9375,1.0,1.0,0.9,0.967741935483871,0.96875,0.96
full_valid_model,logreg,isotonic,1,200,128,0.9997829861111112,0.9998784028282461,0.007880914852272802,0.9657946403981215,1.1778106303216447,0.11353991651913461,0.013208550715982223,0.5,126,1,71,2,0.984375,0.9861111111111112,0.9921259842519685,0.9726027397260274,0.988235294117647,0.9852430555555556,0.985,0.9743982702987702,121,0,72,7,0.9453125,1.0,1.0,0.9113924050632911,0.9718875502008032,0.97265625,0.965
full_valid_model,logreg,isotonic,2,200,128,0.999782986111111,0.9998784028282461,0.0071610848628522565,0.9689189025049815,1.3821511274113698,-0.1336503325308348,0.015759566991227263,0.5,126,1,71,2,0.984375,0.9861111111111112,0.9921259842519685,0.9726027397260274,0.988235294117647,0.9852430555555556,0.985,0.9926552473763656,124,0,72,4,0.96875,1.0,1.0,0.9473684210526315,0.9841269841269841,0.984375,0.98
full_valid_model,logreg,isotonic,3,200,128,0.9997829861111112,0.9998784028282461,0.007029169818821977,0.9694914504391408,1.0759834287089016,0.047366452290239634,0.01369185429622973,0.5,126,1,71,2,0.984375,0.9861111111111112,0.9921259842519685,0.9726027397260274,0.988235294117647,0.9852430555555556,0.985,0.9736786924150532,124,0,72,4,0.96875,1.0,1.0,0.9473684210526315,0.9841269841269841,0.984375,0.98
full_valid_model,logreg,isotonic,4,200,128,0.9995659722222222,0.9997548831119607,0.008722336509778925,0.9621426366763067,1.3355653484644958,0.3952664437991648,0.019231880216045535,0.5,126,1,71,2,0.984375,0.9861111111111112,0.9921259842519685,0.9726027397260274,0.988235294117647,0.9852430555555556,0.985,0.9918855302104244,110,0,72,18,0.859375,1.0,1.0,0.8,0.9243697478991597,0.9296875,0.91
full_valid_model,logreg,none,0,200,128,0.9997829861111112,0.9998784028282461,0.0947963508987414,0.5885575047797682,13.669425430250474,0.6588140324697142,0.2698036491633459,0.5,108,0,72,20,0.84375,1.0,1.0,0.782608695652174,0.9152542372881356,0.921875,0.9,0.4588906886519497,116,0,72,12,0.90625,1.0,1.0,0.8571428571428571,0.9508196721311475,0.953125,0.94
full_valid_model,logreg,none,1,200,128,0.9997829861111112,0.9998784028282461,0.09394165959176919,0.5922671024662796,13.450769896779153,0.6535896782985225,0.2655453431263727,0.5,110,0,72,18,0.859375,1.0,1.0,0.8,0.9243697478991597,0.9296875,0.91,0.4555921695219974,117,0,72,11,0.9140625,1.0,1.0,0.8674698795180723,0.9551020408163265,0.95703125,0.945
full_valid_model,logreg,none,2,200,128,0.9997829861111112,0.9998784028282461,0.08756628855212129,0.6199379837147514,12.107628514792756,0.6526831927861302,0.252119022289535,0.5,111,0,72,17,0.8671875,1.0,1.0,0.8089887640449438,0.9288702928870293,0.93359375,0.915,0.46470993613475636,116,0,72,12,0.90625,1.0,1.0,0.8571428571428571,0.9508196721311475,0.953125,0.94
full_valid_model,logreg,none,3,200,128,0.9997829861111112,0.9998784028282461,0.09505313589173134,0.5874429865810271,12.799345922715126,0.6571491124069286,0.27062379406142506,0.5,108,0,72,20,0.84375,1.0,1.0,0.782608695652174,0.9152542372881356,0.921875,0.9,0.4636498649218176,113,0,72,15,0.8828125,1.0,1.0,0.8275862068965517,0.9377593360995851,0.94140625,0.925
full_valid_model,logreg,none,4,200,128,0.9997829861111112,0.9998784028282461,0.09526639628881486,0.5865173772186855,12.231966142571544,0.6608117714533195,0.27073715054730063,0.5,107,0,72,21,0.8359375,1.0,1.0,0.7741935483870968,0.9106382978723404,0.91796875,0.895,0.4570353416831921,115,0,72,13,0.8984375,1.0,1.0,0.8470588235294118,0.9465020576131687,0.94921875,0.935
full_valid_model,logreg,sigmoid,0,200,128,0.9997829861111112,0.9998784028282461,0.02241389673879965,0.9027174620711821,4.896286593565791,0.04230362868792358,0.09871386613139581,0.5,126,0,72,2,0.984375,1.0,1.0,0.972972972972973,0.9921259842519685,0.9921875,0.99,0.7012346353178242,117,0,72,11,0.9140625,1.0,1.0,0.8674698795180723,0.9551020408163265,0.95703125,0.945
full_valid_model,logreg,sigmoid,1,200,128,0.9997829861111112,0.9998784028282461,0.02210636472607557,0.9040522364319636,4.731147720690762,0.040889341664108285,0.09457003654194725,0.5,126,0,72,2,0.984375,1.0,1.0,0.972972972972973,0.9921259842519685,0.9921875,0.99,0.695062733300081,117,0,72,11,0.9140625,1.0,1.0,0.8674698795180723,0.9551020408163265,0.95703125,0.945
full_valid_model,logreg,sigmoid,2,200,128,0.9997829861111112,0.9998784028282461,0.022508339892874724,0.9023075525482868,4.644748259115701,0.03473784613492068,0.09530545094747285,0.5,126,0,72,2,0.984375,1.0,1.0,0.972972972972973,0.9921259842519685,0.9921875,0.99,0.7056316571831732,118,0,72,10,0.921875,1.0,1.0,0.8780487804878049,0.959349593495935,0.9609375,0.95
full_valid_model,logreg,sigmoid,3,200,128,0.9997829861111112,0.9998784028282461,0.022283366591395192,0.9032839991692917,4.582495871654485,0.037980536271454146,0.09935587638846372,0.5,126,0,72,2,0.984375,1.0,1.0,0.972972972972973,0.9921259842519685,0.9921875,0.99,0.7060583779045285,114,0,72,14,0.890625,1.0,1.0,0.8372093023255814,0.9421487603305785,0.9453125,0.93
full_valid_model,logreg,sigmoid,4,200,128,0.9997829861111112,0.9998784028282461,0.023275455962337172,0.8989780557190227,4.336647780352779,0.07266758044059,0.10005605928535796,0.5,126,0,72,2,0.984375,1.0,1.0,0.972972972972973,0.9921259842519685,0.9921875,0.99,0.6936060073357262,119,0,72,9,0.9296875,1.0,1.0,0.8888888888888888,0.9635627530364372,0.96484375,0.955
full_valid_model,random_forest,isotonic,0,200,128,0.9996744791666666,0.9998168870802147,0.007618706117843217,0.9669326991413055,2.841310032387641,-0.33594122694887835,0.016259097234376876,0.5,128,2,70,0,1.0,0.9722222222222222,0.9846153846153847,1.0,0.9922480620155039,0.9861111111111112,0.99,0.9900969497305683,119,0,72,9,0.9296875,1.0,1.0,0.8888888888888888,0.9635627530364372,0.96484375,0.955
full_valid_model,random_forest,isotonic,1,200,128,0.9996744791666667,0.9998168870802147,0.006974974646900214,0.9697266725394956,1.2215150775096633,-0.21235182770283634,0.013162508630379027,0.5,127,1,71,1,0.9921875,0.9861111111111112,0.9921875,0.9861111111111112,0.9921875,0.9891493055555556,0.99,0.9789263213151084,121,0,72,7,0.9453125,1.0,1.0,0.9113924050632911,0.9718875502008032,0.97265625,0.965
full_valid_model,random_forest,isotonic,2,200,128,0.9988064236111112,0.9993331975161581,0.012515157523578891,0.9456807399150222,0.7201633627357871,-0.6125734436051716,0.015754701353679502,0.5,128,3,69,0,1.0,0.9583333333333334,0.9770992366412213,1.0,0.9884169884169884,0.9791666666666667,0.985,0.9912415553605521,122,0,72,6,0.953125,1.0,1.0,0.9230769230769231,0.976,0.9765625,0.97
full_valid_model,random_forest,isotonic,3,200,128,0.9993489583333334,0.9996293790797026,0.009320730473168105,0.9595454406546523,1.022533012775841,0.1638410059311233,0.0144755023483344,0.5,127,1,71,1,0.9921875,0.9861111111111112,0.9921875,0.9861111111111112,0.9921875,0.9891493055555556,0.99,0.9895462851038677,118,0,72,10,0.921875,1.0,1.0,0.8780487804878049,0.959349593495935,0.9609375,0.95
full_valid_model,random_forest,isotonic,4,200,128,0.9992404513888888,0.9995697487875141,0.009805495188338158,0.957441427133949,1.2286653313307712,0.1117355280454052,0.01472964996921384,0.5,127,2,70,1,0.9921875,0.9722222222222222,0.9844961240310077,0.9859154929577465,0.9883268482490272,0.9822048611111112,0.985,0.9927540157855091,120,0,72,8,0.9375,1.0,1.0,0.9,0.967741935483871,0.96875,0.96
full_valid_model,random_forest,none,0,200,128,0.9998914930555556,0.9999394379844961,0.015719768975981204,0.9317718360417483,15.295236062344513,0.23575119514064966,0.07191207297448136,0.5,128,2,70,0,1.0,0.9722222222222222,0.9846153846153847,1.0,0.9922480620155039,0.9861111111111112,0.99,0.802336583782948,111,0,72,17,0.8671875,1.0,1.0,0.8089887640449438,0.9288702928870293,0.93359375,0.915
full_valid_model,random_forest,none,1,200,128,0.9995659722222223,0.9997548831119607,0.015072173879868154,0.9345825786464056,3.9190480357729784,0.4146304194854682,0.0656276899633449,0.5,127,1,71,1,0.9921875,0.9861111111111112,0.9921875,0.9861111111111112,0.9921875,0.9891493055555556,0.99,0.7841597132253187,114,0,72,14,0.890625,1.0,1.0,0.8372093023255814,0.9421487603305785,0.9453125,0.93
full_valid_model,random_forest,none,2,200,128,0.9994574652777778,0.9996923831119606,0.02048106347595733,0.9111064953300463,3.7584797925538904,0.24611151239085008,0.09077552484598551,0.5,128,1,71,0,1.0,0.9861111111111112,0.9922480620155039,1.0,0.9961089494163424,0.9930555555555556,0.995,0.78244301207206,115,0,72,13,0.8984375,1.0,1.0,0.8470588235294118,0.9465020576131687,0.94921875,0.935
full_valid_model,random_forest,none,3,200,128,0.9995659722222223,0.9997548831119607,0.019139998910848586,0.916927088060553,4.316042765704941,0.27327704002504527,0.08821215579059824,0.5,128,1,71,0,1.0,0.9861111111111112,0.9922480620155039,1.0,0.9961089494163424,0.9930555555555556,0.995,0.7711475596912163,117,0,72,11,0.9140625,1.0,1.0,0.8674698795180723,0.9551020408163265,0.95703125,0.945
full_valid_model,random_forest,none,4,200,128,0.9994574652777778,0.9996952528197722,0.018277811097436064,0.9206692226673782,3.928660173526231,0.18753088274600027,0.07757460777342855,0.5,127,1,71,1,0.9921875,0.9861111111111112,0.9921875,0.9861111111111112,0.9921875,0.9891493055555556,0.99,0.7931730430262874,116,0,72,12,0.90625,1.0,1.0,0.8571428571428571,0.9508196721311475,0.953125,0.94
full_valid_model,random_forest,sigmoid,0,200,128,0.9995659722222223,0.9997548831119607,0.011022343437511073,0.9521599677191359,3.989447849554923,-0.05224976739326041,0.06172993327971883,0.5,128,2,70,0,1.0,0.9722222222222222,0.9846153846153847,1.0,0.9922480620155039,0.9861111111111112,0.99,0.897429491317238,117,0,72,11,0.9140625,1.0,1.0,0.8674698795180723,0.9551020408163265,0.95703125,0.945
full_valid_model,random_forest,sigmoid,1,200,128,0.9994574652777778,0.9996923831119606,0.010305175676021594,0.9552726750172674,2.6504793922797343,0.020439967160569603,0.05320508792297525,0.5,128,1,71,0,1.0,0.9861111111111112,0.9922480620155039,1.0,0.9961089494163424,0.9930555555555556,0.995,0.8877992982936722,119,0,72,9,0.9296875,1.0,1.0,0.8888888888888888,0.9635627530364372,0.96484375,0.955
full_valid_model,random_forest,sigmoid,2,200,128,0.9992404513888888,0.9995697487875141,0.013134760957336879,0.9429914889004476,2.397731239232201,-0.021259838550947763,0.05474057870466395,0.5,128,3,69,0,1.0,0.9583333333333334,0.9770992366412213,1.0,0.9884169884169884,0.9791666666666667,0.985,0.8947207023210675,118,0,72,10,0.921875,1.0,1.0,0.8780487804878049,0.959349593495935,0.9609375,0.95
full_valid_model,random_forest,sigmoid,3,200,128,0.9994574652777778,0.9996923831119606,0.012273456962390563,0.9467297874896243,2.600502991023801,0.050902133012888554,0.06323679689132519,0.5,128,1,71,0,1.0,0.9861111111111112,0.9922480620155039,1.0,0.9961089494163424,0.9930555555555556,0.995,0.8845286032381607,118,0,72,10,0.921875,1.0,1.0,0.8780487804878049,0.959349593495935,0.9609375,0.95
full_valid_model,random_forest,sigmoid,4,200,128,0.9992404513888888,0.9995726639450144,0.013454231613613308,0.9416048975103589,2.360679929354836,0.06503586178884137,0.06104173312137308,0.5,127,2,70,1,0.9921875,0.9722222222222222,0.9844961240310077,0.9859154929577465,0.9883268482490272,0.9822048611111112,0.985,0.8906837317083225,118,0,72,10,0.921875,1.0,1.0,0.8780487804878049,0.959349593495935,0.9609375,0.95
full_valid_model,svm,isotonic,0,200,128,0.9998914930555556,0.9999394379844961,0.006170552390153212,0.9732180885844045,4.13368674447767,0.7786851116741486,0.012153353323958114,0.5,126,0,72,2,0.984375,1.0,1.0,0.972972972972973,0.9921259842519685,0.9921875,0.99,0.9799810683231953,121,0,72,7,0.9453125,1.0,1.0,0.9113924050632911,0.9718875502008032,0.97265625,0.965
full_valid_model,svm,isotonic,1,200,128,1.0,1.0,0.004305598131679995,0.9813125081090278,,0.524844558880112,0.013343976185171105,0.5,127,0,72,1,0.9921875,1.0,1.0,0.9863013698630136,0.996078431372549,0.99609375,0.995,0.985416049199996,118,0,72,10,0.921875,1.0,1.0,0.8780487804878049,0.959349593495935,0.9609375,0.95
full_valid_model,svm,isotonic,2,200,128,1.0,1.0,0.003632334868922733,0.9842346576869673,,-0.0024174156310476846,0.012200965067224113,0.5,128,0,72,0,1.0,1.0,1.0,1.0,1.0,1.0,1.0,0.9854169029819414,122,0,72,6,0.953125,1.0,1.0,0.9230769230769231,0.976,0.9765625,0.97
full_valid_model,svm,isotonic,3,200,128,1.0,1.0,0.002505165032272212,0.989126887880763,,-0.0870149927668845,0.009292867662101778,0.5,128,0,72,0,1.0,1.0,1.0,1.0,1.0,1.0,1.0,0.9923508002420283,122,0,72,6,0.953125,1.0,1.0,0.9230769230769231,0.976,0.9765625,0.97
full_valid_model,svm,isotonic,4,200,128,1.0,1.0,0.003422628774664276,0.9851448403877419,,0.3116109459843001,0.012868522146749918,0.5,128,0,72,0,1.0,1.0,1.0,1.0,1.0,1.0,1.0,1.0,117,0,72,11,0.9140625,1.0,1.0,0.8674698795180723,0.9551020408163265,0.95703125,0.945
full_valid_model,svm,none,0,200,128,1.0,1.0,0.008495663646733837,0.9631264598666066,,0.4246404063226546,0.024690346633473834,0.5,125,0,72,3,0.9765625,1.0,1.0,0.96,0.9881422924901185,0.98828125,0.985,0.8852950795458111,120,0,72,8,0.9375,1.0,1.0,0.9,0.967741935483871,0.96875,0.96
full_valid_model,svm,none,1,200,128,1.0,1.0,0.0065839991202240175,0.9714236149295833,,0.27391284290710555,0.025744992356349475,0.5,126,0,72,2,0.984375,1.0,1.0,0.972972972972973,0.9921259842519685,0.9921875,0.99,0.8589117378664202,123,0,72,5,0.9609375,1.0,1.0,0.935064935064935,0.9800796812749004,0.98046875,0.975
full_valid_model,svm,none,2,200,128,1.0,1.0,0.007150302127706105,0.96896570257072,,0.23625660635216775,0.027418336578139697,0.5,125,0,72,3,0.9765625,1.0,1.0,0.96,0.9881422924901185,0.98828125,0.985,0.9082418980780926,120,0,72,8,0.9375,1.0,1.0,0.9,0.967741935483871,0.96875,0.96
full_valid_model,svm,none,3,200,128,1.0,1.0,0.005873336252295971,0.9745080891827432,,0.1712581270073792,0.025889524715864327,0.5,126,0,72,2,0.984375,1.0,1.0,0.972972972972973,0.9921259842519685,0.9921875,0.99,0.8823597621384923,121,0,72,7,0.9453125,1.0,1.0,0.9113924050632911,0.9718875502008032,0.97265625,0.965
full_valid_model,svm,none,4,200,128,1.0,1.0,0.0073832000253492855,0.9679548610010882,,0.197639456231819,0.028079407243709373,0.5,126,0,72,2,0.984375,1.0,1.0,0.972972972972973,0.9921259842519685,0.9921875,0.99,0.8750997751968178,122,0,72,6,0.953125,1.0,1.0,0.9230769230769231,0.976,0.9765625,0.97
full_valid_model,svm,sigmoid,0,200,128,1.0,1.0,0.013934802344436692,0.9395190870467157,,0.055131276926497344,0.07193426319413129,0.5,125,0,72,3,0.9765625,1.0,1.0,0.96,0.9881422924901185,0.98828125,0.985,0.8221840616906074,116,0,72,12,0.90625,1.0,1.0,0.8571428571428571,0.9508196721311475,0.953125,0.94
full_valid_model,svm,sigmoid,1,200,128,1.0,1.0,0.013416412844585017,0.9417690414731553,,0.05849856017745944,0.07115838623273378,0.5,126,0,72,2,0.984375,1.0,1.0,0.972972972972973,0.9921259842519685,0.9921875,0.99,0.8198690192793628,117,0,72,11,0.9140625,1.0,1.0,0.8674698795180723,0.9551020408163265,0.95703125,0.945
full_valid_model,svm,sigmoid,2,200,128,1.0,1.0,0.014250358399497636,0.9381494861132915,,0.04750704041679163,0.07345790090149837,0.5,125,0,72,3,0.9765625,1.0,1.0,0.96,0.9881422924901185,0.98828125,0.985,0.8131267890996154,115,0,72,13,0.8984375,1.0,1.0,0.8470588235294118,0.9465020576131687,0.94921875,0.935
full_valid_model,svm,sigmoid,3,200,128,1.0,1.0,0.013106902544448124,0.9431124021508328,,0.014010879251235833,0.07317773364062995,0.5,126,0,72,2,0.984375,1.0,1.0,0.972972972972973,0.9921259842519685,0.9921875,0.99,0.8267858406860275,116,0,72,12,0.90625,1.0,1.0,0.8571428571428571,0.9508196721311475,0.953125,0.94
full_valid_model,svm,sigmoid,4,200,128,1.0,1.0,0.014762080514176667,0.9359284699905527,,0.05476663967270154,0.07085452772351103,0.5,124,0,72,4,0.96875,1.0,1.0,0.9473684210526315,0.9841269841269841,0.984375,0.98,0.8140090872575055,116,0,72,12,0.90625,1.0,1.0,0.8571428571428571,0.9508196721311475,0.953125,0.94
full_valid_model,xgboost,isotonic,0,200,128,0.9967447916666667,0.9982820957738455,0.021500297875667408,0.906682734914638,0.9699472131300327,-0.304512260301777,0.025595364627079113,0.5,126,3,69,2,0.984375,0.9583333333333334,0.9767441860465116,0.971830985915493,0.980544747081712,0.9713541666666667,0.975,0.9479875922203064,115,0,72,13,0.8984375,1.0,1.0,0.8470588235294118,0.9465020576131687,0.94921875,0.935
full_valid_model,xgboost,isotonic,1,200,128,0.9963107638888888,0.9980720286678564,0.0214119542599847,0.9070661707465941,0.674233753474127,0.004875027189976802,0.024994526239461298,0.5,126,3,69,2,0.984375,0.9583333333333334,0.9767441860465116,0.971830985915493,0.980544747081712,0.9713541666666667,0.975,0.9349096357822418,120,0,72,8,0.9375,1.0,1.0,0.9,0.967741935483871,0.96875,0.96
full_valid_model,xgboost,isotonic,2,200,128,0.9962565104166666,0.9978298647363887,0.022604972394172886,0.9018881406502913,0.6300645932932558,-0.4804018023136834,0.018023438189411548,0.5,126,3,69,2,0.984375,0.9583333333333334,0.9767441860465116,0.971830985915493,0.980544747081712,0.9713541666666667,0.975,0.9417961478233338,120,2,70,8,0.9375,0.9722222222222222,0.9836065573770492,0.8974358974358975,0.96,0.9548611111111112,0.95
full_valid_model,xgboost,isotonic,3,200,128,0.9969618055555556,0.9983348584414489,0.020075844801419378,0.9128652569382839,0.7930946139360248,-0.2221949488021858,0.01395572668116072,0.5,126,3,69,2,0.984375,0.9583333333333334,0.9767441860465116,0.971830985915493,0.980544747081712,0.9713541666666667,0.975,0.9226664185523987,118,0,72,10,0.921875,1.0,1.0,0.8780487804878049,0.959349593495935,0.9609375,0.95
full_valid_model,xgboost,isotonic,4,200,128,0.9962022569444444,0.9979751079622672,0.021269036077275257,0.9076864753590483,0.7409942926366556,-0.13166900857162178,0.01782429994054836,0.5,125,2,70,3,0.9765625,0.9722222222222222,0.984251968503937,0.958904109589041,0.9803921568627452,0.9743923611111112,0.975,0.9785906732082367,118,0,72,10,0.921875,1.0,1.0,0.8780487804878049,0.959349593495935,0.9609375,0.95
full_valid_model,xgboost,none,0,200,128,0.9982638888888891,0.9990695140693018,0.016844980213192993,0.9268881067135721,1.3874493844334597,0.03759356132112915,0.031204154707957024,0.5,126,3,69,2,0.984375,0.9583333333333334,0.9767441860465116,0.971830985915493,0.980544747081712,0.9713541666666667,0.975,0.9164435505867005,116,0,72,12,0.90625,1.0,1.0,0.8571428571428571,0.9508196721311475,0.953125,0.94
full_valid_model,xgboost,none,1,200,128,0.9977213541666666,0.9987544826196768,0.019455618859278913,0.9155572098121575,1.2596301050386713,0.09664791333591678,0.018327415586682036,0.5,126,3,69,2,0.984375,0.9583333333333334,0.9767441860465116,0.971830985915493,0.980544747081712,0.9713541666666667,0.975,0.8812071084976196,120,0,72,8,0.9375,1.0,1.0,0.9,0.967741935483871,0.96875,0.96
full_valid_model,xgboost,none,2,200,128,0.9935980902777779,0.9962034720349926,0.0223928279578584,0.9028089064329062,1.066220603866312,-0.12994020778755597,0.015765104506863328,0.5,126,3,69,2,0.984375,0.9583333333333334,0.9767441860465116,0.971830985915493,0.980544747081712,0.9713541666666667,0.975,0.9281596183776856,116,2,70,12,0.90625,0.9722222222222222,0.9830508474576272,0.8536585365853658,0.943089430894309,0.9392361111111112,0.93
full_valid_model,xgboost,none,3,200,128,0.9963107638888888,0.9979769650139259,0.01898166202924507,0.9176143141091794,1.2221667502360654,0.06794117940297541,0.020505623862845854,0.5,126,3,69,2,0.984375,0.9583333333333334,0.9767441860465116,0.971830985915493,0.980544747081712,0.9713541666666667,0.975,0.9044822096824646,116,1,71,12,0.90625,0.9861111111111112,0.9914529914529915,0.8554216867469879,0.9469387755102041,0.9461805555555556,0.935
full_valid_model,xgboost,none,4,200,128,0.998046875,0.9989406186461092,0.018193719048392006,0.921034205519132,1.3163058073214642,0.18127073133018506,0.02480782261351124,0.5,126,2,70,2,0.984375,0.9722222222222222,0.984375,0.9722222222222222,0.984375,0.9782986111111112,0.98,0.9129398465156555,116,0,72,12,0.90625,1.0,1.0,0.8571428571428571,0.9508196721311475,0.953125,0.94
full_valid_model,xgboost,sigmoid,0,200,128,0.9964192708333334,0.9981563683790801,0.023621055979793245,0.8974780556432584,1.6079964378272513,-0.033683280443698026,0.06468786735068334,0.5,126,3,69,2,0.984375,0.9583333333333334,0.9767441860465116,0.971830985915493,0.980544747081712,0.9713541666666667,0.975,0.9071527460991206,119,0,72,9,0.9296875,1.0,1.0,0.8888888888888888,0.9635627530364372,0.96484375,0.955
full_valid_model,xgboost,sigmoid,1,200,128,0.9958767361111112,0.9978809229244314,0.025009374281704827,0.8914523685689895,1.509341666858055,0.03554754219248904,0.06255067942685685,0.5,126,3,69,2,0.984375,0.9583333333333334,0.9767441860465116,0.971830985915493,0.980544747081712,0.9713541666666667,0.975,0.8971645099395391,121,1,71,7,0.9453125,0.9861111111111112,0.9918032786885246,0.9102564102564102,0.968,0.9657118055555556,0.96
full_valid_model,xgboost,sigmoid,2,200,128,0.9854600694444444,0.9882548367580467,0.02540498917802727,0.8897352900259233,1.4723926696638159,-0.0676798334978909,0.04637625123883862,0.5,126,3,69,2,0.984375,0.9583333333333334,0.9767441860465116,0.971830985915493,0.980544747081712,0.9713541666666667,0.975,0.9123084403218517,118,3,69,10,0.921875,0.9583333333333334,0.9752066115702479,0.8734177215189873,0.9477911646586346,0.9401041666666667,0.935
full_valid_model,xgboost,sigmoid,3,200,128,0.9965277777777778,0.9980887452477292,0.02374005663885357,0.896961559727198,1.5886423324613386,0.028577015409237398,0.05774444680087123,0.5,126,3,69,2,0.984375,0.9583333333333334,0.9767441860465116,0.971830985915493,0.980544747081712,0.9713541666666667,0.975,0.9085295576696132,118,1,71,10,0.921875,0.9861111111111112,0.9915966386554622,0.8765432098765432,0.9554655870445343,0.9539930555555556,0.945
full_valid_model,xgboost,sigmoid,4,200,128,0.9950086805555556,0.9975817086424342,0.023243488085665513,0.8991168051837435,1.5550681593530107,0.0692843631200869,0.06306789512982398,0.5,125,3,69,3,0.9765625,0.9583333333333334,0.9765625,0.9583333333333334,0.9765625,0.9674479166666667,0.97,0.9122472178607336,118,0,72,10,0.921875,1.0,1.0,0.8780487804878049,0.959349593495935,0.9609375,0.95
laboratory_model,dummy,isotonic,0,200,128,0.48697916666666663,0.634140625,0.230484375,-0.0003662109375,-3.9860731127349425,-2.1203038571342428e-16,0.0,0.5,128,72,0,0,1.0,0.0,0.64,,0.7804878048780487,0.5,0.64,0.6366666666666666,128,72,0,0,1.0,0.0,0.64,,0.7804878048780487,0.5,0.64
laboratory_model,dummy,isotonic,1,200,128,0.48697916666666663,0.634140625,0.230484375,-0.0003662109375,-3.9860731127345304,-2.1203038571342428e-16,0.0,0.5,128,72,0,0,1.0,0.0,0.64,,0.7804878048780487,0.5,0.64,0.6366666666666666,128,72,0,0,1.0,0.0,0.64,,0.7804878048780487,0.5,0.64
laboratory_model,dummy,isotonic,2,200,128,0.48697916666666663,0.634140625,0.23048437500000002,-0.0003662109375,-3.9860731127341698,-2.5058136493404686e-16,0.0,0.5,128,72,0,0,1.0,0.0,0.64,,0.7804878048780487,0.5,0.64,0.6366666666666666,128,72,0,0,1.0,0.0,0.64,,0.7804878048780487,0.5,0.64
laboratory_model,dummy,isotonic,3,200,128,0.48697916666666663,0.634140625,0.23048437500000002,-0.0003662109375,-3.9860731127346147,-2.0239264090826863e-16,0.0,0.5,128,72,0,0,1.0,0.0,0.64,,0.7804878048780487,0.5,0.64,0.6366666666666666,128,72,0,0,1.0,0.0,0.64,,0.7804878048780487,0.5,0.64
laboratory_model,dummy,isotonic,4,200,128,0.48697916666666663,0.634140625,0.230484375,-0.0003662109375,-3.9860731127346285,-1.9275489610311297e-16,0.0,0.5,128,72,0,0,1.0,0.0,0.64,,0.7804878048780487,0.5,0.64,0.6366666666666666,128,72,0,0,1.0,0.0,0.64,,0.7804878048780487,0.5,0.64
laboratory_model,dummy,none,0,200,128,0.48697916666666663,0.634140625,0.230484375,-0.0003662109375,-3.9860731127349425,-2.1203038571342428e-16,0.0,0.5,128,72,0,0,1.0,0.0,0.64,,0.7804878048780487,0.5,0.64,0.6366666666666666,128,72,0,0,1.0,0.0,0.64,,0.7804878048780487,0.5,0.64
laboratory_model,dummy,none,1,200,128,0.48697916666666663,0.634140625,0.230484375,-0.0003662109375,-3.9860731127345304,-2.1203038571342428e-16,0.0,0.5,128,72,0,0,1.0,0.0,0.64,,0.7804878048780487,0.5,0.64,0.6366666666666666,128,72,0,0,1.0,0.0,0.64,,0.7804878048780487,0.5,0.64
laboratory_model,dummy,none,2,200,128,0.48697916666666663,0.634140625,0.23048437500000002,-0.0003662109375,-3.9860731127341698,-2.5058136493404686e-16,0.0,0.5,128,72,0,0,1.0,0.0,0.64,,0.7804878048780487,0.5,0.64,0.6366666666666666,128,72,0,0,1.0,0.0,0.64,,0.7804878048780487,0.5,0.64
laboratory_model,dummy,none,3,200,128,0.48697916666666663,0.634140625,0.23048437500000002,-0.0003662109375,-3.9860731127346147,-2.0239264090826863e-16,0.0,0.5,128,72,0,0,1.0,0.0,0.64,,0.7804878048780487,0.5,0.64,0.6366666666666666,128,72,0,0,1.0,0.0,0.64,,0.7804878048780487,0.5,0.64
laboratory_model,dummy,none,4,200,128,0.48697916666666663,0.634140625,0.230484375,-0.0003662109375,-3.9860731127346285,-1.9275489610311297e-16,0.0,0.5,128,72,0,0,1.0,0.0,0.64,,0.7804878048780487,0.5,0.64,0.6366666666666666,128,72,0,0,1.0,0.0,0.64,,0.7804878048780487,0.5,0.64
laboratory_model,dummy,sigmoid,0,200,128,0.48697916666666663,0.634140625,0.23048497445077146,-0.000368812720362266,-4.032431507784349,0.005375091137101486,0.0012393012896696476,0.5,128,72,0,0,1.0,0.0,0.64,,0.7804878048780487,0.5,0.64,0.6346558996314264,128,72,0,0,1.0,0.0,0.64,,0.7804878048780487,0.5,0.64
laboratory_model,dummy,sigmoid,1,200,128,0.48697916666666663,0.634140625,0.23048497445077146,-0.000368812720362266,-4.0324315077845085,0.005375091137101526,0.0012393012896696476,0.5,128,72,0,0,1.0,0.0,0.64,,0.7804878048780487,0.5,0.64,0.6346558996314264,128,72,0,0,1.0,0.0,0.64,,0.7804878048780487,0.5,0.64
laboratory_model,dummy,sigmoid,2,200,128,0.48697916666666663,0.634140625,0.23048497445077146,-0.000368812720362266,-4.032431507783667,0.0053750911371014,0.0012393012896696476,0.5,128,72,0,0,1.0,0.0,0.64,,0.7804878048780487,0.5,0.64,0.6346558996314264,128,72,0,0,1.0,0.0,0.64,,0.7804878048780487,0.5,0.64
laboratory_model,dummy,sigmoid,3,200,128,0.48697916666666663,0.634140625,0.23048497445077146,-0.000368812720362266,-4.032431507784332,0.005375091137101459,0.0012393012896696476,0.5,128,72,0,0,1.0,0.0,0.64,,0.7804878048780487,0.5,0.64,0.6346558996314265,128,72,0,0,1.0,0.0,0.64,,0.7804878048780487,0.5,0.64
laboratory_model,dummy,sigmoid,4,200,128,0.48697916666666663,0.634140625,0.23048497445077146,-0.000368812720362266,-4.032431507784047,0.005375091137101525,0.0012393012896696476,0.5,128,72,0,0,1.0,0.0,0.64,,0.7804878048780487,0.5,0.64,0.6346558996314264,128,72,0,0,1.0,0.0,0.64,,0.7804878048780487,0.5,0.64
laboratory_model,ebm,isotonic,0,200,128,0.9867621527777778,0.9930443842858871,0.040609074754060615,0.8237453352688342,0.6738584300564462,-0.1025132669165237,0.03708268165514451,0.5,124,5,67,4,0.96875,0.9305555555555556,0.9612403100775194,0.9436619718309859,0.9649805447470817,0.9496527777777778,0.955,0.8686058343159803,113,0,72,15,0.8828125,1.0,1.0,0.8275862068965517,0.9377593360995851,0.94140625,0.925
laboratory_model,ebm,isotonic,1,200,128,0.9847005208333334,0.9869409521209652,0.03699933480717734,0.8394126093438483,0.5811415802539925,0.20273797507244484,0.028799393825028597,0.5,122,4,68,6,0.953125,0.9444444444444444,0.9682539682539683,0.918918918918919,0.9606299212598425,0.9487847222222222,0.95,0.8321949672335823,119,1,71,9,0.9296875,0.9861111111111112,0.9916666666666667,0.8875,0.9596774193548387,0.9578993055555556,0.95
laboratory_model,ebm,isotonic,2,200,128,0.9895290798611112,0.9941035480809448,0.038773553224031206,0.8317120085762535,0.9735673095732104,-0.03663798173091429,0.0327126613184925,0.5,124,6,66,4,0.96875,0.9166666666666666,0.9538461538461539,0.9428571428571428,0.9612403100775193,0.9427083333333333,0.95,0.8646549505999644,110,1,71,18,0.859375,0.9861111111111112,0.990990990990991,0.797752808988764,0.9205020920502092,0.9227430555555556,0.905
laboratory_model,ebm,isotonic,3,200,128,0.9775390625,0.9780146286964851,0.038059741259153186,0.8348101507849254,1.1570174896409045,-0.2178310909700687,0.054726578523018585,0.5,123,5,67,5,0.9609375,0.9305555555555556,0.9609375,0.9305555555555556,0.9609375,0.9457465277777778,0.95,0.8405038323475498,119,2,70,9,0.9296875,0.9722222222222222,0.9834710743801653,0.8860759493670886,0.9558232931726908,0.9509548611111112,0.945
laboratory_model,ebm,isotonic,4,200,128,0.9842122395833334,0.9870776563430688,0.03177935376466932,0.8620687770630672,0.5944254366217319,0.029688855428294216,0.03176201472720551,0.5,124,3,69,4,0.96875,0.9583333333333334,0.9763779527559056,0.9452054794520548,0.9725490196078432,0.9635416666666667,0.965,0.8610704065790838,117,1,71,11,0.9140625,0.9861111111111112,0.9915254237288136,0.8658536585365854,0.9512195121951219,0.9500868055555556,0.94
laboratory_model,ebm,none,0,200,128,0.9895833333333333,0.9943198733947994,0.039650905423985826,0.8279040563195059,0.6038475972353274,-0.03726774960256862,0.04606847997810069,0.5,123,4,68,5,0.9609375,0.9444444444444444,0.968503937007874,0.9315068493150684,0.9647058823529412,0.9526909722222222,0.955,0.9700800111622792,115,1,71,13,0.8984375,0.9861111111111112,0.9913793103448276,0.8452380952380952,0.9426229508196722,0.9422743055555556,0.93
laboratory_model,ebm,none,1,200,128,0.9839409722222222,0.9904205029996206,0.0431538171449343,0.812700446419556,0.5542094673255386,0.2193442123395655,0.04088617838738233,0.5,122,4,68,6,0.953125,0.9444444444444444,0.9682539682539683,0.918918918918919,0.9606299212598425,0.9487847222222222,0.95,0.9696259348284765,114,2,70,14,0.890625,0.9722222222222222,0.9827586206896551,0.8333333333333334,0.9344262295081966,0.9314236111111112,0.92
laboratory_model,ebm,none,2,200,128,0.9768880208333333,0.9866150693610176,0.04376943704161791,0.8100284850624222,0.9405118497751768,-0.6759174094860221,0.04659489982548371,0.5,125,6,66,3,0.9765625,0.9166666666666666,0.9541984732824428,0.9565217391304348,0.9652509652509652,0.9466145833333333,0.955,0.9586213454780741,116,4,68,12,0.90625,0.9444444444444444,0.9666666666666667,0.85,0.9354838709677419,0.9253472222222222,0.92
laboratory_model,ebm,none,3,200,128,0.9755859375,0.986181385322286,0.049244799734015604,0.7862638900433351,0.389975092676393,-0.7537822542165319,0.04157203215635774,0.5,123,6,66,5,0.9609375,0.9166666666666666,0.9534883720930233,0.9295774647887324,0.9571984435797667,0.9388020833333333,0.945,0.917644055109256,118,4,68,10,0.921875,0.9444444444444444,0.9672131147540983,0.8717948717948718,0.944,0.9331597222222222,0.93
laboratory_model,ebm,none,4,200,128,0.9765625,0.9868750059484205,0.046264048792469266,0.7992011771160188,1.1734172505185985,0.5601477304315018,0.04293905593935663,0.5,122,4,68,6,0.953125,0.9444444444444444,0.9682539682539683,0.918918918918919,0.9606299212598425,0.9487847222222222,0.95,0.9249109888143191,113,3,69,15,0.8828125,0.9583333333333334,0.9741379310344828,0.8214285714285714,0.9262295081967213,0.9205729166666667,0.91
laboratory_model,ebm,sigmoid,0,200,128,0.9912109375,0.9954175365524439,0.04504296878849657,0.8045010035221503,2.2537355537326227,-0.03747756239224965,0.10252199604002184,0.5,123,5,67,5,0.9609375,0.9305555555555556,0.9609375,0.9305555555555556,0.9609375,0.9457465277777778,0.95,0.7228078442387357,117,1,71,11,0.9140625,0.9861111111111112,0.9915254237288136,0.8658536585365854,0.9512195121951219,0.9500868055555556,0.94
laboratory_model,ebm,sigmoid,1,200,128,0.9912109375,0.9953372315174931,0.041665237250591784,0.8191612966554176,2.104765673179609,0.03231841680686044,0.07872343403042457,0.5,123,4,68,5,0.9609375,0.9444444444444444,0.968503937007874,0.9315068493150684,0.9647058823529412,0.9526909722222222,0.955,0.7155485965879561,118,1,71,10,0.921875,0.9861111111111112,0.9915966386554622,0.8765432098765432,0.9554655870445343,0.9539930555555556,0.945
laboratory_model,ebm,sigmoid,2,200,128,0.9903428819444445,0.9946637746309243,0.04457268010316504,0.806542187052235,2.194943213617836,0.005334717401295825,0.07221749526352614,0.5,124,6,66,4,0.96875,0.9166666666666666,0.9538461538461539,0.9428571428571428,0.9612403100775193,0.9427083333333333,0.95,0.7042890340092152,114,2,70,14,0.890625,0.9722222222222222,0.9827586206896551,0.8333333333333334,0.9344262295081966,0.9314236111111112,0.92
laboratory_model,ebm,sigmoid,3,200,128,0.990017361111111,0.9942683905242053,0.04341195513652194,0.811580055831068,2.181323673839202,-0.021444484702619185,0.08445574517849326,0.5,124,5,67,4,0.96875,0.9305555555555556,0.9612403100775194,0.9436619718309859,0.9649805447470817,0.9496527777777778,0.955,0.7124740628779143,118,2,70,10,0.921875,0.9722222222222222,0.9833333333333333,0.875,0.9516129032258064,0.9470486111111112,0.94
laboratory_model,ebm,sigmoid,4,200,128,0.991970486111111,0.9957082007861066,0.04252408712123088,0.8154336496474354,2.368218090132066,0.0412588806057209,0.08167549342930455,0.5,123,3,69,5,0.9609375,0.9583333333333334,0.9761904761904762,0.9324324324324325,0.968503937007874,0.9596354166666667,0.96,0.700320523109583,114,1,71,14,0.890625,0.9861111111111112,0.991304347826087,0.8352941176470589,0.9382716049382716,0.9383680555555556,0.925
laboratory_model,logreg,isotonic,0,200,128,0.9846462673611112,0.9870817287420889,0.030412492232148994,0.8680013357979645,6.093566830323438,0.04676115158241679,0.032235105158836236,0.5,122,4,68,6,0.953125,0.9444444444444444,0.9682539682539683,0.918918918918919,0.9606299212598425,0.9487847222222222,0.95,0.9545852035770963,118,1,71,10,0.921875,0.9861111111111112,0.9915966386554622,0.8765432098765432,0.9554655870445343,0.9539930555555556,0.945
laboratory_model,logreg,isotonic,1,200,128,0.9908311631944444,0.9948602165620163,0.030329299279640277,0.8683624163210057,8.186031379688599,-0.02973174160661219,0.031677475677511086,0.5,123,4,68,5,0.9609375,0.9444444444444444,0.968503937007874,0.9315068493150684,0.9647058823529412,0.9526909722222222,0.955,0.9310246656299646,120,1,71,8,0.9375,0.9861111111111112,0.9917355371900827,0.8987341772151899,0.963855421686747,0.9618055555555556,0.955
laboratory_model,logreg,isotonic,2,200,128,0.9918077256944444,0.9953451310035016,0.027395127750268672,0.8810975358061256,8.168142043756921,0.04191328397271221,0.023085343145339485,0.5,122,2,70,6,0.953125,0.9722222222222222,0.9838709677419355,0.9210526315789473,0.9682539682539683,0.9626736111111112,0.96,0.9647873251321037,117,0,72,11,0.9140625,1.0,1.0,0.8674698795180723,0.9551020408163265,0.95703125,0.945
laboratory_model,logreg,isotonic,3,200,128,0.9938151041666666,0.9967904412591764,0.03007671047328523,0.869458721904144,0.6576443552603622,-0.16283884979920246,0.02048225149109745,0.5,123,3,69,5,0.9609375,0.9583333333333334,0.9761904761904762,0.9324324324324325,0.968503937007874,0.9596354166666667,0.96,0.9476258194318211,118,0,72,10,0.921875,1.0,1.0,0.8780487804878049,0.959349593495935,0.9609375,0.95
laboratory_model,logreg,isotonic,4,200,128,0.9908311631944444,0.9947823833571678,0.031186496815991793,0.8646419409028134,8.938808637032546,0.24345861572021307,0.024246272691529902,0.5,123,3,69,5,0.9609375,0.9583333333333334,0.9761904761904762,0.9324324324324325,0.968503937007874,0.9596354166666667,0.96,0.9536564759422705,115,0,72,13,0.8984375,1.0,1.0,0.8470588235294118,0.9465020576131687,0.94921875,0.935
laboratory_model,logreg,none,0,200,128,0.9951171875,0.9973421210141327,0.12136580087130416,0.47323871149607566,9.183133574659832,0.609044754328988,0.2741930602411335,0.5,102,0,72,26,0.796875,1.0,1.0,0.7346938775510204,0.8869565217391304,0.8984375,0.87,0.4608624943264026,113,0,72,15,0.8828125,1.0,1.0,0.8275862068965517,0.9377593360995851,0.94140625,0.925
laboratory_model,logreg,none,1,200,128,0.9901258680555556,0.995152308712403,0.10819939009882744,0.5303845915849503,6.8732988310846475,0.5775922963027761,0.24346899669614444,0.5,105,0,72,23,0.8203125,1.0,1.0,0.7578947368421053,0.9012875536480687,0.91015625,0.885,0.47944361319268325,111,0,72,17,0.8671875,1.0,1.0,0.8089887640449438,0.9288702928870293,0.93359375,0.915
laboratory_model,logreg,none,2,200,128,0.9918619791666667,0.9959102395193582,0.12219301547295411,0.46964837034308116,8.148845931135398,0.585085879279216,0.27753199926633787,0.5,105,0,72,23,0.8203125,1.0,1.0,0.7578947368421053,0.9012875536480687,0.91015625,0.885,0.46783736417376387,116,0,72,12,0.90625,1.0,1.0,0.8571428571428571,0.9508196721311475,0.953125,0.94
laboratory_model,logreg,none,3,200,128,0.9962022569444444,0.9979483251013632,0.12113142038548157,0.47425598791023627,9.921619224247815,0.5834820329169039,0.2881520821943467,0.5,104,0,72,24,0.8125,1.0,1.0,0.75,0.896551724137931,0.90625,0.88,0.4657640668127046,116,0,72,12,0.90625,1.0,1.0,0.8571428571428571,0.9508196721311475,0.953125,0.94
laboratory_model,logreg,none,4,200,128,0.9888237847222223,0.9947897019182922,0.09494121668167743,0.5879287470413306,5.68391915551231,0.5911306618446456,0.22109421122246242,0.5,113,0,72,15,0.8828125,1.0,1.0,0.8275862068965517,0.9377593360995851,0.94140625,0.925,0.4931038986825703,113,0,72,15,0.8828125,1.0,1.0,0.8275862068965517,0.9377593360995851,0.94140625,0.925
laboratory_model,logreg,sigmoid,0,200,128,0.9950086805555556,0.9973324458324948,0.038431330192628656,0.8331973515944937,2.6722483698154686,0.03526165908155635,0.08589026529025474,0.5,122,2,70,6,0.953125,0.9722222222222222,0.9838709677419355,0.9210526315789473,0.9682539682539683,0.9626736111111112,0.96,0.6827284133690106,119,0,72,9,0.9296875,1.0,1.0,0.8888888888888888,0.9635627530364372,0.96484375,0.955
laboratory_model,logreg,sigmoid,1,200,128,0.9945746527777778,0.9971267048589636,0.03860008324087354,0.8324649164892641,2.5494756689188263,0.034321171570152714,0.08430977967955319,0.5,122,3,69,6,0.953125,0.9583333333333334,0.976,0.92,0.9644268774703557,0.9557291666666667,0.955,0.6791577742079618,119,0,72,9,0.9296875,1.0,1.0,0.8888888888888888,0.9635627530364372,0.96484375,0.955
laboratory_model,logreg,sigmoid,2,200,128,0.9952256944444444,0.9974649088835954,0.03841314320404985,0.8332762881768669,2.671090352929242,0.024674814085180078,0.08535810470347611,0.5,122,3,69,6,0.953125,0.9583333333333334,0.976,0.92,0.9644268774703557,0.9557291666666667,0.955,0.6821847328568899,118,0,72,10,0.921875,1.0,1.0,0.8780487804878049,0.959349593495935,0.9609375,0.95
laboratory_model,logreg,sigmoid,3,200,128,0.9952256944444444,0.997474500304655,0.0378517764419994,0.8357127758593776,2.717759425020823,0.022712105912480345,0.08549589204222781,0.5,122,2,70,6,0.953125,0.9722222222222222,0.9838709677419355,0.9210526315789473,0.9682539682539683,0.9626736111111112,0.96,0.6765283579879978,119,0,72,9,0.9296875,1.0,1.0,0.8888888888888888,0.9635627530364372,0.96484375,0.955
laboratory_model,logreg,sigmoid,4,200,128,0.9943576388888888,0.9970052946731063,0.038811938607348585,0.8315454053500495,2.578006278162898,0.052587668224714765,0.07907690006438226,0.5,122,2,70,6,0.953125,0.9722222222222222,0.9838709677419355,0.9210526315789473,0.9682539682539683,0.9626736111111112,0.96,0.6899317720617105,118,0,72,10,0.921875,1.0,1.0,0.8780487804878049,0.959349593495935,0.9609375,0.95
laboratory_model,random_forest,isotonic,0,200,128,0.9896375868055556,0.9947250606595012,0.03164197339017323,0.8626650460495954,0.5619606349404268,-0.032240736238297915,0.01921978453327096,0.5,123,3,69,5,0.9609375,0.9583333333333334,0.9761904761904762,0.9324324324324325,0.968503937007874,0.9596354166666667,0.96,0.864652046552106,116,0,72,12,0.90625,1.0,1.0,0.8571428571428571,0.9508196721311475,0.953125,0.94
laboratory_model,random_forest,isotonic,1,200,128,0.9943576388888888,0.9969067896730697,0.033686642927691225,0.8537906122930068,0.7593888622186652,0.09920761121710152,0.038476498390582606,0.5,122,4,68,6,0.953125,0.9444444444444444,0.9682539682539683,0.918918918918919,0.9606299212598425,0.9487847222222222,0.95,0.9485159094929128,117,0,72,11,0.9140625,1.0,1.0,0.8674698795180723,0.9551020408163265,0.95703125,0.945
laboratory_model,random_forest,isotonic,2,200,128,0.9887152777777778,0.9942129317578127,0.040171556296978966,0.8256442869054732,0.6429825238380922,-0.07171205060816321,0.038574331575782606,0.5,122,4,68,6,0.953125,0.9444444444444444,0.9682539682539683,0.918918918918919,0.9606299212598425,0.9487847222222222,0.95,0.9481332353043195,114,1,71,14,0.890625,0.9861111111111112,0.991304347826087,0.8352941176470589,0.9382716049382716,0.9383680555555556,0.925
laboratory_model,random_forest,isotonic,3,200,128,0.9816080729166667,0.9858120807972373,0.04509716938887558,0.804265757860783,6.094301617218134,-0.4040824051204616,0.041800308971840956,0.5,122,6,66,6,0.953125,0.9166666666666666,0.953125,0.9166666666666666,0.953125,0.9348958333333333,0.94,0.9076339012070188,117,1,71,11,0.9140625,0.9861111111111112,0.9915254237288136,0.8658536585365854,0.9512195121951219,0.9500868055555556,0.94
laboratory_model,random_forest,isotonic,4,200,128,0.9895290798611109,0.994481256051159,0.034404231872605065,0.8506760769418182,0.4856226881278298,0.23689916222490287,0.02627935006064178,0.5,122,2,70,6,0.953125,0.9722222222222222,0.9838709677419355,0.9210526315789473,0.9682539682539683,0.9626736111111112,0.96,0.9332600355240013,117,0,72,11,0.9140625,1.0,1.0,0.8674698795180723,0.9551020408163265,0.95703125,0.945
laboratory_model,random_forest,none,0,200,128,0.9930555555555556,0.9964645031154449,0.03325780818322489,0.8556518742047531,1.8636724722629956,0.06879097720887073,0.05675767118313537,0.5,123,4,68,5,0.9609375,0.9444444444444444,0.968503937007874,0.9315068493150684,0.9647058823529412,0.9526909722222222,0.955,0.7718269469804668,116,0,72,12,0.90625,1.0,1.0,0.8571428571428571,0.9508196721311475,0.953125,0.94
laboratory_model,random_forest,none,1,200,128,0.9943033854166667,0.9968412893085934,0.03149494444444444,0.8633031925154321,1.4407747488304408,0.10714911458926267,0.048650000000000006,0.5,120,4,68,8,0.9375,0.9444444444444444,0.967741935483871,0.8947368421052632,0.9523809523809523,0.9409722222222222,0.94,0.8320000000000001,116,0,72,12,0.90625,1.0,1.0,0.8571428571428571,0.9508196721311475,0.953125,0.94
laboratory_model,random_forest,none,2,200,128,0.9926215277777778,0.9961151728383764,0.03476594552891017,0.8491061391974385,1.6244370632701863,0.10250019653344117,0.030327669109088927,0.5,122,4,68,6,0.953125,0.9444444444444444,0.9682539682539683,0.918918918918919,0.9606299212598425,0.9487847222222222,0.95,0.8078286157310437,113,0,72,15,0.8828125,1.0,1.0,0.8275862068965517,0.9377593360995851,0.94140625,0.925
laboratory_model,random_forest,none,3,200,128,0.9922417534722222,0.9958442434627306,0.03708779299298186,0.8390286762457384,1.706575932326611,0.18442339352644813,0.05910544271901619,0.5,121,3,69,7,0.9453125,0.9583333333333334,0.9758064516129032,0.9078947368421053,0.9603174603174603,0.9518229166666667,0.95,0.7623803424855207,117,0,72,11,0.9140625,1.0,1.0,0.8674698795180723,0.9551020408163265,0.95703125,0.945
laboratory_model,random_forest,none,4,200,128,0.99169921875,0.9956993940330113,0.0368702091687051,0.8399730504830508,1.7364082282534246,0.3356065181646365,0.060521326097645184,0.5,120,2,70,8,0.9375,0.9722222222222222,0.9836065573770492,0.8974358974358975,0.96,0.9548611111111112,0.95,0.7441702194049986,114,0,72,14,0.890625,1.0,1.0,0.8372093023255814,0.9421487603305785,0.9453125,0.93
laboratory_model,random_forest,sigmoid,0,200,128,0.9927300347222221,0.9962729498024545,0.03316460678370358,0.8560563941679532,1.5721660916071833,-0.04169747728771796,0.05740707112536669,0.5,123,4,68,5,0.9609375,0.9444444444444444,0.968503937007874,0.9315068493150684,0.9647058823529412,0.9526909722222222,0.955,0.8448808304573846,119,0,72,9,0.9296875,1.0,1.0,0.8888888888888888,0.9635627530364372,0.96484375,0.955
laboratory_model,random_forest,sigmoid,1,200,128,0.9937065972222222,0.9965824378338927,0.03594016462587476,0.8440097021446408,1.5083547684938163,0.04121016170704225,0.06782376973182398,0.5,122,5,67,6,0.953125,0.9305555555555556,0.9606299212598425,0.9178082191780822,0.9568627450980391,0.9418402777777778,0.945,0.8712602154819913,119,0,72,9,0.9296875,1.0,1.0,0.8888888888888888,0.9635627530364372,0.96484375,0.955
laboratory_model,random_forest,sigmoid,2,200,128,0.9913194444444445,0.9954949552665834,0.03680719459433209,0.840246551239878,1.5221145054387595,0.010784748343715728,0.059424016397252324,0.5,122,5,67,6,0.953125,0.9305555555555556,0.9606299212598425,0.9178082191780822,0.9568627450980391,0.9418402777777778,0.945,0.8750425706436864,114,0,72,14,0.890625,1.0,1.0,0.8372093023255814,0.9421487603305785,0.9453125,0.93
laboratory_model,random_forest,sigmoid,3,200,128,0.9919704861111112,0.9958199784720374,0.03845626266903108,0.8330891377212193,1.4516868020872273,-0.02202414644877308,0.054006795606532036,0.5,122,5,67,6,0.953125,0.9305555555555556,0.9606299212598425,0.9178082191780822,0.9568627450980391,0.9418402777777778,0.945,0.843362755418802,117,0,72,11,0.9140625,1.0,1.0,0.8674698795180723,0.9551020408163265,0.95703125,0.945
laboratory_model,random_forest,sigmoid,4,200,128,0.991427951388889,0.9957394911463664,0.035168493621268525,0.8473589686576887,1.5595926676547307,0.09204956759234223,0.06507294724887944,0.5,122,2,70,6,0.953125,0.9722222222222222,0.9838709677419355,0.9210526315789473,0.9682539682539683,0.9626736111111112,0.96,0.8388892190363011,116,0,72,12,0.90625,1.0,1.0,0.8571428571428571,0.9508196721311475,0.953125,0.94
laboratory_model,svm,isotonic,0,200,128,0.98486328125,0.9870894989068457,0.02964179318759931,0.871346383734378,6.407411771313321,0.06613345347086556,0.029104809124821572,0.5,123,4,68,5,0.9609375,0.9444444444444444,0.968503937007874,0.9315068493150684,0.9647058823529412,0.9526909722222222,0.955,0.9662555956845267,116,1,71,12,0.90625,0.9861111111111112,0.9914529914529915,0.8554216867469879,0.9469387755102041,0.9461805555555556,0.935
laboratory_model,svm,isotonic,1,200,128,0.9917534722222222,0.9953972870347706,0.026249467377814834,0.8860700200615675,0.5523133181992516,0.1747723639589789,0.030015932875140223,0.5,124,3,69,4,0.96875,0.9583333333333334,0.9763779527559056,0.9452054794520548,0.9725490196078432,0.9635416666666667,0.965,0.9604193085539364,116,0,72,12,0.90625,1.0,1.0,0.8571428571428571,0.9508196721311475,0.953125,0.94
laboratory_model,svm,isotonic,2,200,128,0.9916449652777778,0.9953315370881375,0.02735590612639162,0.8812677685486475,0.44197035139816165,0.11312148463222492,0.022001738652882945,0.5,124,3,69,4,0.96875,0.9583333333333334,0.9763779527559056,0.9452054794520548,0.9725490196078432,0.9635416666666667,0.965,0.9721971015334862,117,0,72,11,0.9140625,1.0,1.0,0.8674698795180723,0.9551020408163265,0.95703125,0.945
laboratory_model,svm,isotonic,3,200,128,0.9940321180555556,0.9969532390014161,0.02962886894705292,0.8714024785284161,0.4992727711454662,-0.7453272091013159,0.030345504704712638,0.5,124,2,70,4,0.96875,0.9722222222222222,0.9841269841269841,0.9459459459459459,0.9763779527559054,0.9704861111111112,0.97,0.9762257904200595,120,0,72,8,0.9375,1.0,1.0,0.9,0.967741935483871,0.96875,0.96
laboratory_model,svm,isotonic,4,200,128,0.991427951388889,0.9951352795101921,0.02862832473397094,0.87574511834214,8.220308609543734,0.0936278840154265,0.020033828216870487,0.5,123,2,70,5,0.9609375,0.9722222222222222,0.984,0.9333333333333333,0.9723320158102766,0.9665798611111112,0.965,0.9711842998291422,115,0,72,13,0.8984375,1.0,1.0,0.8470588235294118,0.9465020576131687,0.94921875,0.935
laboratory_model,svm,none,0,200,128,0.9942491319444445,0.9967573173568882,0.034577565843525324,0.8499237593596991,1.9035353130492938,0.2418647126368888,0.06659819913408227,0.5,123,2,70,5,0.9609375,0.9722222222222222,0.984,0.9333333333333333,0.9723320158102766,0.9665798611111112,0.965,0.6965607466096138,116,2,70,12,0.90625,0.9722222222222222,0.9830508474576272,0.8536585365853658,0.943089430894309,0.9392361111111112,0.93
laboratory_model,svm,none,1,200,128,0.9908854166666667,0.9955505145109088,0.03084881362282229,0.866107579762056,1.0917961736583381,0.4403156517784323,0.02842946730929051,0.5,123,2,70,5,0.9609375,0.9722222222222222,0.984,0.9333333333333333,0.9723320158102766,0.9665798611111112,0.965,0.6893355634226411,121,2,70,7,0.9453125,0.9722222222222222,0.983739837398374,0.9090909090909091,0.9641434262948206,0.9587673611111112,0.955
laboratory_model,svm,none,2,200,128,0.9934895833333333,0.9964644220741912,0.03194487075195709,0.8613503873612973,1.4276904266680615,0.5353394791565934,0.04437022908504559,0.5,123,2,70,5,0.9609375,0.9722222222222222,0.984,0.9333333333333333,0.9723320158102766,0.9665798611111112,0.965,0.7037843000467552,118,2,70,10,0.921875,0.9722222222222222,0.9833333333333333,0.875,0.9516129032258064,0.9470486111111112,0.94
laboratory_model,svm,none,3,200,128,0.9937608506944444,0.9967925308542323,0.029001312950435162,0.8741262458748473,1.297206048951392,0.45076122022855863,0.03905410524724938,0.5,123,2,70,5,0.9609375,0.9722222222222222,0.984,0.9333333333333333,0.9723320158102766,0.9665798611111112,0.965,0.762908902131717,119,0,72,9,0.9296875,1.0,1.0,0.8888888888888888,0.9635627530364372,0.96484375,0.955
laboratory_model,svm,none,4,200,128,0.9938151041666666,0.9966758753662588,0.029693053286683292,0.8711239006654371,1.2165047171150476,0.45697800797694893,0.027452165609597495,0.5,123,2,70,5,0.9609375,0.9722222222222222,0.984,0.9333333333333333,0.9723320158102766,0.9665798611111112,0.965,0.7738869899189568,117,1,71,11,0.9140625,0.9861111111111112,0.9915254237288136,0.8658536585365854,0.9512195121951219,0.9500868055555556,0.94
laboratory_model,svm,sigmoid,0,200,128,0.9955512152777777,0.9975922330041447,0.03274688067471789,0.8578694415159813,2.288703088035968,0.04559789167965564,0.06391763196895281,0.5,123,2,70,5,0.9609375,0.9722222222222222,0.984,0.9333333333333333,0.9723320158102766,0.9665798611111112,0.965,0.7286987352300969,116,0,72,12,0.90625,1.0,1.0,0.8571428571428571,0.9508196721311475,0.953125,0.94
laboratory_model,svm,sigmoid,1,200,128,0.9953342013888888,0.9974934960263101,0.031045735810680316,0.8652528827661444,2.040211078869064,0.002044736528978786,0.07770071771628896,0.5,124,3,69,4,0.96875,0.9583333333333334,0.9763779527559056,0.9452054794520548,0.9725490196078432,0.9635416666666667,0.965,0.7487784276460203,118,1,71,10,0.921875,0.9861111111111112,0.9915966386554622,0.8765432098765432,0.9554655870445343,0.9539930555555556,0.945
laboratory_model,svm,sigmoid,2,200,128,0.995334201388889,0.9975100833004256,0.03247812773996011,0.8590359039064231,2.1605772943907846,0.019386268626237664,0.06888009292503007,0.5,124,3,69,4,0.96875,0.9583333333333334,0.9763779527559056,0.9452054794520548,0.9725490196078432,0.9635416666666667,0.965,0.7440302533995955,118,0,72,10,0.921875,1.0,1.0,0.8780487804878049,0.959349593495935,0.9609375,0.95
laboratory_model,svm,sigmoid,3,200,128,0.994140625,0.9970084727013375,0.032227617186726856,0.8601231892937202,1.9767741209930658,0.014299238957397858,0.0638235032980472,0.5,124,4,68,4,0.96875,0.9444444444444444,0.96875,0.9444444444444444,0.96875,0.9565972222222222,0.96,0.7683172664783353,119,0,72,9,0.9296875,1.0,1.0,0.8888888888888888,0.9635627530364372,0.96484375,0.955
laboratory_model,svm,sigmoid,4,200,128,0.9946831597222222,0.9971565980824608,0.030813619497498106,0.866260332042109,1.9820948634666893,0.035884477361358746,0.058246418846064095,0.5,124,2,70,4,0.96875,0.9722222222222222,0.9841269841269841,0.9459459459459459,0.9763779527559054,0.9704861111111112,0.97,0.7543545976399515,117,0,72,11,0.9140625,1.0,1.0,0.8674698795180723,0.9551020408163265,0.95703125,0.945
laboratory_model,xgboost,isotonic,0,200,128,0.9831271701388888,0.9915350427129905,0.041326735148025054,0.8206304898089191,0.5908283775905733,0.061127774421948965,0.014769751888234178,0.5,120,3,69,8,0.9375,0.9583333333333334,0.975609756097561,0.8961038961038961,0.9561752988047808,0.9479166666666667,0.945,0.8573552638292312,114,1,71,14,0.890625,0.9861111111111112,0.991304347826087,0.8352941176470589,0.9382716049382716,0.9383680555555556,0.925
laboratory_model,xgboost,isotonic,1,200,128,0.9893120659722223,0.9942697094025257,0.039999529230982725,0.8263909321571931,0.879309399269473,-0.11002654310360493,0.027356887545029157,0.5,122,5,67,6,0.953125,0.9305555555555556,0.9606299212598425,0.9178082191780822,0.9568627450980391,0.9418402777777778,0.945,0.8721233017742633,118,2,70,10,0.921875,0.9722222222222222,0.9833333333333333,0.875,0.9516129032258064,0.9470486111111112,0.94
laboratory_model,xgboost,isotonic,2,200,128,0.9781358506944445,0.9884366267831182,0.046260863216306375,0.799215003401448,0.5598278347545678,-0.16360137838433197,0.03233418556279504,0.5,123,6,66,5,0.9609375,0.9166666666666666,0.9534883720930233,0.9295774647887324,0.9571984435797667,0.9388020833333333,0.945,0.8650164440274238,114,2,70,14,0.890625,0.9722222222222222,0.9827586206896551,0.8333333333333334,0.9344262295081966,0.9314236111111112,0.92
laboratory_model,xgboost,isotonic,3,200,128,0.9780815972222222,0.9838939016663212,0.04552715723000623,0.8023994911892091,2.755063096935163,-0.45260168791308253,0.045033318563364434,0.5,121,8,64,7,0.9453125,0.8888888888888888,0.937984496124031,0.9014084507042254,0.9416342412451363,0.9171006944444444,0.925,0.8720436304807663,117,2,70,11,0.9140625,0.9722222222222222,0.9831932773109243,0.8641975308641975,0.9473684210526315,0.9431423611111112,0.935
laboratory_model,xgboost,isotonic,4,200,128,0.9788953993055555,0.9839780827971676,0.04331551416752091,0.8119986364256905,0.5865874484303281,0.1380202754845164,0.036783373854705155,0.5,122,4,68,6,0.953125,0.9444444444444444,0.9682539682539683,0.918918918918919,0.9606299212598425,0.9487847222222222,0.95,0.8679993346333503,116,2,70,12,0.90625,0.9722222222222222,0.9830508474576272,0.8536585365853658,0.943089430894309,0.9392361111111112,0.93
laboratory_model,xgboost,none,0,200,128,0.9889322916666666,0.9945600218548003,0.038683548404845045,0.83210265449286,1.0948652787164144,-0.3051860675130486,0.02576906575821342,0.5,124,7,65,4,0.96875,0.9027777777777778,0.9465648854961832,0.9420289855072463,0.9575289575289575,0.9357638888888888,0.945,0.9155609011650085,118,1,71,10,0.921875,0.9861111111111112,0.9915966386554622,0.8765432098765432,0.9554655870445343,0.9539930555555556,0.945
laboratory_model,xgboost,none,1,200,128,0.9875217013888888,0.993145470907677,0.040849675408361416,0.8227010615956536,1.000459848111723,-0.1387312545839157,0.024484448166331323,0.5,123,5,67,5,0.9609375,0.9305555555555556,0.9609375,0.9305555555555556,0.9609375,0.9457465277777778,0.95,0.9114091873168946,116,2,70,12,0.90625,0.9722222222222222,0.9830508474576272,0.8536585365853658,0.943089430894309,0.9392361111111112,0.93
laboratory_model,xgboost,none,2,200,128,0.9825303819444445,0.9912474716565476,0.04442653260200848,0.8071765078037826,0.9176000249203263,-0.3406432611954644,0.03445280024723619,0.5,123,7,65,5,0.9609375,0.9027777777777778,0.9461538461538461,0.9285714285714286,0.9534883720930233,0.9318576388888888,0.94,0.9279541611671448,113,2,70,15,0.8828125,0.9722222222222222,0.9826086956521739,0.8235294117647058,0.9300411522633745,0.9275173611111112,0.915
laboratory_model,xgboost,none,3,200,128,0.9838324652777777,0.9910504617471789,0.04449186389010098,0.8068929518658812,0.8882663156566931,-0.2297534371938252,0.02751217773766254,0.5,123,5,67,5,0.9609375,0.9305555555555556,0.9609375,0.9305555555555556,0.9609375,0.9457465277777778,0.95,0.9114861249923706,118,2,70,10,0.921875,0.9722222222222222,0.9833333333333333,0.875,0.9516129032258064,0.9470486111111112,0.94
laboratory_model,xgboost,none,4,200,128,0.9866536458333334,0.9922419551525523,0.04034847632694558,0.8248764048309654,0.9881287353565466,-0.040509887286234544,0.043437482136068885,0.5,122,5,67,6,0.953125,0.9305555555555556,0.9606299212598425,0.9178082191780822,0.9568627450980391,0.9418402777777778,0.945,0.8907428860664368,118,1,71,10,0.921875,0.9861111111111112,0.9915966386554622,0.8765432098765432,0.9554655870445343,0.9539930555555556,0.945
laboratory_model,xgboost,sigmoid,0,200,128,0.9837239583333334,0.9925811179279997,0.043309640652148165,0.8120241291139403,1.4470129586222413,-0.01484419787183692,0.064018964875762,0.5,124,7,65,4,0.96875,0.9027777777777778,0.9465648854961832,0.9420289855072463,0.9575289575289575,0.9357638888888888,0.945,0.8932341008590473,118,2,70,10,0.921875,0.9722222222222222,0.9833333333333333,0.875,0.9516129032258064,0.9470486111111112,0.94
laboratory_model,xgboost,sigmoid,1,200,128,0.9858940972222222,0.9922603154431625,0.043559774496932116,0.8109384787459544,1.4253120231926621,0.0034710830520482384,0.0711316921239454,0.5,123,5,67,5,0.9609375,0.9305555555555556,0.9609375,0.9305555555555556,0.9609375,0.9457465277777778,0.95,0.8853283960901069,120,2,70,8,0.9375,0.9722222222222222,0.9836065573770492,0.8974358974358975,0.96,0.9548611111111112,0.95
laboratory_model,xgboost,sigmoid,2,200,128,0.9742838541666667,0.9849083623397547,0.04864125408977134,0.7888834457909231,1.3685696893468133,-0.014449804411502617,0.07519777104593554,0.5,123,7,65,5,0.9609375,0.9027777777777778,0.9461538461538461,0.9285714285714286,0.9534883720930233,0.9318576388888888,0.94,0.8948655417811419,117,2,70,11,0.9140625,0.9722222222222222,0.9831932773109243,0.8641975308641975,0.9473684210526315,0.9431423611111112,0.935
laboratory_model,xgboost,sigmoid,3,200,128,0.9708116319444444,0.977274366575039,0.04896690219033364,0.787470042576677,1.3545647605905544,-0.003059768562075677,0.06057189814722985,0.5,123,7,65,5,0.9609375,0.9027777777777778,0.9461538461538461,0.9285714285714286,0.9534883720930233,0.9318576388888888,0.94,0.8870720896248434,119,2,70,9,0.9296875,0.9722222222222222,0.9834710743801653,0.8860759493670886,0.9558232931726908,0.9509548611111112,0.945
laboratory_model,xgboost,sigmoid,4,200,128,0.9802517361111112,0.9880762613433796,0.04504013205026597,0.8045133157540539,1.3979588946423431,0.04760206658871705,0.06762503391877751,0.5,122,7,65,6,0.953125,0.9027777777777778,0.9457364341085271,0.9154929577464789,0.9494163424124514,0.9279513888888888,0.935,0.8895868554325608,118,2,70,10,0.921875,0.9722222222222222,0.9833333333333333,0.875,0.9516129032258064,0.9470486111111112,0.94
leaky_model,dummy,isotonic,0,200,128,0.48697916666666663,0.634140625,0.230484375,-0.0003662109375,-3.9860731127349425,-2.1203038571342428e-16,0.0,0.5,128,72,0,0,1.0,0.0,0.64,,0.7804878048780487,0.5,0.64,0.6366666666666666,128,72,0,0,1.0,0.0,0.64,,0.7804878048780487,0.5,0.64
leaky_model,dummy,isotonic,1,200,128,0.48697916666666663,0.634140625,0.230484375,-0.0003662109375,-3.9860731127345304,-2.1203038571342428e-16,0.0,0.5,128,72,0,0,1.0,0.0,0.64,,0.7804878048780487,0.5,0.64,0.6366666666666666,128,72,0,0,1.0,0.0,0.64,,0.7804878048780487,0.5,0.64
leaky_model,dummy,isotonic,2,200,128,0.48697916666666663,0.634140625,0.23048437500000002,-0.0003662109375,-3.9860731127341698,-2.5058136493404686e-16,0.0,0.5,128,72,0,0,1.0,0.0,0.64,,0.7804878048780487,0.5,0.64,0.6366666666666666,128,72,0,0,1.0,0.0,0.64,,0.7804878048780487,0.5,0.64
leaky_model,dummy,isotonic,3,200,128,0.48697916666666663,0.634140625,0.23048437500000002,-0.0003662109375,-3.9860731127346147,-2.0239264090826863e-16,0.0,0.5,128,72,0,0,1.0,0.0,0.64,,0.7804878048780487,0.5,0.64,0.6366666666666666,128,72,0,0,1.0,0.0,0.64,,0.7804878048780487,0.5,0.64
leaky_model,dummy,isotonic,4,200,128,0.48697916666666663,0.634140625,0.230484375,-0.0003662109375,-3.9860731127346285,-1.9275489610311297e-16,0.0,0.5,128,72,0,0,1.0,0.0,0.64,,0.7804878048780487,0.5,0.64,0.6366666666666666,128,72,0,0,1.0,0.0,0.64,,0.7804878048780487,0.5,0.64
leaky_model,dummy,none,0,200,128,0.48697916666666663,0.634140625,0.230484375,-0.0003662109375,-3.9860731127349425,-2.1203038571342428e-16,0.0,0.5,128,72,0,0,1.0,0.0,0.64,,0.7804878048780487,0.5,0.64,0.6366666666666666,128,72,0,0,1.0,0.0,0.64,,0.7804878048780487,0.5,0.64
leaky_model,dummy,none,1,200,128,0.48697916666666663,0.634140625,0.230484375,-0.0003662109375,-3.9860731127345304,-2.1203038571342428e-16,0.0,0.5,128,72,0,0,1.0,0.0,0.64,,0.7804878048780487,0.5,0.64,0.6366666666666666,128,72,0,0,1.0,0.0,0.64,,0.7804878048780487,0.5,0.64
leaky_model,dummy,none,2,200,128,0.48697916666666663,0.634140625,0.23048437500000002,-0.0003662109375,-3.9860731127341698,-2.5058136493404686e-16,0.0,0.5,128,72,0,0,1.0,0.0,0.64,,0.7804878048780487,0.5,0.64,0.6366666666666666,128,72,0,0,1.0,0.0,0.64,,0.7804878048780487,0.5,0.64
leaky_model,dummy,none,3,200,128,0.48697916666666663,0.634140625,0.23048437500000002,-0.0003662109375,-3.9860731127346147,-2.0239264090826863e-16,0.0,0.5,128,72,0,0,1.0,0.0,0.64,,0.7804878048780487,0.5,0.64,0.6366666666666666,128,72,0,0,1.0,0.0,0.64,,0.7804878048780487,0.5,0.64
leaky_model,dummy,none,4,200,128,0.48697916666666663,0.634140625,0.230484375,-0.0003662109375,-3.9860731127346285,-1.9275489610311297e-16,0.0,0.5,128,72,0,0,1.0,0.0,0.64,,0.7804878048780487,0.5,0.64,0.6366666666666666,128,72,0,0,1.0,0.0,0.64,,0.7804878048780487,0.5,0.64
leaky_model,dummy,sigmoid,0,200,128,0.48697916666666663,0.634140625,0.23048497445077146,-0.000368812720362266,-4.032431507784349,0.005375091137101486,0.0012393012896696476,0.5,128,72,0,0,1.0,0.0,0.64,,0.7804878048780487,0.5,0.64,0.6346558996314264,128,72,0,0,1.0,0.0,0.64,,0.7804878048780487,0.5,0.64
leaky_model,dummy,sigmoid,1,200,128,0.48697916666666663,0.634140625,0.23048497445077146,-0.000368812720362266,-4.0324315077845085,0.005375091137101526,0.0012393012896696476,0.5,128,72,0,0,1.0,0.0,0.64,,0.7804878048780487,0.5,0.64,0.6346558996314264,128,72,0,0,1.0,0.0,0.64,,0.7804878048780487,0.5,0.64
leaky_model,dummy,sigmoid,2,200,128,0.48697916666666663,0.634140625,0.23048497445077146,-0.000368812720362266,-4.032431507783667,0.0053750911371014,0.0012393012896696476,0.5,128,72,0,0,1.0,0.0,0.64,,0.7804878048780487,0.5,0.64,0.6346558996314264,128,72,0,0,1.0,0.0,0.64,,0.7804878048780487,0.5,0.64
leaky_model,dummy,sigmoid,3,200,128,0.48697916666666663,0.634140625,0.23048497445077146,-0.000368812720362266,-4.032431507784332,0.005375091137101459,0.0012393012896696476,0.5,128,72,0,0,1.0,0.0,0.64,,0.7804878048780487,0.5,0.64,0.6346558996314265,128,72,0,0,1.0,0.0,0.64,,0.7804878048780487,0.5,0.64
leaky_model,dummy,sigmoid,4,200,128,0.48697916666666663,0.634140625,0.23048497445077146,-0.000368812720362266,-4.032431507784047,0.005375091137101525,0.0012393012896696476,0.5,128,72,0,0,1.0,0.0,0.64,,0.7804878048780487,0.5,0.64,0.6346558996314264,128,72,0,0,1.0,0.0,0.64,,0.7804878048780487,0.5,0.64
leaky_model,ebm,isotonic,0,200,128,1.0,1.0,1.4815779232275705e-05,0.9999356954026377,,0.38358980639307383,0.0007810997554449303,0.5,128,0,72,0,1.0,1.0,1.0,1.0,1.0,1.0,1.0,0.9969120107400272,123,0,72,5,0.9609375,1.0,1.0,0.935064935064935,0.9800796812749004,0.98046875,0.975
leaky_model,ebm,isotonic,1,200,128,1.0,1.0,2.092934531643942e-05,0.9999091608276196,,0.45687572780007196,0.0011885009546905127,0.5,128,0,72,0,1.0,1.0,1.0,1.0,1.0,1.0,1.0,0.997998742001674,116,0,72,12,0.90625,1.0,1.0,0.8571428571428571,0.9508196721311475,0.953125,0.94
leaky_model,ebm,isotonic,2,200,128,1.0,1.0,1.155656766065934e-05,0.999949841286195,,-0.37568874124177903,0.0007431752979180429,0.5,128,0,72,0,1.0,1.0,1.0,1.0,1.0,1.0,1.0,0.9984356231344126,122,0,72,6,0.953125,1.0,1.0,0.9230769230769231,0.976,0.9765625,0.97
leaky_model,ebm,isotonic,3,200,128,1.0,1.0,8.039617867110813e-06,0.9999651058252296,,-0.28069625693276296,0.0005271254366278775,0.5,128,0,72,0,1.0,1.0,1.0,1.0,1.0,1.0,1.0,0.997727796913697,125,0,72,3,0.9765625,1.0,1.0,0.96,0.9881422924901185,0.98828125,0.985
leaky_model,ebm,isotonic,4,200,128,1.0,1.0,2.324061930054605e-05,0.999899129256508,,0.5247296319832313,0.0009950431725602048,0.5,128,0,72,0,1.0,1.0,1.0,1.0,1.0,1.0,1.0,0.9989615332846007,118,0,72,10,0.921875,1.0,1.0,0.8780487804878049,0.959349593495935,0.9609375,0.95
leaky_model,ebm,none,0,200,128,1.0,1.0,1.4250315713018966e-11,0.9999999999381497,,0.259609488063733,1.745059453329149e-06,0.5,128,0,72,0,1.0,1.0,1.0,1.0,1.0,1.0,1.0,0.9999948757793916,118,0,72,10,0.921875,1.0,1.0,0.8780487804878049,0.959349593495935,0.9609375,0.95
leaky_model,ebm,none,1,200,128,1.0,1.0,1.1390486882608593e-11,0.9999999999505621,,0.24469016784147718,1.642016684619057e-06,0.5,128,0,72,0,1.0,1.0,1.0,1.0,1.0,1.0,1.0,0.9999951184120396,118,0,72,10,0.921875,1.0,1.0,0.8780487804878049,0.959349593495935,0.9609375,0.95
leaky_model,ebm,none,2,200,128,1.0,1.0,1.3938966476256677e-11,0.9999999999395011,,0.23925965192239032,1.7624722730896955e-06,0.5,128,0,72,0,1.0,1.0,1.0,1.0,1.0,1.0,1.0,0.9999954224072298,118,0,72,10,0.921875,1.0,1.0,0.8780487804878049,0.959349593495935,0.9609375,0.95
leaky_model,ebm,none,3,200,128,1.0,1.0,9.954535806170496e-12,0.9999999999567946,,0.2276210845976199,1.6010650521264418e-06,0.5,128,0,72,0,1.0,1.0,1.0,1.0,1.0,1.0,1.0,0.9999955134336875,117,0,72,11,0.9140625,1.0,1.0,0.8674698795180723,0.9551020408163265,0.95703125,0.945
leaky_model,ebm,none,4,200,128,1.0,1.0,1.47928363393004e-11,0.999999999935795,,0.24203610841583995,1.8129878782558494e-06,0.5,128,0,72,0,1.0,1.0,1.0,1.0,1.0,1.0,1.0,0.9999948537324269,118,0,72,10,0.921875,1.0,1.0,0.8780487804878049,0.959349593495935,0.9609375,0.95
leaky_model,ebm,sigmoid,0,200,128,1.0,1.0,0.002822144429026062,0.9877511092490189,,0.029455448624516944,0.048251812068733885,0.5,128,0,72,0,1.0,1.0,1.0,1.0,1.0,1.0,1.0,0.9118184094387086,122,0,72,6,0.953125,1.0,1.0,0.9230769230769231,0.976,0.9765625,0.97
leaky_model,ebm,sigmoid,1,200,128,1.0,1.0,0.002801283205037879,0.987841652755912,,0.031272837405875234,0.0481191652956341,0.5,128,0,72,0,1.0,1.0,1.0,1.0,1.0,1.0,1.0,0.911857930126951,123,0,72,5,0.9609375,1.0,1.0,0.935064935064935,0.9800796812749004,0.98046875,0.975
leaky_model,ebm,sigmoid,2,200,128,1.0,1.0,0.0028495403011930074,0.9876322035538498,,0.027903644260314615,0.04840653628637865,0.5,128,0,72,0,1.0,1.0,1.0,1.0,1.0,1.0,1.0,0.9136496787321015,121,0,72,7,0.9453125,1.0,1.0,0.9113924050632911,0.9718875502008032,0.97265625,0.965
leaky_model,ebm,sigmoid,3,200,128,1.0,1.0,0.002812907344987133,0.9877912007596045,,0.03135791550479704,0.04821442423077891,0.5,128,0,72,0,1.0,1.0,1.0,1.0,1.0,1.0,1.0,0.9137582574574585,121,0,72,7,0.9453125,1.0,1.0,0.9113924050632911,0.9718875502008032,0.97265625,0.965
leaky_model,ebm,sigmoid,4,200,128,1.0,1.0,0.0028345180769599617,0.9876974041798613,,0.037003986983925215,0.048368172392312406,0.5,128,0,72,0,1.0,1.0,1.0,1.0,1.0,1.0,1.0,0.9117381532205681,123,0,72,5,0.9609375,1.0,1.0,0.935064935064935,0.9800796812749004,0.98046875,0.975
leaky_model,logreg,isotonic,0,200,128,0.9996744791666666,0.9998210877862596,0.00582402513466427,0.9747221131307975,1.1590466607371996,0.23374533557714056,0.01266423592918039,0.5,127,0,72,1,0.9921875,1.0,1.0,0.9863013698630136,0.996078431372549,0.99609375,0.995,0.9883368074728736,120,0,72,8,0.9375,1.0,1.0,0.9,0.967741935483871,0.96875,0.96
leaky_model,logreg,isotonic,1,200,128,0.9998914930555556,0.9999394379844961,0.004492873292099787,0.980499681891928,2.0909689875145068,0.6642543529443009,0.012424877022007884,0.5,127,0,72,1,0.9921875,1.0,1.0,0.9863013698630136,0.996078431372549,0.99609375,0.995,0.9915447346392037,116,0,72,12,0.90625,1.0,1.0,0.8571428571428571,0.9508196721311475,0.953125,0.94
leaky_model,logreg,isotonic,2,200,128,0.9995659722222222,0.9997632575757576,0.006062297010740807,0.973687947001993,1.1193251418919365,-0.13588656929223286,0.011874806002861714,0.5,127,0,72,1,0.9921875,1.0,1.0,0.9863013698630136,0.996078431372549,0.99609375,0.995,0.9949481001764999,122,0,72,6,0.953125,1.0,1.0,0.9230769230769231,0.976,0.9765625,0.97
leaky_model,logreg,isotonic,3,200,128,0.9997829861111112,0.9998798076923077,0.005178057522444099,0.9775257920032808,1.3521826177936316,0.15445485201170014,0.011693302115330439,0.5,127,0,72,1,0.9921875,1.0,1.0,0.9863013698630136,0.996078431372549,0.99609375,0.995,0.99114194224871,121,0,72,7,0.9453125,1.0,1.0,0.9113924050632911,0.9718875502008032,0.97265625,0.965
leaky_model,logreg,isotonic,4,200,128,0.9996744791666666,0.9998210877862596,0.00598499514643646,0.974023458565814,1.413771706526225,0.39108568059623716,0.01200888594079569,0.5,127,0,72,1,0.9921875,1.0,1.0,0.9863013698630136,0.996078431372549,0.99609375,0.995,0.9898114944581536,114,0,72,14,0.890625,1.0,1.0,0.8372093023255814,0.9421487603305785,0.9453125,0.93
leaky_model,logreg,none,0,200,128,1.0,1.0,0.061469618115141796,0.7332047824863637,,0.7197031870952673,0.2037973257897961,0.5,119,0,72,9,0.9296875,1.0,1.0,0.8888888888888888,0.9635627530364372,0.96484375,0.955,0.5391658962418059,116,0,72,12,0.90625,1.0,1.0,0.8571428571428571,0.9508196721311475,0.953125,0.94
leaky_model,logreg,none,1,200,128,0.9998914930555556,0.9999394379844961,0.06678269885717725,0.7101445362101682,,0.7047903875845,0.2179925982319764,0.5,118,0,72,10,0.921875,1.0,1.0,0.8780487804878049,0.959349593495935,0.9609375,0.95,0.5298249901300851,117,0,72,11,0.9140625,1.0,1.0,0.8674698795180723,0.9551020408163265,0.95703125,0.945
leaky_model,logreg,none,2,200,128,0.9998914930555556,0.9999394379844961,0.060604738026541566,0.7369586023153578,11.100709295209935,0.7106618749174101,0.2023308020833173,0.5,121,0,72,7,0.9453125,1.0,1.0,0.9113924050632911,0.9718875502008032,0.97265625,0.965,0.5376354300137364,118,0,72,10,0.921875,1.0,1.0,0.8780487804878049,0.959349593495935,0.9609375,0.95
leaky_model,logreg,none,3,200,128,1.0,1.0,0.05061907424103791,0.7802991569399396,,0.7459594282329494,0.1751994021000803,0.5,123,0,72,5,0.9609375,1.0,1.0,0.935064935064935,0.9800796812749004,0.98046875,0.975,0.5777443310148098,116,0,72,12,0.90625,1.0,1.0,0.8571428571428571,0.9508196721311475,0.953125,0.94
leaky_model,logreg,none,4,200,128,0.9998914930555556,0.9999394379844961,0.0679204678635748,0.7052063026754567,15.837301516725827,0.7117689434310844,0.21992800030784307,0.5,119,0,72,9,0.9296875,1.0,1.0,0.8888888888888888,0.9635627530364372,0.96484375,0.955,0.526207053129499,118,0,72,10,0.921875,1.0,1.0,0.8780487804878049,0.959349593495935,0.9609375,0.95
leaky_model,logreg,sigmoid,0,200,128,0.9998914930555556,0.9999394379844961,0.014034247592483402,0.939087467046513,8.808489897856187,0.032294413146289364,0.07453640821718309,0.5,127,0,72,1,0.9921875,1.0,1.0,0.9863013698630136,0.996078431372549,0.99609375,0.995,0.7986777905332251,117,0,72,11,0.9140625,1.0,1.0,0.8674698795180723,0.9551020408163265,0.95703125,0.945
leaky_model,logreg,sigmoid,1,200,128,0.9998914930555556,0.9999394379844961,0.014375904365414284,0.9376045817473339,6.899262270419468,0.04352748513459482,0.07454229629466017,0.5,127,0,72,1,0.9921875,1.0,1.0,0.9863013698630136,0.996078431372549,0.99609375,0.995,0.7983534245416303,118,0,72,10,0.921875,1.0,1.0,0.8780487804878049,0.959349593495935,0.9609375,0.95
leaky_model,logreg,sigmoid,2,200,128,0.9998914930555556,0.9999394379844961,0.014266628893939832,0.9380788676478305,4.498636460695082,0.006903879119352663,0.07126204133633394,0.5,127,0,72,1,0.9921875,1.0,1.0,0.9863013698630136,0.996078431372549,0.99609375,0.995,0.7942968291798442,118,0,72,10,0.921875,1.0,1.0,0.8780487804878049,0.959349593495935,0.9609375,0.95
leaky_model,logreg,sigmoid,3,200,128,0.9998914930555556,0.9999394379844961,0.012774987680494948,0.9445530048589629,17.02799607788428,0.04107296823976072,0.07182823175214138,0.5,127,0,72,1,0.9921875,1.0,1.0,0.9863013698630136,0.996078431372549,0.99609375,0.995,0.8094740730574634,116,0,72,12,0.90625,1.0,1.0,0.8571428571428571,0.9508196721311475,0.953125,0.94
leaky_model,logreg,sigmoid,4,200,128,0.9998914930555556,0.9999394379844961,0.0154136491886424,0.9331004809520729,5.604544217150361,0.05965324645658221,0.0740553675016662,0.5,127,0,72,1,0.9921875,1.0,1.0,0.9863013698630136,0.996078431372549,0.99609375,0.995,0.7924519344331644,118,0,72,10,0.921875,1.0,1.0,0.8780487804878049,0.959349593495935,0.9609375,0.95
leaky_model,random_forest,isotonic,0,200,128,1.0,1.0,0.0005189971729652863,0.9977474081034493,,0.186992933735164,0.005710724095675868,0.5,128,0,72,0,1.0,1.0,1.0,1.0,1.0,1.0,1.0,0.9964297560517733,114,0,72,14,0.890625,1.0,1.0,0.8372093023255814,0.9421487603305785,0.9453125,0.93
leaky_model,random_forest,isotonic,1,200,128,1.0,1.0,0.000469816387897837,0.9979608663719712,,-0.1995132655047413,0.005271810686552123,0.5,128,0,72,0,1.0,1.0,1.0,1.0,1.0,1.0,1.0,0.9889350888031723,121,0,72,7,0.9453125,1.0,1.0,0.9113924050632911,0.9718875502008032,0.97265625,0.965
leaky_model,random_forest,isotonic,2,200,128,1.0,1.0,0.0007701732880313761,0.9966572339929194,,-0.2565772799502117,0.006368247956887367,0.5,128,0,72,0,1.0,1.0,1.0,1.0,1.0,1.0,1.0,0.9945803591390805,120,0,72,8,0.9375,1.0,1.0,0.9,0.967741935483871,0.96875,0.96
leaky_model,random_forest,isotonic,3,200,128,1.0,1.0,0.000426828715311719,0.9981474448120151,,0.3744998646381875,0.003972644929466929,0.5,128,0,72,0,1.0,1.0,1.0,1.0,1.0,1.0,1.0,0.9888489004082074,121,0,72,7,0.9453125,1.0,1.0,0.9113924050632911,0.9718875502008032,0.97265625,0.965
leaky_model,random_forest,isotonic,4,200,128,1.0,1.0,0.0007661400525252033,0.9966747393553593,,-0.05565727274821007,0.005981841698999575,0.5,128,0,72,0,1.0,1.0,1.0,1.0,1.0,1.0,1.0,0.9947944699755046,116,0,72,12,0.90625,1.0,1.0,0.8571428571428571,0.9508196721311475,0.953125,0.94
leaky_model,random_forest,none,0,200,128,1.0,1.0,0.006654875599743318,0.9711159913205585,,0.06535319442210562,0.051054550312585656,0.5,128,0,72,0,1.0,1.0,1.0,1.0,1.0,1.0,1.0,0.8621318588140887,116,0,72,12,0.90625,1.0,1.0,0.8571428571428571,0.9508196721311475,0.953125,0.94
leaky_model,random_forest,none,1,200,128,1.0,1.0,0.006895577336647506,0.9700712789208008,,0.09639166362401722,0.05194114010782504,0.5,128,0,72,0,1.0,1.0,1.0,1.0,1.0,1.0,1.0,0.861245208329514,116,0,72,12,0.90625,1.0,1.0,0.8571428571428571,0.9508196721311475,0.953125,0.94
leaky_model,random_forest,none,2,200,128,1.0,1.0,0.008536206230569268,0.962950493790932,,0.04041309706106625,0.055767993804457024,0.5,128,0,72,0,1.0,1.0,1.0,1.0,1.0,1.0,1.0,0.8583453820967333,115,0,72,13,0.8984375,1.0,1.0,0.8470588235294118,0.9465020576131687,0.94921875,0.935
leaky_model,random_forest,none,3,200,128,1.0,1.0,0.006933537967715944,0.969906519237344,,0.12222036034117284,0.052376464845017616,0.5,128,0,72,0,1.0,1.0,1.0,1.0,1.0,1.0,1.0,0.8488933880338985,121,0,72,7,0.9453125,1.0,1.0,0.9113924050632911,0.9718875502008032,0.97265625,0.965
leaky_model,random_forest,none,4,200,128,1.0,1.0,0.00762243512193676,0.9669165142277051,,0.14700232647857803,0.05477888415882023,0.5,128,0,72,0,1.0,1.0,1.0,1.0,1.0,1.0,1.0,0.8516391973156331,119,0,72,9,0.9296875,1.0,1.0,0.8888888888888888,0.9635627530364372,0.96484375,0.955
leaky_model,random_forest,sigmoid,0,200,128,1.0,1.0,0.004253648767975271,0.9815379827778851,,0.013212756558326693,0.05153108191297383,0.5,128,0,72,0,1.0,1.0,1.0,1.0,1.0,1.0,1.0,0.9129333820809687,119,0,72,9,0.9296875,1.0,1.0,0.8888888888888888,0.9635627530364372,0.96484375,0.955
leaky_model,random_forest,sigmoid,1,200,128,1.0,1.0,0.00395525313642171,0.982833102706503,,0.024474839266504334,0.050361556108105526,0.5,128,0,72,0,1.0,1.0,1.0,1.0,1.0,1.0,1.0,0.9151371777325654,121,0,72,7,0.9453125,1.0,1.0,0.9113924050632911,0.9718875502008032,0.97265625,0.965
leaky_model,random_forest,sigmoid,2,200,128,1.0,1.0,0.00526830127663035,0.9771341090424029,,-0.0013154529062301377,0.05367775549472242,0.5,128,0,72,0,1.0,1.0,1.0,1.0,1.0,1.0,1.0,0.9144504482858483,120,0,72,8,0.9375,1.0,1.0,0.9,0.967741935483871,0.96875,0.96
leaky_model,random_forest,sigmoid,3,200,128,1.0,1.0,0.004239076530957624,0.9816012303343853,,0.047775667849130996,0.0511085732409841,0.5,128,0,72,0,1.0,1.0,1.0,1.0,1.0,1.0,1.0,0.9068244461827412,122,0,72,6,0.953125,1.0,1.0,0.9230769230769231,0.976,0.9765625,0.97
leaky_model,random_forest,sigmoid,4,200,128,1.0,1.0,0.004411023167313766,0.9808549341696451,,0.003973070029095163,0.051518693710442855,0.5,128,0,72,0,1.0,1.0,1.0,1.0,1.0,1.0,1.0,0.9098879992918544,121,0,72,7,0.9453125,1.0,1.0,0.9113924050632911,0.9718875502008032,0.97265625,0.965
leaky_model,svm,isotonic,0,200,128,1.0,1.0,0.0022326610530143142,0.9903096308462921,,0.49349565884605645,0.008827466180306227,0.5,128,0,72,0,1.0,1.0,1.0,1.0,1.0,1.0,1.0,0.9870280211668454,120,0,72,8,0.9375,1.0,1.0,0.9,0.967741935483871,0.96875,0.96
leaky_model,svm,isotonic,1,200,128,1.0,1.0,0.0027677579388422358,0.987987161723775,,0.18612098004201086,0.011539885197704006,0.5,128,0,72,0,1.0,1.0,1.0,1.0,1.0,1.0,1.0,0.998086651147927,116,0,72,12,0.90625,1.0,1.0,0.8571428571428571,0.9508196721311475,0.953125,0.94
leaky_model,svm,isotonic,2,200,128,1.0,1.0,0.0026627445624632555,0.9884429489476421,,-0.13251048066421958,0.00921198024099531,0.5,128,0,72,0,1.0,1.0,1.0,1.0,1.0,1.0,1.0,0.9985104535210492,122,0,72,6,0.953125,1.0,1.0,0.9230769230769231,0.976,0.9765625,0.97
leaky_model,svm,isotonic,3,200,128,1.0,1.0,0.0017719664671293628,0.992309173319751,,-0.3164727396094661,0.007652441638093706,0.5,128,0,72,0,1.0,1.0,1.0,1.0,1.0,1.0,1.0,0.9917087684599741,125,0,72,3,0.9765625,1.0,1.0,0.96,0.9881422924901185,0.98828125,0.985
leaky_model,svm,isotonic,4,200,128,1.0,1.0,0.0032268552366845503,0.9859945519241122,,-0.07633670719413548,0.012411001187049197,0.5,128,0,72,0,1.0,1.0,1.0,1.0,1.0,1.0,1.0,0.9915679841786812,116,0,72,12,0.90625,1.0,1.0,0.8571428571428571,0.9508196721311475,0.953125,0.94
leaky_model,svm,none,0,200,128,1.0,1.0,0.0025459783527576685,0.9889497467328227,,0.055681794425556125,0.0179623362912319,0.5,128,0,72,0,1.0,1.0,1.0,1.0,1.0,1.0,1.0,0.9643704141925622,119,0,72,9,0.9296875,1.0,1.0,0.8888888888888888,0.9635627530364372,0.96484375,0.955
leaky_model,svm,none,1,200,128,1.0,1.0,0.002125017807935814,0.9907768324308341,,-0.013986793631444427,0.017033936437960476,0.5,128,0,72,0,1.0,1.0,1.0,1.0,1.0,1.0,1.0,0.9620079822373482,119,0,72,9,0.9296875,1.0,1.0,0.8888888888888888,0.9635627530364372,0.96484375,0.955
leaky_model,svm,none,2,200,128,1.0,1.0,0.002957768177943055,0.9871624645054555,,-0.07028349364270059,0.019103194499893117,0.5,128,0,72,0,1.0,1.0,1.0,1.0,1.0,1.0,1.0,0.9638764737893503,118,0,72,10,0.921875,1.0,1.0,0.8780487804878049,0.959349593495935,0.9609375,0.95
leaky_model,svm,none,3,200,128,1.0,1.0,0.0023401542990211634,0.9898430802993873,,0.005318005364899027,0.01775185509750247,0.5,128,0,72,0,1.0,1.0,1.0,1.0,1.0,1.0,1.0,0.9619163655908642,118,0,72,10,0.921875,1.0,1.0,0.8780487804878049,0.959349593495935,0.9609375,0.95
leaky_model,svm,none,4,200,128,1.0,1.0,0.00277435079349988,0.9879585469032123,,-0.04753144995365432,0.018824135747308672,0.5,128,0,72,0,1.0,1.0,1.0,1.0,1.0,1.0,1.0,0.9626612526737943,119,0,72,9,0.9296875,1.0,1.0,0.8888888888888888,0.9635627530364372,0.96484375,0.955
leaky_model,svm,sigmoid,0,200,128,1.0,1.0,0.007606667554559377,0.9669849498500027,,0.0485164806233458,0.05842574549393135,0.5,128,0,72,0,1.0,1.0,1.0,1.0,1.0,1.0,1.0,0.8915206781475282,117,0,72,11,0.9140625,1.0,1.0,0.8674698795180723,0.9551020408163265,0.95703125,0.945
leaky_model,svm,sigmoid,1,200,128,1.0,1.0,0.007407848832454786,0.9678478783313594,,0.02997922037954615,0.05785581661675847,0.5,128,0,72,0,1.0,1.0,1.0,1.0,1.0,1.0,1.0,0.8890339533119159,118,0,72,10,0.921875,1.0,1.0,0.8780487804878049,0.959349593495935,0.9609375,0.95
leaky_model,svm,sigmoid,2,200,128,1.0,1.0,0.00803502354867753,0.9651257658477538,,0.00782872698206088,0.059537707236942475,0.5,128,0,72,0,1.0,1.0,1.0,1.0,1.0,1.0,1.0,0.8912131745126076,117,0,72,11,0.9140625,1.0,1.0,0.8674698795180723,0.9551020408163265,0.95703125,0.945
leaky_model,svm,sigmoid,3,200,128,1.0,1.0,0.007621881072439782,0.9669189189564246,,0.022208416080502672,0.05902394522402711,0.5,128,0,72,0,1.0,1.0,1.0,1.0,1.0,1.0,1.0,0.8925391886367842,117,0,72,11,0.9140625,1.0,1.0,0.8674698795180723,0.9551020408163265,0.95703125,0.945
leaky_model,svm,sigmoid,4,200,128,1.0,1.0,0.00796577041166918,0.9654263436993525,,0.027963222805405853,0.059266400744439104,0.5,128,0,72,0,1.0,1.0,1.0,1.0,1.0,1.0,1.0,0.8861627052354373,118,0,72,10,0.921875,1.0,1.0,0.8780487804878049,0.959349593495935,0.9609375,0.95
leaky_model,xgboost,isotonic,0,200,128,1.0,1.0,7.1136211461633675e-06,0.9999691249082198,,-0.34357005924177947,0.0005595983025705193,0.5,128,0,72,0,1.0,1.0,1.0,1.0,1.0,1.0,1.0,1.0,115,0,72,13,0.8984375,1.0,1.0,0.8470588235294118,0.9465020576131687,0.94921875,0.935
leaky_model,xgboost,isotonic,1,200,128,1.0,1.0,7.246877164774614e-06,0.9999685465400835,,-0.17380642250891284,0.0005861618118069577,0.5,128,0,72,0,1.0,1.0,1.0,1.0,1.0,1.0,1.0,0.9994755327701569,119,0,72,9,0.9296875,1.0,1.0,0.8888888888888888,0.9635627530364372,0.96484375,0.955
leaky_model,xgboost,isotonic,2,200,128,1.0,1.0,6.457603747057433e-05,0.9997197220595895,,-1.081579764415899,0.0012170323508234992,0.5,128,0,72,0,1.0,1.0,1.0,1.0,1.0,1.0,1.0,0.9999200403690338,120,0,72,8,0.9375,1.0,1.0,0.9,0.967741935483871,0.96875,0.96
leaky_model,xgboost,isotonic,3,200,128,1.0,1.0,7.522139747829827e-06,0.9999673518240112,,-0.4051756457845515,0.0004793988718301968,0.5,128,0,72,0,1.0,1.0,1.0,1.0,1.0,1.0,1.0,0.9994730830192566,123,0,72,5,0.9609375,1.0,1.0,0.935064935064935,0.9800796812749004,0.98046875,0.975
leaky_model,xgboost,isotonic,4,200,128,1.0,1.0,7.156666238410355e-06,0.9999689380805624,,-0.012200041263523895,0.0005394839770269733,0.5,128,0,72,0,1.0,1.0,1.0,1.0,1.0,1.0,1.0,1.0,116,0,72,12,0.90625,1.0,1.0,0.8571428571428571,0.9508196721311475,0.953125,0.94
leaky_model,xgboost,none,0,200,128,1.0,1.0,0.00030537868537590764,0.998674571678056,,-0.01313686364135611,0.015253884224221094,0.5,128,0,72,0,1.0,1.0,1.0,1.0,1.0,1.0,1.0,0.9780672669410706,122,0,72,6,0.953125,1.0,1.0,0.9230769230769231,0.976,0.9765625,0.97
leaky_model,xgboost,none,1,200,128,1.0,1.0,0.00029360444482059186,0.9987256751526884,,-0.015594286708176475,0.015000319322571141,0.5,128,0,72,0,1.0,1.0,1.0,1.0,1.0,1.0,1.0,0.9782588839530945,120,0,72,8,0.9375,1.0,1.0,0.9,0.967741935483871,0.96875,0.96
leaky_model,xgboost,none,2,200,128,1.0,1.0,0.0004064664189496344,0.99823582283442,,-0.08450637419754317,0.015845493972301467,0.5,128,0,72,0,1.0,1.0,1.0,1.0,1.0,1.0,1.0,0.9778761982917785,120,0,72,8,0.9375,1.0,1.0,0.9,0.967741935483871,0.96875,0.96
leaky_model,xgboost,none,3,200,128,1.0,1.0,0.000304804655862262,0.9986770631255978,,-0.03615017104743244,0.015022309622727319,0.5,128,0,72,0,1.0,1.0,1.0,1.0,1.0,1.0,1.0,0.9777126908302307,121,0,72,7,0.9453125,1.0,1.0,0.9113924050632911,0.9718875502008032,0.97265625,0.965
leaky_model,xgboost,none,4,200,128,1.0,1.0,0.00030707871057178535,0.9986671930964767,,-0.00842750497783921,0.015345118334516863,0.5,128,0,72,0,1.0,1.0,1.0,1.0,1.0,1.0,1.0,0.9780697822570801,118,0,72,10,0.921875,1.0,1.0,0.8780487804878049,0.959349593495935,0.9609375,0.95
leaky_model,xgboost,sigmoid,0,200,128,1.0,1.0,0.002208999582506529,0.9904123282009265,,0.024279255749223193,0.04531069369200224,0.5,128,0,72,0,1.0,1.0,1.0,1.0,1.0,1.0,1.0,0.9508549423298777,127,0,72,1,0.9921875,1.0,1.0,0.9863013698630136,0.996078431372549,0.99609375,0.995
leaky_model,xgboost,sigmoid,1,200,128,1.0,1.0,0.0022051983154636693,0.9904288267558,,0.029194870641664056,0.04531294760356812,0.5,128,0,72,0,1.0,1.0,1.0,1.0,1.0,1.0,1.0,0.950974951449445,127,0,72,1,0.9921875,1.0,1.0,0.9863013698630136,0.996078431372549,0.99609375,0.995
leaky_model,xgboost,sigmoid,2,200,128,1.0,1.0,0.002256696041325402,0.9902053123206362,,0.01900460975885587,0.04552774106550659,0.5,128,0,72,0,1.0,1.0,1.0,1.0,1.0,1.0,1.0,0.9510412643611835,128,0,72,0,1.0,1.0,1.0,1.0,1.0,1.0,1.0
leaky_model,xgboost,sigmoid,3,200,128,1.0,1.0,0.0021942144157140174,0.9904764999317968,,0.02663818029476201,0.04514897538902003,0.5,128,0,72,0,1.0,1.0,1.0,1.0,1.0,1.0,1.0,0.9505247711445012,128,0,72,0,1.0,1.0,1.0,1.0,1.0,1.0,1.0
leaky_model,xgboost,sigmoid,4,200,128,1.0,1.0,0.0022018072046209427,0.9904435451188327,,0.02679591749333358,0.0452598908979056,0.5,128,0,72,0,1.0,1.0,1.0,1.0,1.0,1.0,1.0,0.950799300386463,128,0,72,0,1.0,1.0,1.0,1.0,1.0,1.0,1.0
low_cost_model,dummy,isotonic,0,200,128,0.48697916666666663,0.634140625,0.230484375,-0.0003662109375,-3.9860731127349425,-2.1203038571342428e-16,0.0,0.5,128,72,0,0,1.0,0.0,0.64,,0.7804878048780487,0.5,0.64,0.6366666666666666,128,72,0,0,1.0,0.0,0.64,,0.7804878048780487,0.5,0.64
low_cost_model,dummy,isotonic,1,200,128,0.48697916666666663,0.634140625,0.230484375,-0.0003662109375,-3.9860731127345304,-2.1203038571342428e-16,0.0,0.5,128,72,0,0,1.0,0.0,0.64,,0.7804878048780487,0.5,0.64,0.6366666666666666,128,72,0,0,1.0,0.0,0.64,,0.7804878048780487,0.5,0.64
low_cost_model,dummy,isotonic,2,200,128,0.48697916666666663,0.634140625,0.23048437500000002,-0.0003662109375,-3.9860731127341698,-2.5058136493404686e-16,0.0,0.5,128,72,0,0,1.0,0.0,0.64,,0.7804878048780487,0.5,0.64,0.6366666666666666,128,72,0,0,1.0,0.0,0.64,,0.7804878048780487,0.5,0.64
low_cost_model,dummy,isotonic,3,200,128,0.48697916666666663,0.634140625,0.23048437500000002,-0.0003662109375,-3.9860731127346147,-2.0239264090826863e-16,0.0,0.5,128,72,0,0,1.0,0.0,0.64,,0.7804878048780487,0.5,0.64,0.6366666666666666,128,72,0,0,1.0,0.0,0.64,,0.7804878048780487,0.5,0.64
low_cost_model,dummy,isotonic,4,200,128,0.48697916666666663,0.634140625,0.230484375,-0.0003662109375,-3.9860731127346285,-1.9275489610311297e-16,0.0,0.5,128,72,0,0,1.0,0.0,0.64,,0.7804878048780487,0.5,0.64,0.6366666666666666,128,72,0,0,1.0,0.0,0.64,,0.7804878048780487,0.5,0.64
low_cost_model,dummy,none,0,200,128,0.48697916666666663,0.634140625,0.230484375,-0.0003662109375,-3.9860731127349425,-2.1203038571342428e-16,0.0,0.5,128,72,0,0,1.0,0.0,0.64,,0.7804878048780487,0.5,0.64,0.6366666666666666,128,72,0,0,1.0,0.0,0.64,,0.7804878048780487,0.5,0.64
low_cost_model,dummy,none,1,200,128,0.48697916666666663,0.634140625,0.230484375,-0.0003662109375,-3.9860731127345304,-2.1203038571342428e-16,0.0,0.5,128,72,0,0,1.0,0.0,0.64,,0.7804878048780487,0.5,0.64,0.6366666666666666,128,72,0,0,1.0,0.0,0.64,,0.7804878048780487,0.5,0.64
low_cost_model,dummy,none,2,200,128,0.48697916666666663,0.634140625,0.23048437500000002,-0.0003662109375,-3.9860731127341698,-2.5058136493404686e-16,0.0,0.5,128,72,0,0,1.0,0.0,0.64,,0.7804878048780487,0.5,0.64,0.6366666666666666,128,72,0,0,1.0,0.0,0.64,,0.7804878048780487,0.5,0.64
low_cost_model,dummy,none,3,200,128,0.48697916666666663,0.634140625,0.23048437500000002,-0.0003662109375,-3.9860731127346147,-2.0239264090826863e-16,0.0,0.5,128,72,0,0,1.0,0.0,0.64,,0.7804878048780487,0.5,0.64,0.6366666666666666,128,72,0,0,1.0,0.0,0.64,,0.7804878048780487,0.5,0.64
low_cost_model,dummy,none,4,200,128,0.48697916666666663,0.634140625,0.230484375,-0.0003662109375,-3.9860731127346285,-1.9275489610311297e-16,0.0,0.5,128,72,0,0,1.0,0.0,0.64,,0.7804878048780487,0.5,0.64,0.6366666666666666,128,72,0,0,1.0,0.0,0.64,,0.7804878048780487,0.5,0.64
low_cost_model,dummy,sigmoid,0,200,128,0.48697916666666663,0.634140625,0.23048497445077146,-0.000368812720362266,-4.032431507784349,0.005375091137101486,0.0012393012896696476,0.5,128,72,0,0,1.0,0.0,0.64,,0.7804878048780487,0.5,0.64,0.6346558996314264,128,72,0,0,1.0,0.0,0.64,,0.7804878048780487,0.5,0.64
low_cost_model,dummy,sigmoid,1,200,128,0.48697916666666663,0.634140625,0.23048497445077146,-0.000368812720362266,-4.0324315077845085,0.005375091137101526,0.0012393012896696476,0.5,128,72,0,0,1.0,0.0,0.64,,0.7804878048780487,0.5,0.64,0.6346558996314264,128,72,0,0,1.0,0.0,0.64,,0.7804878048780487,0.5,0.64
low_cost_model,dummy,sigmoid,2,200,128,0.48697916666666663,0.634140625,0.23048497445077146,-0.000368812720362266,-4.032431507783667,0.0053750911371014,0.0012393012896696476,0.5,128,72,0,0,1.0,0.0,0.64,,0.7804878048780487,0.5,0.64,0.6346558996314264,128,72,0,0,1.0,0.0,0.64,,0.7804878048780487,0.5,0.64
low_cost_model,dummy,sigmoid,3,200,128,0.48697916666666663,0.634140625,0.23048497445077146,-0.000368812720362266,-4.032431507784332,0.005375091137101459,0.0012393012896696476,0.5,128,72,0,0,1.0,0.0,0.64,,0.7804878048780487,0.5,0.64,0.6346558996314265,128,72,0,0,1.0,0.0,0.64,,0.7804878048780487,0.5,0.64
low_cost_model,dummy,sigmoid,4,200,128,0.48697916666666663,0.634140625,0.23048497445077146,-0.000368812720362266,-4.032431507784047,0.005375091137101525,0.0012393012896696476,0.5,128,72,0,0,1.0,0.0,0.64,,0.7804878048780487,0.5,0.64,0.6346558996314264,128,72,0,0,1.0,0.0,0.64,,0.7804878048780487,0.5,0.64
low_cost_model,ebm,isotonic,0,200,128,0.9828559027777777,0.9916081765790266,0.03630703230033133,0.8424173945298119,0.4123371914788537,0.2476765267820708,0.04305535953604822,0.5,122,2,70,6,0.953125,0.9722222222222222,0.9838709677419355,0.9210526315789473,0.9682539682539683,0.9626736111111112,0.96,0.8512977157787864,114,0,72,14,0.890625,1.0,1.0,0.8372093023255814,0.9421487603305785,0.9453125,0.93
low_cost_model,ebm,isotonic,1,200,128,0.9861653645833333,0.9934416844120791,0.02893412805137351,0.874417846999247,0.5637915775439436,0.3171251728109491,0.030913473733890823,0.5,123,2,70,5,0.9609375,0.9722222222222222,0.984,0.9333333333333333,0.9723320158102766,0.9665798611111112,0.965,0.837740530098821,119,0,72,9,0.9296875,1.0,1.0,0.8888888888888888,0.9635627530364372,0.96484375,0.955
low_cost_model,ebm,isotonic,2,200,128,0.9837782118055556,0.9920200874770044,0.03854917970201394,0.8326858519877867,0.500654620856352,-0.14353789466160688,0.04819243986573869,0.5,123,4,68,5,0.9609375,0.9444444444444444,0.968503937007874,0.9315068493150684,0.9647058823529412,0.9526909722222222,0.955,0.8184843732364011,120,0,72,8,0.9375,1.0,1.0,0.9,0.967741935483871,0.96875,0.96
low_cost_model,ebm,isotonic,3,200,128,0.9853515625,0.9931816997367409,0.02730783751511685,0.881476399673972,1.0162408865962675,0.2891581655838006,0.028750902900061895,0.5,123,0,72,5,0.9609375,1.0,1.0,0.935064935064935,0.9800796812749004,0.98046875,0.975,0.8806628226087975,118,0,72,10,0.921875,1.0,1.0,0.8780487804878049,0.959349593495935,0.9609375,0.95
low_cost_model,ebm,isotonic,4,200,128,0.9893120659722223,0.9948940084180589,0.024504911161112954,0.8936418786410028,0.6457934601706586,0.03813686540364485,0.015568640978954088,0.5,123,0,72,5,0.9609375,1.0,1.0,0.935064935064935,0.9800796812749004,0.98046875,0.975,0.8566322934091093,120,0,72,8,0.9375,1.0,1.0,0.9,0.967741935483871,0.96875,0.96
low_cost_model,ebm,none,0,200,128,0.9809027777777778,0.9915570736302804,0.035666879855838815,0.8451958339590329,0.5308068162309291,0.8876682738404582,0.03562953883961841,0.5,121,0,72,7,0.9453125,1.0,1.0,0.9113924050632911,0.9718875502008032,0.97265625,0.965,0.9397779984688746,117,0,72,11,0.9140625,1.0,1.0,0.8674698795180723,0.9551020408163265,0.95703125,0.945
low_cost_model,ebm,none,1,200,128,0.9835069444444445,0.9928112311494676,0.029968363249655836,0.8699289789511465,0.5490613062990669,0.515656600995218,0.0346258495838645,0.5,122,0,72,6,0.953125,1.0,1.0,0.9230769230769231,0.976,0.9765625,0.97,0.9522620892184531,119,0,72,9,0.9296875,1.0,1.0,0.8888888888888888,0.9635627530364372,0.96484375,0.955
low_cost_model,ebm,none,2,200,128,0.9775390625,0.9903641593981263,0.03193020785897137,0.8614140283898812,0.569566900822579,0.48079343807031044,0.038555633240467575,0.5,123,1,71,5,0.9609375,0.9861111111111112,0.9919354838709677,0.9342105263157895,0.9761904761904763,0.9735243055555556,0.97,0.971962018286296,118,0,72,10,0.921875,1.0,1.0,0.8780487804878049,0.959349593495935,0.9609375,0.95
low_cost_model,ebm,none,3,200,128,0.987033420138889,0.9938054039298762,0.03141200842244122,0.86366315788871,4.9843707655335034,1.0921396144404294,0.03163834619929044,0.5,121,0,72,7,0.9453125,1.0,1.0,0.9113924050632911,0.9718875502008032,0.97265625,0.965,0.9905475888146538,117,0,72,11,0.9140625,1.0,1.0,0.8674698795180723,0.9551020408163265,0.95703125,0.945
low_cost_model,ebm,none,4,200,128,0.9899088541666666,0.9949282318632477,0.028059396411377505,0.8782144252978407,0.7188159167028785,0.5956429336536706,0.022701970561901187,0.5,122,0,72,6,0.953125,1.0,1.0,0.9230769230769231,0.976,0.9765625,0.97,0.9176173993503922,120,0,72,8,0.9375,1.0,1.0,0.9,0.967741935483871,0.96875,0.96
low_cost_model,ebm,sigmoid,0,200,128,0.9860026041666666,0.9936827532628653,0.05111504832934613,0.7781464916261018,2.9928165103021134,0.09991540166529407,0.09007476631539747,0.5,119,0,72,9,0.9296875,1.0,1.0,0.8888888888888888,0.9635627530364372,0.96484375,0.955,0.6052140051684947,111,0,72,17,0.8671875,1.0,1.0,0.8089887640449438,0.9288702928870293,0.93359375,0.915
low_cost_model,ebm,sigmoid,1,200,128,0.9879557291666667,0.9944386378408352,0.04278893948749357,0.8142841168077536,2.9361575456956963,0.06172418102161023,0.09359741088985433,0.5,122,0,72,6,0.953125,1.0,1.0,0.9230769230769231,0.976,0.9765625,0.97,0.5918976775341508,117,0,72,11,0.9140625,1.0,1.0,0.8674698795180723,0.9551020408163265,0.95703125,0.945
low_cost_model,ebm,sigmoid,2,200,128,0.9847005208333334,0.9929072564467016,0.04525660381156852,0.8035737681789561,2.5186125595897195,0.06084990496085389,0.09159848382861088,0.5,122,0,72,6,0.953125,1.0,1.0,0.9230769230769231,0.976,0.9765625,0.97,0.594468946989357,118,0,72,10,0.921875,1.0,1.0,0.8780487804878049,0.959349593495935,0.9609375,0.95
low_cost_model,ebm,sigmoid,3,200,128,0.9885525173611112,0.9945516033023323,0.043138267709586516,0.812767935288253,3.157502553480874,0.06277697495341182,0.09865304934132829,0.5,121,0,72,7,0.9453125,1.0,1.0,0.9113924050632911,0.9718875502008032,0.97265625,0.965,0.6348348948035227,116,0,72,12,0.90625,1.0,1.0,0.8571428571428571,0.9508196721311475,0.953125,0.94
low_cost_model,ebm,sigmoid,4,200,128,0.9889322916666666,0.994897273652217,0.04193303703119433,0.8179989712187746,3.4483947214134676,0.045601929074150234,0.0946317612725541,0.5,121,0,72,7,0.9453125,1.0,1.0,0.9113924050632911,0.9718875502008032,0.97265625,0.965,0.5895433441500301,117,0,72,11,0.9140625,1.0,1.0,0.8674698795180723,0.9551020408163265,0.95703125,0.945
low_cost_model,logreg,isotonic,0,200,128,0.9780815972222223,0.9900384065159881,0.028419170225768453,0.8766529070062133,2.8426752486079407,0.4016679658694319,0.02986922931982097,0.5,122,0,72,6,0.953125,1.0,1.0,0.9230769230769231,0.976,0.9765625,0.97,0.9312690232654337,121,0,72,7,0.9453125,1.0,1.0,0.9113924050632911,0.9718875502008032,0.97265625,0.965
low_cost_model,logreg,isotonic,1,200,128,0.9812282986111112,0.9909655145813967,0.03022835829140769,0.8688005282490986,2.5135814982872207,0.46951316547772315,0.040971931813467845,0.5,122,0,72,6,0.953125,1.0,1.0,0.9230769230769231,0.976,0.9765625,0.97,0.9542131655159133,115,0,72,13,0.8984375,1.0,1.0,0.8470588235294118,0.9465020576131687,0.94921875,0.935
low_cost_model,logreg,isotonic,2,200,128,0.9797634548611112,0.9908263069772453,0.02973896965454691,0.8709246108743623,1.9521193084469068,0.24338263327535822,0.02747456944021962,0.5,122,0,72,6,0.953125,1.0,1.0,0.9230769230769231,0.976,0.9765625,0.97,0.9459164367253433,120,0,72,8,0.9375,1.0,1.0,0.9,0.967741935483871,0.96875,0.96
low_cost_model,logreg,isotonic,3,200,128,0.9852430555555556,0.9925997173845202,0.028055088255564686,0.8782331238907782,0.5063748792572101,0.49095365792552326,0.021679967859816605,0.5,122,0,72,6,0.953125,1.0,1.0,0.9230769230769231,0.976,0.9765625,0.97,0.933167631504573,119,0,72,9,0.9296875,1.0,1.0,0.8888888888888888,0.9635627530364372,0.96484375,0.955
low_cost_model,logreg,isotonic,4,200,128,0.9804144965277778,0.9906699832450604,0.02987414632252894,0.870337906586246,2.560374816498671,0.25738988166300203,0.02605959317198105,0.5,122,0,72,6,0.953125,1.0,1.0,0.9230769230769231,0.976,0.9765625,0.97,0.8858779699410881,121,0,72,7,0.9453125,1.0,1.0,0.9113924050632911,0.9718875502008032,0.97265625,0.965
low_cost_model,logreg,none,0,200,128,0.9835069444444444,0.9926772525076698,0.05179164631173576,0.7752098684386468,2.2662854123127336,0.4804474493583339,0.08307494417628643,0.5,118,0,72,10,0.921875,1.0,1.0,0.8780487804878049,0.959349593495935,0.9609375,0.95,0.633379899665201,110,0,72,18,0.859375,1.0,1.0,0.8,0.9243697478991597,0.9296875,0.91
low_cost_model,logreg,none,1,200,128,0.9823133680555556,0.9917541847045527,0.04528229470711759,0.8034622625559132,2.622089210876243,0.5322161328320545,0.07086470006458762,0.5,119,0,72,9,0.9296875,1.0,1.0,0.8888888888888888,0.9635627530364372,0.96484375,0.955,0.5664506602402193,118,0,72,10,0.921875,1.0,1.0,0.8780487804878049,0.959349593495935,0.9609375,0.95
low_cost_model,logreg,none,2,200,128,0.9883897569444445,0.994517979316328,0.03704938479840863,0.8391953784791292,2.8215267783573843,0.5421620503286584,0.05192790394110475,0.5,121,0,72,7,0.9453125,1.0,1.0,0.9113924050632911,0.9718875502008032,0.97265625,0.965,0.6529601745163075,114,0,72,14,0.890625,1.0,1.0,0.8372093023255814,0.9421487603305785,0.9453125,0.93
low_cost_model,logreg,none,3,200,128,0.97802734375,0.9902280638067971,0.062035916703662035,0.7307468893070224,3.192774353046965,0.5685608362146302,0.11412463519880275,0.5,114,0,72,14,0.890625,1.0,1.0,0.8372093023255814,0.9421487603305785,0.9453125,0.93,0.5454263078353179,109,0,72,19,0.8515625,1.0,1.0,0.7912087912087912,0.919831223628692,0.92578125,0.905
low_cost_model,logreg,none,4,200,128,0.9854600694444445,0.9934065886556758,0.03680153338756101,0.840271122449822,2.225199302615591,0.4045011758456518,0.046778660258714994,0.5,121,0,72,7,0.9453125,1.0,1.0,0.9113924050632911,0.9718875502008032,0.97265625,0.965,0.6037985778891612,116,0,72,12,0.90625,1.0,1.0,0.8571428571428571,0.9508196721311475,0.953125,0.94
low_cost_model,logreg,sigmoid,0,200,128,0.9769965277777779,0.990537226410134,0.04572590984152452,0.8015368496461609,2.3705426370756357,0.09908289441155708,0.09071948919955987,0.5,121,0,72,7,0.9453125,1.0,1.0,0.9113924050632911,0.9718875502008032,0.97265625,0.965,0.6127636958154739,116,0,72,12,0.90625,1.0,1.0,0.8571428571428571,0.9508196721311475,0.953125,0.94
low_cost_model,logreg,sigmoid,1,200,128,0.9809027777777779,0.9911375152153862,0.04180769524493538,0.8185429893883013,2.9329483152606155,0.043612169290642634,0.0821297733868537,0.5,122,0,72,6,0.953125,1.0,1.0,0.9230769230769231,0.976,0.9765625,0.97,0.6328072668364143,117,0,72,11,0.9140625,1.0,1.0,0.8674698795180723,0.9551020408163265,0.95703125,0.945
low_cost_model,logreg,sigmoid,2,200,128,0.986328125,0.9936115524972731,0.04098557735303152,0.8221112094052452,3.627668954779068,0.028485242325751284,0.08610822293694809,0.5,122,0,72,6,0.953125,1.0,1.0,0.9230769230769231,0.976,0.9765625,0.97,0.6518560639979114,117,0,72,11,0.9140625,1.0,1.0,0.8674698795180723,0.9551020408163265,0.95703125,0.945
low_cost_model,logreg,sigmoid,3,200,128,0.9842122395833335,0.9925267965525526,0.0408874823213997,0.8225369690911472,3.089770485158605,0.09065771994776328,0.07857401656226325,0.5,122,0,72,6,0.953125,1.0,1.0,0.9230769230769231,0.976,0.9765625,0.97,0.6282293761045845,116,0,72,12,0.90625,1.0,1.0,0.8571428571428571,0.9508196721311475,0.953125,0.94
low_cost_model,logreg,sigmoid,4,200,128,0.9827473958333335,0.992009175582604,0.041869535411518354,0.8182745858875071,2.7234444831443616,0.04681570684748141,0.08339514832516498,0.5,122,0,72,6,0.953125,1.0,1.0,0.9230769230769231,0.976,0.9765625,0.97,0.6008060046616941,119,0,72,9,0.9296875,1.0,1.0,0.8888888888888888,0.9635627530364372,0.96484375,0.955
low_cost_model,random_forest,isotonic,0,200,128,0.9874674479166667,0.9935828664347233,0.0293889751410684,0.8724436842835572,2.4128637864259215,0.06133162677788689,0.03286982726024621,0.5,124,2,70,4,0.96875,0.9722222222222222,0.9841269841269841,0.9459459459459459,0.9763779527559054,0.9704861111111112,0.97,0.9662338336494227,119,0,72,9,0.9296875,1.0,1.0,0.8888888888888888,0.9635627530364372,0.96484375,0.955
low_cost_model,random_forest,isotonic,1,200,128,0.9929470486111112,0.9961761761431515,0.023175115053817974,0.8994135631344706,0.8067750751458614,0.2034865375031453,0.017698068721496873,0.5,124,2,70,4,0.96875,0.9722222222222222,0.9841269841269841,0.9459459459459459,0.9763779527559054,0.9704861111111112,0.97,0.9545728783623093,118,0,72,10,0.921875,1.0,1.0,0.8780487804878049,0.959349593495935,0.9609375,0.95
low_cost_model,random_forest,isotonic,2,200,128,0.9754231770833334,0.9826014362088168,0.03465677402955372,0.849579973830062,5.635483971839138,0.07962346430216677,0.04088246888612661,0.5,124,3,69,4,0.96875,0.9583333333333334,0.9763779527559056,0.9452054794520548,0.9725490196078432,0.9635416666666667,0.965,0.9360540805708466,120,1,71,8,0.9375,0.9861111111111112,0.9917355371900827,0.8987341772151899,0.963855421686747,0.9618055555555556,0.955
low_cost_model,random_forest,isotonic,3,200,128,0.9867621527777778,0.9934962725075872,0.024552287882786305,0.89343625050874,3.2264663565221974,0.29266684855200986,0.03597426258264176,0.5,124,0,72,4,0.96875,1.0,1.0,0.9473684210526315,0.9841269841269841,0.984375,0.98,0.9634646290037687,118,0,72,10,0.921875,1.0,1.0,0.8780487804878049,0.959349593495935,0.9609375,0.95
low_cost_model,random_forest,isotonic,4,200,128,0.9928385416666666,0.9961798040303995,0.023308921680491722,0.8988328052061991,0.7089181168126085,0.17732893678394168,0.021528312227165537,0.5,124,2,70,4,0.96875,0.9722222222222222,0.9841269841269841,0.9459459459459459,0.9763779527559054,0.9704861111111112,0.97,0.956203369830796,121,0,72,7,0.9453125,1.0,1.0,0.9113924050632911,0.9718875502008032,0.97265625,0.965
low_cost_model,random_forest,none,0,200,128,0.9877387152777778,0.9944751036691113,0.03613221226012235,0.8431761620654412,1.6901930791508908,0.29684925254432915,0.0663720754918834,0.5,122,2,70,6,0.953125,0.9722222222222222,0.9838709677419355,0.9210526315789473,0.9682539682539683,0.9626736111111112,0.96,0.6766648002802654,117,0,72,11,0.9140625,1.0,1.0,0.8674698795180723,0.9551020408163265,0.95703125,0.945
low_cost_model,random_forest,none,1,200,128,0.9907769097222223,0.9957162719633803,0.033053927641144475,0.856536772390866,2.593198357790365,0.35762078977094425,0.06819954994477441,0.5,123,0,72,5,0.9609375,1.0,1.0,0.935064935064935,0.9800796812749004,0.98046875,0.975,0.6762959857689493,114,0,72,14,0.890625,1.0,1.0,0.8372093023255814,0.9421487603305785,0.9453125,0.93
low_cost_model,random_forest,none,2,200,128,0.9840494791666667,0.9925553228560505,0.02998228585366335,0.8698685509823639,1.8867554095563037,1.0456226977780578,0.035160804473304406,0.5,124,3,69,4,0.96875,0.9583333333333334,0.9763779527559056,0.9452054794520548,0.9725490196078432,0.9635416666666667,0.965,0.7893166666666666,116,0,72,12,0.90625,1.0,1.0,0.8571428571428571,0.9508196721311475,0.953125,0.94
low_cost_model,random_forest,none,3,200,128,0.9912651909722222,0.996067125776507,0.03380020534472593,0.8532977198579603,2.353139455341134,0.2365216014346962,0.07862272315526972,0.5,124,0,72,4,0.96875,1.0,1.0,0.9473684210526315,0.9841269841269841,0.984375,0.98,0.6826421780492722,113,0,72,15,0.8828125,1.0,1.0,0.8275862068965517,0.9377593360995851,0.94140625,0.925
low_cost_model,random_forest,none,4,200,128,0.9888780381944444,0.9949536037249322,0.03786648567636506,0.8356489336963322,2.5114132693789504,0.17161907718965216,0.07777689365517983,0.5,123,1,71,5,0.9609375,0.9861111111111112,0.9919354838709677,0.9342105263157895,0.9761904761904763,0.9735243055555556,0.97,0.6464318855900043,115,0,72,13,0.8984375,1.0,1.0,0.8470588235294118,0.9465020576131687,0.94921875,0.935
low_cost_model,random_forest,sigmoid,0,200,128,0.9828559027777778,0.9927966650165361,0.03008328402652305,0.8694301908571048,1.6959111602042398,0.038520009535248256,0.05984898220587666,0.5,123,2,70,5,0.9609375,0.9722222222222222,0.984,0.9333333333333333,0.9723320158102766,0.9665798611111112,0.965,0.7981231310339453,118,0,72,10,0.921875,1.0,1.0,0.8780487804878049,0.959349593495935,0.9609375,0.95
low_cost_model,random_forest,sigmoid,1,200,128,0.9939236111111112,0.9970777801251115,0.025247324592797823,0.8904195981215373,2.0301958393088197,0.040823466250980406,0.05585681572876048,0.5,124,0,72,4,0.96875,1.0,1.0,0.9473684210526315,0.9841269841269841,0.984375,0.98,0.7911084473809565,118,0,72,10,0.921875,1.0,1.0,0.8780487804878049,0.959349593495935,0.9609375,0.95
low_cost_model,random_forest,sigmoid,2,200,128,0.9796006944444445,0.9917915596610741,0.029734798592033398,0.8709427144442995,1.476220827119858,0.08992305380283244,0.05083584865821898,0.5,124,3,69,4,0.96875,0.9583333333333334,0.9763779527559056,0.9452054794520548,0.9725490196078432,0.9635416666666667,0.965,0.8484207759614367,117,0,72,11,0.9140625,1.0,1.0,0.8674698795180723,0.9551020408163265,0.95703125,0.945
low_cost_model,random_forest,sigmoid,3,200,128,0.9858398437500001,0.9938621104493424,0.025885063715170794,0.8876516331806823,1.9619332814073196,0.09322917633115296,0.055755998214753154,0.5,124,0,72,4,0.96875,1.0,1.0,0.9473684210526315,0.9841269841269841,0.984375,0.98,0.8006943883609395,118,0,72,10,0.921875,1.0,1.0,0.8780487804878049,0.959349593495935,0.9609375,0.95
low_cost_model,random_forest,sigmoid,4,200,128,0.9907769097222222,0.9954812174447828,0.028415022280773385,0.8766709102396988,1.904292762763646,0.02470938121599658,0.05338613030721642,0.5,123,1,71,5,0.9609375,0.9861111111111112,0.9919354838709677,0.9342105263157895,0.9761904761904763,0.9735243055555556,0.97,0.7874400166679133,117,0,72,11,0.9140625,1.0,1.0,0.8674698795180723,0.9551020408163265,0.95703125,0.945
low_cost_model,svm,isotonic,0,200,128,0.9937065972222222,0.9967409885407682,0.021318371520539125,0.9074723458309933,1.1175435912894842,0.06216075468535298,0.014817190819672922,0.5,123,0,72,5,0.9609375,1.0,1.0,0.935064935064935,0.9800796812749004,0.98046875,0.975,0.9424743773439207,118,0,72,10,0.921875,1.0,1.0,0.8780487804878049,0.959349593495935,0.9609375,0.95
low_cost_model,svm,isotonic,1,200,128,0.9927300347222223,0.9964476698571387,0.02027948348184997,0.9119814084989151,1.1587398763374361,0.3627277423464632,0.020025155159705037,0.5,123,0,72,5,0.9609375,1.0,1.0,0.935064935064935,0.9800796812749004,0.98046875,0.975,0.9707174484709293,118,0,72,10,0.921875,1.0,1.0,0.8780487804878049,0.959349593495935,0.9609375,0.95
low_cost_model,svm,isotonic,2,200,128,0.9852430555555556,0.9928245192307692,0.023868250294521706,0.8964051636522495,3.0754302423004756,-0.2031912591606525,0.023456277491954752,0.5,124,1,71,4,0.96875,0.9861111111111112,0.992,0.9466666666666667,0.9802371541501976,0.9774305555555556,0.975,0.9814217964373867,117,0,72,11,0.9140625,1.0,1.0,0.8674698795180723,0.9551020408163265,0.95703125,0.945
low_cost_model,svm,isotonic,3,200,128,0.9935980902777778,0.9966398629659966,0.0191227427999995,0.9170019843750021,1.1377526426775155,0.09990002489031093,0.01654040533059348,0.5,124,0,72,4,0.96875,1.0,1.0,0.9473684210526315,0.9841269841269841,0.984375,0.98,0.9693457496153084,120,0,72,8,0.9375,1.0,1.0,0.9,0.967741935483871,0.96875,0.96
low_cost_model,svm,isotonic,4,200,128,0.9951171875,0.9974810660232937,0.018542277408576252,0.9195213654141656,1.194222311643479,0.006429165044127206,0.010393576346198901,0.5,124,0,72,4,0.96875,1.0,1.0,0.9473684210526315,0.9841269841269841,0.984375,0.98,0.9721353787166953,118,0,72,10,0.921875,1.0,1.0,0.8780487804878049,0.959349593495935,0.9609375,0.95
low_cost_model,svm,none,0,200,128,0.988498263888889,0.9944834554512197,0.025768233536386173,0.888158708609435,1.9403340744487894,0.021163921695271707,0.022499791624479726,0.5,123,0,72,5,0.9609375,1.0,1.0,0.935064935064935,0.9800796812749004,0.98046875,0.975,0.8678366608160871,118,0,72,10,0.921875,1.0,1.0,0.8780487804878049,0.959349593495935,0.9609375,0.95
low_cost_model,svm,none,1,200,128,0.9932725694444444,0.9968619958425028,0.02278791210053865,0.9010941315080787,2.8833980541979742,-0.05058395998418148,0.015596244845395797,0.5,123,0,72,5,0.9609375,1.0,1.0,0.935064935064935,0.9800796812749004,0.98046875,0.975,0.9073559142201486,120,0,72,8,0.9375,1.0,1.0,0.9,0.967741935483871,0.96875,0.96
low_cost_model,svm,none,2,200,128,0.9887152777777778,0.9947415420304648,0.021964230195411726,0.9046691397768588,1.448785657695705,-0.13775299261315319,0.023397106417387875,0.5,124,0,72,4,0.96875,1.0,1.0,0.9473684210526315,0.9841269841269841,0.984375,0.98,0.9165044758917325,119,0,72,9,0.9296875,1.0,1.0,0.8888888888888888,0.9635627530364372,0.96484375,0.955
low_cost_model,svm,none,3,200,128,0.9952799479166666,0.9975964989553189,0.02013245516538861,0.9126195522335564,5.373830557323307,-0.1818416578200942,0.026960444544962978,0.5,124,0,72,4,0.96875,1.0,1.0,0.9473684210526315,0.9841269841269841,0.984375,0.98,0.9099041042602418,119,0,72,9,0.9296875,1.0,1.0,0.8888888888888888,0.9635627530364372,0.96484375,0.955
low_cost_model,svm,none,4,200,128,0.9901258680555556,0.995453656652425,0.020613734519832318,0.9105306661465611,1.7239744862557413,-0.1493277327843561,0.019507316347505847,0.5,124,0,72,4,0.96875,1.0,1.0,0.9473684210526315,0.9841269841269841,0.984375,0.98,0.9345704694042201,120,0,72,8,0.9375,1.0,1.0,0.9,0.967741935483871,0.96875,0.96
low_cost_model,svm,sigmoid,0,200,128,0.9866536458333334,0.9936615281861118,0.0355197002438008,0.8458346343585035,2.94119359413743,0.05125796220607195,0.0760317070854886,0.5,122,0,72,6,0.953125,1.0,1.0,0.9230769230769231,0.976,0.9765625,0.97,0.7012964118195462,115,0,72,13,0.8984375,1.0,1.0,0.8470588235294118,0.9465020576131687,0.94921875,0.935
low_cost_model,svm,sigmoid,1,200,128,0.9919704861111112,0.9963387309419613,0.02900821635622192,0.8740962831761201,3.7567811608909993,0.008723137854603512,0.06034452820527818,0.5,123,0,72,5,0.9609375,1.0,1.0,0.935064935064935,0.9800796812749004,0.98046875,0.975,0.7607266467078836,120,0,72,8,0.9375,1.0,1.0,0.9,0.967741935483871,0.96875,0.96
low_cost_model,svm,sigmoid,2,200,128,0.9881727430555556,0.9945621239376201,0.028157113492061674,0.8777903060240378,2.1815593851603796,0.01519977822683076,0.06499165008583818,0.5,124,0,72,4,0.96875,1.0,1.0,0.9473684210526315,0.9841269841269841,0.984375,0.98,0.7882375228981121,116,0,72,12,0.90625,1.0,1.0,0.8571428571428571,0.9508196721311475,0.953125,0.94
low_cost_model,svm,sigmoid,3,200,128,0.9950629340277778,0.9975198001043744,0.028708546374923562,0.8753969341366165,11.344458006620702,-0.03620219157936149,0.07498724002641932,0.5,124,0,72,4,0.96875,1.0,1.0,0.9473684210526315,0.9841269841269841,0.984375,0.98,0.7564036874401734,117,0,72,11,0.9140625,1.0,1.0,0.8674698795180723,0.9551020408163265,0.95703125,0.945
low_cost_model,svm,sigmoid,4,200,128,0.9906684027777779,0.9957558905519241,0.026939673285911417,0.883074334696565,2.813702756875253,-0.016042669890654362,0.06513412628438747,0.5,124,0,72,4,0.96875,1.0,1.0,0.9473684210526315,0.9841269841269841,0.984375,0.98,0.8024647173073762,119,0,72,9,0.9296875,1.0,1.0,0.8888888888888888,0.9635627530364372,0.96484375,0.955
low_cost_model,xgboost,isotonic,0,200,128,0.9842122395833334,0.9920059755649613,0.035795604141192795,0.8446371348038507,5.594888376785806,0.2736155028727159,0.034455411464441546,0.5,120,0,72,8,0.9375,1.0,1.0,0.9,0.967741935483871,0.96875,0.96,0.903349295258522,115,0,72,13,0.8984375,1.0,1.0,0.8470588235294118,0.9465020576131687,0.94921875,0.935
low_cost_model,xgboost,isotonic,1,200,128,0.9848090277777778,0.992749491669867,0.03389757312805493,0.852875116631706,0.83694698152841,0.14136536229911914,0.021509884134866285,0.5,122,1,71,6,0.953125,0.9861111111111112,0.991869918699187,0.922077922077922,0.9721115537848606,0.9696180555555556,0.965,0.8439034268260002,120,1,71,8,0.9375,0.9861111111111112,0.9917355371900827,0.8987341772151899,0.963855421686747,0.9618055555555556,0.955
low_cost_model,xgboost,isotonic,2,200,128,0.9796549479166667,0.9900324649671606,0.04020102898619525,0.8255163672474164,4.3158149648834065,0.046831622153207166,0.0294760111439973,0.5,121,3,69,7,0.9453125,0.9583333333333334,0.9758064516129032,0.9078947368421053,0.9603174603174603,0.9518229166666667,0.95,0.8902548164129257,117,1,71,11,0.9140625,0.9861111111111112,0.9915254237288136,0.8658536585365854,0.9512195121951219,0.9500868055555556,0.94
low_cost_model,xgboost,isotonic,3,200,128,0.98828125,0.9941833809338574,0.030253642105260835,0.8686907894736943,1.270347521867541,0.03908829660850042,0.019354911506525217,0.5,121,0,72,7,0.9453125,1.0,1.0,0.9113924050632911,0.9718875502008032,0.97265625,0.965,0.8654453694820404,118,0,72,10,0.921875,1.0,1.0,0.8780487804878049,0.959349593495935,0.9609375,0.95
low_cost_model,xgboost,isotonic,4,200,128,0.9902886284722223,0.994983061689637,0.027529832069812313,0.8805128816414396,1.1180389897148546,0.22701570625152065,0.016490005129562668,0.5,122,0,72,6,0.953125,1.0,1.0,0.9230769230769231,0.976,0.9765625,0.97,0.9184550255537033,118,0,72,10,0.921875,1.0,1.0,0.8780487804878049,0.959349593495935,0.9609375,0.95
low_cost_model,xgboost,none,0,200,128,0.9832356770833334,0.9920652257368402,0.041289588019261796,0.8207917186663984,1.7285020848948018,0.3480764837084307,0.03635385841829704,0.5,120,0,72,8,0.9375,1.0,1.0,0.9,0.967741935483871,0.96875,0.96,0.7160914540290833,114,0,72,14,0.890625,1.0,1.0,0.8372093023255814,0.9421487603305785,0.9453125,0.93
low_cost_model,xgboost,none,1,200,128,0.9850260416666666,0.9928244287661339,0.03697378297400369,0.8395235113975534,1.7754150226805894,0.16351292876691462,0.05946707939263435,0.5,122,1,71,6,0.953125,0.9861111111111112,0.991869918699187,0.922077922077922,0.9721115537848606,0.9696180555555556,0.965,0.6516754806041718,120,0,72,8,0.9375,1.0,1.0,0.9,0.967741935483871,0.96875,0.96
low_cost_model,xgboost,none,2,200,128,0.9829644097222222,0.9922696035224625,0.03909469119752698,0.8303181805662891,1.4545106715518246,0.17255539044204948,0.051233440851792676,0.5,120,3,69,8,0.9375,0.9583333333333334,0.975609756097561,0.8961038961038961,0.9561752988047808,0.9479166666666667,0.945,0.7047597408294678,117,0,72,11,0.9140625,1.0,1.0,0.8674698795180723,0.9551020408163265,0.95703125,0.945
low_cost_model,xgboost,none,3,200,128,0.9908311631944444,0.9953159222258121,0.03554973354177091,0.8457042815027305,2.0941767855603057,0.15521915786903528,0.04960150539409367,0.5,121,0,72,7,0.9453125,1.0,1.0,0.9113924050632911,0.9718875502008032,0.97265625,0.965,0.7196176767349243,117,0,72,11,0.9140625,1.0,1.0,0.8674698795180723,0.9551020408163265,0.95703125,0.945
low_cost_model,xgboost,none,4,200,128,0.989040798611111,0.9946098846625994,0.03186896846847783,0.861679824355565,2.3366393049010967,0.17705677040559123,0.04357567711267619,0.5,122,0,72,6,0.953125,1.0,1.0,0.9230769230769231,0.976,0.9765625,0.97,0.7252032041549683,117,0,72,11,0.9140625,1.0,1.0,0.8674698795180723,0.9551020408163265,0.95703125,0.945
low_cost_model,xgboost,sigmoid,0,200,128,0.980197482638889,0.9911663155152969,0.03943891960000606,0.8288241336805292,1.7306456795000065,0.10978790570304399,0.04761268400477115,0.5,120,0,72,8,0.9375,1.0,1.0,0.9,0.967741935483871,0.96875,0.96,0.7640191954640076,116,0,72,12,0.90625,1.0,1.0,0.8571428571428571,0.9508196721311475,0.953125,0.94
low_cost_model,xgboost,sigmoid,1,200,128,0.9864366319444444,0.9934645577512099,0.03493414016635592,0.8483761277501913,1.773577643989161,0.043960570387738186,0.06688567970819403,0.5,122,1,71,6,0.953125,0.9861111111111112,0.991869918699187,0.922077922077922,0.9721115537848606,0.9696180555555556,0.965,0.7314439861339246,119,0,72,9,0.9296875,1.0,1.0,0.8888888888888888,0.9635627530364372,0.96484375,0.955
low_cost_model,xgboost,sigmoid,2,200,128,0.9841579861111112,0.9927526581754329,0.037565804750369164,0.8369539724376338,1.7454152883895422,0.03526698947463785,0.05819545120536589,0.5,122,1,71,6,0.953125,0.9861111111111112,0.991869918699187,0.922077922077922,0.9721115537848606,0.9696180555555556,0.965,0.7613546953282401,117,0,72,11,0.9140625,1.0,1.0,0.8674698795180723,0.9551020408163265,0.95703125,0.945
low_cost_model,xgboost,sigmoid,3,200,128,0.9908311631944444,0.9953224509683627,0.0353297798871464,0.8466589414620382,2.107112103281618,0.03048515491704229,0.0656537346229019,0.5,122,0,72,6,0.953125,1.0,1.0,0.9230769230769231,0.976,0.9765625,0.97,0.7768465362278115,116,0,72,12,0.90625,1.0,1.0,0.8571428571428571,0.9508196721311475,0.953125,0.94
low_cost_model,xgboost,sigmoid,4,200,128,0.986545138888889,0.9935559614980769,0.03170489565576087,0.8623919459385379,2.1542525143368874,0.05796120545015701,0.0690195934487709,0.5,122,0,72,6,0.953125,1.0,1.0,0.9230769230769231,0.976,0.9765625,0.97,0.8023513556375028,115,0,72,13,0.8984375,1.0,1.0,0.8470588235294118,0.9465020576131687,0.94921875,0.935
low_cost_plus_urine_micro_model,dummy,isotonic,0,200,128,0.48697916666666663,0.634140625,0.230484375,-0.0003662109375,-3.9860731127349425,-2.1203038571342428e-16,0.0,0.5,128,72,0,0,1.0,0.0,0.64,,0.7804878048780487,0.5,0.64,0.6366666666666666,128,72,0,0,1.0,0.0,0.64,,0.7804878048780487,0.5,0.64
low_cost_plus_urine_micro_model,dummy,isotonic,1,200,128,0.48697916666666663,0.634140625,0.230484375,-0.0003662109375,-3.9860731127345304,-2.1203038571342428e-16,0.0,0.5,128,72,0,0,1.0,0.0,0.64,,0.7804878048780487,0.5,0.64,0.6366666666666666,128,72,0,0,1.0,0.0,0.64,,0.7804878048780487,0.5,0.64
low_cost_plus_urine_micro_model,dummy,isotonic,2,200,128,0.48697916666666663,0.634140625,0.23048437500000002,-0.0003662109375,-3.9860731127341698,-2.5058136493404686e-16,0.0,0.5,128,72,0,0,1.0,0.0,0.64,,0.7804878048780487,0.5,0.64,0.6366666666666666,128,72,0,0,1.0,0.0,0.64,,0.7804878048780487,0.5,0.64
low_cost_plus_urine_micro_model,dummy,isotonic,3,200,128,0.48697916666666663,0.634140625,0.23048437500000002,-0.0003662109375,-3.9860731127346147,-2.0239264090826863e-16,0.0,0.5,128,72,0,0,1.0,0.0,0.64,,0.7804878048780487,0.5,0.64,0.6366666666666666,128,72,0,0,1.0,0.0,0.64,,0.7804878048780487,0.5,0.64
low_cost_plus_urine_micro_model,dummy,isotonic,4,200,128,0.48697916666666663,0.634140625,0.230484375,-0.0003662109375,-3.9860731127346285,-1.9275489610311297e-16,0.0,0.5,128,72,0,0,1.0,0.0,0.64,,0.7804878048780487,0.5,0.64,0.6366666666666666,128,72,0,0,1.0,0.0,0.64,,0.7804878048780487,0.5,0.64
low_cost_plus_urine_micro_model,dummy,none,0,200,128,0.48697916666666663,0.634140625,0.230484375,-0.0003662109375,-3.9860731127349425,-2.1203038571342428e-16,0.0,0.5,128,72,0,0,1.0,0.0,0.64,,0.7804878048780487,0.5,0.64,0.6366666666666666,128,72,0,0,1.0,0.0,0.64,,0.7804878048780487,0.5,0.64
low_cost_plus_urine_micro_model,dummy,none,1,200,128,0.48697916666666663,0.634140625,0.230484375,-0.0003662109375,-3.9860731127345304,-2.1203038571342428e-16,0.0,0.5,128,72,0,0,1.0,0.0,0.64,,0.7804878048780487,0.5,0.64,0.6366666666666666,128,72,0,0,1.0,0.0,0.64,,0.7804878048780487,0.5,0.64
low_cost_plus_urine_micro_model,dummy,none,2,200,128,0.48697916666666663,0.634140625,0.23048437500000002,-0.0003662109375,-3.9860731127341698,-2.5058136493404686e-16,0.0,0.5,128,72,0,0,1.0,0.0,0.64,,0.7804878048780487,0.5,0.64,0.6366666666666666,128,72,0,0,1.0,0.0,0.64,,0.7804878048780487,0.5,0.64
low_cost_plus_urine_micro_model,dummy,none,3,200,128,0.48697916666666663,0.634140625,0.23048437500000002,-0.0003662109375,-3.9860731127346147,-2.0239264090826863e-16,0.0,0.5,128,72,0,0,1.0,0.0,0.64,,0.7804878048780487,0.5,0.64,0.6366666666666666,128,72,0,0,1.0,0.0,0.64,,0.7804878048780487,0.5,0.64
low_cost_plus_urine_micro_model,dummy,none,4,200,128,0.48697916666666663,0.634140625,0.230484375,-0.0003662109375,-3.9860731127346285,-1.9275489610311297e-16,0.0,0.5,128,72,0,0,1.0,0.0,0.64,,0.7804878048780487,0.5,0.64,0.6366666666666666,128,72,0,0,1.0,0.0,0.64,,0.7804878048780487,0.5,0.64
low_cost_plus_urine_micro_model,dummy,sigmoid,0,200,128,0.48697916666666663,0.634140625,0.23048497445077146,-0.000368812720362266,-4.032431507784349,0.005375091137101486,0.0012393012896696476,0.5,128,72,0,0,1.0,0.0,0.64,,0.7804878048780487,0.5,0.64,0.6346558996314264,128,72,0,0,1.0,0.0,0.64,,0.7804878048780487,0.5,0.64
low_cost_plus_urine_micro_model,dummy,sigmoid,1,200,128,0.48697916666666663,0.634140625,0.23048497445077146,-0.000368812720362266,-4.0324315077845085,0.005375091137101526,0.0012393012896696476,0.5,128,72,0,0,1.0,0.0,0.64,,0.7804878048780487,0.5,0.64,0.6346558996314264,128,72,0,0,1.0,0.0,0.64,,0.7804878048780487,0.5,0.64
low_cost_plus_urine_micro_model,dummy,sigmoid,2,200,128,0.48697916666666663,0.634140625,0.23048497445077146,-0.000368812720362266,-4.032431507783667,0.0053750911371014,0.0012393012896696476,0.5,128,72,0,0,1.0,0.0,0.64,,0.7804878048780487,0.5,0.64,0.6346558996314264,128,72,0,0,1.0,0.0,0.64,,0.7804878048780487,0.5,0.64
low_cost_plus_urine_micro_model,dummy,sigmoid,3,200,128,0.48697916666666663,0.634140625,0.23048497445077146,-0.000368812720362266,-4.032431507784332,0.005375091137101459,0.0012393012896696476,0.5,128,72,0,0,1.0,0.0,0.64,,0.7804878048780487,0.5,0.64,0.6346558996314265,128,72,0,0,1.0,0.0,0.64,,0.7804878048780487,0.5,0.64
low_cost_plus_urine_micro_model,dummy,sigmoid,4,200,128,0.48697916666666663,0.634140625,0.23048497445077146,-0.000368812720362266,-4.032431507784047,0.005375091137101525,0.0012393012896696476,0.5,128,72,0,0,1.0,0.0,0.64,,0.7804878048780487,0.5,0.64,0.6346558996314264,128,72,0,0,1.0,0.0,0.64,,0.7804878048780487,0.5,0.64
low_cost_plus_urine_micro_model,ebm,isotonic,0,200,128,0.9839409722222223,0.992079844059533,0.035447058264315934,0.8461499207277954,0.4959854091789752,0.24349904205408524,0.04329063604011324,0.5,123,2,70,5,0.9609375,0.9722222222222222,0.984,0.9333333333333333,0.9723320158102766,0.9665798611111112,0.965,0.8710215183027459,114,0,72,14,0.890625,1.0,1.0,0.8372093023255814,0.9421487603305785,0.9453125,0.93
low_cost_plus_urine_micro_model,ebm,isotonic,1,200,128,0.989040798611111,0.9947207012247749,0.025114197937302983,0.8909974047860114,0.5965759291841353,0.2675123481994306,0.02205974999521463,0.5,123,2,70,5,0.9609375,0.9722222222222222,0.984,0.9333333333333333,0.9723320158102766,0.9665798611111112,0.965,0.8460557855936665,121,0,72,7,0.9453125,1.0,1.0,0.9113924050632911,0.9718875502008032,0.97265625,0.965
low_cost_plus_urine_micro_model,ebm,isotonic,2,200,128,0.986056857638889,0.9929025711288781,0.03719712656115141,0.838554138189447,0.5021758327243553,-0.12541721168307193,0.03554792285584664,0.5,123,4,68,5,0.9609375,0.9444444444444444,0.968503937007874,0.9315068493150684,0.9647058823529412,0.9526909722222222,0.955,0.8650276938326698,119,0,72,9,0.9296875,1.0,1.0,0.8888888888888888,0.9635627530364372,0.96484375,0.955
low_cost_plus_urine_micro_model,ebm,isotonic,3,200,128,0.9890950520833334,0.9948899893372704,0.02393106703088836,0.8961325215673248,0.6393884065865552,0.28665124975785267,0.027247861018045025,0.5,124,0,72,4,0.96875,1.0,1.0,0.9473684210526315,0.9841269841269841,0.984375,0.98,0.8973874826729252,117,0,72,11,0.9140625,1.0,1.0,0.8674698795180723,0.9551020408163265,0.95703125,0.945
low_cost_plus_urine_micro_model,ebm,isotonic,4,200,128,0.9901801215277779,0.9954294462153969,0.02107996865265041,0.9085070805006492,0.6851970210482679,0.11378588472319012,0.013793379778293523,0.5,124,0,72,4,0.96875,1.0,1.0,0.9473684210526315,0.9841269841269841,0.984375,0.98,0.896738199452718,119,0,72,9,0.9296875,1.0,1.0,0.8888888888888888,0.9635627530364372,0.96484375,0.955
low_cost_plus_urine_micro_model,ebm,none,0,200,128,0.9835069444444444,0.9926844826777487,0.034660337724489204,0.8495645064041267,0.5023806222624875,0.8967303101562556,0.03682393642619982,0.5,121,0,72,7,0.9453125,1.0,1.0,0.9113924050632911,0.9718875502008032,0.97265625,0.965,0.9252678411146542,116,0,72,12,0.90625,1.0,1.0,0.8571428571428571,0.9508196721311475,0.953125,0.94
low_cost_plus_urine_micro_model,ebm,none,1,200,128,0.9852430555555556,0.9934146955744712,0.027511218462295116,0.8805936698685107,0.6310193739171764,0.4760810466570554,0.03396328690462154,0.5,123,0,72,5,0.9609375,1.0,1.0,0.935064935064935,0.9800796812749004,0.98046875,0.975,0.965933142035303,116,0,72,12,0.90625,1.0,1.0,0.8571428571428571,0.9508196721311475,0.953125,0.94
low_cost_plus_urine_micro_model,ebm,none,2,200,128,0.9810112847222222,0.991708426417816,0.03217869352421468,0.8603355315789294,0.5906928694445032,0.5005719303387067,0.04192349957029422,0.5,123,1,71,5,0.9609375,0.9861111111111112,0.9919354838709677,0.9342105263157895,0.9761904761904763,0.9735243055555556,0.97,0.9761952360272295,118,0,72,10,0.921875,1.0,1.0,0.8780487804878049,0.959349593495935,0.9609375,0.95
low_cost_plus_urine_micro_model,ebm,none,3,200,128,0.99072265625,0.9955827795267078,0.025584808375809093,0.888954824757773,0.5278042594150791,0.8401230203258199,0.027483689402760168,0.5,122,0,72,6,0.953125,1.0,1.0,0.9230769230769231,0.976,0.9765625,0.97,0.9927244144241374,119,0,72,9,0.9296875,1.0,1.0,0.8888888888888888,0.9635627530364372,0.96484375,0.955
low_cost_plus_urine_micro_model,ebm,none,4,200,128,0.9932725694444444,0.9965950902150719,0.019384406345292603,0.915866291904112,0.8360419634951284,0.2190087893757209,0.018451416636203085,0.5,124,0,72,4,0.96875,1.0,1.0,0.9473684210526315,0.9841269841269841,0.984375,0.98,0.9677294079271057,120,0,72,8,0.9375,1.0,1.0,0.9,0.967741935483871,0.96875,0.96
low_cost_plus_urine_micro_model,ebm,sigmoid,0,200,128,0.9871961805555556,0.9941863492743586,0.050397281567555796,0.7812617987519279,3.133134408217905,0.09558695763573119,0.08931958732616442,0.5,119,0,72,9,0.9296875,1.0,1.0,0.8888888888888888,0.9635627530364372,0.96484375,0.955,0.5999225831231515,113,0,72,15,0.8828125,1.0,1.0,0.8275862068965517,0.9377593360995851,0.94140625,0.925
low_cost_plus_urine_micro_model,ebm,sigmoid,1,200,128,0.9905598958333334,0.9955988991353085,0.042611285568367595,0.8150551841650712,3.2210689814344313,0.05360419389705724,0.09701410908199457,0.5,122,0,72,6,0.953125,1.0,1.0,0.9230769230769231,0.976,0.9765625,0.97,0.594973944597217,116,0,72,12,0.90625,1.0,1.0,0.8571428571428571,0.9508196721311475,0.953125,0.94
low_cost_plus_urine_micro_model,ebm,sigmoid,2,200,128,0.985134548611111,0.9932418914842094,0.045959690675447924,0.8005221758878128,2.532684078351744,0.06694168734048371,0.09453417599172378,0.5,122,0,72,6,0.953125,1.0,1.0,0.9230769230769231,0.976,0.9765625,0.97,0.6057394609749531,118,0,72,10,0.921875,1.0,1.0,0.8780487804878049,0.959349593495935,0.9609375,0.95
low_cost_plus_urine_micro_model,ebm,sigmoid,3,200,128,0.9922417534722222,0.996285566266231,0.041114230378905,0.8215528195360026,3.6115468824564227,0.07316681114704396,0.10332608305660987,0.5,121,0,72,7,0.9453125,1.0,1.0,0.9113924050632911,0.9718875502008032,0.97265625,0.965,0.6328461263588386,115,0,72,13,0.8984375,1.0,1.0,0.8470588235294118,0.9465020576131687,0.94921875,0.935
low_cost_plus_urine_micro_model,ebm,sigmoid,4,200,128,0.9908854166666666,0.9957472545378137,0.04071592564386117,0.823281572726297,3.652509472142152,0.03244858014990004,0.10441194155037532,0.5,123,0,72,5,0.9609375,1.0,1.0,0.935064935064935,0.9800796812749004,0.98046875,0.975,0.5963239665759498,118,0,72,10,0.921875,1.0,1.0,0.8780487804878049,0.959349593495935,0.9609375,0.95
low_cost_plus_urine_micro_model,logreg,isotonic,0,200,128,0.9773220486111112,0.9898493778198842,0.02781177890421163,0.8792891540615815,3.0858893661826214,0.3595143679632492,0.032149082718756106,0.5,123,0,72,5,0.9609375,1.0,1.0,0.935064935064935,0.9800796812749004,0.98046875,0.975,0.8842653366532127,121,0,72,7,0.9453125,1.0,1.0,0.9113924050632911,0.9718875502008032,0.97265625,0.965
low_cost_plus_urine_micro_model,logreg,isotonic,1,200,128,0.9844292534722223,0.9924075602702177,0.026486745662058216,0.8850401663973168,0.9768986104912321,0.5296822181776255,0.03349478465885122,0.5,123,0,72,5,0.9609375,1.0,1.0,0.935064935064935,0.9800796812749004,0.98046875,0.975,0.9608638185822452,115,0,72,13,0.8984375,1.0,1.0,0.8470588235294118,0.9465020576131687,0.94921875,0.935
low_cost_plus_urine_micro_model,logreg,isotonic,2,200,128,0.9813910590277778,0.9913880804404133,0.030183915314303703,0.8689934231150013,0.7764714066844708,0.2728606167175731,0.029730976387158433,0.5,122,0,72,6,0.953125,1.0,1.0,0.9230769230769231,0.976,0.9765625,0.97,0.9268912530713453,119,0,72,9,0.9296875,1.0,1.0,0.8888888888888888,0.9635627530364372,0.96484375,0.955
low_cost_plus_urine_micro_model,logreg,isotonic,3,200,128,0.9832356770833333,0.992262629534225,0.028595228642734144,0.8758887645714664,3.0286556714530612,0.4867365828081807,0.021611296317023503,0.5,122,0,72,6,0.953125,1.0,1.0,0.9230769230769231,0.976,0.9765625,0.97,0.9024294036073289,119,0,72,9,0.9296875,1.0,1.0,0.8888888888888888,0.9635627530364372,0.96484375,0.955
low_cost_plus_urine_micro_model,logreg,isotonic,4,200,128,0.9878472222222222,0.9944478553562173,0.023676058552613087,0.897239329198728,0.5814008923720787,0.11449084729428828,0.018622144846295846,0.5,123,0,72,5,0.9609375,1.0,1.0,0.935064935064935,0.9800796812749004,0.98046875,0.975,0.8869109475635882,120,0,72,8,0.9375,1.0,1.0,0.9,0.967741935483871,0.96875,0.96
low_cost_plus_urine_micro_model,logreg,none,0,200,128,0.981662326388889,0.9921993508930185,0.05958248111430715,0.7413954812747086,2.6307380962720717,0.50575682909983,0.11203698394943216,0.5,116,0,72,12,0.90625,1.0,1.0,0.8571428571428571,0.9508196721311475,0.953125,0.94,0.4949132269681259,116,0,72,12,0.90625,1.0,1.0,0.8571428571428571,0.9508196721311475,0.953125,0.94
low_cost_plus_urine_micro_model,logreg,none,1,200,128,0.9853515625,0.9935204655877636,0.057206651454804226,0.7517072419496345,3.473180116720921,0.5123967682027694,0.11442797117622132,0.5,117,0,72,11,0.9140625,1.0,1.0,0.8674698795180723,0.9551020408163265,0.95703125,0.945,0.45959468431250683,118,0,72,10,0.921875,1.0,1.0,0.8780487804878049,0.959349593495935,0.9609375,0.95
low_cost_plus_urine_micro_model,logreg,none,2,200,128,0.982638888888889,0.9918840992306883,0.04480842232860929,0.8055190003098555,2.119234379227301,0.6424048554806758,0.05961201232104136,0.5,120,0,72,8,0.9375,1.0,1.0,0.9,0.967741935483871,0.96875,0.96,0.5898952718714824,117,0,72,11,0.9140625,1.0,1.0,0.8674698795180723,0.9551020408163265,0.95703125,0.945
low_cost_plus_urine_micro_model,logreg,none,3,200,128,0.978244357638889,0.9903167191318462,0.0708367218785226,0.6925489501800235,2.567973218093982,0.6471526226075384,0.118075856600676,0.5,111,0,72,17,0.8671875,1.0,1.0,0.8089887640449438,0.9288702928870293,0.93359375,0.915,0.5318965708056601,108,0,72,20,0.84375,1.0,1.0,0.782608695652174,0.9152542372881356,0.921875,0.9
low_cost_plus_urine_micro_model,logreg,none,4,200,128,0.9853515625,0.993421237108072,0.051794433257471476,0.7751977723200023,2.6799167768739474,0.5843122045326697,0.08803217140029064,0.5,116,0,72,12,0.90625,1.0,1.0,0.8571428571428571,0.9508196721311475,0.953125,0.94,0.45191141644912913,118,0,72,10,0.921875,1.0,1.0,0.8780487804878049,0.959349593495935,0.9609375,0.95
low_cost_plus_urine_micro_model,logreg,sigmoid,0,200,128,0.9756944444444445,0.9900085907902972,0.04588084320838068,0.8008643957969589,2.4255762115705775,0.08815211270336672,0.09895933132023149,0.5,121,0,72,7,0.9453125,1.0,1.0,0.9113924050632911,0.9718875502008032,0.97265625,0.965,0.5931211550242214,116,0,72,12,0.90625,1.0,1.0,0.8571428571428571,0.9508196721311475,0.953125,0.94
low_cost_plus_urine_micro_model,logreg,sigmoid,1,200,128,0.9796006944444444,0.9910878850872816,0.04388359674568244,0.8095330002357533,2.7995403111132817,0.045673195094516575,0.09190718886955578,0.5,121,0,72,7,0.9453125,1.0,1.0,0.9113924050632911,0.9718875502008032,0.97265625,0.965,0.6019109622037513,115,0,72,13,0.8984375,1.0,1.0,0.8470588235294118,0.9465020576131687,0.94921875,0.935
low_cost_plus_urine_micro_model,logreg,sigmoid,2,200,128,0.9848090277777778,0.9929100101741033,0.04308290647576058,0.813008218421178,3.6903050384519727,0.05963921344975499,0.08965029295619636,0.5,121,0,72,7,0.9453125,1.0,1.0,0.9113924050632911,0.9718875502008032,0.97265625,0.965,0.6077655562981351,116,0,72,12,0.90625,1.0,1.0,0.8571428571428571,0.9508196721311475,0.953125,0.94
low_cost_plus_urine_micro_model,logreg,sigmoid,3,200,128,0.9842122395833334,0.9926495175376807,0.0423542373559361,0.8161708448093051,3.181745282233913,0.11582430743872787,0.08292166202404391,0.5,120,0,72,8,0.9375,1.0,1.0,0.9,0.967741935483871,0.96875,0.96,0.5988385232024409,118,0,72,10,0.921875,1.0,1.0,0.8780487804878049,0.959349593495935,0.9609375,0.95
low_cost_plus_urine_micro_model,logreg,sigmoid,4,200,128,0.9867621527777777,0.9939630548386057,0.04115976609521068,0.8213551818784258,3.4257849064233317,-0.004354601717938122,0.09380834559711011,0.5,122,0,72,6,0.953125,1.0,1.0,0.9230769230769231,0.976,0.9765625,0.97,0.5886613999387913,119,0,72,9,0.9296875,1.0,1.0,0.8888888888888888,0.9635627530364372,0.96484375,0.955
low_cost_plus_urine_micro_model,random_forest,isotonic,0,200,128,0.9869249131944444,0.9931548263244692,0.028601896426838472,0.8758598245362914,3.319681882101578,0.012846359150240816,0.03081073827082525,0.5,124,2,70,4,0.96875,0.9722222222222222,0.9841269841269841,0.9459459459459459,0.9763779527559054,0.9704861111111112,0.97,0.9642477123929742,119,0,72,9,0.9296875,1.0,1.0,0.8888888888888888,0.9635627530364372,0.96484375,0.955
low_cost_plus_urine_micro_model,random_forest,isotonic,1,200,128,0.9934353298611112,0.996672219350553,0.024021801960627327,0.8957387067681105,0.7566642386567493,0.2006974671189112,0.01757025814589267,0.5,124,2,70,4,0.96875,0.9722222222222222,0.9841269841269841,0.9459459459459459,0.9763779527559054,0.9704861111111112,0.97,0.9556839763645806,118,0,72,10,0.921875,1.0,1.0,0.8780487804878049,0.959349593495935,0.9609375,0.95
low_cost_plus_urine_micro_model,random_forest,isotonic,2,200,128,0.97998046875,0.9900087535014006,0.02766970032990596,0.8799058145403387,5.704689661885234,0.23929613888149046,0.029826243809885647,0.5,124,2,70,4,0.96875,0.9722222222222222,0.9841269841269841,0.9459459459459459,0.9763779527559054,0.9704861111111112,0.97,0.9230531807309589,121,0,72,7,0.9453125,1.0,1.0,0.9113924050632911,0.9718875502008032,0.97265625,0.965
low_cost_plus_urine_micro_model,random_forest,isotonic,3,200,128,0.9900173611111112,0.9951714276584867,0.02218233246524496,0.9037225153418187,0.882379658043395,0.2062347883356741,0.024574184904000464,0.5,124,0,72,4,0.96875,1.0,1.0,0.9473684210526315,0.9841269841269841,0.984375,0.98,0.9508114929368888,118,0,72,10,0.921875,1.0,1.0,0.8780487804878049,0.959349593495935,0.9609375,0.95
low_cost_plus_urine_micro_model,random_forest,isotonic,4,200,128,0.99267578125,0.9962270505071599,0.021129092753235202,0.9082938682585278,0.7481347568237408,-0.3188822819313086,0.02180065980570651,0.5,124,2,70,4,0.96875,0.9722222222222222,0.9841269841269841,0.9459459459459459,0.9763779527559054,0.9704861111111112,0.97,0.9554520345688858,123,0,72,5,0.9609375,1.0,1.0,0.935064935064935,0.9800796812749004,0.98046875,0.975
low_cost_plus_urine_micro_model,random_forest,none,0,200,128,0.9840494791666666,0.993118767426451,0.047769993858646435,0.7926649572107359,2.4446224084708237,0.14882081584395765,0.11536533382211421,0.5,122,2,70,6,0.953125,0.9722222222222222,0.9838709677419355,0.9210526315789473,0.9682539682539683,0.9626736111111112,0.96,0.6330786564967977,112,0,72,16,0.875,1.0,1.0,0.8181818181818182,0.9333333333333333,0.9375,0.92
low_cost_plus_urine_micro_model,random_forest,none,1,200,128,0.9906684027777778,0.9957738804569065,0.037950382854126954,0.835284796640074,3.6491888770181835,0.2132282374191252,0.09276166931526988,0.5,123,0,72,5,0.9609375,1.0,1.0,0.935064935064935,0.9800796812749004,0.98046875,0.975,0.6592157785654911,115,0,72,13,0.8984375,1.0,1.0,0.8470588235294118,0.9465020576131687,0.94921875,0.935
low_cost_plus_urine_micro_model,random_forest,none,2,200,128,0.9914279513888888,0.995745849476092,0.029691577179564447,0.8711303073803627,1.5410571909591257,0.5766559025695372,0.05922658812345823,0.5,124,0,72,4,0.96875,1.0,1.0,0.9473684210526315,0.9841269841269841,0.984375,0.98,0.7496445805127828,116,0,72,12,0.90625,1.0,1.0,0.8571428571428571,0.9508196721311475,0.953125,0.94
low_cost_plus_urine_micro_model,random_forest,none,3,200,128,0.9871419270833333,0.9942244932180083,0.03935188156057332,0.8292019029489005,2.394931525878261,0.30047008199567177,0.09182511461929857,0.5,123,0,72,5,0.9609375,1.0,1.0,0.935064935064935,0.9800796812749004,0.98046875,0.975,0.6507266484992854,114,0,72,14,0.890625,1.0,1.0,0.8372093023255814,0.9421487603305785,0.9453125,0.93
low_cost_plus_urine_micro_model,random_forest,none,4,200,128,0.9920247395833333,0.9961498938713682,0.0369769237435688,0.8395098795852048,2.872369272257302,0.277643685401382,0.08109797708555767,0.5,122,1,71,6,0.953125,0.9861111111111112,0.991869918699187,0.922077922077922,0.9721115537848606,0.9696180555555556,0.965,0.6607280729043978,116,0,72,12,0.90625,1.0,1.0,0.8571428571428571,0.9508196721311475,0.953125,0.94
low_cost_plus_urine_micro_model,random_forest,sigmoid,0,200,128,0.9807942708333333,0.9920424761853593,0.03150776459769313,0.8632475494891791,1.750050765508969,0.005438714657573021,0.06425386780564371,0.5,123,2,70,5,0.9609375,0.9722222222222222,0.984,0.9333333333333333,0.9723320158102766,0.9665798611111112,0.965,0.7671412936229077,117,0,72,11,0.9140625,1.0,1.0,0.8674698795180723,0.9551020408163265,0.95703125,0.945
low_cost_plus_urine_micro_model,random_forest,sigmoid,1,200,128,0.994900173611111,0.9974245860305999,0.025679717847449605,0.8885428912871111,2.1032909035958176,0.04539494464708605,0.05748626525685783,0.5,124,0,72,4,0.96875,1.0,1.0,0.9473684210526315,0.9841269841269841,0.984375,0.98,0.7779063430456341,118,0,72,10,0.921875,1.0,1.0,0.8780487804878049,0.959349593495935,0.9609375,0.95
low_cost_plus_urine_micro_model,random_forest,sigmoid,2,200,128,0.98828125,0.9946821606688375,0.02716438826856316,0.8820990092510279,1.7426635782442688,0.1265678614425335,0.05581462814675456,0.5,124,0,72,4,0.96875,1.0,1.0,0.9473684210526315,0.9841269841269841,0.984375,0.98,0.8335873135103501,116,0,72,12,0.90625,1.0,1.0,0.8571428571428571,0.9508196721311475,0.953125,0.94
low_cost_plus_urine_micro_model,random_forest,sigmoid,3,200,128,0.98583984375,0.9938644373040572,0.026452307211237213,0.8851896388401163,2.008846691739,0.06757168412760757,0.058502316700456775,0.5,124,0,72,4,0.96875,1.0,1.0,0.9473684210526315,0.9841269841269841,0.984375,0.98,0.771408604620002,118,0,72,10,0.921875,1.0,1.0,0.8780487804878049,0.959349593495935,0.9609375,0.95
low_cost_plus_urine_micro_model,random_forest,sigmoid,4,200,128,0.992947048611111,0.9965837848894219,0.02589454913059227,0.8876104638429155,2.1508114404275833,0.008665799020054994,0.06272299392764402,0.5,124,1,71,4,0.96875,0.9861111111111112,0.992,0.9466666666666667,0.9802371541501976,0.9774305555555556,0.975,0.7889720481717402,118,0,72,10,0.921875,1.0,1.0,0.8780487804878049,0.959349593495935,0.9609375,0.95
low_cost_plus_urine_micro_model,svm,isotonic,0,200,128,0.9822048611111112,0.991522455382621,0.02762008711593098,0.8801211496704384,2.552864537672842,0.44394618685693743,0.03172185106207241,0.5,123,0,72,5,0.9609375,1.0,1.0,0.935064935064935,0.9800796812749004,0.98046875,0.975,0.9554853336593125,119,0,72,9,0.9296875,1.0,1.0,0.8888888888888888,0.9635627530364372,0.96484375,0.955
low_cost_plus_urine_micro_model,svm,isotonic,1,200,128,0.990017361111111,0.9949847841645264,0.022459868194578812,0.9025179331832517,0.9661935128891325,0.5099015672056695,0.026719275495913977,0.5,123,0,72,5,0.9609375,1.0,1.0,0.935064935064935,0.9800796812749004,0.98046875,0.975,0.9796787863370692,118,0,72,10,0.921875,1.0,1.0,0.8780487804878049,0.959349593495935,0.9609375,0.95
low_cost_plus_urine_micro_model,svm,isotonic,2,200,128,0.9850802951388888,0.9928245192307692,0.022259535983600198,0.9033874306267352,3.782522437698614,0.04957444775692472,0.02475785310745661,0.5,124,0,72,4,0.96875,1.0,1.0,0.9473684210526315,0.9841269841269841,0.984375,0.98,0.9790225398512544,112,0,72,16,0.875,1.0,1.0,0.8181818181818182,0.9333333333333333,0.9375,0.92
low_cost_plus_urine_micro_model,svm,isotonic,3,200,128,0.9923502604166666,0.9962875780372512,0.018849307786500714,0.9181887682877573,1.14670613937311,0.19183789601159723,0.016125045294047256,0.5,124,0,72,4,0.96875,1.0,1.0,0.9473684210526315,0.9841269841269841,0.984375,0.98,0.9631392115753815,119,0,72,9,0.9296875,1.0,1.0,0.8888888888888888,0.9635627530364372,0.96484375,0.955
low_cost_plus_urine_micro_model,svm,isotonic,4,200,128,0.992947048611111,0.9964281545670378,0.019757236786224167,0.9142481042264576,1.1449760921474479,0.16114707664502997,0.01852780569033884,0.5,123,0,72,5,0.9609375,1.0,1.0,0.935064935064935,0.9800796812749004,0.98046875,0.975,0.942882785963553,120,0,72,8,0.9375,1.0,1.0,0.9,0.967741935483871,0.96875,0.96
low_cost_plus_urine_micro_model,svm,none,0,200,128,0.974609375,0.989937426595651,0.03411735075191609,0.8519212206948086,1.0183723346462545,0.374308019095292,0.04013037709155635,0.5,119,0,72,9,0.9296875,1.0,1.0,0.8888888888888888,0.9635627530364372,0.96484375,0.955,0.765738572567804,117,0,72,11,0.9140625,1.0,1.0,0.8674698795180723,0.9551020408163265,0.95703125,0.945
low_cost_plus_urine_micro_model,svm,none,1,200,128,0.9899088541666666,0.9953427963920704,0.024528953465825988,0.8935375283601302,3.027739267339337,-0.046023159438575774,0.02958307232276005,0.5,122,0,72,6,0.953125,1.0,1.0,0.9230769230769231,0.976,0.9765625,0.97,0.877401510480131,117,0,72,11,0.9140625,1.0,1.0,0.8674698795180723,0.9551020408163265,0.95703125,0.945
low_cost_plus_urine_micro_model,svm,none,2,200,128,0.9813368055555556,0.9924769533014638,0.025001867320320885,0.8914849508666628,1.534031525051283,0.010127062789349087,0.028970458102222055,0.5,123,0,72,5,0.9609375,1.0,1.0,0.935064935064935,0.9800796812749004,0.98046875,0.975,0.9120296453777124,114,0,72,14,0.890625,1.0,1.0,0.8372093023255814,0.9421487603305785,0.9453125,0.93
low_cost_plus_urine_micro_model,svm,none,3,200,128,0.99169921875,0.9962933263793932,0.022905566353633597,0.9005834793679097,2.5032878492728137,-0.07488268868041821,0.035655932453758615,0.5,122,0,72,6,0.953125,1.0,1.0,0.9230769230769231,0.976,0.9765625,0.97,0.894902264695147,117,0,72,11,0.9140625,1.0,1.0,0.8674698795180723,0.9551020408163265,0.95703125,0.945
low_cost_plus_urine_micro_model,svm,none,4,200,128,0.9869791666666667,0.9943106338037171,0.021947522636493178,0.9047416552235539,1.6845017027708564,-0.09359695986858613,0.021285228691434926,0.5,123,0,72,5,0.9609375,1.0,1.0,0.935064935064935,0.9800796812749004,0.98046875,0.975,0.9014257164510746,119,0,72,9,0.9296875,1.0,1.0,0.8888888888888888,0.9635627530364372,0.96484375,0.955
low_cost_plus_urine_micro_model,svm,sigmoid,0,200,128,0.9794921875,0.9913129144937849,0.039616678468748126,0.8280526108127251,2.5361781281897025,0.09394619839274795,0.08129412705679631,0.5,121,0,72,7,0.9453125,1.0,1.0,0.9113924050632911,0.9718875502008032,0.97265625,0.965,0.6423629540494628,115,0,72,13,0.8984375,1.0,1.0,0.8470588235294118,0.9465020576131687,0.94921875,0.935
low_cost_plus_urine_micro_model,svm,sigmoid,1,200,128,0.9893663194444444,0.9951081947594046,0.033964769456559546,0.8525834659003492,5.166232246396093,0.0037897378581700208,0.079160701397741,0.5,121,0,72,7,0.9453125,1.0,1.0,0.9113924050632911,0.9718875502008032,0.97265625,0.965,0.6879487251343422,116,0,72,12,0.90625,1.0,1.0,0.8571428571428571,0.9508196721311475,0.953125,0.94
low_cost_plus_urine_micro_model,svm,sigmoid,2,200,128,0.9831814236111112,0.9930149267333443,0.03425266507343343,0.8513339189521119,2.5492620956352825,0.08446768624891923,0.0771697384212191,0.5,123,0,72,5,0.9609375,1.0,1.0,0.935064935064935,0.9800796812749004,0.98046875,0.975,0.7616184903059084,113,0,72,15,0.8828125,1.0,1.0,0.8275862068965517,0.9377593360995851,0.94140625,0.925
low_cost_plus_urine_micro_model,svm,sigmoid,3,200,128,0.9912651909722223,0.9962030614528564,0.03243820400056529,0.8592091840253242,4.112468450558569,0.003881357153434931,0.07904753615262042,0.5,122,0,72,6,0.953125,1.0,1.0,0.9230769230769231,0.976,0.9765625,0.97,0.7261034224525205,115,0,72,13,0.8984375,1.0,1.0,0.8470588235294118,0.9465020576131687,0.94921875,0.935
low_cost_plus_urine_micro_model,svm,sigmoid,4,200,128,0.9871961805555556,0.994535462472475,0.028013326526811162,0.8784143813940488,2.6781874407651896,0.01318734815298484,0.06557311844184675,0.5,123,0,72,5,0.9609375,1.0,1.0,0.935064935064935,0.9800796812749004,0.98046875,0.975,0.7692914457295622,118,0,72,10,0.921875,1.0,1.0,0.8780487804878049,0.959349593495935,0.9609375,0.95
low_cost_plus_urine_micro_model,xgboost,isotonic,0,200,128,0.9839952256944444,0.991907765719722,0.0356500175803297,0.8452690209187079,1.3390049714007355,0.3697812718359076,0.029657533143181355,0.5,120,0,72,8,0.9375,1.0,1.0,0.9,0.967741935483871,0.96875,0.96,0.8795050866901875,116,0,72,12,0.90625,1.0,1.0,0.8571428571428571,0.9508196721311475,0.953125,0.94
low_cost_plus_urine_micro_model,xgboost,isotonic,1,200,128,0.987521701388889,0.9939795131619635,0.03362915115208779,0.8540401425690634,0.8538781732659347,0.12769601318585064,0.02509227380505761,0.5,122,2,70,6,0.953125,0.9722222222222222,0.9838709677419355,0.9210526315789473,0.9682539682539683,0.9626736111111112,0.96,0.8139183148741722,120,1,71,8,0.9375,0.9861111111111112,0.9917355371900827,0.8987341772151899,0.963855421686747,0.9618055555555556,0.955
low_cost_plus_urine_micro_model,xgboost,isotonic,2,200,128,0.9775933159722223,0.989510162877349,0.039775481693083176,0.8273633607071043,3.961084620788464,-0.04397661827232379,0.034546060574939426,0.5,122,3,69,6,0.953125,0.9583333333333334,0.976,0.92,0.9644268774703557,0.9557291666666667,0.955,0.882717740535736,115,1,71,13,0.8984375,0.9861111111111112,0.9913793103448276,0.8452380952380952,0.9426229508196722,0.9422743055555556,0.93
low_cost_plus_urine_micro_model,xgboost,isotonic,3,200,128,0.989963107638889,0.9949862730900432,0.029952968028398058,0.8699957984878557,1.2137017352176773,0.17573378513229698,0.02186685963533819,0.5,122,0,72,6,0.953125,1.0,1.0,0.9230769230769231,0.976,0.9765625,0.97,0.8718933582305908,117,0,72,11,0.9140625,1.0,1.0,0.8674698795180723,0.9551020408163265,0.95703125,0.945
low_cost_plus_urine_micro_model,xgboost,isotonic,4,200,128,0.9898546006944444,0.9947000784254549,0.03142175421657817,0.8636208584349906,0.9412248624194952,0.1449886776459217,0.032869079164229334,0.5,122,1,71,6,0.953125,0.9861111111111112,0.991869918699187,0.922077922077922,0.9721115537848606,0.9696180555555556,0.965,0.8683475613594055,119,0,72,9,0.9296875,1.0,1.0,0.8888888888888888,0.9635627530364372,0.96484375,0.955
low_cost_plus_urine_micro_model,xgboost,none,0,200,128,0.98388671875,0.9923493910237258,0.04124004562255631,0.8210067464298771,1.7633648737488519,0.3323251760359522,0.035291381408460415,0.5,120,0,72,8,0.9375,1.0,1.0,0.9,0.967741935483871,0.96875,0.96,0.6988299489021301,114,0,72,14,0.890625,1.0,1.0,0.8372093023255814,0.9421487603305785,0.9453125,0.93
low_cost_plus_urine_micro_model,xgboost,none,1,200,128,0.9851345486111112,0.9929104308300829,0.036085420475858755,0.843379251406863,1.6953200993891206,0.14866183083279694,0.05903723423834889,0.5,122,0,72,6,0.953125,1.0,1.0,0.9230769230769231,0.976,0.9765625,0.97,0.6598238706588745,121,0,72,7,0.9453125,1.0,1.0,0.9113924050632911,0.9718875502008032,0.97265625,0.965
low_cost_plus_urine_micro_model,xgboost,none,2,200,128,0.9812282986111112,0.9919689973637335,0.0393340316131757,0.8292793766789249,1.4842832070232257,0.20505244758617144,0.047253864877857266,0.5,120,1,71,8,0.9375,0.9861111111111112,0.9917355371900827,0.8987341772151899,0.963855421686747,0.9618055555555556,0.955,0.6934044361114502,116,0,72,12,0.90625,1.0,1.0,0.8571428571428571,0.9508196721311475,0.953125,0.94
low_cost_plus_urine_micro_model,xgboost,none,3,200,128,0.9913736979166667,0.995646906903213,0.035149124404656125,0.8474430364381245,2.302861600960295,0.21907252373242586,0.04947313064243642,0.5,120,0,72,8,0.9375,1.0,1.0,0.9,0.967741935483871,0.96875,0.96,0.7298611044883728,117,0,72,11,0.9140625,1.0,1.0,0.8674698795180723,0.9551020408163265,0.95703125,0.945
low_cost_plus_urine_micro_model,xgboost,none,4,200,128,0.9885525173611112,0.9943210963472531,0.03376807163873178,0.8534371890680044,1.802895672814905,0.1361749011065579,0.037063764012418704,0.5,122,1,71,6,0.953125,0.9861111111111112,0.991869918699187,0.922077922077922,0.9721115537848606,0.9696180555555556,0.965,0.7179561376571655,117,0,72,11,0.9140625,1.0,1.0,0.8674698795180723,0.9551020408163265,0.95703125,0.945
low_cost_plus_urine_micro_model,xgboost,sigmoid,0,200,128,0.9792209201388888,0.9905676686484806,0.039867081944131334,0.8269657901730411,1.749783323212082,0.12381578176861699,0.047248297173031376,0.5,120,0,72,8,0.9375,1.0,1.0,0.9,0.967741935483871,0.96875,0.96,0.7555741943572164,116,0,72,12,0.90625,1.0,1.0,0.8571428571428571,0.9508196721311475,0.953125,0.94
low_cost_plus_urine_micro_model,xgboost,sigmoid,1,200,128,0.9876302083333333,0.9939720468460501,0.03476468584223877,0.8491116065875053,1.7578801874577068,0.02791202628792253,0.058850595186674244,0.5,122,1,71,6,0.953125,0.9861111111111112,0.991869918699187,0.922077922077922,0.9721115537848606,0.9696180555555556,0.965,0.7266487503076162,120,0,72,8,0.9375,1.0,1.0,0.9,0.967741935483871,0.96875,0.96
low_cost_plus_urine_micro_model,xgboost,sigmoid,2,200,128,0.9841037326388888,0.9926880328455865,0.037402848003740115,0.8376612499837669,1.793358588042332,0.05035176636909158,0.05823671721113674,0.5,122,1,71,6,0.953125,0.9861111111111112,0.991869918699187,0.922077922077922,0.9721115537848606,0.9696180555555556,0.965,0.7430293095833655,115,0,72,13,0.8984375,1.0,1.0,0.8470588235294118,0.9465020576131687,0.94921875,0.935
low_cost_plus_urine_micro_model,xgboost,sigmoid,3,200,128,0.99072265625,0.9952984504091715,0.03516315733675864,0.8473821296147628,2.1525752284001656,0.055418929030578365,0.06511125952608048,0.5,122,0,72,6,0.953125,1.0,1.0,0.9230769230769231,0.976,0.9765625,0.97,0.7761002424332856,116,0,72,12,0.90625,1.0,1.0,0.8571428571428571,0.9508196721311475,0.953125,0.94
low_cost_plus_urine_micro_model,xgboost,sigmoid,4,200,128,0.9873046875,0.9937987394189731,0.033888446994766834,0.8529147265852134,1.8541727999623032,0.04342267360368505,0.07025714203299624,0.5,122,1,71,6,0.953125,0.9861111111111112,0.991869918699187,0.922077922077922,0.9721115537848606,0.9696180555555556,0.965,0.7823903577875376,117,0,72,11,0.9140625,1.0,1.0,0.8674698795180723,0.9551020408163265,0.95703125,0.945
